{"timestamp":"2025-12-04T15:26:01.096865","level":"info","event":"DAG bundles loaded: dags-folder, example_dags","logger":"airflow.dag_processing.bundles.manager.DagBundlesManager"}
{"timestamp":"2025-12-04T15:26:01.099100","level":"info","event":"Filling up the DagBag from /opt/airflow/dags/music_load_dag.py","logger":"airflow.models.dagbag.DagBag"}
{"timestamp":"2025-12-04T15:26:01.231672Z","level":"info","event":"postgresql+psycopg2://airflow:airflow@postgres/airflow","chan":"stdout","logger":"task"}
{"timestamp":"2025-12-04T15:26:01.316377Z","level":"info","event":"Task instance is in running state","chan":"stdout","logger":"task"}
{"timestamp":"2025-12-04T15:26:01.318566Z","level":"info","event":" Previous state of the Task instance: TaskInstanceState.QUEUED","chan":"stdout","logger":"task"}
{"timestamp":"2025-12-04T15:26:01.318687Z","level":"info","event":"Current task name:load_music_data","chan":"stdout","logger":"task"}
{"timestamp":"2025-12-04T15:26:01.318734Z","level":"info","event":"Dag name:weekly_music_pipeline","chan":"stdout","logger":"task"}
{"timestamp":"2025-12-04T15:26:29.283228Z","level":"info","event":"  Searching Spotify for 100 songs...","chan":"stdout","logger":"task"}
{"timestamp":"2025-12-04T15:26:29.288389Z","level":"info","event":"  Processing song 1/100: The Fate Of Ophelia by Taylor Swift","chan":"stdout","logger":"task"}
{"timestamp":"2025-12-04T15:26:30.076753Z","level":"info","event":"1","chan":"stdout","logger":"task"}
{"timestamp":"2025-12-04T15:26:30.765366Z","level":"info","event":"2","chan":"stdout","logger":"task"}
{"timestamp":"2025-12-04T15:26:31.501366Z","level":"info","event":"3","chan":"stdout","logger":"task"}
{"timestamp":"2025-12-04T15:26:32.254422Z","level":"info","event":"4","chan":"stdout","logger":"task"}
{"timestamp":"2025-12-04T15:26:33.145645Z","level":"info","event":"5","chan":"stdout","logger":"task"}
{"timestamp":"2025-12-04T15:26:33.814438Z","level":"info","event":"6","chan":"stdout","logger":"task"}
{"timestamp":"2025-12-04T15:26:34.506876Z","level":"info","event":"7","chan":"stdout","logger":"task"}
{"timestamp":"2025-12-04T15:26:35.209139Z","level":"info","event":"8","chan":"stdout","logger":"task"}
{"timestamp":"2025-12-04T15:26:35.879205Z","level":"info","event":"9","chan":"stdout","logger":"task"}
{"timestamp":"2025-12-04T15:26:35.879602Z","level":"info","event":"  Processing song 10/100: Back To Friends by sombr","chan":"stdout","logger":"task"}
{"timestamp":"2025-12-04T15:26:36.495109Z","level":"info","event":"10","chan":"stdout","logger":"task"}
{"timestamp":"2025-12-04T15:26:37.260561Z","level":"info","event":"11","chan":"stdout","logger":"task"}
{"timestamp":"2025-12-04T15:26:37.875177Z","level":"info","event":"12","chan":"stdout","logger":"task"}
{"timestamp":"2025-12-04T15:26:38.602737Z","level":"info","event":"13","chan":"stdout","logger":"task"}
{"timestamp":"2025-12-04T15:26:39.336685Z","level":"info","event":"14","chan":"stdout","logger":"task"}
{"timestamp":"2025-12-04T15:26:40.013755Z","level":"info","event":"15","chan":"stdout","logger":"task"}
{"timestamp":"2025-12-04T15:26:40.762882Z","level":"info","event":"16","chan":"stdout","logger":"task"}
{"timestamp":"2025-12-04T15:26:41.454773Z","level":"info","event":"17","chan":"stdout","logger":"task"}
{"timestamp":"2025-12-04T15:26:42.129830Z","level":"info","event":"18","chan":"stdout","logger":"task"}
{"timestamp":"2025-12-04T15:26:43.067317Z","level":"info","event":"19","chan":"stdout","logger":"task"}
{"timestamp":"2025-12-04T15:26:43.073314Z","level":"info","event":"  Processing song 20/100: Jingle Bell Rock by Bobby Helms","chan":"stdout","logger":"task"}
{"timestamp":"2025-12-04T15:26:43.835264Z","level":"info","event":"20","chan":"stdout","logger":"task"}
{"timestamp":"2025-12-04T15:26:44.430081Z","level":"info","event":"21","chan":"stdout","logger":"task"}
{"timestamp":"2025-12-04T15:26:45.226269Z","level":"info","event":"22","chan":"stdout","logger":"task"}
{"timestamp":"2025-12-04T15:26:46.108787Z","level":"info","event":"23","chan":"stdout","logger":"task"}
{"timestamp":"2025-12-04T15:26:46.705636Z","level":"info","event":"24","chan":"stdout","logger":"task"}
{"timestamp":"2025-12-04T15:26:47.341563Z","level":"info","event":"25","chan":"stdout","logger":"task"}
{"timestamp":"2025-12-04T15:26:48.105011Z","level":"info","event":"26","chan":"stdout","logger":"task"}
{"timestamp":"2025-12-04T15:26:48.725904Z","level":"info","event":"27","chan":"stdout","logger":"task"}
{"timestamp":"2025-12-04T15:26:49.417362Z","level":"info","event":"28","chan":"stdout","logger":"task"}
{"timestamp":"2025-12-04T15:26:50.090385Z","level":"info","event":"29","chan":"stdout","logger":"task"}
{"timestamp":"2025-12-04T15:26:50.091722Z","level":"info","event":"  Processing song 30/100: Santa Tell Me by Ariana Grande","chan":"stdout","logger":"task"}
{"timestamp":"2025-12-04T15:26:50.805281Z","level":"info","event":"30","chan":"stdout","logger":"task"}
{"timestamp":"2025-12-04T15:26:51.539906Z","level":"info","event":"31","chan":"stdout","logger":"task"}
{"timestamp":"2025-12-04T15:26:52.308918Z","level":"info","event":"32","chan":"stdout","logger":"task"}
{"timestamp":"2025-12-04T15:26:52.946912Z","level":"info","event":"33","chan":"stdout","logger":"task"}
{"timestamp":"2025-12-04T15:26:53.762898Z","level":"info","event":"34","chan":"stdout","logger":"task"}
{"timestamp":"2025-12-04T15:26:54.493167Z","level":"info","event":"35","chan":"stdout","logger":"task"}
{"timestamp":"2025-12-04T15:26:55.103882Z","level":"info","event":"36","chan":"stdout","logger":"task"}
{"timestamp":"2025-12-04T15:26:55.934613Z","level":"info","event":"37","chan":"stdout","logger":"task"}
{"timestamp":"2025-12-04T15:26:56.605415Z","level":"info","event":"38","chan":"stdout","logger":"task"}
{"timestamp":"2025-12-04T15:26:57.284764Z","level":"info","event":"39","chan":"stdout","logger":"task"}
{"timestamp":"2025-12-04T15:26:57.286499Z","level":"info","event":"  Processing song 40/100: wgft by Gunna Featuring Burna Boy","chan":"stdout","logger":"task"}
{"timestamp":"2025-12-04T15:26:57.934262Z","level":"info","event":"40","chan":"stdout","logger":"task"}
{"timestamp":"2025-12-04T15:26:58.601624Z","level":"info","event":"41","chan":"stdout","logger":"task"}
{"timestamp":"2025-12-04T15:26:59.253776Z","level":"info","event":"42","chan":"stdout","logger":"task"}
{"timestamp":"2025-12-04T15:27:00.687361Z","level":"info","event":"43","chan":"stdout","logger":"task"}
{"timestamp":"2025-12-04T15:27:01.849960Z","level":"info","event":"44","chan":"stdout","logger":"task"}
{"timestamp":"2025-12-04T15:27:02.572530Z","level":"info","event":"45","chan":"stdout","logger":"task"}
{"timestamp":"2025-12-04T15:27:03.274274Z","level":"info","event":"46","chan":"stdout","logger":"task"}
{"timestamp":"2025-12-04T15:27:04.153267Z","level":"info","event":"47","chan":"stdout","logger":"task"}
{"timestamp":"2025-12-04T15:27:04.859471Z","level":"info","event":"48","chan":"stdout","logger":"task"}
{"timestamp":"2025-12-04T15:27:05.437766Z","level":"info","event":"49","chan":"stdout","logger":"task"}
{"timestamp":"2025-12-04T15:27:05.439209Z","level":"info","event":"  Processing song 50/100: The Christmas Song (Merry Christmas To You) by Nat \"King\" Cole","chan":"stdout","logger":"task"}
{"timestamp":"2025-12-04T15:27:06.065241Z","level":"info","event":"50","chan":"stdout","logger":"task"}
{"timestamp":"2025-12-04T15:27:06.808080Z","level":"info","event":"51","chan":"stdout","logger":"task"}
{"timestamp":"2025-12-04T15:27:07.473719Z","level":"info","event":"52","chan":"stdout","logger":"task"}
{"timestamp":"2025-12-04T15:27:08.136187Z","level":"info","event":"53","chan":"stdout","logger":"task"}
{"timestamp":"2025-12-04T15:27:08.856476Z","level":"info","event":"54","chan":"stdout","logger":"task"}
{"timestamp":"2025-12-04T15:27:09.732057Z","level":"info","event":"55","chan":"stdout","logger":"task"}
{"timestamp":"2025-12-04T15:27:10.432876Z","level":"info","event":"56","chan":"stdout","logger":"task"}
{"timestamp":"2025-12-04T15:27:11.084373Z","level":"info","event":"57","chan":"stdout","logger":"task"}
{"timestamp":"2025-12-04T15:27:11.784084Z","level":"info","event":"58","chan":"stdout","logger":"task"}
{"timestamp":"2025-12-04T15:27:12.461712Z","level":"info","event":"59","chan":"stdout","logger":"task"}
{"timestamp":"2025-12-04T15:27:12.462536Z","level":"info","event":"  Processing song 60/100: Wood by Taylor Swift","chan":"stdout","logger":"task"}
{"timestamp":"2025-12-04T15:27:13.259287Z","level":"info","event":"60","chan":"stdout","logger":"task"}
{"timestamp":"2025-12-04T15:27:14.055595Z","level":"info","event":"61","chan":"stdout","logger":"task"}
{"timestamp":"2025-12-04T15:27:14.664752Z","level":"info","event":"62","chan":"stdout","logger":"task"}
{"timestamp":"2025-12-04T15:27:15.485101Z","level":"info","event":"63","chan":"stdout","logger":"task"}
{"timestamp":"2025-12-04T15:27:16.197825Z","level":"info","event":"64","chan":"stdout","logger":"task"}
{"timestamp":"2025-12-04T15:27:16.829520Z","level":"info","event":"65","chan":"stdout","logger":"task"}
{"timestamp":"2025-12-04T15:27:17.484473Z","level":"info","event":"66","chan":"stdout","logger":"task"}
{"timestamp":"2025-12-04T15:27:18.166536Z","level":"info","event":"67","chan":"stdout","logger":"task"}
{"timestamp":"2025-12-04T15:27:18.857796Z","level":"info","event":"68","chan":"stdout","logger":"task"}
{"timestamp":"2025-12-04T15:27:19.479787Z","level":"info","event":"69","chan":"stdout","logger":"task"}
{"timestamp":"2025-12-04T15:27:19.480442Z","level":"info","event":"  Processing song 70/100: Went Legit by G Herbo","chan":"stdout","logger":"task"}
{"timestamp":"2025-12-04T15:27:20.227477Z","level":"info","event":"70","chan":"stdout","logger":"task"}
{"timestamp":"2025-12-04T15:27:20.878703Z","level":"info","event":"71","chan":"stdout","logger":"task"}
{"timestamp":"2025-12-04T15:27:21.647758Z","level":"info","event":"72","chan":"stdout","logger":"task"}
{"timestamp":"2025-12-04T15:27:22.292143Z","level":"info","event":"73","chan":"stdout","logger":"task"}
{"timestamp":"2025-12-04T15:27:22.968015Z","level":"info","event":"74","chan":"stdout","logger":"task"}
{"timestamp":"2025-12-04T15:27:23.568657Z","level":"info","event":"75","chan":"stdout","logger":"task"}
{"timestamp":"2025-12-04T15:27:24.261954Z","level":"info","event":"76","chan":"stdout","logger":"task"}
{"timestamp":"2025-12-04T15:27:24.957161Z","level":"info","event":"77","chan":"stdout","logger":"task"}
{"timestamp":"2025-12-04T15:27:25.555965Z","level":"info","event":"78","chan":"stdout","logger":"task"}
{"timestamp":"2025-12-04T15:27:26.179789Z","level":"info","event":"79","chan":"stdout","logger":"task"}
{"timestamp":"2025-12-04T15:27:26.180342Z","level":"info","event":"  Processing song 80/100: How Far Does A Goodbye Go by Jason Aldean","chan":"stdout","logger":"task"}
{"timestamp":"2025-12-04T15:27:26.809944Z","level":"info","event":"80","chan":"stdout","logger":"task"}
{"timestamp":"2025-12-04T15:27:27.564687Z","level":"info","event":"81","chan":"stdout","logger":"task"}
{"timestamp":"2025-12-04T15:27:28.202235Z","level":"info","event":"82","chan":"stdout","logger":"task"}
{"timestamp":"2025-12-04T15:27:28.932487Z","level":"info","event":"83","chan":"stdout","logger":"task"}
{"timestamp":"2025-12-04T15:27:29.576835Z","level":"info","event":"84","chan":"stdout","logger":"task"}
{"timestamp":"2025-12-04T15:27:30.208124Z","level":"info","event":"85","chan":"stdout","logger":"task"}
{"timestamp":"2025-12-04T15:27:30.885962Z","level":"info","event":"86","chan":"stdout","logger":"task"}
{"timestamp":"2025-12-04T15:27:31.472889Z","level":"info","event":"87","chan":"stdout","logger":"task"}
{"timestamp":"2025-12-04T15:27:32.158823Z","level":"info","event":"88","chan":"stdout","logger":"task"}
{"timestamp":"2025-12-04T15:27:32.861919Z","level":"info","event":"89","chan":"stdout","logger":"task"}
{"timestamp":"2025-12-04T15:27:32.865080Z","level":"info","event":"  Processing song 90/100: Favorite Country Song by HARDY","chan":"stdout","logger":"task"}
{"timestamp":"2025-12-04T15:27:33.625780Z","level":"info","event":"90","chan":"stdout","logger":"task"}
{"timestamp":"2025-12-04T15:27:34.386528Z","level":"info","event":"91","chan":"stdout","logger":"task"}
{"timestamp":"2025-12-04T15:27:35.139461Z","level":"info","event":"92","chan":"stdout","logger":"task"}
{"timestamp":"2025-12-04T15:27:35.861992Z","level":"info","event":"93","chan":"stdout","logger":"task"}
{"timestamp":"2025-12-04T15:27:36.451016Z","level":"info","event":"94","chan":"stdout","logger":"task"}
{"timestamp":"2025-12-04T15:27:37.063055Z","level":"info","event":"95","chan":"stdout","logger":"task"}
{"timestamp":"2025-12-04T15:27:37.757175Z","level":"info","event":"96","chan":"stdout","logger":"task"}
{"timestamp":"2025-12-04T15:27:38.397273Z","level":"info","event":"97","chan":"stdout","logger":"task"}
{"timestamp":"2025-12-04T15:27:39.630550Z","level":"info","event":"98","chan":"stdout","logger":"task"}
{"timestamp":"2025-12-04T15:27:40.259702Z","level":"info","event":"99","chan":"stdout","logger":"task"}
{"timestamp":"2025-12-04T15:27:40.259979Z","level":"info","event":"  Processing song 100/100: 3am by Loe Shimmy & Don Toliver","chan":"stdout","logger":"task"}
{"timestamp":"2025-12-04T15:27:40.917170Z","level":"info","event":"100","chan":"stdout","logger":"task"}
{"timestamp":"2025-12-04T15:27:40.918131Z","level":"info","event":"{'name': 'Taylor Swift', 'id': '06HL4z0CvFAxyc27GXpf02', 'url': 'https://open.spotify.com/artist/06HL4z0CvFAxyc27GXpf02'}","chan":"stdout","logger":"task"}
{"timestamp":"2025-12-04T15:27:40.918423Z","level":"info","event":"https://musicbrainz.org/ws/2/url?resource=https://open.spotify.com/artist/06HL4z0CvFAxyc27GXpf02&inc=artist-rels&fmt=json","chan":"stdout","logger":"task"}
{"timestamp":"2025-12-04T15:27:41.546452Z","level":"info","event":"https://musicbrainz.org/ws/2/artist/20244d07-534f-4eff-b4d4-930878889970?inc=tags&fmt=json","chan":"stdout","logger":"task"}
{"timestamp":"2025-12-04T15:27:42.748014Z","level":"info","event":"{'name': 'HUNTR/X', 'id': '2yNNYQBChuox9A5Ka93BIn', 'url': 'https://open.spotify.com/artist/2yNNYQBChuox9A5Ka93BIn'}","chan":"stdout","logger":"task"}
{"timestamp":"2025-12-04T15:27:42.748573Z","level":"info","event":"https://musicbrainz.org/ws/2/url?resource=https://open.spotify.com/artist/2yNNYQBChuox9A5Ka93BIn&inc=artist-rels&fmt=json","chan":"stdout","logger":"task"}
{"timestamp":"2025-12-04T15:27:42.939045Z","level":"info","event":"https://musicbrainz.org/ws/2/artist/dc7fd424-6ba4-45cc-b407-7716c7bb3605?inc=tags&fmt=json","chan":"stdout","logger":"task"}
{"timestamp":"2025-12-04T15:27:44.107935Z","level":"info","event":"{'name': 'EJAE', 'id': '0RMJOzHDhAKY1o2j0W0vxY', 'url': 'https://open.spotify.com/artist/0RMJOzHDhAKY1o2j0W0vxY'}","chan":"stdout","logger":"task"}
{"timestamp":"2025-12-04T15:27:44.112675Z","level":"info","event":"https://musicbrainz.org/ws/2/url?resource=https://open.spotify.com/artist/0RMJOzHDhAKY1o2j0W0vxY&inc=artist-rels&fmt=json","chan":"stdout","logger":"task"}
{"timestamp":"2025-12-04T15:27:44.401131Z","level":"info","event":"https://musicbrainz.org/ws/2/artist/0f0a0c02-0aa6-4fc0-aad0-bb2e9d5bcbbb?inc=tags&fmt=json","chan":"stdout","logger":"task"}
{"timestamp":"2025-12-04T15:27:45.560746Z","level":"info","event":"{'name': 'AUDREY NUNA', 'id': '0Wwji82sLA0Hcvtuak3omb', 'url': 'https://open.spotify.com/artist/0Wwji82sLA0Hcvtuak3omb'}","chan":"stdout","logger":"task"}
{"timestamp":"2025-12-04T15:27:45.562749Z","level":"info","event":"https://musicbrainz.org/ws/2/url?resource=https://open.spotify.com/artist/0Wwji82sLA0Hcvtuak3omb&inc=artist-rels&fmt=json","chan":"stdout","logger":"task"}
{"timestamp":"2025-12-04T15:27:45.736472Z","level":"info","event":"https://musicbrainz.org/ws/2/artist/7b54e5e4-82f7-4dfe-9cd8-fc8d9f6815e3?inc=tags&fmt=json","chan":"stdout","logger":"task"}
{"timestamp":"2025-12-04T15:27:47.015860Z","level":"info","event":"{'name': 'REI AMI', 'id': '6U1dV7aL68N7Gb0Naq34V5', 'url': 'https://open.spotify.com/artist/6U1dV7aL68N7Gb0Naq34V5'}","chan":"stdout","logger":"task"}
{"timestamp":"2025-12-04T15:27:47.024811Z","level":"info","event":"https://musicbrainz.org/ws/2/url?resource=https://open.spotify.com/artist/6U1dV7aL68N7Gb0Naq34V5&inc=artist-rels&fmt=json","chan":"stdout","logger":"task"}
{"timestamp":"2025-12-04T15:27:47.276327Z","level":"info","event":"https://musicbrainz.org/ws/2/artist/59adde12-dd9d-40c6-9906-bd4357633915?inc=tags&fmt=json","chan":"stdout","logger":"task"}
{"timestamp":"2025-12-04T15:27:48.458961Z","level":"info","event":"{'name': 'KPop Demon Hunters Cast', 'id': '7mW7Tv7NvywKKXqafZo0Lc', 'url': 'https://open.spotify.com/artist/7mW7Tv7NvywKKXqafZo0Lc'}","chan":"stdout","logger":"task"}
{"timestamp":"2025-12-04T15:27:48.464657Z","level":"info","event":"https://musicbrainz.org/ws/2/url?resource=https://open.spotify.com/artist/7mW7Tv7NvywKKXqafZo0Lc&inc=artist-rels&fmt=json","chan":"stdout","logger":"task"}
{"timestamp":"2025-12-04T15:27:48.631482Z","level":"info","event":"https://musicbrainz.org/ws/2/artist/7ba8efd8-9cef-49dd-8399-3e90dac43fa6?inc=tags&fmt=json","chan":"stdout","logger":"task"}
{"timestamp":"2025-12-04T15:27:49.801791Z","level":"info","event":"{'name': 'Alex Warren', 'id': '0fTSzq9jAh4c36UVb4V7CB', 'url': 'https://open.spotify.com/artist/0fTSzq9jAh4c36UVb4V7CB'}","chan":"stdout","logger":"task"}
{"timestamp":"2025-12-04T15:27:49.805311Z","level":"info","event":"https://musicbrainz.org/ws/2/url?resource=https://open.spotify.com/artist/0fTSzq9jAh4c36UVb4V7CB&inc=artist-rels&fmt=json","chan":"stdout","logger":"task"}
{"timestamp":"2025-12-04T15:27:49.994298Z","level":"info","event":"https://musicbrainz.org/ws/2/artist/609a2ea3-f446-4e31-8eef-9f7591afb55a?inc=tags&fmt=json","chan":"stdout","logger":"task"}
{"timestamp":"2025-12-04T15:27:51.215573Z","level":"info","event":"{'name': 'Olivia Dean', 'id': '00x1fYSGhdqScXBRpSj3DW', 'url': 'https://open.spotify.com/artist/00x1fYSGhdqScXBRpSj3DW'}","chan":"stdout","logger":"task"}
{"timestamp":"2025-12-04T15:27:51.215967Z","level":"info","event":"https://musicbrainz.org/ws/2/url?resource=https://open.spotify.com/artist/00x1fYSGhdqScXBRpSj3DW&inc=artist-rels&fmt=json","chan":"stdout","logger":"task"}
{"timestamp":"2025-12-04T15:27:51.379462Z","level":"info","event":"https://musicbrainz.org/ws/2/artist/15e0d608-0869-429b-898d-3d8db3ecedd5?inc=tags&fmt=json","chan":"stdout","logger":"task"}
{"timestamp":"2025-12-04T15:27:52.666593Z","level":"info","event":"{'name': 'Justin Bieber', 'id': '1uNFoZAHBGtllmzznpCI3s', 'url': 'https://open.spotify.com/artist/1uNFoZAHBGtllmzznpCI3s'}","chan":"stdout","logger":"task"}
{"timestamp":"2025-12-04T15:27:52.667817Z","level":"info","event":"https://musicbrainz.org/ws/2/url?resource=https://open.spotify.com/artist/1uNFoZAHBGtllmzznpCI3s&inc=artist-rels&fmt=json","chan":"stdout","logger":"task"}
{"timestamp":"2025-12-04T15:27:52.831825Z","level":"info","event":"https://musicbrainz.org/ws/2/artist/e0140a67-e4d1-4f13-8a01-364355bee46e?inc=tags&fmt=json","chan":"stdout","logger":"task"}
{"timestamp":"2025-12-04T15:27:54.007030Z","level":"info","event":"{'name': 'Leon Thomas', 'id': '0nnBZ8FXWjG9wZgM2cpfeb', 'url': 'https://open.spotify.com/artist/0nnBZ8FXWjG9wZgM2cpfeb'}","chan":"stdout","logger":"task"}
{"timestamp":"2025-12-04T15:27:54.008727Z","level":"info","event":"https://musicbrainz.org/ws/2/url?resource=https://open.spotify.com/artist/0nnBZ8FXWjG9wZgM2cpfeb&inc=artist-rels&fmt=json","chan":"stdout","logger":"task"}
{"timestamp":"2025-12-04T15:27:54.496505Z","level":"info","event":"https://musicbrainz.org/ws/2/artist/46f70f03-d259-4314-b926-2db36c28d86f?inc=tags&fmt=json","chan":"stdout","logger":"task"}
{"timestamp":"2025-12-04T15:27:55.866506Z","level":"info","event":"{'name': 'Kehlani', 'id': '0cGUm45nv7Z6M6qdXYQGTX', 'url': 'https://open.spotify.com/artist/0cGUm45nv7Z6M6qdXYQGTX'}","chan":"stdout","logger":"task"}
{"timestamp":"2025-12-04T15:27:55.867657Z","level":"info","event":"https://musicbrainz.org/ws/2/url?resource=https://open.spotify.com/artist/0cGUm45nv7Z6M6qdXYQGTX&inc=artist-rels&fmt=json","chan":"stdout","logger":"task"}
{"timestamp":"2025-12-04T15:27:56.096005Z","level":"info","event":"https://musicbrainz.org/ws/2/artist/3260ce89-5eb0-4c6a-89c7-379c0dfc2ab9?inc=tags&fmt=json","chan":"stdout","logger":"task"}
{"timestamp":"2025-12-04T15:27:57.321135Z","level":"info","event":"{'name': 'Morgan Wallen', 'id': '4oUHIQIBe0LHzYfvXNW4QM', 'url': 'https://open.spotify.com/artist/4oUHIQIBe0LHzYfvXNW4QM'}","chan":"stdout","logger":"task"}
{"timestamp":"2025-12-04T15:27:57.322753Z","level":"info","event":"https://musicbrainz.org/ws/2/url?resource=https://open.spotify.com/artist/4oUHIQIBe0LHzYfvXNW4QM&inc=artist-rels&fmt=json","chan":"stdout","logger":"task"}
{"timestamp":"2025-12-04T15:27:57.536388Z","level":"info","event":"https://musicbrainz.org/ws/2/artist/2077273e-eaa1-4f49-903c-f286ededecb9?inc=tags&fmt=json","chan":"stdout","logger":"task"}
{"timestamp":"2025-12-04T15:27:58.708684Z","level":"info","event":"{'name': 'sombr', 'id': '4G9NDjRyZFDlJKMRL8hx3S', 'url': 'https://open.spotify.com/artist/4G9NDjRyZFDlJKMRL8hx3S'}","chan":"stdout","logger":"task"}
{"timestamp":"2025-12-04T15:27:58.709353Z","level":"info","event":"https://musicbrainz.org/ws/2/url?resource=https://open.spotify.com/artist/4G9NDjRyZFDlJKMRL8hx3S&inc=artist-rels&fmt=json","chan":"stdout","logger":"task"}
{"timestamp":"2025-12-04T15:27:59.009166Z","level":"info","event":"https://musicbrainz.org/ws/2/artist/502cf908-9921-48bc-bf0e-265c881c0156?inc=tags&fmt=json","chan":"stdout","logger":"task"}
{"timestamp":"2025-12-04T15:28:00.210828Z","level":"info","event":"{'name': 'Mariah Carey', 'id': '4iHNK0tOyZPYnBU7nGAgpQ', 'url': 'https://open.spotify.com/artist/4iHNK0tOyZPYnBU7nGAgpQ'}","chan":"stdout","logger":"task"}
{"timestamp":"2025-12-04T15:28:00.211888Z","level":"info","event":"https://musicbrainz.org/ws/2/url?resource=https://open.spotify.com/artist/4iHNK0tOyZPYnBU7nGAgpQ&inc=artist-rels&fmt=json","chan":"stdout","logger":"task"}
{"timestamp":"2025-12-04T15:28:00.377036Z","level":"info","event":"https://musicbrainz.org/ws/2/artist/494e8d09-f85b-4543-892f-a5096aed1cd4?inc=tags&fmt=json","chan":"stdout","logger":"task"}
{"timestamp":"2025-12-04T15:28:01.536769Z","level":"info","event":"{'name': 'Cody Johnson', 'id': '6zLBxLdl60ekBLpawtT63I', 'url': 'https://open.spotify.com/artist/6zLBxLdl60ekBLpawtT63I'}","chan":"stdout","logger":"task"}
{"timestamp":"2025-12-04T15:28:01.537446Z","level":"info","event":"https://musicbrainz.org/ws/2/url?resource=https://open.spotify.com/artist/6zLBxLdl60ekBLpawtT63I&inc=artist-rels&fmt=json","chan":"stdout","logger":"task"}
{"timestamp":"2025-12-04T15:28:01.692037Z","level":"info","event":"https://musicbrainz.org/ws/2/artist/faabeed5-3dd0-4be5-aec5-e6486e68db2f?inc=tags&fmt=json","chan":"stdout","logger":"task"}
{"timestamp":"2025-12-04T15:28:02.848157Z","level":"info","event":"{'name': 'Wham!', 'id': '5lpH0xAS4fVfLkACg9DAuM', 'url': 'https://open.spotify.com/artist/5lpH0xAS4fVfLkACg9DAuM'}","chan":"stdout","logger":"task"}
{"timestamp":"2025-12-04T15:28:02.850152Z","level":"info","event":"https://musicbrainz.org/ws/2/url?resource=https://open.spotify.com/artist/5lpH0xAS4fVfLkACg9DAuM&inc=artist-rels&fmt=json","chan":"stdout","logger":"task"}
{"timestamp":"2025-12-04T15:28:03.010846Z","level":"info","event":"https://musicbrainz.org/ws/2/artist/d570bb31-b9ca-45a4-a2d9-11b186d9c159?inc=tags&fmt=json","chan":"stdout","logger":"task"}
{"timestamp":"2025-12-04T15:28:04.181897Z","level":"info","event":"{'name': 'Tate McRae', 'id': '45dkTj5sMRSjrmBSBeiHym', 'url': 'https://open.spotify.com/artist/45dkTj5sMRSjrmBSBeiHym'}","chan":"stdout","logger":"task"}
{"timestamp":"2025-12-04T15:28:04.193004Z","level":"info","event":"https://musicbrainz.org/ws/2/url?resource=https://open.spotify.com/artist/45dkTj5sMRSjrmBSBeiHym&inc=artist-rels&fmt=json","chan":"stdout","logger":"task"}
{"timestamp":"2025-12-04T15:28:04.366898Z","level":"info","event":"https://musicbrainz.org/ws/2/artist/f9133869-f87c-459c-9aa7-2f176cda7e06?inc=tags&fmt=json","chan":"stdout","logger":"task"}
{"timestamp":"2025-12-04T15:28:05.608353Z","level":"info","event":"{'name': 'Saja Boys', 'id': '0BJ2EjOqcfgFvlZXNKrNbE', 'url': 'https://open.spotify.com/artist/0BJ2EjOqcfgFvlZXNKrNbE'}","chan":"stdout","logger":"task"}
{"timestamp":"2025-12-04T15:28:05.610033Z","level":"info","event":"https://musicbrainz.org/ws/2/url?resource=https://open.spotify.com/artist/0BJ2EjOqcfgFvlZXNKrNbE&inc=artist-rels&fmt=json","chan":"stdout","logger":"task"}
{"timestamp":"2025-12-04T15:28:05.876939Z","level":"info","event":"https://musicbrainz.org/ws/2/artist/62e4d845-5a9f-462f-a909-8e480dd3c1b8?inc=tags&fmt=json","chan":"stdout","logger":"task"}
{"timestamp":"2025-12-04T15:28:07.094247Z","level":"info","event":"{'name': 'Andrew Choi', 'id': '7JBaynR7JFeniONqbnn1U4', 'url': 'https://open.spotify.com/artist/7JBaynR7JFeniONqbnn1U4'}","chan":"stdout","logger":"task"}
{"timestamp":"2025-12-04T15:28:07.100848Z","level":"info","event":"https://musicbrainz.org/ws/2/url?resource=https://open.spotify.com/artist/7JBaynR7JFeniONqbnn1U4&inc=artist-rels&fmt=json","chan":"stdout","logger":"task"}
{"timestamp":"2025-12-04T15:28:07.265006Z","level":"info","event":"https://musicbrainz.org/ws/2/artist/3bc0a256-bd32-46af-ba2d-5404dce176fe?inc=tags&fmt=json","chan":"stdout","logger":"task"}
{"timestamp":"2025-12-04T15:28:08.532015Z","level":"info","event":"{'name': 'Neckwav', 'id': '5bXNU0MAF2HSqyFPhYtscH', 'url': 'https://open.spotify.com/artist/5bXNU0MAF2HSqyFPhYtscH'}","chan":"stdout","logger":"task"}
{"timestamp":"2025-12-04T15:28:08.533926Z","level":"info","event":"https://musicbrainz.org/ws/2/url?resource=https://open.spotify.com/artist/5bXNU0MAF2HSqyFPhYtscH&inc=artist-rels&fmt=json","chan":"stdout","logger":"task"}
{"timestamp":"2025-12-04T15:28:08.684701Z","level":"info","event":"https://musicbrainz.org/ws/2/artist/d1bb2849-6d06-4815-9aab-d360bc317f54?inc=tags&fmt=json","chan":"stdout","logger":"task"}
{"timestamp":"2025-12-04T15:28:09.848874Z","level":"info","event":"{'name': 'Danny Chung', 'id': '11pXvO7wYuzRWYONDOBd33', 'url': 'https://open.spotify.com/artist/11pXvO7wYuzRWYONDOBd33'}","chan":"stdout","logger":"task"}
{"timestamp":"2025-12-04T15:28:09.854975Z","level":"info","event":"https://musicbrainz.org/ws/2/url?resource=https://open.spotify.com/artist/11pXvO7wYuzRWYONDOBd33&inc=artist-rels&fmt=json","chan":"stdout","logger":"task"}
{"timestamp":"2025-12-04T15:28:10.002429Z","level":"info","event":"https://musicbrainz.org/ws/2/artist/072fa314-f544-4943-8dd5-afa37b55e696?inc=tags&fmt=json","chan":"stdout","logger":"task"}
{"timestamp":"2025-12-04T15:28:11.156635Z","level":"info","event":"{'name': 'KEVIN WOO', 'id': '2RYonYiVhhzBz82UFXOvEN', 'url': 'https://open.spotify.com/artist/2RYonYiVhhzBz82UFXOvEN'}","chan":"stdout","logger":"task"}
{"timestamp":"2025-12-04T15:28:11.161611Z","level":"info","event":"https://musicbrainz.org/ws/2/url?resource=https://open.spotify.com/artist/2RYonYiVhhzBz82UFXOvEN&inc=artist-rels&fmt=json","chan":"stdout","logger":"task"}
{"timestamp":"2025-12-04T15:28:11.305315Z","level":"info","event":"https://musicbrainz.org/ws/2/artist/b0c51568-37df-4b27-83a5-3a1c3539f3ff?inc=tags&fmt=json","chan":"stdout","logger":"task"}
{"timestamp":"2025-12-04T15:28:11.421106Z","level":"info","event":"Rate limit hit. Retrying in 1s...","chan":"stdout","logger":"task"}
{"timestamp":"2025-12-04T15:28:13.582824Z","level":"info","event":"{'name': 'samUIL Lee', 'id': '1eDupbD9kIx8UaZlzcBG5r', 'url': 'https://open.spotify.com/artist/1eDupbD9kIx8UaZlzcBG5r'}","chan":"stdout","logger":"task"}
{"timestamp":"2025-12-04T15:28:13.584138Z","level":"info","event":"https://musicbrainz.org/ws/2/url?resource=https://open.spotify.com/artist/1eDupbD9kIx8UaZlzcBG5r&inc=artist-rels&fmt=json","chan":"stdout","logger":"task"}
{"timestamp":"2025-12-04T15:28:13.727738Z","level":"info","event":"HTTP 404: Not Found","chan":"stdout","logger":"task"}
{"timestamp":"2025-12-04T15:28:13.727987Z","level":"info","event":"unable to get mbid for https://open.spotify.com/artist/1eDupbD9kIx8UaZlzcBG5r","chan":"stdout","logger":"task"}
{"timestamp":"2025-12-04T15:28:14.736331Z","level":"info","event":"{'name': 'Chris Brown', 'id': '7bXgB6jMjp9ATFy66eO08Z', 'url': 'https://open.spotify.com/artist/7bXgB6jMjp9ATFy66eO08Z'}","chan":"stdout","logger":"task"}
{"timestamp":"2025-12-04T15:28:14.738633Z","level":"info","event":"https://musicbrainz.org/ws/2/url?resource=https://open.spotify.com/artist/7bXgB6jMjp9ATFy66eO08Z&inc=artist-rels&fmt=json","chan":"stdout","logger":"task"}
{"timestamp":"2025-12-04T15:28:14.898889Z","level":"info","event":"https://musicbrainz.org/ws/2/artist/c234fa42-e6a6-443e-937e-2f4b073538a3?inc=tags&fmt=json","chan":"stdout","logger":"task"}
{"timestamp":"2025-12-04T15:28:16.073536Z","level":"info","event":"{'name': 'Bryson Tiller', 'id': '2EMAnMvWE2eb56ToJVfCWs', 'url': 'https://open.spotify.com/artist/2EMAnMvWE2eb56ToJVfCWs'}","chan":"stdout","logger":"task"}
{"timestamp":"2025-12-04T15:28:16.079490Z","level":"info","event":"https://musicbrainz.org/ws/2/url?resource=https://open.spotify.com/artist/2EMAnMvWE2eb56ToJVfCWs&inc=artist-rels&fmt=json","chan":"stdout","logger":"task"}
{"timestamp":"2025-12-04T15:28:16.237770Z","level":"info","event":"https://musicbrainz.org/ws/2/artist/d8fd8d9b-473b-4f06-83c8-869b1bb9de89?inc=tags&fmt=json","chan":"stdout","logger":"task"}
{"timestamp":"2025-12-04T15:28:17.477651Z","level":"info","event":"{'name': 'Sabrina Carpenter', 'id': '74KM79TiuVKeVCqs8QtB0B', 'url': 'https://open.spotify.com/artist/74KM79TiuVKeVCqs8QtB0B'}","chan":"stdout","logger":"task"}
{"timestamp":"2025-12-04T15:28:17.480212Z","level":"info","event":"https://musicbrainz.org/ws/2/url?resource=https://open.spotify.com/artist/74KM79TiuVKeVCqs8QtB0B&inc=artist-rels&fmt=json","chan":"stdout","logger":"task"}
{"timestamp":"2025-12-04T15:28:17.642669Z","level":"info","event":"https://musicbrainz.org/ws/2/artist/1882fe91-cdd9-49c9-9956-8e06a3810bd4?inc=tags&fmt=json","chan":"stdout","logger":"task"}
{"timestamp":"2025-12-04T15:28:18.799623Z","level":"info","event":"{'name': 'Brenda Lee', 'id': '4cPHsZM98sKzmV26wlwD2W', 'url': 'https://open.spotify.com/artist/4cPHsZM98sKzmV26wlwD2W'}","chan":"stdout","logger":"task"}
{"timestamp":"2025-12-04T15:28:18.805449Z","level":"info","event":"https://musicbrainz.org/ws/2/url?resource=https://open.spotify.com/artist/4cPHsZM98sKzmV26wlwD2W&inc=artist-rels&fmt=json","chan":"stdout","logger":"task"}
{"timestamp":"2025-12-04T15:28:19.109226Z","level":"info","event":"https://musicbrainz.org/ws/2/artist/6ca4886a-8f77-4133-b404-46fb3908e24a?inc=tags&fmt=json","chan":"stdout","logger":"task"}
{"timestamp":"2025-12-04T15:28:20.306182Z","level":"info","event":"{'name': 'Bobby Helms', 'id': '38EmEgXkgK51MT2tPY0EoC', 'url': 'https://open.spotify.com/artist/38EmEgXkgK51MT2tPY0EoC'}","chan":"stdout","logger":"task"}
{"timestamp":"2025-12-04T15:28:20.309421Z","level":"info","event":"https://musicbrainz.org/ws/2/url?resource=https://open.spotify.com/artist/38EmEgXkgK51MT2tPY0EoC&inc=artist-rels&fmt=json","chan":"stdout","logger":"task"}
{"timestamp":"2025-12-04T15:28:20.668276Z","level":"info","event":"https://musicbrainz.org/ws/2/artist/502b3244-0f7d-470c-99e9-b17fe6bcaabf?inc=tags&fmt=json","chan":"stdout","logger":"task"}
{"timestamp":"2025-12-04T15:28:21.950465Z","level":"info","event":"{'name': 'Ella Langley', 'id': '6BRxQ8cD3eqnrVj6WKDok8', 'url': 'https://open.spotify.com/artist/6BRxQ8cD3eqnrVj6WKDok8'}","chan":"stdout","logger":"task"}
{"timestamp":"2025-12-04T15:28:21.951722Z","level":"info","event":"https://musicbrainz.org/ws/2/url?resource=https://open.spotify.com/artist/6BRxQ8cD3eqnrVj6WKDok8&inc=artist-rels&fmt=json","chan":"stdout","logger":"task"}
{"timestamp":"2025-12-04T15:28:22.118668Z","level":"info","event":"https://musicbrainz.org/ws/2/artist/b16c0872-31a7-4db9-8569-0e3146fcecfc?inc=tags&fmt=json","chan":"stdout","logger":"task"}
{"timestamp":"2025-12-04T15:28:23.373005Z","level":"info","event":"{'name': 'Ravyn Lenae', 'id': '5RTLRtXjbXI2lSXc6jxlAz', 'url': 'https://open.spotify.com/artist/5RTLRtXjbXI2lSXc6jxlAz'}","chan":"stdout","logger":"task"}
{"timestamp":"2025-12-04T15:28:23.382465Z","level":"info","event":"https://musicbrainz.org/ws/2/url?resource=https://open.spotify.com/artist/5RTLRtXjbXI2lSXc6jxlAz&inc=artist-rels&fmt=json","chan":"stdout","logger":"task"}
{"timestamp":"2025-12-04T15:28:23.541543Z","level":"info","event":"https://musicbrainz.org/ws/2/artist/94c64122-dbd4-4927-b2fa-f204b0b4b0c2?inc=tags&fmt=json","chan":"stdout","logger":"task"}
{"timestamp":"2025-12-04T15:28:24.794096Z","level":"info","event":"{'name': 'Ariana Grande', 'id': '66CXWjxzNUsdJxJ2JdwvnR', 'url': 'https://open.spotify.com/artist/66CXWjxzNUsdJxJ2JdwvnR'}","chan":"stdout","logger":"task"}
{"timestamp":"2025-12-04T15:28:24.798859Z","level":"info","event":"https://musicbrainz.org/ws/2/url?resource=https://open.spotify.com/artist/66CXWjxzNUsdJxJ2JdwvnR&inc=artist-rels&fmt=json","chan":"stdout","logger":"task"}
{"timestamp":"2025-12-04T15:28:24.965831Z","level":"info","event":"https://musicbrainz.org/ws/2/artist/f4fdbb4c-e4b7-47a0-b83b-d91bbfcfa387?inc=tags&fmt=json","chan":"stdout","logger":"task"}
{"timestamp":"2025-12-04T15:28:26.134755Z","level":"info","event":"{'name': 'KATSEYE', 'id': '3c0gDdb9lhnHGFtP4prQpn', 'url': 'https://open.spotify.com/artist/3c0gDdb9lhnHGFtP4prQpn'}","chan":"stdout","logger":"task"}
{"timestamp":"2025-12-04T15:28:26.136580Z","level":"info","event":"https://musicbrainz.org/ws/2/url?resource=https://open.spotify.com/artist/3c0gDdb9lhnHGFtP4prQpn&inc=artist-rels&fmt=json","chan":"stdout","logger":"task"}
{"timestamp":"2025-12-04T15:28:26.317409Z","level":"info","event":"https://musicbrainz.org/ws/2/artist/abbf7d85-9a7f-4a6c-80bd-bf71f2c7d520?inc=tags&fmt=json","chan":"stdout","logger":"task"}
{"timestamp":"2025-12-04T15:28:27.513664Z","level":"info","event":"{'name': 'Riley Green', 'id': '2QMsj4XJ7ne2hojxt6v5eb', 'url': 'https://open.spotify.com/artist/2QMsj4XJ7ne2hojxt6v5eb'}","chan":"stdout","logger":"task"}
{"timestamp":"2025-12-04T15:28:27.514078Z","level":"info","event":"https://musicbrainz.org/ws/2/url?resource=https://open.spotify.com/artist/2QMsj4XJ7ne2hojxt6v5eb&inc=artist-rels&fmt=json","chan":"stdout","logger":"task"}
{"timestamp":"2025-12-04T15:28:27.725124Z","level":"info","event":"https://musicbrainz.org/ws/2/artist/d8c85c0e-ad88-47a7-a1df-b70608c2f52f?inc=tags&fmt=json","chan":"stdout","logger":"task"}
{"timestamp":"2025-12-04T15:28:28.894288Z","level":"info","event":"{'name': 'Russell Dickerson', 'id': '1E2AEtxaFaJtH0lO7kgNKw', 'url': 'https://open.spotify.com/artist/1E2AEtxaFaJtH0lO7kgNKw'}","chan":"stdout","logger":"task"}
{"timestamp":"2025-12-04T15:28:28.897884Z","level":"info","event":"https://musicbrainz.org/ws/2/url?resource=https://open.spotify.com/artist/1E2AEtxaFaJtH0lO7kgNKw&inc=artist-rels&fmt=json","chan":"stdout","logger":"task"}
{"timestamp":"2025-12-04T15:28:29.054740Z","level":"info","event":"https://musicbrainz.org/ws/2/artist/e2529584-b250-4a22-821c-16d3d8120978?inc=tags&fmt=json","chan":"stdout","logger":"task"}
{"timestamp":"2025-12-04T15:28:30.292229Z","level":"info","event":"{'name': 'Disco Lines', 'id': '5Kmr0b3ip8g9P2i0dLTC3Z', 'url': 'https://open.spotify.com/artist/5Kmr0b3ip8g9P2i0dLTC3Z'}","chan":"stdout","logger":"task"}
{"timestamp":"2025-12-04T15:28:30.293169Z","level":"info","event":"https://musicbrainz.org/ws/2/url?resource=https://open.spotify.com/artist/5Kmr0b3ip8g9P2i0dLTC3Z&inc=artist-rels&fmt=json","chan":"stdout","logger":"task"}
{"timestamp":"2025-12-04T15:28:30.556682Z","level":"info","event":"https://musicbrainz.org/ws/2/artist/9b2f64a8-98ea-433b-bfe0-2675c02b08db?inc=tags&fmt=json","chan":"stdout","logger":"task"}
{"timestamp":"2025-12-04T15:28:31.723165Z","level":"info","event":"{'name': 'Tinashe', 'id': '0NIIxcxNHmOoyBx03SfTCD', 'url': 'https://open.spotify.com/artist/0NIIxcxNHmOoyBx03SfTCD'}","chan":"stdout","logger":"task"}
{"timestamp":"2025-12-04T15:28:31.726077Z","level":"info","event":"https://musicbrainz.org/ws/2/url?resource=https://open.spotify.com/artist/0NIIxcxNHmOoyBx03SfTCD&inc=artist-rels&fmt=json","chan":"stdout","logger":"task"}
{"timestamp":"2025-12-04T15:28:31.897868Z","level":"info","event":"https://musicbrainz.org/ws/2/artist/396a9525-0994-4542-b480-c4587feeb476?inc=tags&fmt=json","chan":"stdout","logger":"task"}
{"timestamp":"2025-12-04T15:28:33.062380Z","level":"info","event":"{'name': 'Megan Moroney', 'id': '5Ppie0uPnbnvGBYRwYmlt0', 'url': 'https://open.spotify.com/artist/5Ppie0uPnbnvGBYRwYmlt0'}","chan":"stdout","logger":"task"}
{"timestamp":"2025-12-04T15:28:33.064716Z","level":"info","event":"https://musicbrainz.org/ws/2/url?resource=https://open.spotify.com/artist/5Ppie0uPnbnvGBYRwYmlt0&inc=artist-rels&fmt=json","chan":"stdout","logger":"task"}
{"timestamp":"2025-12-04T15:28:33.226792Z","level":"info","event":"https://musicbrainz.org/ws/2/artist/9eb2030a-c311-4cbf-a8f2-c57a58aa18ce?inc=tags&fmt=json","chan":"stdout","logger":"task"}
{"timestamp":"2025-12-04T15:28:33.346443Z","level":"info","event":"Rate limit hit. Retrying in 1s...","chan":"stdout","logger":"task"}
{"timestamp":"2025-12-04T15:28:35.634462Z","level":"info","event":"{'name': 'Tame Impala', 'id': '5INjqkS1o8h1imAzPqGZBb', 'url': 'https://open.spotify.com/artist/5INjqkS1o8h1imAzPqGZBb'}","chan":"stdout","logger":"task"}
{"timestamp":"2025-12-04T15:28:35.639066Z","level":"info","event":"https://musicbrainz.org/ws/2/url?resource=https://open.spotify.com/artist/5INjqkS1o8h1imAzPqGZBb&inc=artist-rels&fmt=json","chan":"stdout","logger":"task"}
{"timestamp":"2025-12-04T15:28:35.885162Z","level":"info","event":"https://musicbrainz.org/ws/2/artist/63aa26c3-d59b-4da4-84ac-716b54f1ef4d?inc=tags&fmt=json","chan":"stdout","logger":"task"}
{"timestamp":"2025-12-04T15:28:37.046923Z","level":"info","event":"{'name': 'Lainey Wilson', 'id': '6tPHARSq45lQ8BSALCfkFC', 'url': 'https://open.spotify.com/artist/6tPHARSq45lQ8BSALCfkFC'}","chan":"stdout","logger":"task"}
{"timestamp":"2025-12-04T15:28:37.047530Z","level":"info","event":"https://musicbrainz.org/ws/2/url?resource=https://open.spotify.com/artist/6tPHARSq45lQ8BSALCfkFC&inc=artist-rels&fmt=json","chan":"stdout","logger":"task"}
{"timestamp":"2025-12-04T15:28:37.287523Z","level":"info","event":"https://musicbrainz.org/ws/2/artist/a6e613d6-ff65-4972-beff-303a1b10ab05?inc=tags&fmt=json","chan":"stdout","logger":"task"}
{"timestamp":"2025-12-04T15:28:38.451240Z","level":"info","event":"{'name': 'Gunna', 'id': '2hlmm7s2ICUX0LVIhVFlZQ', 'url': 'https://open.spotify.com/artist/2hlmm7s2ICUX0LVIhVFlZQ'}","chan":"stdout","logger":"task"}
{"timestamp":"2025-12-04T15:28:38.459078Z","level":"info","event":"https://musicbrainz.org/ws/2/url?resource=https://open.spotify.com/artist/2hlmm7s2ICUX0LVIhVFlZQ&inc=artist-rels&fmt=json","chan":"stdout","logger":"task"}
{"timestamp":"2025-12-04T15:28:38.664485Z","level":"info","event":"https://musicbrainz.org/ws/2/artist/100b8734-f4f0-4536-9960-47f7c59d1b4c?inc=tags&fmt=json","chan":"stdout","logger":"task"}
{"timestamp":"2025-12-04T15:28:39.955271Z","level":"info","event":"{'name': 'Burna Boy', 'id': '3wcj11K77LjEY1PkEazffa', 'url': 'https://open.spotify.com/artist/3wcj11K77LjEY1PkEazffa'}","chan":"stdout","logger":"task"}
{"timestamp":"2025-12-04T15:28:39.959436Z","level":"info","event":"https://musicbrainz.org/ws/2/url?resource=https://open.spotify.com/artist/3wcj11K77LjEY1PkEazffa&inc=artist-rels&fmt=json","chan":"stdout","logger":"task"}
{"timestamp":"2025-12-04T15:28:40.110942Z","level":"info","event":"https://musicbrainz.org/ws/2/artist/78a19169-ac75-4868-b504-7e2e073118e0?inc=tags&fmt=json","chan":"stdout","logger":"task"}
{"timestamp":"2025-12-04T15:28:41.345569Z","level":"info","event":"{'name': 'Kelly Clarkson', 'id': '3BmGtnKgCSGYIUhmivXKWX', 'url': 'https://open.spotify.com/artist/3BmGtnKgCSGYIUhmivXKWX'}","chan":"stdout","logger":"task"}
{"timestamp":"2025-12-04T15:28:41.346945Z","level":"info","event":"https://musicbrainz.org/ws/2/url?resource=https://open.spotify.com/artist/3BmGtnKgCSGYIUhmivXKWX&inc=artist-rels&fmt=json","chan":"stdout","logger":"task"}
{"timestamp":"2025-12-04T15:28:41.512535Z","level":"info","event":"https://musicbrainz.org/ws/2/artist/d339efbb-77b9-4147-ba9e-59f2f24550b2?inc=tags&fmt=json","chan":"stdout","logger":"task"}
{"timestamp":"2025-12-04T15:28:42.754747Z","level":"info","event":"{'name': 'Rumi', 'id': '2DSE0PhxKUmTPLfZm13sup', 'url': 'https://open.spotify.com/artist/2DSE0PhxKUmTPLfZm13sup'}","chan":"stdout","logger":"task"}
{"timestamp":"2025-12-04T15:28:42.757058Z","level":"info","event":"https://musicbrainz.org/ws/2/url?resource=https://open.spotify.com/artist/2DSE0PhxKUmTPLfZm13sup&inc=artist-rels&fmt=json","chan":"stdout","logger":"task"}
{"timestamp":"2025-12-04T15:28:42.985385Z","level":"info","event":"https://musicbrainz.org/ws/2/artist/7d5ca377-aedc-4d9e-ad95-1f592e7af627?inc=tags&fmt=json","chan":"stdout","logger":"task"}
{"timestamp":"2025-12-04T15:28:44.183837Z","level":"info","event":"{'name': 'Jinu', 'id': '0rIiNDJUesrgFPkYesJmKl', 'url': 'https://open.spotify.com/artist/0rIiNDJUesrgFPkYesJmKl'}","chan":"stdout","logger":"task"}
{"timestamp":"2025-12-04T15:28:44.187816Z","level":"info","event":"https://musicbrainz.org/ws/2/url?resource=https://open.spotify.com/artist/0rIiNDJUesrgFPkYesJmKl&inc=artist-rels&fmt=json","chan":"stdout","logger":"task"}
{"timestamp":"2025-12-04T15:28:44.340215Z","level":"info","event":"https://musicbrainz.org/ws/2/artist/b774ed72-9208-4df6-b48c-1370e71e3d70?inc=tags&fmt=json","chan":"stdout","logger":"task"}
{"timestamp":"2025-12-04T15:28:45.594152Z","level":"info","event":"{'name': 'Mariah the Scientist', 'id': '7HO5fOXE4gh3lzZn64tX2E', 'url': 'https://open.spotify.com/artist/7HO5fOXE4gh3lzZn64tX2E'}","chan":"stdout","logger":"task"}
{"timestamp":"2025-12-04T15:28:45.597079Z","level":"info","event":"https://musicbrainz.org/ws/2/url?resource=https://open.spotify.com/artist/7HO5fOXE4gh3lzZn64tX2E&inc=artist-rels&fmt=json","chan":"stdout","logger":"task"}
{"timestamp":"2025-12-04T15:28:45.769140Z","level":"info","event":"https://musicbrainz.org/ws/2/artist/5fc55ebf-21bd-4eda-954c-dd250132331e?inc=tags&fmt=json","chan":"stdout","logger":"task"}
{"timestamp":"2025-12-04T15:28:47.023860Z","level":"info","event":"{'name': 'Kali Uchis', 'id': '1U1el3k54VvEUzo3ybLPlM', 'url': 'https://open.spotify.com/artist/1U1el3k54VvEUzo3ybLPlM'}","chan":"stdout","logger":"task"}
{"timestamp":"2025-12-04T15:28:47.024768Z","level":"info","event":"https://musicbrainz.org/ws/2/url?resource=https://open.spotify.com/artist/1U1el3k54VvEUzo3ybLPlM&inc=artist-rels&fmt=json","chan":"stdout","logger":"task"}
{"timestamp":"2025-12-04T15:28:47.265071Z","level":"info","event":"https://musicbrainz.org/ws/2/artist/d0c7656d-8169-4f77-9dbe-b8f24e40105d?inc=tags&fmt=json","chan":"stdout","logger":"task"}
{"timestamp":"2025-12-04T15:28:48.449380Z","level":"info","event":"{'name': 'BigXthaPlug', 'id': '6qxpnaukVayrQn6ViNvu9I', 'url': 'https://open.spotify.com/artist/6qxpnaukVayrQn6ViNvu9I'}","chan":"stdout","logger":"task"}
{"timestamp":"2025-12-04T15:28:48.449915Z","level":"info","event":"https://musicbrainz.org/ws/2/url?resource=https://open.spotify.com/artist/6qxpnaukVayrQn6ViNvu9I&inc=artist-rels&fmt=json","chan":"stdout","logger":"task"}
{"timestamp":"2025-12-04T15:28:48.608640Z","level":"info","event":"https://musicbrainz.org/ws/2/artist/d25f6294-686a-4569-b1b9-fe64bfef2519?inc=tags&fmt=json","chan":"stdout","logger":"task"}
{"timestamp":"2025-12-04T15:28:49.772044Z","level":"info","event":"{'name': 'Andy Williams', 'id': '4sj6D0zlMOl25nprDJBiU9', 'url': 'https://open.spotify.com/artist/4sj6D0zlMOl25nprDJBiU9'}","chan":"stdout","logger":"task"}
{"timestamp":"2025-12-04T15:28:49.774654Z","level":"info","event":"https://musicbrainz.org/ws/2/url?resource=https://open.spotify.com/artist/4sj6D0zlMOl25nprDJBiU9&inc=artist-rels&fmt=json","chan":"stdout","logger":"task"}
{"timestamp":"2025-12-04T15:28:49.998571Z","level":"info","event":"https://musicbrainz.org/ws/2/artist/57cb4257-9855-4a42-b1be-bfba1d9b520d?inc=tags&fmt=json","chan":"stdout","logger":"task"}
{"timestamp":"2025-12-04T15:28:51.222132Z","level":"info","event":"{'name': 'Michael Bublé', 'id': '1GxkXlMwML1oSg5eLPiAz3', 'url': 'https://open.spotify.com/artist/1GxkXlMwML1oSg5eLPiAz3'}","chan":"stdout","logger":"task"}
{"timestamp":"2025-12-04T15:28:51.225925Z","level":"info","event":"https://musicbrainz.org/ws/2/url?resource=https://open.spotify.com/artist/1GxkXlMwML1oSg5eLPiAz3&inc=artist-rels&fmt=json","chan":"stdout","logger":"task"}
{"timestamp":"2025-12-04T15:28:51.556936Z","level":"info","event":"https://musicbrainz.org/ws/2/artist/611700cf-27f0-4dc9-ae80-c513a767853e?inc=tags&fmt=json","chan":"stdout","logger":"task"}
{"timestamp":"2025-12-04T15:28:52.725264Z","level":"info","event":"{'name': 'Nat King Cole', 'id': '7v4imS0moSyGdXyLgVTIV7', 'url': 'https://open.spotify.com/artist/7v4imS0moSyGdXyLgVTIV7'}","chan":"stdout","logger":"task"}
{"timestamp":"2025-12-04T15:28:52.726645Z","level":"info","event":"https://musicbrainz.org/ws/2/url?resource=https://open.spotify.com/artist/7v4imS0moSyGdXyLgVTIV7&inc=artist-rels&fmt=json","chan":"stdout","logger":"task"}
{"timestamp":"2025-12-04T15:28:52.955026Z","level":"info","event":"https://musicbrainz.org/ws/2/artist/fbe054ec-a143-4101-9e9e-64abc5ff5ac9?inc=tags&fmt=json","chan":"stdout","logger":"task"}
{"timestamp":"2025-12-04T15:28:54.184508Z","level":"info","event":"{'name': 'YoungBoy Never Broke Again', 'id': '7wlFDEWiM5OoIAt8RSli8b', 'url': 'https://open.spotify.com/artist/7wlFDEWiM5OoIAt8RSli8b'}","chan":"stdout","logger":"task"}
{"timestamp":"2025-12-04T15:28:54.190307Z","level":"info","event":"https://musicbrainz.org/ws/2/url?resource=https://open.spotify.com/artist/7wlFDEWiM5OoIAt8RSli8b&inc=artist-rels&fmt=json","chan":"stdout","logger":"task"}
{"timestamp":"2025-12-04T15:28:54.356745Z","level":"info","event":"https://musicbrainz.org/ws/2/artist/127d8614-0876-4408-886c-6f110b047a78?inc=tags&fmt=json","chan":"stdout","logger":"task"}
{"timestamp":"2025-12-04T15:28:55.526791Z","level":"info","event":"{'name': 'Chase Matthew', 'id': '7HTLVyjNf0VRxfIgNcfRRH', 'url': 'https://open.spotify.com/artist/7HTLVyjNf0VRxfIgNcfRRH'}","chan":"stdout","logger":"task"}
{"timestamp":"2025-12-04T15:28:55.528348Z","level":"info","event":"https://musicbrainz.org/ws/2/url?resource=https://open.spotify.com/artist/7HTLVyjNf0VRxfIgNcfRRH&inc=artist-rels&fmt=json","chan":"stdout","logger":"task"}
{"timestamp":"2025-12-04T15:28:55.781682Z","level":"info","event":"https://musicbrainz.org/ws/2/artist/b9bdc8af-9641-4958-8eb3-1bead9ff632d?inc=tags&fmt=json","chan":"stdout","logger":"task"}
{"timestamp":"2025-12-04T15:28:56.935539Z","level":"info","event":"{'name': 'Hudson Westbrook', 'id': '0C4gtx1iHMfuaQ73GKWvtZ', 'url': 'https://open.spotify.com/artist/0C4gtx1iHMfuaQ73GKWvtZ'}","chan":"stdout","logger":"task"}
{"timestamp":"2025-12-04T15:28:56.937673Z","level":"info","event":"https://musicbrainz.org/ws/2/url?resource=https://open.spotify.com/artist/0C4gtx1iHMfuaQ73GKWvtZ&inc=artist-rels&fmt=json","chan":"stdout","logger":"task"}
{"timestamp":"2025-12-04T15:28:57.092298Z","level":"info","event":"https://musicbrainz.org/ws/2/artist/5b511be8-fd02-4de2-a017-7f5d06db53e4?inc=tags&fmt=json","chan":"stdout","logger":"task"}
{"timestamp":"2025-12-04T15:28:58.380686Z","level":"info","event":"{'name': 'Myles Smith', 'id': '3bO19AOone0ubCsfDXDtYt', 'url': 'https://open.spotify.com/artist/3bO19AOone0ubCsfDXDtYt'}","chan":"stdout","logger":"task"}
{"timestamp":"2025-12-04T15:28:58.381487Z","level":"info","event":"https://musicbrainz.org/ws/2/url?resource=https://open.spotify.com/artist/3bO19AOone0ubCsfDXDtYt&inc=artist-rels&fmt=json","chan":"stdout","logger":"task"}
{"timestamp":"2025-12-04T15:28:58.534135Z","level":"info","event":"https://musicbrainz.org/ws/2/artist/73d2a9d4-de5d-4bcd-9acb-ddf67dfd71ac?inc=tags&fmt=json","chan":"stdout","logger":"task"}
{"timestamp":"2025-12-04T15:28:59.743448Z","level":"info","event":"{'name': 'Doja Cat', 'id': '5cj0lLjcoR7YOSnhnX0Po5', 'url': 'https://open.spotify.com/artist/5cj0lLjcoR7YOSnhnX0Po5'}","chan":"stdout","logger":"task"}
{"timestamp":"2025-12-04T15:28:59.745107Z","level":"info","event":"https://musicbrainz.org/ws/2/url?resource=https://open.spotify.com/artist/5cj0lLjcoR7YOSnhnX0Po5&inc=artist-rels&fmt=json","chan":"stdout","logger":"task"}
{"timestamp":"2025-12-04T15:28:59.926162Z","level":"info","event":"https://musicbrainz.org/ws/2/artist/5df62a88-cac9-490a-b62c-c7c88f4020f4?inc=tags&fmt=json","chan":"stdout","logger":"task"}
{"timestamp":"2025-12-04T15:29:01.157598Z","level":"info","event":"{'name': 'RAYE', 'id': '5KKpBU5eC2tJDzf0wmlRp2', 'url': 'https://open.spotify.com/artist/5KKpBU5eC2tJDzf0wmlRp2'}","chan":"stdout","logger":"task"}
{"timestamp":"2025-12-04T15:29:01.160079Z","level":"info","event":"https://musicbrainz.org/ws/2/url?resource=https://open.spotify.com/artist/5KKpBU5eC2tJDzf0wmlRp2&inc=artist-rels&fmt=json","chan":"stdout","logger":"task"}
{"timestamp":"2025-12-04T15:29:01.414296Z","level":"info","event":"https://musicbrainz.org/ws/2/artist/8be564c3-dfba-440b-af8c-4ffbceeef45e?inc=tags&fmt=json","chan":"stdout","logger":"task"}
{"timestamp":"2025-12-04T15:29:02.635832Z","level":"info","event":"{'name': 'Luke Combs', 'id': '718COspgdWOnwOFpJHRZHS', 'url': 'https://open.spotify.com/artist/718COspgdWOnwOFpJHRZHS'}","chan":"stdout","logger":"task"}
{"timestamp":"2025-12-04T15:29:02.636167Z","level":"info","event":"https://musicbrainz.org/ws/2/url?resource=https://open.spotify.com/artist/718COspgdWOnwOFpJHRZHS&inc=artist-rels&fmt=json","chan":"stdout","logger":"task"}
{"timestamp":"2025-12-04T15:29:02.792666Z","level":"info","event":"https://musicbrainz.org/ws/2/artist/c20ee61f-071f-4e65-9c81-45ee931a54ce?inc=tags&fmt=json","chan":"stdout","logger":"task"}
{"timestamp":"2025-12-04T15:29:04.057061Z","level":"info","event":"{'name': 'Max McNown', 'id': '340PS4ZcZ4UCBgyrXzEjcp', 'url': 'https://open.spotify.com/artist/340PS4ZcZ4UCBgyrXzEjcp'}","chan":"stdout","logger":"task"}
{"timestamp":"2025-12-04T15:29:04.061544Z","level":"info","event":"https://musicbrainz.org/ws/2/url?resource=https://open.spotify.com/artist/340PS4ZcZ4UCBgyrXzEjcp&inc=artist-rels&fmt=json","chan":"stdout","logger":"task"}
{"timestamp":"2025-12-04T15:29:04.566318Z","level":"info","event":"https://musicbrainz.org/ws/2/artist/cc45b39c-c7c2-4db3-98f2-9c0220c76d7c?inc=tags&fmt=json","chan":"stdout","logger":"task"}
{"timestamp":"2025-12-04T15:29:05.794329Z","level":"info","event":"{'name': 'Gavin Adcock', 'id': '5jG6uRqinuI83luutMpW6y', 'url': 'https://open.spotify.com/artist/5jG6uRqinuI83luutMpW6y'}","chan":"stdout","logger":"task"}
{"timestamp":"2025-12-04T15:29:05.797010Z","level":"info","event":"https://musicbrainz.org/ws/2/url?resource=https://open.spotify.com/artist/5jG6uRqinuI83luutMpW6y&inc=artist-rels&fmt=json","chan":"stdout","logger":"task"}
{"timestamp":"2025-12-04T15:29:06.333218Z","level":"info","event":"https://musicbrainz.org/ws/2/artist/4a75faf4-995d-42dd-88b6-e5ff2d61e791?inc=tags&fmt=json","chan":"stdout","logger":"task"}
{"timestamp":"2025-12-04T15:29:07.577033Z","level":"info","event":"{'name': 'Cardi B', 'id': '4kYSro6naA4h99UJvo89HB', 'url': 'https://open.spotify.com/artist/4kYSro6naA4h99UJvo89HB'}","chan":"stdout","logger":"task"}
{"timestamp":"2025-12-04T15:29:07.581729Z","level":"info","event":"https://musicbrainz.org/ws/2/url?resource=https://open.spotify.com/artist/4kYSro6naA4h99UJvo89HB&inc=artist-rels&fmt=json","chan":"stdout","logger":"task"}
{"timestamp":"2025-12-04T15:29:07.796753Z","level":"info","event":"https://musicbrainz.org/ws/2/artist/2f3c4d70-0462-40da-bba3-0aec5772c556?inc=tags&fmt=json","chan":"stdout","logger":"task"}
{"timestamp":"2025-12-04T15:29:08.958270Z","level":"info","event":"{'name': 'Tyler, The Creator', 'id': '4V8LLVI7PbaPR0K2TGSxFF', 'url': 'https://open.spotify.com/artist/4V8LLVI7PbaPR0K2TGSxFF'}","chan":"stdout","logger":"task"}
{"timestamp":"2025-12-04T15:29:08.959712Z","level":"info","event":"https://musicbrainz.org/ws/2/url?resource=https://open.spotify.com/artist/4V8LLVI7PbaPR0K2TGSxFF&inc=artist-rels&fmt=json","chan":"stdout","logger":"task"}
{"timestamp":"2025-12-04T15:29:09.123817Z","level":"info","event":"https://musicbrainz.org/ws/2/artist/f6beac20-5dfe-4d1f-ae02-0b0a740aafd6?inc=tags&fmt=json","chan":"stdout","logger":"task"}
{"timestamp":"2025-12-04T15:29:10.300691Z","level":"info","event":"{'name': 'G Herbo', 'id': '5QdEbQJ3ylBnc3gsIASAT5', 'url': 'https://open.spotify.com/artist/5QdEbQJ3ylBnc3gsIASAT5'}","chan":"stdout","logger":"task"}
{"timestamp":"2025-12-04T15:29:10.301491Z","level":"info","event":"https://musicbrainz.org/ws/2/url?resource=https://open.spotify.com/artist/5QdEbQJ3ylBnc3gsIASAT5&inc=artist-rels&fmt=json","chan":"stdout","logger":"task"}
{"timestamp":"2025-12-04T15:29:10.449667Z","level":"info","event":"https://musicbrainz.org/ws/2/artist/1b1f50d1-4746-468b-a6a2-7db7200d3dfc?inc=tags&fmt=json","chan":"stdout","logger":"task"}
{"timestamp":"2025-12-04T15:29:11.701048Z","level":"info","event":"{'name': 'Southside', 'id': '23DYJsw4uSCguIqiTIDtcN', 'url': 'https://open.spotify.com/artist/23DYJsw4uSCguIqiTIDtcN'}","chan":"stdout","logger":"task"}
{"timestamp":"2025-12-04T15:29:11.701414Z","level":"info","event":"https://musicbrainz.org/ws/2/url?resource=https://open.spotify.com/artist/23DYJsw4uSCguIqiTIDtcN&inc=artist-rels&fmt=json","chan":"stdout","logger":"task"}
{"timestamp":"2025-12-04T15:29:11.858410Z","level":"info","event":"https://musicbrainz.org/ws/2/artist/d642aa48-79ef-4837-b8df-72ae8a4ecf52?inc=tags&fmt=json","chan":"stdout","logger":"task"}
{"timestamp":"2025-12-04T15:29:13.142298Z","level":"info","event":"{'name': 'Metro Boomin', 'id': '0iEtIxbK0KxaSlF7G42ZOp', 'url': 'https://open.spotify.com/artist/0iEtIxbK0KxaSlF7G42ZOp'}","chan":"stdout","logger":"task"}
{"timestamp":"2025-12-04T15:29:13.146560Z","level":"info","event":"https://musicbrainz.org/ws/2/url?resource=https://open.spotify.com/artist/0iEtIxbK0KxaSlF7G42ZOp&inc=artist-rels&fmt=json","chan":"stdout","logger":"task"}
{"timestamp":"2025-12-04T15:29:13.418777Z","level":"info","event":"https://musicbrainz.org/ws/2/artist/59db3d82-86ea-451f-881f-dffc8ec387c9?inc=tags&fmt=json","chan":"stdout","logger":"task"}
{"timestamp":"2025-12-04T15:29:14.581079Z","level":"info","event":"{'name': 'Quavo', 'id': '0VRj0yCOv2FXJNP47XQnx5', 'url': 'https://open.spotify.com/artist/0VRj0yCOv2FXJNP47XQnx5'}","chan":"stdout","logger":"task"}
{"timestamp":"2025-12-04T15:29:14.583426Z","level":"info","event":"https://musicbrainz.org/ws/2/url?resource=https://open.spotify.com/artist/0VRj0yCOv2FXJNP47XQnx5&inc=artist-rels&fmt=json","chan":"stdout","logger":"task"}
{"timestamp":"2025-12-04T15:29:14.744011Z","level":"info","event":"https://musicbrainz.org/ws/2/artist/6143403a-df6c-429e-8ee6-ef869896b0da?inc=tags&fmt=json","chan":"stdout","logger":"task"}
{"timestamp":"2025-12-04T15:29:15.933322Z","level":"info","event":"{'name': 'Breskii', 'id': '2wVt4s4eHizk62Er2CLunw', 'url': 'https://open.spotify.com/artist/2wVt4s4eHizk62Er2CLunw'}","chan":"stdout","logger":"task"}
{"timestamp":"2025-12-04T15:29:15.937692Z","level":"info","event":"https://musicbrainz.org/ws/2/url?resource=https://open.spotify.com/artist/2wVt4s4eHizk62Er2CLunw&inc=artist-rels&fmt=json","chan":"stdout","logger":"task"}
{"timestamp":"2025-12-04T15:29:16.128505Z","level":"info","event":"HTTP 404: Not Found","chan":"stdout","logger":"task"}
{"timestamp":"2025-12-04T15:29:16.128880Z","level":"info","event":"unable to get mbid for https://open.spotify.com/artist/2wVt4s4eHizk62Er2CLunw","chan":"stdout","logger":"task"}
{"timestamp":"2025-12-04T15:29:17.140273Z","level":"info","event":"{'name': 'YKNIECE', 'id': '0W1zQBUWnDofTkc0APdaog', 'url': 'https://open.spotify.com/artist/0W1zQBUWnDofTkc0APdaog'}","chan":"stdout","logger":"task"}
{"timestamp":"2025-12-04T15:29:17.157517Z","level":"info","event":"https://musicbrainz.org/ws/2/url?resource=https://open.spotify.com/artist/0W1zQBUWnDofTkc0APdaog&inc=artist-rels&fmt=json","chan":"stdout","logger":"task"}
{"timestamp":"2025-12-04T15:29:17.426129Z","level":"info","event":"https://musicbrainz.org/ws/2/artist/53e432c2-4da5-46cd-a89d-7bc7db509469?inc=tags&fmt=json","chan":"stdout","logger":"task"}
{"timestamp":"2025-12-04T15:29:18.655369Z","level":"info","event":"{'name': 'DJ Spinz', 'id': '7m4YY1JUSagIGuM9BL7KR1', 'url': 'https://open.spotify.com/artist/7m4YY1JUSagIGuM9BL7KR1'}","chan":"stdout","logger":"task"}
{"timestamp":"2025-12-04T15:29:18.662666Z","level":"info","event":"https://musicbrainz.org/ws/2/url?resource=https://open.spotify.com/artist/7m4YY1JUSagIGuM9BL7KR1&inc=artist-rels&fmt=json","chan":"stdout","logger":"task"}
{"timestamp":"2025-12-04T15:29:18.794545Z","level":"info","event":"HTTP 404: Not Found","chan":"stdout","logger":"task"}
{"timestamp":"2025-12-04T15:29:18.795042Z","level":"info","event":"unable to get mbid for https://open.spotify.com/artist/7m4YY1JUSagIGuM9BL7KR1","chan":"stdout","logger":"task"}
{"timestamp":"2025-12-04T15:29:19.798699Z","level":"info","event":"{'name': 'Lady Gaga', 'id': '1HY2Jd0NmPuamShAr6KMms', 'url': 'https://open.spotify.com/artist/1HY2Jd0NmPuamShAr6KMms'}","chan":"stdout","logger":"task"}
{"timestamp":"2025-12-04T15:29:19.803789Z","level":"info","event":"https://musicbrainz.org/ws/2/url?resource=https://open.spotify.com/artist/1HY2Jd0NmPuamShAr6KMms&inc=artist-rels&fmt=json","chan":"stdout","logger":"task"}
{"timestamp":"2025-12-04T15:29:20.030403Z","level":"info","event":"https://musicbrainz.org/ws/2/artist/650e7db6-b795-4eb5-a702-5ea2fc46c848?inc=tags&fmt=json","chan":"stdout","logger":"task"}
{"timestamp":"2025-12-04T15:29:21.844745Z","level":"info","event":"{'name': 'Coldplay', 'id': '4gzpq5DPGxSnKTe4SA8HAU', 'url': 'https://open.spotify.com/artist/4gzpq5DPGxSnKTe4SA8HAU'}","chan":"stdout","logger":"task"}
{"timestamp":"2025-12-04T15:29:21.845559Z","level":"info","event":"https://musicbrainz.org/ws/2/url?resource=https://open.spotify.com/artist/4gzpq5DPGxSnKTe4SA8HAU&inc=artist-rels&fmt=json","chan":"stdout","logger":"task"}
{"timestamp":"2025-12-04T15:29:22.063093Z","level":"info","event":"https://musicbrainz.org/ws/2/artist/cc197bad-dc9c-440d-a5b5-d52ba2e14234?inc=tags&fmt=json","chan":"stdout","logger":"task"}
{"timestamp":"2025-12-04T15:29:23.211477Z","level":"info","event":"{'name': 'Ed Sheeran', 'id': '6eUKZXaKkcviH0Ku9w2n3V', 'url': 'https://open.spotify.com/artist/6eUKZXaKkcviH0Ku9w2n3V'}","chan":"stdout","logger":"task"}
{"timestamp":"2025-12-04T15:29:23.211989Z","level":"info","event":"https://musicbrainz.org/ws/2/url?resource=https://open.spotify.com/artist/6eUKZXaKkcviH0Ku9w2n3V&inc=artist-rels&fmt=json","chan":"stdout","logger":"task"}
{"timestamp":"2025-12-04T15:29:23.373407Z","level":"info","event":"https://musicbrainz.org/ws/2/artist/b8a7c51f-362c-4dcb-a259-bc6e0095f0a6?inc=tags&fmt=json","chan":"stdout","logger":"task"}
{"timestamp":"2025-12-04T15:29:24.562412Z","level":"info","event":"{'name': 'Parker McCollum', 'id': '0Z8XVUAOBPM4x12wKnFHEQ', 'url': 'https://open.spotify.com/artist/0Z8XVUAOBPM4x12wKnFHEQ'}","chan":"stdout","logger":"task"}
{"timestamp":"2025-12-04T15:29:24.566737Z","level":"info","event":"https://musicbrainz.org/ws/2/url?resource=https://open.spotify.com/artist/0Z8XVUAOBPM4x12wKnFHEQ&inc=artist-rels&fmt=json","chan":"stdout","logger":"task"}
{"timestamp":"2025-12-04T15:29:24.736576Z","level":"info","event":"https://musicbrainz.org/ws/2/artist/ba67b7da-cca7-4c3f-ba19-05349f0f7d97?inc=tags&fmt=json","chan":"stdout","logger":"task"}
{"timestamp":"2025-12-04T15:29:25.972465Z","level":"info","event":"{'name': 'Joji', 'id': '3MZsBdqDrRTJihTHQrO6Dq', 'url': 'https://open.spotify.com/artist/3MZsBdqDrRTJihTHQrO6Dq'}","chan":"stdout","logger":"task"}
{"timestamp":"2025-12-04T15:29:25.974690Z","level":"info","event":"https://musicbrainz.org/ws/2/url?resource=https://open.spotify.com/artist/3MZsBdqDrRTJihTHQrO6Dq&inc=artist-rels&fmt=json","chan":"stdout","logger":"task"}
{"timestamp":"2025-12-04T15:29:26.154476Z","level":"info","event":"https://musicbrainz.org/ws/2/artist/8264722b-df00-467a-858e-5c97cda169c9?inc=tags&fmt=json","chan":"stdout","logger":"task"}
{"timestamp":"2025-12-04T15:29:27.395766Z","level":"info","event":"{'name': 'Jason Aldean', 'id': '3FfvYsEGaIb52QPXhg4DcH', 'url': 'https://open.spotify.com/artist/3FfvYsEGaIb52QPXhg4DcH'}","chan":"stdout","logger":"task"}
{"timestamp":"2025-12-04T15:29:27.401092Z","level":"info","event":"https://musicbrainz.org/ws/2/url?resource=https://open.spotify.com/artist/3FfvYsEGaIb52QPXhg4DcH&inc=artist-rels&fmt=json","chan":"stdout","logger":"task"}
{"timestamp":"2025-12-04T15:29:27.659995Z","level":"info","event":"https://musicbrainz.org/ws/2/artist/f24df11a-7e35-4979-a4db-a3b2a170ce27?inc=tags&fmt=json","chan":"stdout","logger":"task"}
{"timestamp":"2025-12-04T15:29:28.940314Z","level":"info","event":"{'name': 'ROSALÍA', 'id': '7ltDVBr6mKbRvohxheJ9h1', 'url': 'https://open.spotify.com/artist/7ltDVBr6mKbRvohxheJ9h1'}","chan":"stdout","logger":"task"}
{"timestamp":"2025-12-04T15:29:28.942636Z","level":"info","event":"https://musicbrainz.org/ws/2/url?resource=https://open.spotify.com/artist/7ltDVBr6mKbRvohxheJ9h1&inc=artist-rels&fmt=json","chan":"stdout","logger":"task"}
{"timestamp":"2025-12-04T15:29:29.106114Z","level":"info","event":"https://musicbrainz.org/ws/2/artist/25f3abd9-63b5-471a-bd25-feb9672dfa11?inc=tags&fmt=json","chan":"stdout","logger":"task"}
{"timestamp":"2025-12-04T15:29:30.691281Z","level":"info","event":"{'name': 'Yahritza Y Su Esencia', 'id': '51ZSh80McCt7vbqHouzW0A', 'url': 'https://open.spotify.com/artist/51ZSh80McCt7vbqHouzW0A'}","chan":"stdout","logger":"task"}
{"timestamp":"2025-12-04T15:29:30.695765Z","level":"info","event":"https://musicbrainz.org/ws/2/url?resource=https://open.spotify.com/artist/51ZSh80McCt7vbqHouzW0A&inc=artist-rels&fmt=json","chan":"stdout","logger":"task"}
{"timestamp":"2025-12-04T15:29:30.855121Z","level":"info","event":"https://musicbrainz.org/ws/2/artist/8d953b16-01b8-4901-8986-6203cac5d16c?inc=tags&fmt=json","chan":"stdout","logger":"task"}
{"timestamp":"2025-12-04T15:29:32.122873Z","level":"info","event":"{'name': 'Jelly Roll', 'id': '19k8AgwwTSxeaxkOuCQEJs', 'url': 'https://open.spotify.com/artist/19k8AgwwTSxeaxkOuCQEJs'}","chan":"stdout","logger":"task"}
{"timestamp":"2025-12-04T15:29:32.125219Z","level":"info","event":"https://musicbrainz.org/ws/2/url?resource=https://open.spotify.com/artist/19k8AgwwTSxeaxkOuCQEJs&inc=artist-rels&fmt=json","chan":"stdout","logger":"task"}
{"timestamp":"2025-12-04T15:29:32.282954Z","level":"info","event":"https://musicbrainz.org/ws/2/artist/ab5a7a60-1b71-4e5b-b622-e0ae2ce84c32?inc=tags&fmt=json","chan":"stdout","logger":"task"}
{"timestamp":"2025-12-04T15:29:33.566072Z","level":"info","event":"{'name': 'Shaboozey', 'id': '3y2cIKLjiOlp1Np37WiUdH', 'url': 'https://open.spotify.com/artist/3y2cIKLjiOlp1Np37WiUdH'}","chan":"stdout","logger":"task"}
{"timestamp":"2025-12-04T15:29:33.567146Z","level":"info","event":"https://musicbrainz.org/ws/2/url?resource=https://open.spotify.com/artist/3y2cIKLjiOlp1Np37WiUdH&inc=artist-rels&fmt=json","chan":"stdout","logger":"task"}
{"timestamp":"2025-12-04T15:29:33.722315Z","level":"info","event":"https://musicbrainz.org/ws/2/artist/0b427dad-1ee5-48f1-aa4b-026680a3338e?inc=tags&fmt=json","chan":"stdout","logger":"task"}
{"timestamp":"2025-12-04T15:29:34.879047Z","level":"info","event":"{'name': 'Mellow Rackz', 'id': '3celDTSIsfH8ks4YQ68B5w', 'url': 'https://open.spotify.com/artist/3celDTSIsfH8ks4YQ68B5w'}","chan":"stdout","logger":"task"}
{"timestamp":"2025-12-04T15:29:34.880755Z","level":"info","event":"https://musicbrainz.org/ws/2/url?resource=https://open.spotify.com/artist/3celDTSIsfH8ks4YQ68B5w&inc=artist-rels&fmt=json","chan":"stdout","logger":"task"}
{"timestamp":"2025-12-04T15:29:35.127133Z","level":"info","event":"https://musicbrainz.org/ws/2/artist/f7504e7c-75e2-45e5-9c4a-f0c3e04fbd32?inc=tags&fmt=json","chan":"stdout","logger":"task"}
{"timestamp":"2025-12-04T15:29:36.296535Z","level":"info","event":"{'name': 'The Marías', 'id': '2sSGPbdZJkaSE2AbcGOACx', 'url': 'https://open.spotify.com/artist/2sSGPbdZJkaSE2AbcGOACx'}","chan":"stdout","logger":"task"}
{"timestamp":"2025-12-04T15:29:36.306363Z","level":"info","event":"https://musicbrainz.org/ws/2/url?resource=https://open.spotify.com/artist/2sSGPbdZJkaSE2AbcGOACx&inc=artist-rels&fmt=json","chan":"stdout","logger":"task"}
{"timestamp":"2025-12-04T15:29:36.533454Z","level":"info","event":"https://musicbrainz.org/ws/2/artist/7a3970c9-ecd8-4eee-a267-4d8c77d97ff3?inc=tags&fmt=json","chan":"stdout","logger":"task"}
{"timestamp":"2025-12-04T15:29:37.695135Z","level":"info","event":"{'name': 'TWICE', 'id': '7n2Ycct7Beij7Dj7meI4X0', 'url': 'https://open.spotify.com/artist/7n2Ycct7Beij7Dj7meI4X0'}","chan":"stdout","logger":"task"}
{"timestamp":"2025-12-04T15:29:37.701590Z","level":"info","event":"https://musicbrainz.org/ws/2/url?resource=https://open.spotify.com/artist/7n2Ycct7Beij7Dj7meI4X0&inc=artist-rels&fmt=json","chan":"stdout","logger":"task"}
{"timestamp":"2025-12-04T15:29:37.896811Z","level":"info","event":"https://musicbrainz.org/ws/2/artist/8da127cc-c432-418f-b356-ef36210d82ac?inc=tags&fmt=json","chan":"stdout","logger":"task"}
{"timestamp":"2025-12-04T15:29:39.087265Z","level":"info","event":"{'name': 'HARDY', 'id': '5QNm7E7RU2m64l6Gliu8Oy', 'url': 'https://open.spotify.com/artist/5QNm7E7RU2m64l6Gliu8Oy'}","chan":"stdout","logger":"task"}
{"timestamp":"2025-12-04T15:29:39.091654Z","level":"info","event":"https://musicbrainz.org/ws/2/url?resource=https://open.spotify.com/artist/5QNm7E7RU2m64l6Gliu8Oy&inc=artist-rels&fmt=json","chan":"stdout","logger":"task"}
{"timestamp":"2025-12-04T15:29:39.354320Z","level":"info","event":"https://musicbrainz.org/ws/2/artist/f4fe9be1-8e34-47c8-bf16-33d1a94a235b?inc=tags&fmt=json","chan":"stdout","logger":"task"}
{"timestamp":"2025-12-04T15:29:40.510292Z","level":"info","event":"{'name': 'emmanuellcortess_', 'id': '7hDt3OE2ubsKzO9rMYPXox', 'url': 'https://open.spotify.com/artist/7hDt3OE2ubsKzO9rMYPXox'}","chan":"stdout","logger":"task"}
{"timestamp":"2025-12-04T15:29:40.511486Z","level":"info","event":"https://musicbrainz.org/ws/2/url?resource=https://open.spotify.com/artist/7hDt3OE2ubsKzO9rMYPXox&inc=artist-rels&fmt=json","chan":"stdout","logger":"task"}
{"timestamp":"2025-12-04T15:29:40.756506Z","level":"info","event":"https://musicbrainz.org/ws/2/artist/2074c77f-f3d2-440f-a32c-35a62ae851a9?inc=tags&fmt=json","chan":"stdout","logger":"task"}
{"timestamp":"2025-12-04T15:29:41.942626Z","level":"info","event":"{'name': 'Radiohead', 'id': '4Z8W4fKeB5YxbusRsdQVPb', 'url': 'https://open.spotify.com/artist/4Z8W4fKeB5YxbusRsdQVPb'}","chan":"stdout","logger":"task"}
{"timestamp":"2025-12-04T15:29:41.948869Z","level":"info","event":"https://musicbrainz.org/ws/2/url?resource=https://open.spotify.com/artist/4Z8W4fKeB5YxbusRsdQVPb&inc=artist-rels&fmt=json","chan":"stdout","logger":"task"}
{"timestamp":"2025-12-04T15:29:42.102087Z","level":"info","event":"https://musicbrainz.org/ws/2/artist/a74b1b7f-71a5-4011-9441-d0b5e4122711?inc=tags&fmt=json","chan":"stdout","logger":"task"}
{"timestamp":"2025-12-04T15:29:43.262958Z","level":"info","event":"{'name': 'Tucker Wetmore', 'id': '4sCKpwwEsgReZxjtKFm2A0', 'url': 'https://open.spotify.com/artist/4sCKpwwEsgReZxjtKFm2A0'}","chan":"stdout","logger":"task"}
{"timestamp":"2025-12-04T15:29:43.263391Z","level":"info","event":"https://musicbrainz.org/ws/2/url?resource=https://open.spotify.com/artist/4sCKpwwEsgReZxjtKFm2A0&inc=artist-rels&fmt=json","chan":"stdout","logger":"task"}
{"timestamp":"2025-12-04T15:29:43.463208Z","level":"info","event":"https://musicbrainz.org/ws/2/artist/bac63106-16c3-4a31-80a4-d269ec27ab96?inc=tags&fmt=json","chan":"stdout","logger":"task"}
{"timestamp":"2025-12-04T15:29:44.617365Z","level":"info","event":"{'name': 'Yeat', 'id': '3qiHUAX7zY4Qnjx8TNUzVx', 'url': 'https://open.spotify.com/artist/3qiHUAX7zY4Qnjx8TNUzVx'}","chan":"stdout","logger":"task"}
{"timestamp":"2025-12-04T15:29:44.618488Z","level":"info","event":"https://musicbrainz.org/ws/2/url?resource=https://open.spotify.com/artist/3qiHUAX7zY4Qnjx8TNUzVx&inc=artist-rels&fmt=json","chan":"stdout","logger":"task"}
{"timestamp":"2025-12-04T15:29:44.810448Z","level":"info","event":"https://musicbrainz.org/ws/2/artist/9e6a6a2f-f696-4cc0-87f1-e4f712e46802?inc=tags&fmt=json","chan":"stdout","logger":"task"}
{"timestamp":"2025-12-04T15:29:46.448734Z","level":"info","event":"{'name': 'Post Malone', 'id': '246dkjvS1zLTtiykXe5h60', 'url': 'https://open.spotify.com/artist/246dkjvS1zLTtiykXe5h60'}","chan":"stdout","logger":"task"}
{"timestamp":"2025-12-04T15:29:46.449844Z","level":"info","event":"https://musicbrainz.org/ws/2/url?resource=https://open.spotify.com/artist/246dkjvS1zLTtiykXe5h60&inc=artist-rels&fmt=json","chan":"stdout","logger":"task"}
{"timestamp":"2025-12-04T15:29:46.610750Z","level":"info","event":"https://musicbrainz.org/ws/2/artist/b1e26560-60e5-4236-bbdb-9aa5a8d5ee19?inc=tags&fmt=json","chan":"stdout","logger":"task"}
{"timestamp":"2025-12-04T15:29:47.863068Z","level":"info","event":"{'name': 'Loe Shimmy', 'id': '6UIpxj5ggLdOebFVCOxVax', 'url': 'https://open.spotify.com/artist/6UIpxj5ggLdOebFVCOxVax'}","chan":"stdout","logger":"task"}
{"timestamp":"2025-12-04T15:29:47.864610Z","level":"info","event":"https://musicbrainz.org/ws/2/url?resource=https://open.spotify.com/artist/6UIpxj5ggLdOebFVCOxVax&inc=artist-rels&fmt=json","chan":"stdout","logger":"task"}
{"timestamp":"2025-12-04T15:29:48.047939Z","level":"info","event":"https://musicbrainz.org/ws/2/artist/ed411d15-00f4-4e56-b264-94e0d2f64ffe?inc=tags&fmt=json","chan":"stdout","logger":"task"}
{"timestamp":"2025-12-04T15:29:49.208167Z","level":"info","event":"{'name': 'Don Toliver', 'id': '4Gso3d4CscCijv0lmajZWs', 'url': 'https://open.spotify.com/artist/4Gso3d4CscCijv0lmajZWs'}","chan":"stdout","logger":"task"}
{"timestamp":"2025-12-04T15:29:49.213796Z","level":"info","event":"https://musicbrainz.org/ws/2/url?resource=https://open.spotify.com/artist/4Gso3d4CscCijv0lmajZWs&inc=artist-rels&fmt=json","chan":"stdout","logger":"task"}
{"timestamp":"2025-12-04T15:29:49.395756Z","level":"info","event":"https://musicbrainz.org/ws/2/artist/a0723a3c-4135-438e-85c5-012712144ede?inc=tags&fmt=json","chan":"stdout","logger":"task"}
{"timestamp":"2025-12-04T15:29:50.570936Z","level":"info","event":"Fetching audio details for 100 songs...","chan":"stdout","logger":"task"}
{"timestamp":"2025-12-04T15:29:50.573840Z","level":"info","event":"  Fetching batch 1/3 (40 songs)...","chan":"stdout","logger":"task"}
{"timestamp":"2025-12-04T15:29:51.870317Z","level":"info","event":"  Retrieved 38 song details","chan":"stdout","logger":"task"}
{"timestamp":"2025-12-04T15:29:53.874775Z","level":"info","event":"  Fetching batch 2/3 (40 songs)...","chan":"stdout","logger":"task"}
{"timestamp":"2025-12-04T15:29:54.872346Z","level":"info","event":"  Retrieved 35 song details","chan":"stdout","logger":"task"}
{"timestamp":"2025-12-04T15:29:56.883493Z","level":"info","event":"  Fetching batch 3/3 (20 songs)...","chan":"stdout","logger":"task"}
{"timestamp":"2025-12-04T15:29:57.378437Z","level":"info","event":"  Retrieved 17 song details","chan":"stdout","logger":"task"}
{"timestamp":"2025-12-04T15:29:57.379423Z","level":"info","event":"Fetching audio analysis for 90 songs...","chan":"stdout","logger":"task"}
{"timestamp":"2025-12-04T15:30:08.651601Z","level":"info","event":"  Processing audio analysis 10/90...","chan":"stdout","logger":"task"}
{"timestamp":"2025-12-04T15:30:22.612472Z","level":"info","event":"  Processing audio analysis 20/90...","chan":"stdout","logger":"task"}
{"timestamp":"2025-12-04T15:30:34.089586Z","level":"info","event":"  Processing audio analysis 30/90...","chan":"stdout","logger":"task"}
{"timestamp":"2025-12-04T15:30:45.242137Z","level":"info","event":"  Processing audio analysis 40/90...","chan":"stdout","logger":"task"}
{"timestamp":"2025-12-04T15:30:56.079065Z","level":"info","event":"  Processing audio analysis 50/90...","chan":"stdout","logger":"task"}
{"timestamp":"2025-12-04T15:31:06.960754Z","level":"info","event":"  Processing audio analysis 60/90...","chan":"stdout","logger":"task"}
{"timestamp":"2025-12-04T15:31:16.760638Z","level":"info","event":"  Processing audio analysis 70/90...","chan":"stdout","logger":"task"}
{"timestamp":"2025-12-04T15:31:27.285799Z","level":"info","event":"  Processing audio analysis 80/90...","chan":"stdout","logger":"task"}
{"timestamp":"2025-12-04T15:31:39.215383Z","level":"info","event":"  Processing audio analysis 90/90...","chan":"stdout","logger":"task"}
{"timestamp":"2025-12-04T15:31:40.044662Z","level":"info","event":"Completed fetching audio details for 90 songs","chan":"stdout","logger":"task"}
{"timestamp":"2025-12-04T15:31:40.190514Z","level":"info","event":"DEBUG: DATABASE_URL value: postgresql+psycopg2:****@postgres/music_warehouse","chan":"stdout","logger":"task"}
{"timestamp":"2025-12-04T15:31:40.222488Z","level":"info","event":"TYPE OF ENGINE: <class 'sqlalchemy.engine.base.Engine'>","chan":"stdout","logger":"task"}
{"timestamp":"2025-12-04T15:31:40.222743Z","level":"info","event":"ENGINE DIR: ['__class__', '__delattr__', '__dict__', '__dir__', '__doc__', '__eq__', '__format__', '__ge__', '__getattribute__', '__getstate__', '__gt__', '__hash__', '__init__', '__init_subclass__', '__le__', '__lt__', '__module__', '__ne__', '__new__', '__reduce__', '__reduce_ex__', '__repr__', '__setattr__', '__sizeof__', '__str__', '__subclasshook__', '__weakref__', '_compiled_cache', '_connection_cls', '_echo', '_execute_clauseelement', '_execute_compiled', '_execute_default', '_execution_options', '_has_events', '_is_future', '_lru_size_alert', '_option_cls', '_optional_conn_ctx_manager', '_run_ddl_visitor', '_run_visitor', '_schema_translate_map', '_should_log_debug', '_should_log_info', '_sqla_logger_namespace', '_trans_ctx', '_wrap_pool_connect', 'begin', 'clear_compiled_cache', 'connect', 'dialect', 'dispatch', 'dispose', 'driver', 'echo', 'engine', 'execute', 'execution_options', 'get_execution_options', 'has_table', 'hide_parameters', 'logger', 'logging_name', 'name', 'pool', 'raw_connection', 'run_callable', 'scalar', 'table_names', 'transaction', 'update_execution_options', 'url']","chan":"stdout","logger":"task"}
{"timestamp":"2025-12-04T15:31:40.222925Z","level":"info","event":"IS SQLALCHEMY ENGINE: True","chan":"stdout","logger":"task"}
{"timestamp":"2025-12-04T15:31:40.271430Z","level":"info","event":"Database connection successful","chan":"stdout","logger":"task"}
{"timestamp":"2025-12-04T15:31:40.271632Z","level":"info","event":"Loading chart_weeks (1 rows)...","chan":"stdout","logger":"task"}
{"timestamp":"2025-12-04T15:31:40.369876Z","level":"info","event":"  Successfully loaded 1 rows into chart_weeks","chan":"stdout","logger":"task"}
{"timestamp":"2025-12-04T15:31:40.416930Z","level":"info","event":"  Exported CSV to data_exports/chart_weeks.csv","chan":"stdout","logger":"task"}
{"timestamp":"2025-12-04T15:31:40.418420Z","level":"info","event":"Loading songs (99 rows)...","chan":"stdout","logger":"task"}
{"timestamp":"2025-12-04T15:31:40.452472Z","level":"info","event":"  Error loading songs: (psycopg2.errors.NumericValueOutOfRange) numeric field overflow","chan":"stdout","logger":"task"}
{"timestamp":"2025-12-04T15:31:40.456068Z","level":"info","event":"DETAIL:  A field with precision 5, scale 4 must round to an absolute value less than 10^1.","chan":"stdout","logger":"task"}
{"timestamp":"2025-12-04T15:31:40.456261Z","level":"info","event":"","chan":"stdout","logger":"task"}
{"timestamp":"2025-12-04T15:31:40.458269Z","level":"info","event":"[SQL: INSERT INTO songs (song_id, title, duration_ms, popularity, acousticness, danceability, energy, instrumentalness, key, liveness, loudness, mode, speechiness, tempo, valence) VALUES (%(song_id_m0)s, %(title_m0)s, %(duration_ms_m0)s, %(popularity_m0)s, %(acousticness_m0)s, %(danceability_m0)s, %(energy_m0)s, %(instrumentalness_m0)s, %(key_m0)s, %(liveness_m0)s, %(loudness_m0)s, %(mode_m0)s, %(speechiness_m0)s, %(tempo_m0)s, %(valence_m0)s), (%(song_id_m1)s, %(title_m1)s, %(duration_ms_m1)s, %(popularity_m1)s, %(acousticness_m1)s, %(danceability_m1)s, %(energy_m1)s, %(instrumentalness_m1)s, %(key_m1)s, %(liveness_m1)s, %(loudness_m1)s, %(mode_m1)s, %(speechiness_m1)s, %(tempo_m1)s, %(valence_m1)s), (%(song_id_m2)s, %(title_m2)s, %(duration_ms_m2)s, %(popularity_m2)s, %(acousticness_m2)s, %(danceability_m2)s, %(energy_m2)s, %(instrumentalness_m2)s, %(key_m2)s, %(liveness_m2)s, %(loudness_m2)s, %(mode_m2)s, %(speechiness_m2)s, %(tempo_m2)s, %(valence_m2)s), (%(song_id_m3)s, %(title_m3)s, %(duration_ms_m3)s, %(popularity_m3)s, %(acousticness_m3)s, %(danceability_m3)s, %(energy_m3)s, %(instrumentalness_m3)s, %(key_m3)s, %(liveness_m3)s, %(loudness_m3)s, %(mode_m3)s, %(speechiness_m3)s, %(tempo_m3)s, %(valence_m3)s), (%(song_id_m4)s, %(title_m4)s, %(duration_ms_m4)s, %(popularity_m4)s, %(acousticness_m4)s, %(danceability_m4)s, %(energy_m4)s, %(instrumentalness_m4)s, %(key_m4)s, %(liveness_m4)s, %(loudness_m4)s, %(mode_m4)s, %(speechiness_m4)s, %(tempo_m4)s, %(valence_m4)s), (%(song_id_m5)s, %(title_m5)s, %(duration_ms_m5)s, %(popularity_m5)s, %(acousticness_m5)s, %(danceability_m5)s, %(energy_m5)s, %(instrumentalness_m5)s, %(key_m5)s, %(liveness_m5)s, %(loudness_m5)s, %(mode_m5)s, %(speechiness_m5)s, %(tempo_m5)s, %(valence_m5)s), (%(song_id_m6)s, %(title_m6)s, %(duration_ms_m6)s, %(popularity_m6)s, %(acousticness_m6)s, %(danceability_m6)s, %(energy_m6)s, %(instrumentalness_m6)s, %(key_m6)s, %(liveness_m6)s, %(loudness_m6)s, %(mode_m6)s, %(speechiness_m6)s, %(tempo_m6)s, %(valence_m6)s), (%(song_id_m7)s, %(title_m7)s, %(duration_ms_m7)s, %(popularity_m7)s, %(acousticness_m7)s, %(danceability_m7)s, %(energy_m7)s, %(instrumentalness_m7)s, %(key_m7)s, %(liveness_m7)s, %(loudness_m7)s, %(mode_m7)s, %(speechiness_m7)s, %(tempo_m7)s, %(valence_m7)s), (%(song_id_m8)s, %(title_m8)s, %(duration_ms_m8)s, %(popularity_m8)s, %(acousticness_m8)s, %(danceability_m8)s, %(energy_m8)s, %(instrumentalness_m8)s, %(key_m8)s, %(liveness_m8)s, %(loudness_m8)s, %(mode_m8)s, %(speechiness_m8)s, %(tempo_m8)s, %(valence_m8)s), (%(song_id_m9)s, %(title_m9)s, %(duration_ms_m9)s, %(popularity_m9)s, %(acousticness_m9)s, %(danceability_m9)s, %(energy_m9)s, %(instrumentalness_m9)s, %(key_m9)s, %(liveness_m9)s, %(loudness_m9)s, %(mode_m9)s, %(speechiness_m9)s, %(tempo_m9)s, %(valence_m9)s), (%(song_id_m10)s, %(title_m10)s, %(duration_ms_m10)s, %(popularity_m10)s, %(acousticness_m10)s, %(danceability_m10)s, %(energy_m10)s, %(instrumentalness_m10)s, %(key_m10)s, %(liveness_m10)s, %(loudness_m10)s, %(mode_m10)s, %(speechiness_m10)s, %(tempo_m10)s, %(valence_m10)s), (%(song_id_m11)s, %(title_m11)s, %(duration_ms_m11)s, %(popularity_m11)s, %(acousticness_m11)s, %(danceability_m11)s, %(energy_m11)s, %(instrumentalness_m11)s, %(key_m11)s, %(liveness_m11)s, %(loudness_m11)s, %(mode_m11)s, %(speechiness_m11)s, %(tempo_m11)s, %(valence_m11)s), (%(song_id_m12)s, %(title_m12)s, %(duration_ms_m12)s, %(popularity_m12)s, %(acousticness_m12)s, %(danceability_m12)s, %(energy_m12)s, %(instrumentalness_m12)s, %(key_m12)s, %(liveness_m12)s, %(loudness_m12)s, %(mode_m12)s, %(speechiness_m12)s, %(tempo_m12)s, %(valence_m12)s), (%(song_id_m13)s, %(title_m13)s, %(duration_ms_m13)s, %(popularity_m13)s, %(acousticness_m13)s, %(danceability_m13)s, %(energy_m13)s, %(instrumentalness_m13)s, %(key_m13)s, %(liveness_m13)s, %(loudness_m13)s, %(mode_m13)s, %(speechiness_m13)s, %(tempo_m13)s, %(valence_m13)s), (%(song_id_m14)s, %(title_m14)s, %(duration_ms_m14)s, %(popularity_m14)s, %(acousticness_m14)s, %(danceability_m14)s, %(energy_m14)s, %(instrumentalness_m14)s, %(key_m14)s, %(liveness_m14)s, %(loudness_m14)s, %(mode_m14)s, %(speechiness_m14)s, %(tempo_m14)s, %(valence_m14)s), (%(song_id_m15)s, %(title_m15)s, %(duration_ms_m15)s, %(popularity_m15)s, %(acousticness_m15)s, %(danceability_m15)s, %(energy_m15)s, %(instrumentalness_m15)s, %(key_m15)s, %(liveness_m15)s, %(loudness_m15)s, %(mode_m15)s, %(speechiness_m15)s, %(tempo_m15)s, %(valence_m15)s), (%(song_id_m16)s, %(title_m16)s, %(duration_ms_m16)s, %(popularity_m16)s, %(acousticness_m16)s, %(danceability_m16)s, %(energy_m16)s, %(instrumentalness_m16)s, %(key_m16)s, %(liveness_m16)s, %(loudness_m16)s, %(mode_m16)s, %(speechiness_m16)s, %(tempo_m16)s, %(valence_m16)s), (%(song_id_m17)s, %(title_m17)s, %(duration_ms_m17)s, %(popularity_m17)s, %(acousticness_m17)s, %(danceability_m17)s, %(energy_m17)s, %(instrumentalness_m17)s, %(key_m17)s, %(liveness_m17)s, %(loudness_m17)s, %(mode_m17)s, %(speechiness_m17)s, %(tempo_m17)s, %(valence_m17)s), (%(song_id_m18)s, %(title_m18)s, %(duration_ms_m18)s, %(popularity_m18)s, %(acousticness_m18)s, %(danceability_m18)s, %(energy_m18)s, %(instrumentalness_m18)s, %(key_m18)s, %(liveness_m18)s, %(loudness_m18)s, %(mode_m18)s, %(speechiness_m18)s, %(tempo_m18)s, %(valence_m18)s), (%(song_id_m19)s, %(title_m19)s, %(duration_ms_m19)s, %(popularity_m19)s, %(acousticness_m19)s, %(danceability_m19)s, %(energy_m19)s, %(instrumentalness_m19)s, %(key_m19)s, %(liveness_m19)s, %(loudness_m19)s, %(mode_m19)s, %(speechiness_m19)s, %(tempo_m19)s, %(valence_m19)s), (%(song_id_m20)s, %(title_m20)s, %(duration_ms_m20)s, %(popularity_m20)s, %(acousticness_m20)s, %(danceability_m20)s, %(energy_m20)s, %(instrumentalness_m20)s, %(key_m20)s, %(liveness_m20)s, %(loudness_m20)s, %(mode_m20)s, %(speechiness_m20)s, %(tempo_m20)s, %(valence_m20)s), (%(song_id_m21)s, %(title_m21)s, %(duration_ms_m21)s, %(popularity_m21)s, %(acousticness_m21)s, %(danceability_m21)s, %(energy_m21)s, %(instrumentalness_m21)s, %(key_m21)s, %(liveness_m21)s, %(loudness_m21)s, %(mode_m21)s, %(speechiness_m21)s, %(tempo_m21)s, %(valence_m21)s), (%(song_id_m22)s, %(title_m22)s, %(duration_ms_m22)s, %(popularity_m22)s, %(acousticness_m22)s, %(danceability_m22)s, %(energy_m22)s, %(instrumentalness_m22)s, %(key_m22)s, %(liveness_m22)s, %(loudness_m22)s, %(mode_m22)s, %(speechiness_m22)s, %(tempo_m22)s, %(valence_m22)s), (%(song_id_m23)s, %(title_m23)s, %(duration_ms_m23)s, %(popularity_m23)s, %(acousticness_m23)s, %(danceability_m23)s, %(energy_m23)s, %(instrumentalness_m23)s, %(key_m23)s, %(liveness_m23)s, %(loudness_m23)s, %(mode_m23)s, %(speechiness_m23)s, %(tempo_m23)s, %(valence_m23)s), (%(song_id_m24)s, %(title_m24)s, %(duration_ms_m24)s, %(popularity_m24)s, %(acousticness_m24)s, %(danceability_m24)s, %(energy_m24)s, %(instrumentalness_m24)s, %(key_m24)s, %(liveness_m24)s, %(loudness_m24)s, %(mode_m24)s, %(speechiness_m24)s, %(tempo_m24)s, %(valence_m24)s), (%(song_id_m25)s, %(title_m25)s, %(duration_ms_m25)s, %(popularity_m25)s, %(acousticness_m25)s, %(danceability_m25)s, %(energy_m25)s, %(instrumentalness_m25)s, %(key_m25)s, %(liveness_m25)s, %(loudness_m25)s, %(mode_m25)s, %(speechiness_m25)s, %(tempo_m25)s, %(valence_m25)s), (%(song_id_m26)s, %(title_m26)s, %(duration_ms_m26)s, %(popularity_m26)s, %(acousticness_m26)s, %(danceability_m26)s, %(energy_m26)s, %(instrumentalness_m26)s, %(key_m26)s, %(liveness_m26)s, %(loudness_m26)s, %(mode_m26)s, %(speechiness_m26)s, %(tempo_m26)s, %(valence_m26)s), (%(song_id_m27)s, %(title_m27)s, %(duration_ms_m27)s, %(popularity_m27)s, %(acousticness_m27)s, %(danceability_m27)s, %(energy_m27)s, %(instrumentalness_m27)s, %(key_m27)s, %(liveness_m27)s, %(loudness_m27)s, %(mode_m27)s, %(speechiness_m27)s, %(tempo_m27)s, %(valence_m27)s), (%(song_id_m28)s, %(title_m28)s, %(duration_ms_m28)s, %(popularity_m28)s, %(acousticness_m28)s, %(danceability_m28)s, %(energy_m28)s, %(instrumentalness_m28)s, %(key_m28)s, %(liveness_m28)s, %(loudness_m28)s, %(mode_m28)s, %(speechiness_m28)s, %(tempo_m28)s, %(valence_m28)s), (%(song_id_m29)s, %(title_m29)s, %(duration_ms_m29)s, %(popularity_m29)s, %(acousticness_m29)s, %(danceability_m29)s, %(energy_m29)s, %(instrumentalness_m29)s, %(key_m29)s, %(liveness_m29)s, %(loudness_m29)s, %(mode_m29)s, %(speechiness_m29)s, %(tempo_m29)s, %(valence_m29)s), (%(song_id_m30)s, %(title_m30)s, %(duration_ms_m30)s, %(popularity_m30)s, %(acousticness_m30)s, %(danceability_m30)s, %(energy_m30)s, %(instrumentalness_m30)s, %(key_m30)s, %(liveness_m30)s, %(loudness_m30)s, %(mode_m30)s, %(speechiness_m30)s, %(tempo_m30)s, %(valence_m30)s), (%(song_id_m31)s, %(title_m31)s, %(duration_ms_m31)s, %(popularity_m31)s, %(acousticness_m31)s, %(danceability_m31)s, %(energy_m31)s, %(instrumentalness_m31)s, %(key_m31)s, %(liveness_m31)s, %(loudness_m31)s, %(mode_m31)s, %(speechiness_m31)s, %(tempo_m31)s, %(valence_m31)s), (%(song_id_m32)s, %(title_m32)s, %(duration_ms_m32)s, %(popularity_m32)s, %(acousticness_m32)s, %(danceability_m32)s, %(energy_m32)s, %(instrumentalness_m32)s, %(key_m32)s, %(liveness_m32)s, %(loudness_m32)s, %(mode_m32)s, %(speechiness_m32)s, %(tempo_m32)s, %(valence_m32)s), (%(song_id_m33)s, %(title_m33)s, %(duration_ms_m33)s, %(popularity_m33)s, %(acousticness_m33)s, %(danceability_m33)s, %(energy_m33)s, %(instrumentalness_m33)s, %(key_m33)s, %(liveness_m33)s, %(loudness_m33)s, %(mode_m33)s, %(speechiness_m33)s, %(tempo_m33)s, %(valence_m33)s), (%(song_id_m34)s, %(title_m34)s, %(duration_ms_m34)s, %(popularity_m34)s, %(acousticness_m34)s, %(danceability_m34)s, %(energy_m34)s, %(instrumentalness_m34)s, %(key_m34)s, %(liveness_m34)s, %(loudness_m34)s, %(mode_m34)s, %(speechiness_m34)s, %(tempo_m34)s, %(valence_m34)s), (%(song_id_m35)s, %(title_m35)s, %(duration_ms_m35)s, %(popularity_m35)s, %(acousticness_m35)s, %(danceability_m35)s, %(energy_m35)s, %(instrumentalness_m35)s, %(key_m35)s, %(liveness_m35)s, %(loudness_m35)s, %(mode_m35)s, %(speechiness_m35)s, %(tempo_m35)s, %(valence_m35)s), (%(song_id_m36)s, %(title_m36)s, %(duration_ms_m36)s, %(popularity_m36)s, %(acousticness_m36)s, %(danceability_m36)s, %(energy_m36)s, %(instrumentalness_m36)s, %(key_m36)s, %(liveness_m36)s, %(loudness_m36)s, %(mode_m36)s, %(speechiness_m36)s, %(tempo_m36)s, %(valence_m36)s), (%(song_id_m37)s, %(title_m37)s, %(duration_ms_m37)s, %(popularity_m37)s, %(acousticness_m37)s, %(danceability_m37)s, %(energy_m37)s, %(instrumentalness_m37)s, %(key_m37)s, %(liveness_m37)s, %(loudness_m37)s, %(mode_m37)s, %(speechiness_m37)s, %(tempo_m37)s, %(valence_m37)s), (%(song_id_m38)s, %(title_m38)s, %(duration_ms_m38)s, %(popularity_m38)s, %(acousticness_m38)s, %(danceability_m38)s, %(energy_m38)s, %(instrumentalness_m38)s, %(key_m38)s, %(liveness_m38)s, %(loudness_m38)s, %(mode_m38)s, %(speechiness_m38)s, %(tempo_m38)s, %(valence_m38)s), (%(song_id_m39)s, %(title_m39)s, %(duration_ms_m39)s, %(popularity_m39)s, %(acousticness_m39)s, %(danceability_m39)s, %(energy_m39)s, %(instrumentalness_m39)s, %(key_m39)s, %(liveness_m39)s, %(loudness_m39)s, %(mode_m39)s, %(speechiness_m39)s, %(tempo_m39)s, %(valence_m39)s), (%(song_id_m40)s, %(title_m40)s, %(duration_ms_m40)s, %(popularity_m40)s, %(acousticness_m40)s, %(danceability_m40)s, %(energy_m40)s, %(instrumentalness_m40)s, %(key_m40)s, %(liveness_m40)s, %(loudness_m40)s, %(mode_m40)s, %(speechiness_m40)s, %(tempo_m40)s, %(valence_m40)s), (%(song_id_m41)s, %(title_m41)s, %(duration_ms_m41)s, %(popularity_m41)s, %(acousticness_m41)s, %(danceability_m41)s, %(energy_m41)s, %(instrumentalness_m41)s, %(key_m41)s, %(liveness_m41)s, %(loudness_m41)s, %(mode_m41)s, %(speechiness_m41)s, %(tempo_m41)s, %(valence_m41)s), (%(song_id_m42)s, %(title_m42)s, %(duration_ms_m42)s, %(popularity_m42)s, %(acousticness_m42)s, %(danceability_m42)s, %(energy_m42)s, %(instrumentalness_m42)s, %(key_m42)s, %(liveness_m42)s, %(loudness_m42)s, %(mode_m42)s, %(speechiness_m42)s, %(tempo_m42)s, %(valence_m42)s), (%(song_id_m43)s, %(title_m43)s, %(duration_ms_m43)s, %(popularity_m43)s, %(acousticness_m43)s, %(danceability_m43)s, %(energy_m43)s, %(instrumentalness_m43)s, %(key_m43)s, %(liveness_m43)s, %(loudness_m43)s, %(mode_m43)s, %(speechiness_m43)s, %(tempo_m43)s, %(valence_m43)s), (%(song_id_m44)s, %(title_m44)s, %(duration_ms_m44)s, %(popularity_m44)s, %(acousticness_m44)s, %(danceability_m44)s, %(energy_m44)s, %(instrumentalness_m44)s, %(key_m44)s, %(liveness_m44)s, %(loudness_m44)s, %(mode_m44)s, %(speechiness_m44)s, %(tempo_m44)s, %(valence_m44)s), (%(song_id_m45)s, %(title_m45)s, %(duration_ms_m45)s, %(popularity_m45)s, %(acousticness_m45)s, %(danceability_m45)s, %(energy_m45)s, %(instrumentalness_m45)s, %(key_m45)s, %(liveness_m45)s, %(loudness_m45)s, %(mode_m45)s, %(speechiness_m45)s, %(tempo_m45)s, %(valence_m45)s), (%(song_id_m46)s, %(title_m46)s, %(duration_ms_m46)s, %(popularity_m46)s, %(acousticness_m46)s, %(danceability_m46)s, %(energy_m46)s, %(instrumentalness_m46)s, %(key_m46)s, %(liveness_m46)s, %(loudness_m46)s, %(mode_m46)s, %(speechiness_m46)s, %(tempo_m46)s, %(valence_m46)s), (%(song_id_m47)s, %(title_m47)s, %(duration_ms_m47)s, %(popularity_m47)s, %(acousticness_m47)s, %(danceability_m47)s, %(energy_m47)s, %(instrumentalness_m47)s, %(key_m47)s, %(liveness_m47)s, %(loudness_m47)s, %(mode_m47)s, %(speechiness_m47)s, %(tempo_m47)s, %(valence_m47)s), (%(song_id_m48)s, %(title_m48)s, %(duration_ms_m48)s, %(popularity_m48)s, %(acousticness_m48)s, %(danceability_m48)s, %(energy_m48)s, %(instrumentalness_m48)s, %(key_m48)s, %(liveness_m48)s, %(loudness_m48)s, %(mode_m48)s, %(speechiness_m48)s, %(tempo_m48)s, %(valence_m48)s), (%(song_id_m49)s, %(title_m49)s, %(duration_ms_m49)s, %(popularity_m49)s, %(acousticness_m49)s, %(danceability_m49)s, %(energy_m49)s, %(instrumentalness_m49)s, %(key_m49)s, %(liveness_m49)s, %(loudness_m49)s, %(mode_m49)s, %(speechiness_m49)s, %(tempo_m49)s, %(valence_m49)s), (%(song_id_m50)s, %(title_m50)s, %(duration_ms_m50)s, %(popularity_m50)s, %(acousticness_m50)s, %(danceability_m50)s, %(energy_m50)s, %(instrumentalness_m50)s, %(key_m50)s, %(liveness_m50)s, %(loudness_m50)s, %(mode_m50)s, %(speechiness_m50)s, %(tempo_m50)s, %(valence_m50)s), (%(song_id_m51)s, %(title_m51)s, %(duration_ms_m51)s, %(popularity_m51)s, %(acousticness_m51)s, %(danceability_m51)s, %(energy_m51)s, %(instrumentalness_m51)s, %(key_m51)s, %(liveness_m51)s, %(loudness_m51)s, %(mode_m51)s, %(speechiness_m51)s, %(tempo_m51)s, %(valence_m51)s), (%(song_id_m52)s, %(title_m52)s, %(duration_ms_m52)s, %(popularity_m52)s, %(acousticness_m52)s, %(danceability_m52)s, %(energy_m52)s, %(instrumentalness_m52)s, %(key_m52)s, %(liveness_m52)s, %(loudness_m52)s, %(mode_m52)s, %(speechiness_m52)s, %(tempo_m52)s, %(valence_m52)s), (%(song_id_m53)s, %(title_m53)s, %(duration_ms_m53)s, %(popularity_m53)s, %(acousticness_m53)s, %(danceability_m53)s, %(energy_m53)s, %(instrumentalness_m53)s, %(key_m53)s, %(liveness_m53)s, %(loudness_m53)s, %(mode_m53)s, %(speechiness_m53)s, %(tempo_m53)s, %(valence_m53)s), (%(song_id_m54)s, %(title_m54)s, %(duration_ms_m54)s, %(popularity_m54)s, %(acousticness_m54)s, %(danceability_m54)s, %(energy_m54)s, %(instrumentalness_m54)s, %(key_m54)s, %(liveness_m54)s, %(loudness_m54)s, %(mode_m54)s, %(speechiness_m54)s, %(tempo_m54)s, %(valence_m54)s), (%(song_id_m55)s, %(title_m55)s, %(duration_ms_m55)s, %(popularity_m55)s, %(acousticness_m55)s, %(danceability_m55)s, %(energy_m55)s, %(instrumentalness_m55)s, %(key_m55)s, %(liveness_m55)s, %(loudness_m55)s, %(mode_m55)s, %(speechiness_m55)s, %(tempo_m55)s, %(valence_m55)s), (%(song_id_m56)s, %(title_m56)s, %(duration_ms_m56)s, %(popularity_m56)s, %(acousticness_m56)s, %(danceability_m56)s, %(energy_m56)s, %(instrumentalness_m56)s, %(key_m56)s, %(liveness_m56)s, %(loudness_m56)s, %(mode_m56)s, %(speechiness_m56)s, %(tempo_m56)s, %(valence_m56)s), (%(song_id_m57)s, %(title_m57)s, %(duration_ms_m57)s, %(popularity_m57)s, %(acousticness_m57)s, %(danceability_m57)s, %(energy_m57)s, %(instrumentalness_m57)s, %(key_m57)s, %(liveness_m57)s, %(loudness_m57)s, %(mode_m57)s, %(speechiness_m57)s, %(tempo_m57)s, %(valence_m57)s), (%(song_id_m58)s, %(title_m58)s, %(duration_ms_m58)s, %(popularity_m58)s, %(acousticness_m58)s, %(danceability_m58)s, %(energy_m58)s, %(instrumentalness_m58)s, %(key_m58)s, %(liveness_m58)s, %(loudness_m58)s, %(mode_m58)s, %(speechiness_m58)s, %(tempo_m58)s, %(valence_m58)s), (%(song_id_m59)s, %(title_m59)s, %(duration_ms_m59)s, %(popularity_m59)s, %(acousticness_m59)s, %(danceability_m59)s, %(energy_m59)s, %(instrumentalness_m59)s, %(key_m59)s, %(liveness_m59)s, %(loudness_m59)s, %(mode_m59)s, %(speechiness_m59)s, %(tempo_m59)s, %(valence_m59)s), (%(song_id_m60)s, %(title_m60)s, %(duration_ms_m60)s, %(popularity_m60)s, %(acousticness_m60)s, %(danceability_m60)s, %(energy_m60)s, %(instrumentalness_m60)s, %(key_m60)s, %(liveness_m60)s, %(loudness_m60)s, %(mode_m60)s, %(speechiness_m60)s, %(tempo_m60)s, %(valence_m60)s), (%(song_id_m61)s, %(title_m61)s, %(duration_ms_m61)s, %(popularity_m61)s, %(acousticness_m61)s, %(danceability_m61)s, %(energy_m61)s, %(instrumentalness_m61)s, %(key_m61)s, %(liveness_m61)s, %(loudness_m61)s, %(mode_m61)s, %(speechiness_m61)s, %(tempo_m61)s, %(valence_m61)s), (%(song_id_m62)s, %(title_m62)s, %(duration_ms_m62)s, %(popularity_m62)s, %(acousticness_m62)s, %(danceability_m62)s, %(energy_m62)s, %(instrumentalness_m62)s, %(key_m62)s, %(liveness_m62)s, %(loudness_m62)s, %(mode_m62)s, %(speechiness_m62)s, %(tempo_m62)s, %(valence_m62)s), (%(song_id_m63)s, %(title_m63)s, %(duration_ms_m63)s, %(popularity_m63)s, %(acousticness_m63)s, %(danceability_m63)s, %(energy_m63)s, %(instrumentalness_m63)s, %(key_m63)s, %(liveness_m63)s, %(loudness_m63)s, %(mode_m63)s, %(speechiness_m63)s, %(tempo_m63)s, %(valence_m63)s), (%(song_id_m64)s, %(title_m64)s, %(duration_ms_m64)s, %(popularity_m64)s, %(acousticness_m64)s, %(danceability_m64)s, %(energy_m64)s, %(instrumentalness_m64)s, %(key_m64)s, %(liveness_m64)s, %(loudness_m64)s, %(mode_m64)s, %(speechiness_m64)s, %(tempo_m64)s, %(valence_m64)s), (%(song_id_m65)s, %(title_m65)s, %(duration_ms_m65)s, %(popularity_m65)s, %(acousticness_m65)s, %(danceability_m65)s, %(energy_m65)s, %(instrumentalness_m65)s, %(key_m65)s, %(liveness_m65)s, %(loudness_m65)s, %(mode_m65)s, %(speechiness_m65)s, %(tempo_m65)s, %(valence_m65)s), (%(song_id_m66)s, %(title_m66)s, %(duration_ms_m66)s, %(popularity_m66)s, %(acousticness_m66)s, %(danceability_m66)s, %(energy_m66)s, %(instrumentalness_m66)s, %(key_m66)s, %(liveness_m66)s, %(loudness_m66)s, %(mode_m66)s, %(speechiness_m66)s, %(tempo_m66)s, %(valence_m66)s), (%(song_id_m67)s, %(title_m67)s, %(duration_ms_m67)s, %(popularity_m67)s, %(acousticness_m67)s, %(danceability_m67)s, %(energy_m67)s, %(instrumentalness_m67)s, %(key_m67)s, %(liveness_m67)s, %(loudness_m67)s, %(mode_m67)s, %(speechiness_m67)s, %(tempo_m67)s, %(valence_m67)s), (%(song_id_m68)s, %(title_m68)s, %(duration_ms_m68)s, %(popularity_m68)s, %(acousticness_m68)s, %(danceability_m68)s, %(energy_m68)s, %(instrumentalness_m68)s, %(key_m68)s, %(liveness_m68)s, %(loudness_m68)s, %(mode_m68)s, %(speechiness_m68)s, %(tempo_m68)s, %(valence_m68)s), (%(song_id_m69)s, %(title_m69)s, %(duration_ms_m69)s, %(popularity_m69)s, %(acousticness_m69)s, %(danceability_m69)s, %(energy_m69)s, %(instrumentalness_m69)s, %(key_m69)s, %(liveness_m69)s, %(loudness_m69)s, %(mode_m69)s, %(speechiness_m69)s, %(tempo_m69)s, %(valence_m69)s), (%(song_id_m70)s, %(title_m70)s, %(duration_ms_m70)s, %(popularity_m70)s, %(acousticness_m70)s, %(danceability_m70)s, %(energy_m70)s, %(instrumentalness_m70)s, %(key_m70)s, %(liveness_m70)s, %(loudness_m70)s, %(mode_m70)s, %(speechiness_m70)s, %(tempo_m70)s, %(valence_m70)s), (%(song_id_m71)s, %(title_m71)s, %(duration_ms_m71)s, %(popularity_m71)s, %(acousticness_m71)s, %(danceability_m71)s, %(energy_m71)s, %(instrumentalness_m71)s, %(key_m71)s, %(liveness_m71)s, %(loudness_m71)s, %(mode_m71)s, %(speechiness_m71)s, %(tempo_m71)s, %(valence_m71)s), (%(song_id_m72)s, %(title_m72)s, %(duration_ms_m72)s, %(popularity_m72)s, %(acousticness_m72)s, %(danceability_m72)s, %(energy_m72)s, %(instrumentalness_m72)s, %(key_m72)s, %(liveness_m72)s, %(loudness_m72)s, %(mode_m72)s, %(speechiness_m72)s, %(tempo_m72)s, %(valence_m72)s), (%(song_id_m73)s, %(title_m73)s, %(duration_ms_m73)s, %(popularity_m73)s, %(acousticness_m73)s, %(danceability_m73)s, %(energy_m73)s, %(instrumentalness_m73)s, %(key_m73)s, %(liveness_m73)s, %(loudness_m73)s, %(mode_m73)s, %(speechiness_m73)s, %(tempo_m73)s, %(valence_m73)s), (%(song_id_m74)s, %(title_m74)s, %(duration_ms_m74)s, %(popularity_m74)s, %(acousticness_m74)s, %(danceability_m74)s, %(energy_m74)s, %(instrumentalness_m74)s, %(key_m74)s, %(liveness_m74)s, %(loudness_m74)s, %(mode_m74)s, %(speechiness_m74)s, %(tempo_m74)s, %(valence_m74)s), (%(song_id_m75)s, %(title_m75)s, %(duration_ms_m75)s, %(popularity_m75)s, %(acousticness_m75)s, %(danceability_m75)s, %(energy_m75)s, %(instrumentalness_m75)s, %(key_m75)s, %(liveness_m75)s, %(loudness_m75)s, %(mode_m75)s, %(speechiness_m75)s, %(tempo_m75)s, %(valence_m75)s), (%(song_id_m76)s, %(title_m76)s, %(duration_ms_m76)s, %(popularity_m76)s, %(acousticness_m76)s, %(danceability_m76)s, %(energy_m76)s, %(instrumentalness_m76)s, %(key_m76)s, %(liveness_m76)s, %(loudness_m76)s, %(mode_m76)s, %(speechiness_m76)s, %(tempo_m76)s, %(valence_m76)s), (%(song_id_m77)s, %(title_m77)s, %(duration_ms_m77)s, %(popularity_m77)s, %(acousticness_m77)s, %(danceability_m77)s, %(energy_m77)s, %(instrumentalness_m77)s, %(key_m77)s, %(liveness_m77)s, %(loudness_m77)s, %(mode_m77)s, %(speechiness_m77)s, %(tempo_m77)s, %(valence_m77)s), (%(song_id_m78)s, %(title_m78)s, %(duration_ms_m78)s, %(popularity_m78)s, %(acousticness_m78)s, %(danceability_m78)s, %(energy_m78)s, %(instrumentalness_m78)s, %(key_m78)s, %(liveness_m78)s, %(loudness_m78)s, %(mode_m78)s, %(speechiness_m78)s, %(tempo_m78)s, %(valence_m78)s), (%(song_id_m79)s, %(title_m79)s, %(duration_ms_m79)s, %(popularity_m79)s, %(acousticness_m79)s, %(danceability_m79)s, %(energy_m79)s, %(instrumentalness_m79)s, %(key_m79)s, %(liveness_m79)s, %(loudness_m79)s, %(mode_m79)s, %(speechiness_m79)s, %(tempo_m79)s, %(valence_m79)s), (%(song_id_m80)s, %(title_m80)s, %(duration_ms_m80)s, %(popularity_m80)s, %(acousticness_m80)s, %(danceability_m80)s, %(energy_m80)s, %(instrumentalness_m80)s, %(key_m80)s, %(liveness_m80)s, %(loudness_m80)s, %(mode_m80)s, %(speechiness_m80)s, %(tempo_m80)s, %(valence_m80)s), (%(song_id_m81)s, %(title_m81)s, %(duration_ms_m81)s, %(popularity_m81)s, %(acousticness_m81)s, %(danceability_m81)s, %(energy_m81)s, %(instrumentalness_m81)s, %(key_m81)s, %(liveness_m81)s, %(loudness_m81)s, %(mode_m81)s, %(speechiness_m81)s, %(tempo_m81)s, %(valence_m81)s), (%(song_id_m82)s, %(title_m82)s, %(duration_ms_m82)s, %(popularity_m82)s, %(acousticness_m82)s, %(danceability_m82)s, %(energy_m82)s, %(instrumentalness_m82)s, %(key_m82)s, %(liveness_m82)s, %(loudness_m82)s, %(mode_m82)s, %(speechiness_m82)s, %(tempo_m82)s, %(valence_m82)s), (%(song_id_m83)s, %(title_m83)s, %(duration_ms_m83)s, %(popularity_m83)s, %(acousticness_m83)s, %(danceability_m83)s, %(energy_m83)s, %(instrumentalness_m83)s, %(key_m83)s, %(liveness_m83)s, %(loudness_m83)s, %(mode_m83)s, %(speechiness_m83)s, %(tempo_m83)s, %(valence_m83)s), (%(song_id_m84)s, %(title_m84)s, %(duration_ms_m84)s, %(popularity_m84)s, %(acousticness_m84)s, %(danceability_m84)s, %(energy_m84)s, %(instrumentalness_m84)s, %(key_m84)s, %(liveness_m84)s, %(loudness_m84)s, %(mode_m84)s, %(speechiness_m84)s, %(tempo_m84)s, %(valence_m84)s), (%(song_id_m85)s, %(title_m85)s, %(duration_ms_m85)s, %(popularity_m85)s, %(acousticness_m85)s, %(danceability_m85)s, %(energy_m85)s, %(instrumentalness_m85)s, %(key_m85)s, %(liveness_m85)s, %(loudness_m85)s, %(mode_m85)s, %(speechiness_m85)s, %(tempo_m85)s, %(valence_m85)s), (%(song_id_m86)s, %(title_m86)s, %(duration_ms_m86)s, %(popularity_m86)s, %(acousticness_m86)s, %(danceability_m86)s, %(energy_m86)s, %(instrumentalness_m86)s, %(key_m86)s, %(liveness_m86)s, %(loudness_m86)s, %(mode_m86)s, %(speechiness_m86)s, %(tempo_m86)s, %(valence_m86)s), (%(song_id_m87)s, %(title_m87)s, %(duration_ms_m87)s, %(popularity_m87)s, %(acousticness_m87)s, %(danceability_m87)s, %(energy_m87)s, %(instrumentalness_m87)s, %(key_m87)s, %(liveness_m87)s, %(loudness_m87)s, %(mode_m87)s, %(speechiness_m87)s, %(tempo_m87)s, %(valence_m87)s), (%(song_id_m88)s, %(title_m88)s, %(duration_ms_m88)s, %(popularity_m88)s, %(acousticness_m88)s, %(danceability_m88)s, %(energy_m88)s, %(instrumentalness_m88)s, %(key_m88)s, %(liveness_m88)s, %(loudness_m88)s, %(mode_m88)s, %(speechiness_m88)s, %(tempo_m88)s, %(valence_m88)s), (%(song_id_m89)s, %(title_m89)s, %(duration_ms_m89)s, %(popularity_m89)s, %(acousticness_m89)s, %(danceability_m89)s, %(energy_m89)s, %(instrumentalness_m89)s, %(key_m89)s, %(liveness_m89)s, %(loudness_m89)s, %(mode_m89)s, %(speechiness_m89)s, %(tempo_m89)s, %(valence_m89)s), (%(song_id_m90)s, %(title_m90)s, %(duration_ms_m90)s, %(popularity_m90)s, %(acousticness_m90)s, %(danceability_m90)s, %(energy_m90)s, %(instrumentalness_m90)s, %(key_m90)s, %(liveness_m90)s, %(loudness_m90)s, %(mode_m90)s, %(speechiness_m90)s, %(tempo_m90)s, %(valence_m90)s), (%(song_id_m91)s, %(title_m91)s, %(duration_ms_m91)s, %(popularity_m91)s, %(acousticness_m91)s, %(danceability_m91)s, %(energy_m91)s, %(instrumentalness_m91)s, %(key_m91)s, %(liveness_m91)s, %(loudness_m91)s, %(mode_m91)s, %(speechiness_m91)s, %(tempo_m91)s, %(valence_m91)s), (%(song_id_m92)s, %(title_m92)s, %(duration_ms_m92)s, %(popularity_m92)s, %(acousticness_m92)s, %(danceability_m92)s, %(energy_m92)s, %(instrumentalness_m92)s, %(key_m92)s, %(liveness_m92)s, %(loudness_m92)s, %(mode_m92)s, %(speechiness_m92)s, %(tempo_m92)s, %(valence_m92)s), (%(song_id_m93)s, %(title_m93)s, %(duration_ms_m93)s, %(popularity_m93)s, %(acousticness_m93)s, %(danceability_m93)s, %(energy_m93)s, %(instrumentalness_m93)s, %(key_m93)s, %(liveness_m93)s, %(loudness_m93)s, %(mode_m93)s, %(speechiness_m93)s, %(tempo_m93)s, %(valence_m93)s), (%(song_id_m94)s, %(title_m94)s, %(duration_ms_m94)s, %(popularity_m94)s, %(acousticness_m94)s, %(danceability_m94)s, %(energy_m94)s, %(instrumentalness_m94)s, %(key_m94)s, %(liveness_m94)s, %(loudness_m94)s, %(mode_m94)s, %(speechiness_m94)s, %(tempo_m94)s, %(valence_m94)s), (%(song_id_m95)s, %(title_m95)s, %(duration_ms_m95)s, %(popularity_m95)s, %(acousticness_m95)s, %(danceability_m95)s, %(energy_m95)s, %(instrumentalness_m95)s, %(key_m95)s, %(liveness_m95)s, %(loudness_m95)s, %(mode_m95)s, %(speechiness_m95)s, %(tempo_m95)s, %(valence_m95)s), (%(song_id_m96)s, %(title_m96)s, %(duration_ms_m96)s, %(popularity_m96)s, %(acousticness_m96)s, %(danceability_m96)s, %(energy_m96)s, %(instrumentalness_m96)s, %(key_m96)s, %(liveness_m96)s, %(loudness_m96)s, %(mode_m96)s, %(speechiness_m96)s, %(tempo_m96)s, %(valence_m96)s), (%(song_id_m97)s, %(title_m97)s, %(duration_ms_m97)s, %(popularity_m97)s, %(acousticness_m97)s, %(danceability_m97)s, %(energy_m97)s, %(instrumentalness_m97)s, %(key_m97)s, %(liveness_m97)s, %(loudness_m97)s, %(mode_m97)s, %(speechiness_m97)s, %(tempo_m97)s, %(valence_m97)s), (%(song_id_m98)s, %(title_m98)s, %(duration_ms_m98)s, %(popularity_m98)s, %(acousticness_m98)s, %(danceability_m98)s, %(energy_m98)s, %(instrumentalness_m98)s, %(key_m98)s, %(liveness_m98)s, %(loudness_m98)s, %(mode_m98)s, %(speechiness_m98)s, %(tempo_m98)s, %(valence_m98)s)]","chan":"stdout","logger":"task"}
{"timestamp":"2025-12-04T15:31:40.459716Z","level":"info","event":"[parameters: {'song_id_m0': '53iuhJlwXhSER5J2IYYv1W', 'title_m0': 'The Fate Of Ophelia', 'duration_ms_m0': 226073.0, 'popularity_m0': 97.0, 'acousticness_m0': 0.265, 'danceability_m0': 0.726, 'energy_m0': 0.598, 'instrumentalness_m0': 0.0, 'key_m0': 5.0, 'liveness_m0': 0.102, 'loudness_m0': -5.179, 'mode_m0': 1.0, 'speechiness_m0': 0.0291, 'tempo_m0': 123.921, 'valence_m0': 0.519, 'song_id_m1': '1CPZ5BxNNd0n0nF4Orb9JS', 'title_m1': 'Golden', 'duration_ms_m1': 194607.0, 'popularity_m1': 99.0, 'acousticness_m1': 0.0966, 'danceability_m1': 0.651, 'energy_m1': 0.686, 'instrumentalness_m1': 0.0, 'key_m1': 4.0, 'liveness_m1': 0.185, 'loudness_m1': -4.371, 'mode_m1': 0.0, 'speechiness_m1': 0.0616, 'tempo_m1': 122.715, 'valence_m1': 0.104, 'song_id_m2': '2RkZ5LkEzeHGRsmDqKwmaJ', 'title_m2': 'Ordinary', 'duration_ms_m2': 186964.0, 'popularity_m2': 87.0, 'acousticness_m2': 0.704, 'danceability_m2': 0.368, 'energy_m2': 0.694, 'instrumentalness_m2': 6.59e-06, 'key_m2': 2.0, 'liveness_m2': 0.055, 'loudness_m2': -6.141, 'mode_m2': 1.0, 'speechiness_m2': 0.06, 'tempo_m2': 168.115, 'valence_m2': 0.391, 'song_id_m3': '1qbmS6ep2hbBRaEZFpn7BX', 'title_m3': 'Man I Need', 'duration_ms_m3': 184000.0, 'popularity_m3': 95.0, 'acousticness_m3': 0.488, 'danceability_m3': 0.808, 'energy_m3': 0.593, 'instrumentalness_m3': 0.000451, 'key_m3': 1.0, 'liveness_m3': 0.0933, 'loudness_m3': -7.27, 'mode_m3': 1.0, 'speechiness_m3': 0.0714, 'tempo_m3': 119.008, 'valence_m3': 0.688, 'song_id_m4': '3yWuTOYDztXjZxdE2cIRUa', 'title_m4': 'Opalite', 'duration_ms_m4': 235355.0, 'popularity_m4': 95.0, 'acousticness_m4': 0.0784, 'danceability_m4': 0.806, 'energy_m4': 0.819, 'instrumentalness_m4': 0.0, 'key_m4': 4.0, 'liveness_m4': 0.0371, 'loudness_m4': -5.033, 'mode_m4': 0.0, 'speechiness_m4': 0.0384, 'tempo_m4': 124.994, 'valence_m4': 0.802, 'song_id_m5': '5BZsQlgw21vDOAjoqkNgKb', 'title_m5': 'Daisies', 'duration_ms_m5': 176453.0, 'popularity_m5': 95.0, 'acousticness_m5': 0.715, 'danceability_m5': 0.802, 'energy_m5': 0.384, 'instrumentalness_m5': 0.000686, 'key_m5': 8.0, 'liveness_m5': 0.108, 'loudness_m5': -8.906, 'mode_m5': 1.0, 'speechiness_m5': 0.054, 'tempo_m5': 110.153, 'valence_m5': 0.482, 'song_id_m6': '2uvE4L5ZsYKpv8hbK4TIOt', 'title_m6': 'Mutt', 'duration_ms_m6': 192933.0, 'popularity_m6': 82.0, 'acousticness_m6': 0.216, 'danceability_m6': 0.572, 'energy_m6': 0.455, 'instrumentalness_m6': 3.88e-06, 'key_m6': 1.0, 'liveness_m6': 0.072, 'loudness_m6': -8.078, 'mode_m6': 1.0, 'speechiness_m6': 0.134, 'tempo_m6': 179.787, 'valence_m6': 0.597, 'song_id_m7': '0bxPRWprUVpQK0UFcddkrA', 'title_m7': 'Folded', 'duration_ms_m7': 238120.0, 'popularity_m7': 88.0, 'acousticness_m7': 0.295, 'danceability_m7': 0.572, 'energy_m7': 0.598, 'instrumentalness_m7': 0.0, 'key_m7': 1.0, 'liveness_m7': 0.12, 'loudness_m7': -7.189, 'mode_m7': 1.0, 'speechiness_m7': 0.0564, 'tempo_m7': 135.578, 'valence_m7': 0.498, 'song_id_m8': '4gfrYDtaRmp6HPvN80V2ob', 'title_m8': 'I Got Better', 'duration_ms_m8': 204963.0, 'popularity_m8': 84.0, 'acousticness_m8': 0.576, 'danceability_m8': 0.598, 'energy_m8': 0.798, 'instrumentalness_m8': 0.000564, 'key_m8': 0.0, 'liveness_m8': 0.155, 'loudness_m8': -4.587, 'mode_m8': 1.0, 'speechiness_m8': 0.0295, 'tempo_m8': 84.986, 'valence_m8': 0.542, 'song_id_m9': '7qjZnBKE73H4Oxkopwulqe', 'title_m9': 'Back To Friends', 'duration_ms_m9': 199032.0, 'popularity_m9': 91.0, 'acousticness_m9': 9.37e-05, 'danceability_m9': 0.436, 'energy_m9': 0.723, 'instrumentalness_m9': 8.82e-05, 'key_m9': 1.0, 'liveness_m9': 0.0929, 'loudness_m9': -2.291, 'mode_m9': 1.0, 'speechiness_m9': 0.0301, 'tempo_m9': 92.855, 'valence_m9': 0.235, 'song_id_m10': '0bYg9bo50gSsH3LtXe2SQn', 'title_m10': 'All I Want For Christmas Is You', 'duration_ms_m10': 241106.0, 'popularity_m10': 89.0, 'acousticness_m10': 0.164, 'danceability_m10': 0.336, 'energy_m10': 0.627, 'instrumentalness_m10': 0.0, 'key_m10': 7.0, 'liveness_m10': 0.0708, 'loudness_m10': -7.463, 'mode_m10': 1.0, 'speechiness_m10': 0.0384, 'tempo_m10': 150.273, 'valence_m10': 0.35, 'song_id_m11': '4ThbwJaIWVxXZ1qJaHQBCz', 'title_m11': \"Travelin' Soldier\", 'duration_ms_m11': None, 'popularity_m11': None, 'acousticness_m11': None, 'danceability_m11': None, 'energy_m11': None, 'instrumentalness_m11': None, 'key_m11': None, 'liveness_m11': None, 'loudness_m11': None, 'mode_m11': None, 'speechiness_m11': None, 'tempo_m11': None, 'valence_m11': None, 'song_id_m12': '2FRnf9qhLbvw8fu4IBXx78', 'title_m12': 'Last Christmas', 'duration_ms_m12': 262960.0, 'popularity_m12': 87.0, 'acousticness_m12': 0.189, 'danceability_m12': 0.735, 'energy_m12': 0.478, 'instrumentalness_m12': 2.48e-06, 'key_m12': 2.0, 'liveness_m12': 0.355, 'loudness_m12': -12.472, 'mode_m12': 1.0, 'speechiness_m12': 0.0293, 'tempo_m12': 107.682, 'valence_m12': 0.947, 'song_id_m13': '04emojnbYkrRmv5qtJcgVP', 'title_m13': 'What I Want', 'duration_ms_m13': 184517.0, 'popularity_m13': 86.0, 'acousticness_m13': 0.639, 'danceability_m13': 0.657, 'energy_m13': 0.699, 'instrumentalness_m13': 0.0, 'key_m13': 9.0, 'liveness_m13': 0.148, 'loudness_m13': -3.92, 'mode_m13': 1.0, 'speechiness_m13': 0.0262, 'tempo_m13': 115.998, 'valence_m13': 0.495, 'song_id_m14': '02sy7FAs8dkDNYsHp4Ul3f', 'title_m14': 'Soda Pop', 'duration_ms_m14': 150686.0, 'popularity_m14': 94.0, 'acousticness_m14': 0.0816, 'danceability_m14': 0.841, 'energy_m14': 0.852, 'instrumentalness_m14': 0.0, 'key_m14': 0.0, 'liveness_m14': 0.0576, 'loudness_m14': -3.591, 'mode_m14': 1.0, 'speechiness_m14': 0.0486, 'tempo_m14': 125.997, 'valence_m14': 0.758, 'song_id_m15': '0t3pcqgBjuAVBgY2oEUIlH', 'title_m15': 'It Depends', 'duration_ms_m15': 271874.0, 'popularity_m15': 0.0, 'acousticness_m15': 0.0238, 'danceability_m15': 0.66, 'energy_m15': 0.466, 'instrumentalness_m15': 0.0, 'key_m15': 1.0, 'liveness_m15': 0.0747, 'loudness_m15': -7.9, 'mode_m15': 1.0, 'speechiness_m15': 0.0495, 'tempo_m15': 136.034, 'valence_m15': 0.363, 'song_id_m16': '1jgTiNob5cVyXeJ3WgX5bL', 'title_m16': 'Elizabeth Taylor', 'duration_ms_m16': 208291.0, 'popularity_m16': 95.0, 'acousticness_m16': 0.36, 'danceability_m16': 0.623, 'energy_m16': 0.627, 'instrumentalness_m16': 0.0, 'key_m16': 2.0, 'liveness_m16': 0.116, 'loudness_m16': -6.685, 'mode_m16': 1.0, 'speechiness_m16': 0.0448, 'tempo_m16': 81.995, 'valence_m16': 0.565, 'song_id_m17': '42VUCXerQ5qTr4Qp6PhKo4', 'title_m17': 'Tears', 'duration_ms_m17': 160183.0, 'popularity_m17': 91.0, 'acousticness_m17': 0.0204, 'danceability_m17': 0.699, 'energy_m17': 0.876, 'instrumentalness_m17': 0.000105, 'key_m17': 0.0, 'liveness_m17': 0.0307, 'loudness_m17': -4.855, 'mode_m17': 1.0, 'speechiness_m17': 0.0514, 'tempo_m17': 113.036, 'valence_m17': 0.485, 'song_id_m18': '2EjXfH91m7f8HiJN1yQg97', 'title_m18': \"Rockin' Around The Christmas Tree\", 'duration_ms_m18': 126266.0, 'popularity_m18': 87.0, 'acousticness_m18': 0.617, 'danceability_m18': 0.598, 'energy_m18': 0.47, 'instrumentalness_m18': 0.0, 'key_m18': 8.0, 'liveness_m18': 0.505, 'loudness_m18': -8.744, 'mode_m18': 1.0, 'speechiness_m18': 0.0496, 'tempo_m18': 67.086, 'valence_m18': 0.879, 'song_id_m19': '7vQbuQcyTflfCIOu3Uzzya', 'title_m19': 'Jingle Bell Rock', 'duration_ms_m19': 130973.0, 'popularity_m19': 85.0, 'acousticness_m19': 0.643, 'danceability_m19': 0.754, 'energy_m19': 0.424, 'instrumentalness_m19': 0.0, 'key_m19': 2.0, 'liveness_m19': 0.0652, 'loudness_m19': -8.463, 'mode_m19': 1.0, 'speechiness_m19': 0.0363, 'tempo_m19': 119.705, 'valence_m19': 0.806, 'song_id_m20': '65DbTqJKhbwqYbZ1Okr0rc', 'title_m20': \"Choosin' Texas\", 'duration_ms_m20': 232226.0, 'popularity_m20': 73.0, 'acousticness_m20': 0.00939, 'danceability_m20': 0.683, 'energy_m20': 0.78, 'instrumentalness_m20': 0.0, 'key_m20': 1.0, 'liveness_m20': 0.194, 'loudness_m20': -4.74, 'mode_m20': 1.0, 'speechiness_m20': 0.031, 'tempo_m20': 112.027, 'valence_m20': 0.486, 'song_id_m21': '4WFgvKVfEhb3IUAFGrutTR', 'title_m21': 'Love Me Not', 'duration_ms_m21': 213466.0, 'popularity_m21': 77.0, 'acousticness_m21': 0.296, 'danceability_m21': 0.779, 'energy_m21': 0.731, 'instrumentalness_m21': 0.0, 'key_m21': 0.0, 'liveness_m21': 0.128, 'loudness_m21': -6.176, 'mode_m21': 1.0, 'speechiness_m21': 0.0306, 'tempo_m21': 114.001, 'valence_m21': 0.814, 'song_id_m22': '2BwO5K8Q7EPAJSGze3AAh9', 'title_m22': 'Manchild', 'duration_ms_m22': 213645.0, 'popularity_m22': 86.0, 'acousticness_m22': 0.0987, 'danceability_m22': 0.73, 'energy_m22': 0.686, 'instrumentalness_m22': 0.0, 'key_m22': 7.0, 'liveness_m22': 0.317, 'loudness_m22': -5.107, 'mode_m22': 1.0, 'speechiness_m22': 0.0615, 'tempo_m22': 123.014, 'valence_m22': 0.839, 'song_id_m23': '1I37Zz2g3hk9eWxaNkj031', 'title_m23': 'Your Idol', 'duration_ms_m23': 191537.0, 'popularity_m23': 94.0, 'acousticness_m23': 0.127, 'danceability_m23': 0.684, 'energy_m23': 0.844, 'instrumentalness_m23': 0.0, 'key_m23': 11.0, 'liveness_m23': 0.208, 'loudness_m23': -3.764, 'mode_m23': 0.0, 'speechiness_m23': 0.082, 'tempo_m23': 90.016, 'valence_m23': 0.361, 'song_id_m24': '04a44cx2PJthIbN2aLMXhl', 'title_m24': 'Tit For Tat', 'duration_ms_m24': 175956.0, 'popularity_m24': 91.0, 'acousticness_m24': 0.206, 'danceability_m24': 0.623, 'energy_m24': 0.705, 'instrumentalness_m24': 0.0, 'key_m24': 8.0, 'liveness_m24': 0.273, 'loudness_m24': -5.036, 'mode_m24': 0.0, 'speechiness_m24': 0.072, 'tempo_m24': 83.974, 'valence_m24': 0.492, 'song_id_m25': '2TEQvxxQabwLQMqWMg1qGu', 'title_m25': 'Wi$h Li$t', 'duration_ms_m25': 207349.0, 'popularity_m25': 93.0, 'acousticness_m25': 0.303, 'danceability_m25': 0.694, 'energy_m25': 0.494, 'instrumentalness_m25': 1.76e-05, 'key_m25': 0.0, 'liveness_m25': 0.0811, 'loudness_m25': -6.543, 'mode_m25': 1.0, 'speechiness_m25': 0.0352, 'tempo_m25': 147.873, 'valence_m25': 0.479, 'song_id_m26': '3RXUgPNIbUgFxsDWuBQEt6', 'title_m26': \"How It's Done\", 'duration_ms_m26': 176059.0, 'popularity_m26': 93.0, 'acousticness_m26': 0.0114, 'danceability_m26': 0.604, 'energy_m26': 0.857, 'instrumentalness_m26': 0.0, 'key_m26': 2.0, 'liveness_m26': 0.322, 'loudness_m26': -3.372, 'mode_m26': 1.0, 'speechiness_m26': 0.0967, 'tempo_m26': 160.011, 'valence_m26': 0.614, 'song_id_m27': '03bTIHJElXZ0O0jqOQvAbY', 'title_m27': 'Father Figure', 'duration_ms_m27': 212777.0, 'popularity_m27': 94.0, 'acousticness_m27': 0.302, 'danceability_m27': 0.745, 'energy_m27': 0.661, 'instrumentalness_m27': 0.0, 'key_m27': 11.0, 'liveness_m27': 0.249, 'loudness_m27': -6.29, 'mode_m27': 0.0, 'speechiness_m27': 0.0354, 'tempo_m27': 93.949, 'valence_m27': 0.321, 'song_id_m28': '6sGIMrtIzQjdzNndVxe397', 'title_m28': 'So Easy (To Fall In Love)', 'duration_ms_m28': 169000.0, 'popularity_m28': 89.0, 'acousticness_m28': 0.665, 'danceability_m28': 0.749, 'energy_m28': 0.633, 'instrumentalness_m28': 0.0, 'key_m28': 3.0, 'liveness_m28': 0.0817, 'loudness_m28': -5.917, 'mode_m28': 1.0, 'speechiness_m28': 0.0373, 'tempo_m28': 139.898, 'valence_m28': 0.572, 'song_id_m29': '0lizgQ7Qw35od7CYaoMBZb', 'title_m29': 'Santa Tell Me', 'duration_ms_m29': 204093.0, 'popularity_m29': 86.0, 'acousticness_m29': 0.0489, 'danceability_m29': 0.525, 'energy_m29': 0.621, 'instrumentalness_m29': 0.0, 'key_m29': 7.0, 'liveness_m29': 0.291, 'loudness_m29': -7.364, 'mode_m29': 1.0, 'speechiness_m29': 0.117, 'tempo_m29': 191.868, 'valence_m29': 0.592, 'song_id_m30': '1xOqGUkyxGQRdCvGpvWKmL', 'title_m30': 'Gabriela', 'duration_ms_m30': 197226.0, 'popularity_m30': 93.0, 'acousticness_m30': 0.184, 'danceability_m30': 0.653, 'energy_m30': 0.754, 'instrumentalness_m30': 0.0, 'key_m30': 7.0, 'liveness_m30': 0.369, 'loudness_m30': -4.579, 'mode_m30': 1.0, 'speechiness_m30': 0.0692, 'tempo_m30': 145.884, 'valence_m30': 0.623, 'song_id_m31': '5sBDrrtLGbV64QJnEqfjer', 'title_m31': 'What It Sounds Like', 'duration_ms_m31': 250268.0, 'popularity_m31': 93.0, 'acousticness_m31': 0.0478, 'danceability_m31': 0.513, 'energy_m31': 0.705, 'instrumentalness_m31': 0.0, 'key_m31': 1.0, 'liveness_m31': 0.298, 'loudness_m31': -4.486, 'mode_m31': 0.0, 'speechiness_m31': 0.0641, 'tempo_m31': 120.725, 'valence_m31': 0.346, 'song_id_m32': '1FHIZknONrV2c20w0x5AVG', 'title_m32': \"Don't Mind If I Do\", 'duration_ms_m32': 218946.0, 'popularity_m32': 70.0, 'acousticness_m32': 0.686, 'danceability_m32': 0.411, 'energy_m32': 0.369, 'instrumentalness_m32': 0.0, 'key_m32': 5.0, 'liveness_m32': 0.157, 'loudness_m32': -9.579, 'mode_m32': 1.0, 'speechiness_m32': 0.031, 'tempo_m32': 87.548, 'valence_m32': 0.214, 'song_id_m33': '1vgourDwo7hFFamSxepvar', 'title_m33': 'Happen To Me', 'duration_ms_m33': 183615.0, 'popularity_m33': 76.0, 'acousticness_m33': 0.0857, 'danceability_m33': 0.586, 'energy_m33': 0.794, 'instrumentalness_m33': 0.0, 'key_m33': 9.0, 'liveness_m33': 0.184, 'loudness_m33': -4.343, 'mode_m33': 1.0, 'speechiness_m33': 0.0392, 'tempo_m33': 118.015, 'valence_m33': 0.463, 'song_id_m34': '3cZajhyr8LmtPfHZ9296tj', 'title_m34': 'No Broke Boys', 'duration_ms_m34': 163994.0, 'popularity_m34': 92.0, 'acousticness_m34': 0.34, 'danceability_m34': 0.767, 'energy_m34': 0.834, 'instrumentalness_m34': 0.111, 'key_m34': 1.0, 'liveness_m34': 0.0901, 'loudness_m34': -7.415, 'mode_m34': 0.0, 'speechiness_m34': 0.0315, 'tempo_m34': 130.999, 'valence_m34': 0.962, 'song_id_m35': '4Km9FSF9iaQiTLnFPdbPom', 'title_m35': '6 Months Later', 'duration_ms_m35': 182868.0, 'popularity_m35': 76.0, 'acousticness_m35': 0.00552, 'danceability_m35': 0.537, 'energy_m35': 0.822, 'instrumentalness_m35': 0.0, 'key_m35': 8.0, 'liveness_m35': 0.0574, 'loudness_m35': -4.621, 'mode_m35': 1.0, 'speechiness_m35': 0.0407, 'tempo_m35': 142.216, 'valence_m35': 0.699, 'song_id_m36': '1NXbNEAcPvY5G1xvfN57aA', 'title_m36': 'Dracula', 'duration_ms_m36': 205308.0, 'popularity_m36': 77.0, 'acousticness_m36': 0.0267, 'danceability_m36': 0.415, 'energy_m36': 0.731, 'instrumentalness_m36': 4.58e-05, 'key_m36': 3.0, 'liveness_m36': 0.317, 'loudness_m36': -3.507, 'mode_m36': 0.0, 'speechiness_m36': 0.0586, 'tempo_m36': 114.837, 'valence_m36': 0.612, 'song_id_m37': '0aGIy8kll4HYDnNTDlf2vU', 'title_m37': 'Somewhere Over Laredo', 'duration_ms_m37': 226000.0, 'popularity_m37': 69.0, 'acousticness_m37': 0.429, 'danceability_m37': 0.607, 'energy_m37': 0.604, 'instrumentalness_m37': 2.23e-05, 'key_m37': 1.0, 'liveness_m37': 0.102, 'loudness_m37': -6.087, 'mode_m37': 1.0, 'speechiness_m37': 0.0302, 'tempo_m37': 118.087, 'valence_m37': 0.303, 'song_id_m38': '0WsC4ETIXyiHDMXRaPMvKe', 'title_m38': 'wgft', 'duration_ms_m38': 184440.0, 'popularity_m38': 70.0, 'acousticness_m38': 0.0913, 'danceability_m38': 0.713, 'energy_m38': 0.413, 'instrumentalness_m38': 0.00688, 'key_m38': 2.0, 'liveness_m38': 0.141, 'loudness_m38': -8.091, 'mode_m38': 1.0, 'speechiness_m38': 0.0975, 'tempo_m38': 88.503, 'valence_m38': 0.377, 'song_id_m39': '3YZE5qDV7u1ZD1gZc47ZeR', 'title_m39': 'Underneath The Tree', 'duration_ms_m39': None, 'popularity_m39': None, 'acousticness_m39': None, 'danceability_m39': None, 'energy_m39': None, 'instrumentalness_m39': None, 'key_m39': None, 'liveness_m39': None, 'loudness_m39': None, 'mode_m39': None, 'speechiness_m39': None, 'tempo_m39': None, 'valence_m39': None, 'song_id_m40': '62V2ZHslgQV98gH4AuVXnr', 'title_m40': 'Ruin The Friendship', 'duration_ms_m40': 220564.0, 'popularity_m40': 93.0, 'acousticness_m40': 0.445, 'danceability_m40': 0.625, 'energy_m40': 0.69, 'instrumentalness_m40': 0.0, 'key_m40': 7.0, 'liveness_m40': 0.102, 'loudness_m40': -5.913, 'mode_m40': 1.0, 'speechiness_m40': 0.0875, 'tempo_m40': 159.868, 'valence_m40': 0.673, 'song_id_m41': '0MHStU0muAIEMbwdnebYu2', 'title_m41': 'Takedown', 'duration_ms_m41': 182016.0, 'popularity_m41': 92.0, 'acousticness_m41': 0.0354, 'danceability_m41': 0.73, 'energy_m41': 0.846, 'instrumentalness_m41': 0.0, 'key_m41': 1.0, 'liveness_m41': 0.202, 'loudness_m41': -4.141, 'mode_m41': 0.0, 'speechiness_m41': 0.0994, 'tempo_m41': 139.954, 'valence_m41': 0.709, 'song_id_m42': '5DxDLsW6PsLz5gkwC7Mk5S', 'title_m42': 'Free', 'duration_ms_m42': 187963.0, 'popularity_m42': 91.0, 'acousticness_m42': 0.225, 'danceability_m42': 0.648, 'energy_m42': 0.56, 'instrumentalness_m42': 0.0, 'key_m42': 1.0, 'liveness_m42': 0.0991, 'loudness_m42': -5.597, 'mode_m42': 1.0, 'speechiness_m42': 0.0706, 'tempo_m42': 139.781, 'valence_m42': 0.437, 'song_id_m43': '31Oh4pwZWjBTuRmzNtxj10', 'title_m43': 'Is It A Crime', 'duration_ms_m43': None, 'popularity_m43': None, 'acousticness_m43': None, 'danceability_m43': None, 'energy_m43': None, 'instrumentalness_m43': None, 'key_m43': None, 'liveness_m43': None, 'loudness_m43': None, 'mode_m43': None, 'speechiness_m43': None, 'tempo_m43': None, 'valence_m43': None, 'song_id_m44': '6r1lboTadi5swMquaAWDzh', 'title_m44': 'Hell At Night', 'duration_ms_m44': 179240.0, 'popularity_m44': 72.0, 'acousticness_m44': 0.0541, 'danceability_m44': 0.678, 'energy_m44': 0.6, 'instrumentalness_m44': 0.0, 'key_m44': 0.0, 'liveness_m44': 0.0924, 'loudness_m44': -6.245, 'mode_m44': 1.0, 'speechiness_m44': 0.0486, 'tempo_m44': 150.08, 'valence_m44': 0.184, 'song_id_m45': '5hslUAKq9I9CG2bAulFkHN', 'title_m45': \"It's The Most Wonderful Time Of The Year\", 'duration_ms_m45': 151933.0, 'popularity_m45': 83.0, 'acousticness_m45': 0.766, 'danceability_m45': 0.24, 'energy_m45': 0.598, 'instrumentalness_m45': 0.0, 'key_m45': 7.0, 'liveness_m45': 0.117, 'loudness_m45': -8.435, 'mode_m45': 1.0, 'speechiness_m45': 0.0369, 'tempo_m45': 201.629, 'valence_m45': 0.776, 'song_id_m46': '0lLdorYw7lVrJydTINhWdI', 'title_m46': \"It's Beginning To Look A Lot Like Christmas\", 'duration_ms_m46': None, 'popularity_m46': None, 'acousticness_m46': None, 'danceability_m46': None, 'energy_m46': None, 'instrumentalness_m46': None, 'key_m46': None, 'liveness_m46': None, 'loudness_m46': None, 'mode_m46': None, 'speechiness_m46': None, 'tempo_m46': None, 'valence_m46': None, 'song_id_m47': '29iva9idM6rFCPUlu7Rhxl', 'title_m47': 'Yukon', 'duration_ms_m47': 163866.0, 'popularity_m47': 90.0, 'acousticness_m47': 0.802, 'danceability_m47': 0.446, 'energy_m47': 0.301, 'instrumentalness_m47': 0.000164, 'key_m47': 7.0, 'liveness_m47': 0.105, 'loudness_m47': -12.748, 'mode_m47': 0.0, 'speechiness_m47': 0.218, 'tempo_m47': 80.572, 'valence_m47': 0.589, 'song_id_m48': '4PS1e8f2LvuTFgUs1Cn3ON', 'title_m48': 'The Christmas Song (Merry Christmas To You)', 'duration_ms_m48': 192160.0, 'popularity_m48': 79.0, 'acousticness_m48': 0.92, 'danceability_m48': 0.32, 'energy_m48': 0.21, 'instrumentalness_m48': 8.01e-05, 'key_m48': 6.0, 'liveness_m48': 0.138, 'loudness_m48': -15.231, 'mode_m48': 1.0, 'speechiness_m48': 0.0345, 'tempo_m48': 73.196, 'valence_m48': 0.208, 'song_id_m49': '4n4tC4qO2LeWQRM9Gbbtop', 'title_m49': 'Shot Callin', 'duration_ms_m49': 225185.0, 'popularity_m49': 60.0, 'acousticness_m49': 0.00511, 'danceability_m49': 0.689, 'energy_m49': 0.796, 'instrumentalness_m49': 0.0, 'key_m49': 8.0, 'liveness_m49': 0.404, 'loudness_m49': -5.613, 'mode_m49': 1.0, 'speechiness_m49': 0.349, 'tempo_m49': 162.005, 'valence_m49': 0.57, 'song_id_m50': '727x6SZXGF0LfU2vi3rjaH', 'title_m50': \"Darlin'\", 'duration_ms_m50': 165000.0, 'popularity_m50': 67.0, 'acousticness_m50': 0.181, 'danceability_m50': 0.798, 'energy_m50': 0.606, 'instrumentalness_m50': 0.0, 'key_m50': 2.0, 'liveness_m50': 0.391, 'loudness_m50': -6.28, 'mode_m50': 1.0, 'speechiness_m50': 0.0338, 'tempo_m50': 120.063, 'valence_m50': 0.895, 'song_id_m51': '1zM8S2pnIclcdTmrfFnWtX', 'title_m51': 'House Again', 'duration_ms_m51': 203822.0, 'popularity_m51': 79.0, 'acousticness_m51': 0.581, 'danceability_m51': 0.444, 'energy_m51': 0.306, 'instrumentalness_m51': 0.0, 'key_m51': 8.0, 'liveness_m51': 0.158, 'loudness_m51': -7.284, 'mode_m51': 1.0, 'speechiness_m51': 0.0324, 'tempo_m51': 127.004, 'valence_m51': 0.493, 'song_id_m52': '6eWAWHm0cuOaPGDWhoLJ7s', 'title_m52': 'Nice To Meet You', 'duration_ms_m52': 176000.0, 'popularity_m52': 80.0, 'acousticness_m52': 0.329, 'danceability_m52': 0.762, 'energy_m52': 0.783, 'instrumentalness_m52': 0.0, 'key_m52': 5.0, 'liveness_m52': 0.0536, 'loudness_m52': -5.206, 'mode_m52': 0.0, 'speechiness_m52': 0.0387, 'tempo_m52': 115.091, 'valence_m52': 0.84, 'song_id_m53': '0YsIYFRoxkmEvbKCwTp0Tg', 'title_m53': '20 Cigarettes', 'duration_ms_m53': 160901.0, 'popularity_m53': 80.0, 'acousticness_m53': 0.725, 'danceability_m53': 0.629, 'energy_m53': 0.57, 'instrumentalness_m53': 0.0, 'key_m53': 10.0, 'liveness_m53': 0.145, 'loudness_m53': -5.733, 'mode_m53': 0.0, 'speechiness_m53': 0.0243, 'tempo_m53': 98.015, 'valence_m53': 0.399, 'song_id_m54': '03JZr55j9bIj1d2RQJ7Yq9', 'title_m54': 'Jealous Type', 'duration_ms_m54': 163647.0, 'popularity_m54': 79.0, 'acousticness_m54': 0.0317, 'danceability_m54': 0.662, 'energy_m54': 0.857, 'instrumentalness_m54': 0.000393, 'key_m54': 2.0, 'liveness_m54': 0.144, 'loudness_m54': -3.236, 'mode_m54': 0.0, 'speechiness_m54': 0.0319, 'tempo_m54': 120.006, 'valence_m54': 0.546, 'song_id_m55': '62HoDY1Km6lm47haFpUn9c', 'title_m55': 'Eldest Daughter', 'duration_ms_m55': 246356.0, 'popularity_m55': 93.0, 'acousticness_m55': 0.806, 'danceability_m55': 0.473, 'energy_m55': 0.315, 'instrumentalness_m55': 0.0, 'key_m55': 7.0, 'liveness_m55': 0.128, 'loudness_m55': -7.326, 'mode_m55': 1.0, 'speechiness_m55': 0.0313, 'tempo_m55': 76.794, 'valence_m55': 0.323, 'song_id_m56': '55lijDD6OAjLFFUHU9tcDm', 'title_m56': 'Where Is My Husband!', 'duration_ms_m56': 196795.0, 'popularity_m56': 91.0, 'acousticness_m56': 0.0599, 'danceability_m56': 0.39, 'energy_m56': 0.781, 'instrumentalness_m56': 0.0, 'key_m56': 8.0, 'liveness_m56': 0.14, 'loudness_m56': -7.04, 'mode_m56': 1.0, 'speechiness_m56': 0.0918, 'tempo_m56': 115.939, 'valence_m56': 0.628, 'song_id_m57': '6tlZIGGXozhQpYyKesjwWL', 'title_m57': 'Back In The Saddle', 'duration_ms_m57': 212962.0, 'popularity_m57': 0.0, 'acousticness_m57': 0.00882, 'danceability_m57': 0.532, 'energy_m57': 0.879, 'instrumentalness_m57': 0.0, 'key_m57': 4.0, 'liveness_m57': 0.409, 'loudness_m57': -4.475, 'mode_m57': 1.0, 'speechiness_m57': 0.0303, 'tempo_m57': 91.976, 'valence_m57': 0.51, 'song_id_m58': '5ylJtmaWPJ33cW3En7WOu0', 'title_m58': 'Wood', 'duration_ms_m58': 150517.0, 'popularity_m58': 93.0, 'acousticness_m58': 0.271, 'danceability_m58': 0.796, 'energy_m58': 0.706, 'instrumentalness_m58': 0.0, 'key_m58': 5.0, 'liveness_m58': 0.587, 'loudness_m58': -6.846, 'mode_m58': 1.0, 'speechiness_m58': 0.191, 'tempo_m58': 99.961, 'valence_m58': 0.781, 'song_id_m59': '2x3mwb96B6TquRqMtbxUE1', 'title_m59': 'Actually Romantic', 'duration_ms_m59': 163699.0, 'popularity_m59': 93.0, 'acousticness_m59': 0.497, 'danceability_m59': 0.708, 'energy_m59': 0.427, 'instrumentalness_m59': 0.0, 'key_m59': 1.0, 'liveness_m59': 0.103, 'loudness_m59': -7.804, 'mode_m59': 0.0, 'speechiness_m59': 0.169, 'tempo_m59': 169.949, 'valence_m59': 0.718, 'song_id_m60': '4Iu73sdCNxZXZUIyClMoPZ', 'title_m60': 'Better Me For You (Brown Eyes)', 'duration_ms_m60': 194120.0, 'popularity_m60': 79.0, 'acousticness_m60': 0.165, 'danceability_m60': 0.574, 'energy_m60': 0.649, 'instrumentalness_m60': 0.0, 'key_m60': 0.0, 'liveness_m60': 0.175, 'loudness_m60': -6.228, 'mode_m60': 1.0, 'speechiness_m60': 0.0265, 'tempo_m60': 76.028, 'valence_m60': 0.565, 'song_id_m61': '5MqzNAzRgVj2dfp30LJ6s1', 'title_m61': 'Out The Window', 'duration_ms_m61': None, 'popularity_m61': None, 'acousticness_m61': None, 'danceability_m61': None, 'energy_m61': None, 'instrumentalness_m61': None, 'key_m61': None, 'liveness_m61': None, 'loudness_m61': None, 'mode_m61': None, 'speechiness_m61': None, 'tempo_m61': None, 'valence_m61': None, 'song_id_m62': '1appZ3c336FkPvCuywfmrs', 'title_m62': 'Cancelled!', 'duration_ms_m62': 211498.0, 'popularity_m62': 93.0, 'acousticness_m62': 0.534, 'danceability_m62': 0.725, 'energy_m62': 0.399, 'instrumentalness_m62': 0.0, 'key_m62': 7.0, 'liveness_m62': 0.193, 'loudness_m62': -8.652, 'mode_m62': 0.0, 'speechiness_m62': 0.0371, 'tempo_m62': 90.911, 'valence_m62': 0.463, 'song_id_m63': '4JAmBKnHyq2avqNvJ81Mao', 'title_m63': 'Last One To Know', 'duration_ms_m63': 177024.0, 'popularity_m63': 75.0, 'acousticness_m63': 0.295, 'danceability_m63': 0.782, 'energy_m63': 0.66, 'instrumentalness_m63': 0.0, 'key_m63': 8.0, 'liveness_m63': 0.095, 'loudness_m63': -6.095, 'mode_m63': 1.0, 'speechiness_m63': 0.0256, 'tempo_m63': 102.003, 'valence_m63': 0.58, 'song_id_m64': '05od2qm2MTSKCHxy1GBp5W', 'title_m64': '12 To 12', 'duration_ms_m64': 242903.0, 'popularity_m64': 89.0, 'acousticness_m64': 0.0134, 'danceability_m64': 0.659, 'energy_m64': 0.898, 'instrumentalness_m64': 5.02e-06, 'key_m64': 11.0, 'liveness_m64': 0.0971, 'loudness_m64': -2.578, 'mode_m64': 0.0, 'speechiness_m64': 0.0526, 'tempo_m64': 123.992, 'valence_m64': 0.511, 'song_id_m65': '5q9I5RmmrLC4U2mW2BnF3K', 'title_m65': 'Safe', 'duration_ms_m65': 177886.0, 'popularity_m65': 76.0, 'acousticness_m65': 0.0908, 'danceability_m65': 0.745, 'energy_m65': 0.663, 'instrumentalness_m65': 0.0, 'key_m65': 7.0, 'liveness_m65': 0.193, 'loudness_m65': -6.428, 'mode_m65': 1.0, 'speechiness_m65': 0.0776, 'tempo_m65': 76.498, 'valence_m65': 0.733, 'song_id_m66': '4QpuZ1Qbcd11aOtY1kGMRg', 'title_m66': 'The Fall', 'duration_ms_m66': 197626.0, 'popularity_m66': 66.0, 'acousticness_m66': 0.199, 'danceability_m66': 0.354, 'energy_m66': 0.535, 'instrumentalness_m66': 2.48e-06, 'key_m66': 3.0, 'liveness_m66': 0.12, 'loudness_m66': -5.564, 'mode_m66': 1.0, 'speechiness_m66': 0.0291, 'tempo_m66': 78.615, 'valence_m66': 0.183, 'song_id_m67': '6xV7Be6XEvkSnighmh2Tzj', 'title_m67': 'Sugar On My Tongue', 'duration_ms_m67': 153332.0, 'popularity_m67': 83.0, 'acousticness_m67': 0.0327, 'danceability_m67': 0.703, 'energy_m67': 0.501, 'instrumentalness_m67': 0.0, 'key_m67': 11.0, 'liveness_m67': 0.193, 'loudness_m67': -7.037, 'mode_m67': 1.0, 'speechiness_m67': 0.101, 'tempo_m67': 126.073, 'valence_m67': 0.463, 'song_id_m68': '2I9517MJ7979KTtFjbDo5E', 'title_m68': 'Went Legit', 'duration_ms_m68': 140487.0, 'popularity_m68': 73.0, 'acousticness_m68': 0.035, 'danceability_m68': 0.769, 'energy_m68': 0.888, 'instrumentalness_m68': 0.0, 'key_m68': 6.0, 'liveness_m68': 0.135, 'loudness_m68': -2.166, 'mode_m68': 1.0, 'speechiness_m68': 0.296, 'tempo_m68': 82.018, 'valence_m68': 0.603, 'song_id_m69': '4qmFC3Jz5aQ0erlk2OSi2X', 'title_m69': 'Honey', 'duration_ms_m69': 181534.0, 'popularity_m69': 92.0, 'acousticness_m69': 0.394, 'danceability_m69': 0.683, 'energy_m69': 0.544, 'instrumentalness_m69': 0.0, 'key_m69': 11.0, 'liveness_m69': 0.332, 'loudness_m69': -7.3, 'mode_m69': 0.0, 'speechiness_m69': 0.0991, 'tempo_m69': 164.047, 'valence_m69': 0.54, 'song_id_m70': '312z6PZ8wwREck8613PkJk', 'title_m70': 'A Couple Minutes', 'duration_ms_m70': 212000.0, 'popularity_m70': 82.0, 'acousticness_m70': 0.709, 'danceability_m70': 0.56, 'energy_m70': 0.406, 'instrumentalness_m70': 0.0, 'key_m70': 3.0, 'liveness_m70': 0.359, 'loudness_m70': -7.733, 'mode_m70': 1.0, 'speechiness_m70': 0.0369, 'tempo_m70': 124.782, 'valence_m70': 0.164, 'song_id_m71': '2GFawZaMjG8QLxiR4OD3db', 'title_m71': 'Take Me Thru Dere', 'duration_ms_m71': 162826.0, 'popularity_m71': 65.0, 'acousticness_m71': 0.207, 'danceability_m71': 0.856, 'energy_m71': 0.825, 'instrumentalness_m71': 0.0, 'key_m71': 0.0, 'liveness_m71': 0.0731, 'loudness_m71': -4.729, 'mode_m71': 1.0, 'speechiness_m71': 0.13, 'tempo_m71': 144.0, 'valence_m71': 0.656, 'song_id_m72': '0je57Uq5eTk1wrPzn9sWbl', 'title_m72': 'When Did You Get Hot?', 'duration_ms_m72': 145398.0, 'popularity_m72': 88.0, 'acousticness_m72': 0.231, 'danceability_m72': 0.696, 'energy_m72': 0.665, 'instrumentalness_m72': 0.0, 'key_m72': 5.0, 'liveness_m72': 0.33, 'loudness_m72': -4.559, 'mode_m72': 1.0, 'speechiness_m72': 0.13, 'tempo_m72': 89.136, 'valence_m72': 0.573, 'song_id_m73': '3NFs3XUduzBfvc5Bx1gmzh', 'title_m73': 'The Dead Dance', 'duration_ms_m73': 228518.0, 'popularity_m73': 79.0, 'acousticness_m73': 0.0184, 'danceability_m73': 0.573, 'energy_m73': 0.835, 'instrumentalness_m73': 3.73e-06, 'key_m73': 7.0, 'liveness_m73': 0.0733, 'loudness_m73': -4.831, 'mode_m73': 1.0, 'speechiness_m73': 0.0536, 'tempo_m73': 123.005, 'valence_m73': 0.237, 'song_id_m74': '7D0RhFcb3CrfPuTJ0obrod', 'title_m74': 'Sparks', 'duration_ms_m74': 227093.0, 'popularity_m74': 85.0, 'acousticness_m74': 0.748, 'danceability_m74': 0.371, 'energy_m74': 0.268, 'instrumentalness_m74': 0.0517, 'key_m74': 1.0, 'liveness_m74': 0.104, 'loudness_m74': -10.506, 'mode_m74': 1.0, 'speechiness_m74': 0.0281, 'tempo_m74': 102.617, 'valence_m74': 0.165, 'song_id_m75': '6vqyk3mbDBv3npTpctYoka', 'title_m75': 'Camera', 'duration_ms_m75': 215511.0, 'popularity_m75': 79.0, 'acousticness_m75': 0.2, 'danceability_m75': 0.613, 'energy_m75': 0.602, 'instrumentalness_m75': 0.0, 'key_m75': 2.0, 'liveness_m75': 0.0713, 'loudness_m75': -5.203, 'mode_m75': 1.0, 'speechiness_m75': 0.0319, 'tempo_m75': 139.783, 'valence_m75': 0.337, 'song_id_m76': '2uH74oFgwuk5x0DlD3EFJ1', 'title_m76': 'What Kinda Man', 'duration_ms_m76': 259146.0, 'popularity_m76': 59.0, 'acousticness_m76': 0.0353, 'danceability_m76': 0.435, 'energy_m76': 0.82, 'instrumentalness_m76': 0.0, 'key_m76': 7.0, 'liveness_m76': 0.182, 'loudness_m76': -4.173, 'mode_m76': 1.0, 'speechiness_m76': 0.047, 'tempo_m76': 124.008, 'valence_m76': 0.375, 'song_id_m77': '16Z0an8D4BJNm3VbWWpTnv', 'title_m77': \"Past Won't Leave My Bed\", 'duration_ms_m77': None, 'popularity_m77': None, 'acousticness_m77': None, 'danceability_m77': None, 'energy_m77': None, 'instrumentalness_m77': None, 'key_m77': None, 'liveness_m77': None, 'loudness_m77': None, 'mode_m77': None, 'speechiness_m77': None, 'tempo_m77': None, 'valence_m77': None, 'song_id_m78': '17U2M7HB14yGe9QSAmbyyB', 'title_m78': 'How Far Does A Goodbye Go', 'duration_ms_m78': 235727.0, 'popularity_m78': 67.0, 'acousticness_m78': 0.256, 'danceability_m78': 0.482, 'energy_m78': 0.706, 'instrumentalness_m78': 0.0, 'key_m78': 7.0, 'liveness_m78': 0.0992, 'loudness_m78': -4.626, 'mode_m78': 1.0, 'speechiness_m78': 0.0307, 'tempo_m78': 75.024, 'valence_m78': 0.587, 'song_id_m79': '5E2y5TSb2RJNCO01QjkgLf', 'title_m79': 'Days Like These', 'duration_ms_m79': 221826.0, 'popularity_m79': 72.0, 'acousticness_m79': 0.804, 'danceability_m79': 0.754, 'energy_m79': 0.265, 'instrumentalness_m79': 0.0, 'key_m79': 7.0, 'liveness_m79': 0.111, 'loudness_m79': -9.243, 'mode_m79': 1.0, 'speechiness_m79': 0.0364, 'tempo_m79': 135.88, 'valence_m79': 0.341, 'song_id_m80': '4oVO4fGNRRvEn0CRuFO4qv', 'title_m80': 'La Perla', 'duration_ms_m80': None, 'popularity_m80': None, 'acousticness_m80': None, 'danceability_m80': None, 'energy_m80': None, 'instrumentalness_m80': None, 'key_m80': None, 'liveness_m80': None, 'loudness_m80': None, 'mode_m80': None, 'speechiness_m80': None, 'tempo_m80': None, 'valence_m80': None, 'song_id_m81': '1bXKpjbalq0If54LBffE0i', 'title_m81': 'Heart Of Stone', 'duration_ms_m81': 181773.0, 'popularity_m81': 59.0, 'acousticness_m81': 0.073, 'danceability_m81': 0.614, 'energy_m81': 0.815, 'instrumentalness_m81': 0.0, 'key_m81': 2.0, 'liveness_m81': 0.341, 'loudness_m81': -4.687, 'mode_m81': 1.0, 'speechiness_m81': 0.0304, 'tempo_m81': 110.041, 'valence_m81': 0.37, 'song_id_m82': '3anaHXs7z8NwLUatPxqJlE', 'title_m82': 'Amen', 'duration_ms_m82': 197403.0, 'popularity_m82': 62.0, 'acousticness_m82': 0.0668, 'danceability_m82': 0.598, 'energy_m82': 0.741, 'instrumentalness_m82': 0.0, 'key_m82': 7.0, 'liveness_m82': 0.259, 'loudness_m82': -5.152, 'mode_m82': 1.0, 'speechiness_m82': 0.0272, 'tempo_m82': 85.031, 'valence_m82': 0.42, 'song_id_m83': '2ZCDXVmOLnKUHYVpycIq5F', 'title_m83': 'What You Is', 'duration_ms_m83': None, 'popularity_m83': None, 'acousticness_m83': None, 'danceability_m83': None, 'energy_m83': None, 'instrumentalness_m83': None, 'key_m83': None, 'liveness_m83': None, 'loudness_m83': None, 'mode_m83': None, 'speechiness_m83': None, 'tempo_m83': None, 'valence_m83': None, 'song_id_m84': '0InIeZW4P6VO7dUGRM4AKH', 'title_m84': 'Sienna', 'duration_ms_m84': 224840.0, 'popularity_m84': 77.0, 'acousticness_m84': 0.583, 'danceability_m84': 0.685, 'energy_m84': 0.468, 'instrumentalness_m84': 0.57, 'key_m84': 7.0, 'liveness_m84': 0.159, 'loudness_m84': -9.405, 'mode_m84': 1.0, 'speechiness_m84': 0.031, 'tempo_m84': 147.993, 'valence_m84': 0.594, 'song_id_m85': '6Q3lFQgpvhA9VApFKLFZtZ', 'title_m85': 'Strategy', 'duration_ms_m85': 168645.0, 'popularity_m85': 85.0, 'acousticness_m85': 0.216, 'danceability_m85': 0.773, 'energy_m85': 0.668, 'instrumentalness_m85': 0.0, 'key_m85': 2.0, 'liveness_m85': 0.314, 'loudness_m85': -3.96, 'mode_m85': 1.0, 'speechiness_m85': 0.06, 'tempo_m85': 110.006, 'valence_m85': 0.628, 'song_id_m86': '2cBtsB7Pi89q9yWk59a2sX', 'title_m86': 'ErrTime', 'duration_ms_m86': 146553.0, 'popularity_m86': 70.0, 'acousticness_m86': 0.0512, 'danceability_m86': 0.765, 'energy_m86': 0.627, 'instrumentalness_m86': 0.0, 'key_m86': 5.0, 'liveness_m86': 0.254, 'loudness_m86': -6.172, 'mode_m86': 0.0, 'speechiness_m86': 0.217, 'tempo_m86': 153.996, 'valence_m86': 0.491, 'song_id_m87': '6WjwYL2tzzci2pvpv50rS4', 'title_m87': 'Beautiful Things', 'duration_ms_m87': 235535.0, 'popularity_m87': 69.0, 'acousticness_m87': 0.319, 'danceability_m87': 0.404, 'energy_m87': 0.508, 'instrumentalness_m87': 0.0, 'key_m87': 3.0, 'liveness_m87': 0.0811, 'loudness_m87': -6.903, 'mode_m87': 1.0, 'speechiness_m87': 0.0332, 'tempo_m87': 79.122, 'valence_m87': 0.325, 'song_id_m88': '3roJNjr7zRlLyr1bTPq0AS', 'title_m88': 'Favorite Country Song', 'duration_ms_m88': 193248.0, 'popularity_m88': 68.0, 'acousticness_m88': 0.322, 'danceability_m88': 0.59, 'energy_m88': 0.573, 'instrumentalness_m88': 0.0, 'key_m88': 0.0, 'liveness_m88': 0.127, 'loudness_m88': -4.683, 'mode_m88': 1.0, 'speechiness_m88': 0.0291, 'tempo_m88': 147.973, 'valence_m88': 0.326, 'song_id_m89': '7gKxCvTDWwV9wBhdeBbr3l', 'title_m89': 'Nice To Each Other', 'duration_ms_m89': 209000.0, 'popularity_m89': 86.0, 'acousticness_m89': 0.406, 'danceability_m89': 0.761, 'energy_m89': 0.737, 'instrumentalness_m89': 0.00166, 'key_m89': 0.0, 'liveness_m89': 0.364, 'loudness_m89': -6.869, 'mode_m89': 1.0, 'speechiness_m89': 0.049, 'tempo_m89': 131.998, 'valence_m89': 0.738, 'song_id_m90': '1rKQjUhF9zFJmuUotr3VkV', 'title_m90': 'Takedown', 'duration_ms_m90': 181192.0, 'popularity_m90': 87.0, 'acousticness_m90': 0.0856, 'danceability_m90': 0.825, 'energy_m90': 0.777, 'instrumentalness_m90': 0.0, 'key_m90': 1.0, 'liveness_m90': 0.239, 'loudness_m90': -3.718, 'mode_m90': 0.0, 'speechiness_m90': 0.109, 'tempo_m90': 139.93, 'valence_m90': 0.519, 'song_id_m91': '6r6IPuFvUX72kQGc9b46rk', 'title_m91': 'Amor', 'duration_ms_m91': None, 'popularity_m91': None, 'acousticness_m91': None, 'danceability_m91': None, 'energy_m91': None, 'instrumentalness_m91': None, 'key_m91': None, 'liveness_m91': None, 'loudness_m91': None, 'mode_m91': None, 'speechiness_m91': None, 'tempo_m91': None, 'valence_m91': None, 'song_id_m92': '2fuYa3Lx06QQJAm0MjztKr', 'title_m92': 'Let Down', 'duration_ms_m92': 299560.0, 'popularity_m92': 74.0, 'acousticness_m92': 0.000121, 'danceability_m92': 0.351, 'energy_m92': 0.676, 'instrumentalness_m92': 0.113, 'key_m92': 9.0, 'liveness_m92': 0.18, 'loudness_m92': -9.017, 'mode_m92': 1.0, 'speechiness_m92': 0.0313, 'tempo_m92': 102.46, 'valence_m92': 0.143, 'song_id_m93': '1gJeOuF6VuBy2jZNN8CIOP', 'title_m93': '3,2,1', 'duration_ms_m93': 158333.0, 'popularity_m93': 55.0, 'acousticness_m93': 0.00772, 'danceability_m93': 0.547, 'energy_m93': 0.823, 'instrumentalness_m93': 0.0, 'key_m93': 10.0, 'liveness_m93': 0.125, 'loudness_m93': -5.006, 'mode_m93': 1.0, 'speechiness_m93': 0.0298, 'tempo_m93': 91.961, 'valence_m93': 0.597, 'song_id_m94': '2mNGL7mZILSqZHxGboJaO9', 'title_m94': 'Come N Go', 'duration_ms_m94': 198620.0, 'popularity_m94': 75.0, 'acousticness_m94': 0.0622, 'danceability_m94': 0.898, 'energy_m94': 0.587, 'instrumentalness_m94': 9.93e-05, 'key_m94': 9.0, 'liveness_m94': 0.145, 'loudness_m94': -5.704, 'mode_m94': 0.0, 'speechiness_m94': 0.054, 'tempo_m94': 145.022, 'valence_m94': 0.301, 'song_id_m95': '2OZVskV28xxJjjhQqKTLSg', 'title_m95': 'Pixelated Kisses', 'duration_ms_m95': 110430.0, 'popularity_m95': 87.0, 'acousticness_m95': 0.0354, 'danceability_m95': 0.503, 'energy_m95': 0.739, 'instrumentalness_m95': 0.25, 'key_m95': 4.0, 'liveness_m95': 0.421, 'loudness_m95': -6.667, 'mode_m95': 0.0, 'speechiness_m95': 0.0345, 'tempo_m95': 124.003, 'valence_m95': 0.0392, 'song_id_m96': '4SRShYMtFIGgnOU7iBicMH', 'title_m96': \"Nobody's Son\", 'duration_ms_m96': 182576.0, 'popularity_m96': 88.0, 'acousticness_m96': 0.336, 'danceability_m96': 0.452, 'energy_m96': 0.735, 'instrumentalness_m96': 0.0, 'key_m96': 2.0, 'liveness_m96': 0.0649, 'loudness_m96': -4.921, 'mode_m96': 1.0, 'speechiness_m96': 0.0449, 'tempo_m96': 173.919, 'valence_m96': 0.65, 'song_id_m97': '1BDLD4c07q0bmq2VCRsXoE', 'title_m97': \"I Ain't Coming Back\", 'duration_ms_m97': 175271.0, 'popularity_m97': 74.0, 'acousticness_m97': 0.566, 'danceability_m97': 0.372, 'energy_m97': 0.727, 'instrumentalness_m97': 0.0, 'key_m97': 11.0, 'liveness_m97': 0.298, 'loudness_m97': -4.9, 'mode_m97': 1.0, 'speechiness_m97': 0.0358, 'tempo_m97': 200.363, 'valence_m97': 0.741, 'song_id_m98': '43oBNdp6W1Z9YDu1svX1hl', 'title_m98': '3am', 'duration_ms_m98': 136127.0, 'popularity_m98': 71.0, 'acousticness_m98': 0.236, 'danceability_m98': 0.74, 'energy_m98': 0.482, 'instrumentalness_m98': 0.0, 'key_m98': 10.0, 'liveness_m98': 0.112, 'loudness_m98': -7.131, 'mode_m98': 0.0, 'speechiness_m98': 0.34, 'tempo_m98': 127.049, 'valence_m98': 0.118}]","chan":"stdout","logger":"task"}
{"timestamp":"2025-12-04T15:31:40.461829Z","level":"info","event":"(Background on this error at: https://sqlalche.me/e/14/9h9h)","chan":"stdout","logger":"task"}
{"timestamp":"2025-12-04T15:31:40.461867","level":"error","event":"Task failed with exception","logger":"task","error_detail":[{"exc_type":"DataError","exc_value":"(psycopg2.errors.NumericValueOutOfRange) numeric field overflow\nDETAIL:  A field with precision 5, scale 4 must round to an absolute value less than 10^1.\n\n[SQL: INSERT INTO songs (song_id, title, duration_ms, popularity, acousticness, danceability, energy, instrumentalness, key, liveness, loudness, mode, speechiness, tempo, valence) VALUES (%(song_id_m0)s, %(title_m0)s, %(duration_ms_m0)s, %(popularity_m0)s, %(acousticness_m0)s, %(danceability_m0)s, %(energy_m0)s, %(instrumentalness_m0)s, %(key_m0)s, %(liveness_m0)s, %(loudness_m0)s, %(mode_m0)s, %(speechiness_m0)s, %(tempo_m0)s, %(valence_m0)s), (%(song_id_m1)s, %(title_m1)s, %(duration_ms_m1)s, %(popularity_m1)s, %(acousticness_m1)s, %(danceability_m1)s, %(energy_m1)s, %(instrumentalness_m1)s, %(key_m1)s, %(liveness_m1)s, %(loudness_m1)s, %(mode_m1)s, %(speechiness_m1)s, %(tempo_m1)s, %(valence_m1)s), (%(song_id_m2)s, %(title_m2)s, %(duration_ms_m2)s, %(popularity_m2)s, %(acousticness_m2)s, %(danceability_m2)s, %(energy_m2)s, %(instrumentalness_m2)s, %(key_m2)s, %(liveness_m2)s, %(loudness_m2)s, %(mode_m2)s, %(speechiness_m2)s, %(tempo_m2)s, %(valence_m2)s), (%(song_id_m3)s, %(title_m3)s, %(duration_ms_m3)s, %(popularity_m3)s, %(acousticness_m3)s, %(danceability_m3)s, %(energy_m3)s, %(instrumentalness_m3)s, %(key_m3)s, %(liveness_m3)s, %(loudness_m3)s, %(mode_m3)s, %(speechiness_m3)s, %(tempo_m3)s, %(valence_m3)s), (%(song_id_m4)s, %(title_m4)s, %(duration_ms_m4)s, %(popularity_m4)s, %(acousticness_m4)s, %(danceability_m4)s, %(energy_m4)s, %(instrumentalness_m4)s, %(key_m4)s, %(liveness_m4)s, %(loudness_m4)s, %(mode_m4)s, %(speechiness_m4)s, %(tempo_m4)s, %(valence_m4)s), (%(song_id_m5)s, %(title_m5)s, %(duration_ms_m5)s, %(popularity_m5)s, %(acousticness_m5)s, %(danceability_m5)s, %(energy_m5)s, %(instrumentalness_m5)s, %(key_m5)s, %(liveness_m5)s, %(loudness_m5)s, %(mode_m5)s, %(speechiness_m5)s, %(tempo_m5)s, %(valence_m5)s), (%(song_id_m6)s, %(title_m6)s, %(duration_ms_m6)s, %(popularity_m6)s, %(acousticness_m6)s, %(danceability_m6)s, %(energy_m6)s, %(instrumentalness_m6)s, %(key_m6)s, %(liveness_m6)s, %(loudness_m6)s, %(mode_m6)s, %(speechiness_m6)s, %(tempo_m6)s, %(valence_m6)s), (%(song_id_m7)s, %(title_m7)s, %(duration_ms_m7)s, %(popularity_m7)s, %(acousticness_m7)s, %(danceability_m7)s, %(energy_m7)s, %(instrumentalness_m7)s, %(key_m7)s, %(liveness_m7)s, %(loudness_m7)s, %(mode_m7)s, %(speechiness_m7)s, %(tempo_m7)s, %(valence_m7)s), (%(song_id_m8)s, %(title_m8)s, %(duration_ms_m8)s, %(popularity_m8)s, %(acousticness_m8)s, %(danceability_m8)s, %(energy_m8)s, %(instrumentalness_m8)s, %(key_m8)s, %(liveness_m8)s, %(loudness_m8)s, %(mode_m8)s, %(speechiness_m8)s, %(tempo_m8)s, %(valence_m8)s), (%(song_id_m9)s, %(title_m9)s, %(duration_ms_m9)s, %(popularity_m9)s, %(acousticness_m9)s, %(danceability_m9)s, %(energy_m9)s, %(instrumentalness_m9)s, %(key_m9)s, %(liveness_m9)s, %(loudness_m9)s, %(mode_m9)s, %(speechiness_m9)s, %(tempo_m9)s, %(valence_m9)s), (%(song_id_m10)s, %(title_m10)s, %(duration_ms_m10)s, %(popularity_m10)s, %(acousticness_m10)s, %(danceability_m10)s, %(energy_m10)s, %(instrumentalness_m10)s, %(key_m10)s, %(liveness_m10)s, %(loudness_m10)s, %(mode_m10)s, %(speechiness_m10)s, %(tempo_m10)s, %(valence_m10)s), (%(song_id_m11)s, %(title_m11)s, %(duration_ms_m11)s, %(popularity_m11)s, %(acousticness_m11)s, %(danceability_m11)s, %(energy_m11)s, %(instrumentalness_m11)s, %(key_m11)s, %(liveness_m11)s, %(loudness_m11)s, %(mode_m11)s, %(speechiness_m11)s, %(tempo_m11)s, %(valence_m11)s), (%(song_id_m12)s, %(title_m12)s, %(duration_ms_m12)s, %(popularity_m12)s, %(acousticness_m12)s, %(danceability_m12)s, %(energy_m12)s, %(instrumentalness_m12)s, %(key_m12)s, %(liveness_m12)s, %(loudness_m12)s, %(mode_m12)s, %(speechiness_m12)s, %(tempo_m12)s, %(valence_m12)s), (%(song_id_m13)s, %(title_m13)s, %(duration_ms_m13)s, %(popularity_m13)s, %(acousticness_m13)s, %(danceability_m13)s, %(energy_m13)s, %(instrumentalness_m13)s, %(key_m13)s, %(liveness_m13)s, %(loudness_m13)s, %(mode_m13)s, %(speechiness_m13)s, %(tempo_m13)s, %(valence_m13)s), (%(song_id_m14)s, %(title_m14)s, %(duration_ms_m14)s, %(popularity_m14)s, %(acousticness_m14)s, %(danceability_m14)s, %(energy_m14)s, %(instrumentalness_m14)s, %(key_m14)s, %(liveness_m14)s, %(loudness_m14)s, %(mode_m14)s, %(speechiness_m14)s, %(tempo_m14)s, %(valence_m14)s), (%(song_id_m15)s, %(title_m15)s, %(duration_ms_m15)s, %(popularity_m15)s, %(acousticness_m15)s, %(danceability_m15)s, %(energy_m15)s, %(instrumentalness_m15)s, %(key_m15)s, %(liveness_m15)s, %(loudness_m15)s, %(mode_m15)s, %(speechiness_m15)s, %(tempo_m15)s, %(valence_m15)s), (%(song_id_m16)s, %(title_m16)s, %(duration_ms_m16)s, %(popularity_m16)s, %(acousticness_m16)s, %(danceability_m16)s, %(energy_m16)s, %(instrumentalness_m16)s, %(key_m16)s, %(liveness_m16)s, %(loudness_m16)s, %(mode_m16)s, %(speechiness_m16)s, %(tempo_m16)s, %(valence_m16)s), (%(song_id_m17)s, %(title_m17)s, %(duration_ms_m17)s, %(popularity_m17)s, %(acousticness_m17)s, %(danceability_m17)s, %(energy_m17)s, %(instrumentalness_m17)s, %(key_m17)s, %(liveness_m17)s, %(loudness_m17)s, %(mode_m17)s, %(speechiness_m17)s, %(tempo_m17)s, %(valence_m17)s), (%(song_id_m18)s, %(title_m18)s, %(duration_ms_m18)s, %(popularity_m18)s, %(acousticness_m18)s, %(danceability_m18)s, %(energy_m18)s, %(instrumentalness_m18)s, %(key_m18)s, %(liveness_m18)s, %(loudness_m18)s, %(mode_m18)s, %(speechiness_m18)s, %(tempo_m18)s, %(valence_m18)s), (%(song_id_m19)s, %(title_m19)s, %(duration_ms_m19)s, %(popularity_m19)s, %(acousticness_m19)s, %(danceability_m19)s, %(energy_m19)s, %(instrumentalness_m19)s, %(key_m19)s, %(liveness_m19)s, %(loudness_m19)s, %(mode_m19)s, %(speechiness_m19)s, %(tempo_m19)s, %(valence_m19)s), (%(song_id_m20)s, %(title_m20)s, %(duration_ms_m20)s, %(popularity_m20)s, %(acousticness_m20)s, %(danceability_m20)s, %(energy_m20)s, %(instrumentalness_m20)s, %(key_m20)s, %(liveness_m20)s, %(loudness_m20)s, %(mode_m20)s, %(speechiness_m20)s, %(tempo_m20)s, %(valence_m20)s), (%(song_id_m21)s, %(title_m21)s, %(duration_ms_m21)s, %(popularity_m21)s, %(acousticness_m21)s, %(danceability_m21)s, %(energy_m21)s, %(instrumentalness_m21)s, %(key_m21)s, %(liveness_m21)s, %(loudness_m21)s, %(mode_m21)s, %(speechiness_m21)s, %(tempo_m21)s, %(valence_m21)s), (%(song_id_m22)s, %(title_m22)s, %(duration_ms_m22)s, %(popularity_m22)s, %(acousticness_m22)s, %(danceability_m22)s, %(energy_m22)s, %(instrumentalness_m22)s, %(key_m22)s, %(liveness_m22)s, %(loudness_m22)s, %(mode_m22)s, %(speechiness_m22)s, %(tempo_m22)s, %(valence_m22)s), (%(song_id_m23)s, %(title_m23)s, %(duration_ms_m23)s, %(popularity_m23)s, %(acousticness_m23)s, %(danceability_m23)s, %(energy_m23)s, %(instrumentalness_m23)s, %(key_m23)s, %(liveness_m23)s, %(loudness_m23)s, %(mode_m23)s, %(speechiness_m23)s, %(tempo_m23)s, %(valence_m23)s), (%(song_id_m24)s, %(title_m24)s, %(duration_ms_m24)s, %(popularity_m24)s, %(acousticness_m24)s, %(danceability_m24)s, %(energy_m24)s, %(instrumentalness_m24)s, %(key_m24)s, %(liveness_m24)s, %(loudness_m24)s, %(mode_m24)s, %(speechiness_m24)s, %(tempo_m24)s, %(valence_m24)s), (%(song_id_m25)s, %(title_m25)s, %(duration_ms_m25)s, %(popularity_m25)s, %(acousticness_m25)s, %(danceability_m25)s, %(energy_m25)s, %(instrumentalness_m25)s, %(key_m25)s, %(liveness_m25)s, %(loudness_m25)s, %(mode_m25)s, %(speechiness_m25)s, %(tempo_m25)s, %(valence_m25)s), (%(song_id_m26)s, %(title_m26)s, %(duration_ms_m26)s, %(popularity_m26)s, %(acousticness_m26)s, %(danceability_m26)s, %(energy_m26)s, %(instrumentalness_m26)s, %(key_m26)s, %(liveness_m26)s, %(loudness_m26)s, %(mode_m26)s, %(speechiness_m26)s, %(tempo_m26)s, %(valence_m26)s), (%(song_id_m27)s, %(title_m27)s, %(duration_ms_m27)s, %(popularity_m27)s, %(acousticness_m27)s, %(danceability_m27)s, %(energy_m27)s, %(instrumentalness_m27)s, %(key_m27)s, %(liveness_m27)s, %(loudness_m27)s, %(mode_m27)s, %(speechiness_m27)s, %(tempo_m27)s, %(valence_m27)s), (%(song_id_m28)s, %(title_m28)s, %(duration_ms_m28)s, %(popularity_m28)s, %(acousticness_m28)s, %(danceability_m28)s, %(energy_m28)s, %(instrumentalness_m28)s, %(key_m28)s, %(liveness_m28)s, %(loudness_m28)s, %(mode_m28)s, %(speechiness_m28)s, %(tempo_m28)s, %(valence_m28)s), (%(song_id_m29)s, %(title_m29)s, %(duration_ms_m29)s, %(popularity_m29)s, %(acousticness_m29)s, %(danceability_m29)s, %(energy_m29)s, %(instrumentalness_m29)s, %(key_m29)s, %(liveness_m29)s, %(loudness_m29)s, %(mode_m29)s, %(speechiness_m29)s, %(tempo_m29)s, %(valence_m29)s), (%(song_id_m30)s, %(title_m30)s, %(duration_ms_m30)s, %(popularity_m30)s, %(acousticness_m30)s, %(danceability_m30)s, %(energy_m30)s, %(instrumentalness_m30)s, %(key_m30)s, %(liveness_m30)s, %(loudness_m30)s, %(mode_m30)s, %(speechiness_m30)s, %(tempo_m30)s, %(valence_m30)s), (%(song_id_m31)s, %(title_m31)s, %(duration_ms_m31)s, %(popularity_m31)s, %(acousticness_m31)s, %(danceability_m31)s, %(energy_m31)s, %(instrumentalness_m31)s, %(key_m31)s, %(liveness_m31)s, %(loudness_m31)s, %(mode_m31)s, %(speechiness_m31)s, %(tempo_m31)s, %(valence_m31)s), (%(song_id_m32)s, %(title_m32)s, %(duration_ms_m32)s, %(popularity_m32)s, %(acousticness_m32)s, %(danceability_m32)s, %(energy_m32)s, %(instrumentalness_m32)s, %(key_m32)s, %(liveness_m32)s, %(loudness_m32)s, %(mode_m32)s, %(speechiness_m32)s, %(tempo_m32)s, %(valence_m32)s), (%(song_id_m33)s, %(title_m33)s, %(duration_ms_m33)s, %(popularity_m33)s, %(acousticness_m33)s, %(danceability_m33)s, %(energy_m33)s, %(instrumentalness_m33)s, %(key_m33)s, %(liveness_m33)s, %(loudness_m33)s, %(mode_m33)s, %(speechiness_m33)s, %(tempo_m33)s, %(valence_m33)s), (%(song_id_m34)s, %(title_m34)s, %(duration_ms_m34)s, %(popularity_m34)s, %(acousticness_m34)s, %(danceability_m34)s, %(energy_m34)s, %(instrumentalness_m34)s, %(key_m34)s, %(liveness_m34)s, %(loudness_m34)s, %(mode_m34)s, %(speechiness_m34)s, %(tempo_m34)s, %(valence_m34)s), (%(song_id_m35)s, %(title_m35)s, %(duration_ms_m35)s, %(popularity_m35)s, %(acousticness_m35)s, %(danceability_m35)s, %(energy_m35)s, %(instrumentalness_m35)s, %(key_m35)s, %(liveness_m35)s, %(loudness_m35)s, %(mode_m35)s, %(speechiness_m35)s, %(tempo_m35)s, %(valence_m35)s), (%(song_id_m36)s, %(title_m36)s, %(duration_ms_m36)s, %(popularity_m36)s, %(acousticness_m36)s, %(danceability_m36)s, %(energy_m36)s, %(instrumentalness_m36)s, %(key_m36)s, %(liveness_m36)s, %(loudness_m36)s, %(mode_m36)s, %(speechiness_m36)s, %(tempo_m36)s, %(valence_m36)s), (%(song_id_m37)s, %(title_m37)s, %(duration_ms_m37)s, %(popularity_m37)s, %(acousticness_m37)s, %(danceability_m37)s, %(energy_m37)s, %(instrumentalness_m37)s, %(key_m37)s, %(liveness_m37)s, %(loudness_m37)s, %(mode_m37)s, %(speechiness_m37)s, %(tempo_m37)s, %(valence_m37)s), (%(song_id_m38)s, %(title_m38)s, %(duration_ms_m38)s, %(popularity_m38)s, %(acousticness_m38)s, %(danceability_m38)s, %(energy_m38)s, %(instrumentalness_m38)s, %(key_m38)s, %(liveness_m38)s, %(loudness_m38)s, %(mode_m38)s, %(speechiness_m38)s, %(tempo_m38)s, %(valence_m38)s), (%(song_id_m39)s, %(title_m39)s, %(duration_ms_m39)s, %(popularity_m39)s, %(acousticness_m39)s, %(danceability_m39)s, %(energy_m39)s, %(instrumentalness_m39)s, %(key_m39)s, %(liveness_m39)s, %(loudness_m39)s, %(mode_m39)s, %(speechiness_m39)s, %(tempo_m39)s, %(valence_m39)s), (%(song_id_m40)s, %(title_m40)s, %(duration_ms_m40)s, %(popularity_m40)s, %(acousticness_m40)s, %(danceability_m40)s, %(energy_m40)s, %(instrumentalness_m40)s, %(key_m40)s, %(liveness_m40)s, %(loudness_m40)s, %(mode_m40)s, %(speechiness_m40)s, %(tempo_m40)s, %(valence_m40)s), (%(song_id_m41)s, %(title_m41)s, %(duration_ms_m41)s, %(popularity_m41)s, %(acousticness_m41)s, %(danceability_m41)s, %(energy_m41)s, %(instrumentalness_m41)s, %(key_m41)s, %(liveness_m41)s, %(loudness_m41)s, %(mode_m41)s, %(speechiness_m41)s, %(tempo_m41)s, %(valence_m41)s), (%(song_id_m42)s, %(title_m42)s, %(duration_ms_m42)s, %(popularity_m42)s, %(acousticness_m42)s, %(danceability_m42)s, %(energy_m42)s, %(instrumentalness_m42)s, %(key_m42)s, %(liveness_m42)s, %(loudness_m42)s, %(mode_m42)s, %(speechiness_m42)s, %(tempo_m42)s, %(valence_m42)s), (%(song_id_m43)s, %(title_m43)s, %(duration_ms_m43)s, %(popularity_m43)s, %(acousticness_m43)s, %(danceability_m43)s, %(energy_m43)s, %(instrumentalness_m43)s, %(key_m43)s, %(liveness_m43)s, %(loudness_m43)s, %(mode_m43)s, %(speechiness_m43)s, %(tempo_m43)s, %(valence_m43)s), (%(song_id_m44)s, %(title_m44)s, %(duration_ms_m44)s, %(popularity_m44)s, %(acousticness_m44)s, %(danceability_m44)s, %(energy_m44)s, %(instrumentalness_m44)s, %(key_m44)s, %(liveness_m44)s, %(loudness_m44)s, %(mode_m44)s, %(speechiness_m44)s, %(tempo_m44)s, %(valence_m44)s), (%(song_id_m45)s, %(title_m45)s, %(duration_ms_m45)s, %(popularity_m45)s, %(acousticness_m45)s, %(danceability_m45)s, %(energy_m45)s, %(instrumentalness_m45)s, %(key_m45)s, %(liveness_m45)s, %(loudness_m45)s, %(mode_m45)s, %(speechiness_m45)s, %(tempo_m45)s, %(valence_m45)s), (%(song_id_m46)s, %(title_m46)s, %(duration_ms_m46)s, %(popularity_m46)s, %(acousticness_m46)s, %(danceability_m46)s, %(energy_m46)s, %(instrumentalness_m46)s, %(key_m46)s, %(liveness_m46)s, %(loudness_m46)s, %(mode_m46)s, %(speechiness_m46)s, %(tempo_m46)s, %(valence_m46)s), (%(song_id_m47)s, %(title_m47)s, %(duration_ms_m47)s, %(popularity_m47)s, %(acousticness_m47)s, %(danceability_m47)s, %(energy_m47)s, %(instrumentalness_m47)s, %(key_m47)s, %(liveness_m47)s, %(loudness_m47)s, %(mode_m47)s, %(speechiness_m47)s, %(tempo_m47)s, %(valence_m47)s), (%(song_id_m48)s, %(title_m48)s, %(duration_ms_m48)s, %(popularity_m48)s, %(acousticness_m48)s, %(danceability_m48)s, %(energy_m48)s, %(instrumentalness_m48)s, %(key_m48)s, %(liveness_m48)s, %(loudness_m48)s, %(mode_m48)s, %(speechiness_m48)s, %(tempo_m48)s, %(valence_m48)s), (%(song_id_m49)s, %(title_m49)s, %(duration_ms_m49)s, %(popularity_m49)s, %(acousticness_m49)s, %(danceability_m49)s, %(energy_m49)s, %(instrumentalness_m49)s, %(key_m49)s, %(liveness_m49)s, %(loudness_m49)s, %(mode_m49)s, %(speechiness_m49)s, %(tempo_m49)s, %(valence_m49)s), (%(song_id_m50)s, %(title_m50)s, %(duration_ms_m50)s, %(popularity_m50)s, %(acousticness_m50)s, %(danceability_m50)s, %(energy_m50)s, %(instrumentalness_m50)s, %(key_m50)s, %(liveness_m50)s, %(loudness_m50)s, %(mode_m50)s, %(speechiness_m50)s, %(tempo_m50)s, %(valence_m50)s), (%(song_id_m51)s, %(title_m51)s, %(duration_ms_m51)s, %(popularity_m51)s, %(acousticness_m51)s, %(danceability_m51)s, %(energy_m51)s, %(instrumentalness_m51)s, %(key_m51)s, %(liveness_m51)s, %(loudness_m51)s, %(mode_m51)s, %(speechiness_m51)s, %(tempo_m51)s, %(valence_m51)s), (%(song_id_m52)s, %(title_m52)s, %(duration_ms_m52)s, %(popularity_m52)s, %(acousticness_m52)s, %(danceability_m52)s, %(energy_m52)s, %(instrumentalness_m52)s, %(key_m52)s, %(liveness_m52)s, %(loudness_m52)s, %(mode_m52)s, %(speechiness_m52)s, %(tempo_m52)s, %(valence_m52)s), (%(song_id_m53)s, %(title_m53)s, %(duration_ms_m53)s, %(popularity_m53)s, %(acousticness_m53)s, %(danceability_m53)s, %(energy_m53)s, %(instrumentalness_m53)s, %(key_m53)s, %(liveness_m53)s, %(loudness_m53)s, %(mode_m53)s, %(speechiness_m53)s, %(tempo_m53)s, %(valence_m53)s), (%(song_id_m54)s, %(title_m54)s, %(duration_ms_m54)s, %(popularity_m54)s, %(acousticness_m54)s, %(danceability_m54)s, %(energy_m54)s, %(instrumentalness_m54)s, %(key_m54)s, %(liveness_m54)s, %(loudness_m54)s, %(mode_m54)s, %(speechiness_m54)s, %(tempo_m54)s, %(valence_m54)s), (%(song_id_m55)s, %(title_m55)s, %(duration_ms_m55)s, %(popularity_m55)s, %(acousticness_m55)s, %(danceability_m55)s, %(energy_m55)s, %(instrumentalness_m55)s, %(key_m55)s, %(liveness_m55)s, %(loudness_m55)s, %(mode_m55)s, %(speechiness_m55)s, %(tempo_m55)s, %(valence_m55)s), (%(song_id_m56)s, %(title_m56)s, %(duration_ms_m56)s, %(popularity_m56)s, %(acousticness_m56)s, %(danceability_m56)s, %(energy_m56)s, %(instrumentalness_m56)s, %(key_m56)s, %(liveness_m56)s, %(loudness_m56)s, %(mode_m56)s, %(speechiness_m56)s, %(tempo_m56)s, %(valence_m56)s), (%(song_id_m57)s, %(title_m57)s, %(duration_ms_m57)s, %(popularity_m57)s, %(acousticness_m57)s, %(danceability_m57)s, %(energy_m57)s, %(instrumentalness_m57)s, %(key_m57)s, %(liveness_m57)s, %(loudness_m57)s, %(mode_m57)s, %(speechiness_m57)s, %(tempo_m57)s, %(valence_m57)s), (%(song_id_m58)s, %(title_m58)s, %(duration_ms_m58)s, %(popularity_m58)s, %(acousticness_m58)s, %(danceability_m58)s, %(energy_m58)s, %(instrumentalness_m58)s, %(key_m58)s, %(liveness_m58)s, %(loudness_m58)s, %(mode_m58)s, %(speechiness_m58)s, %(tempo_m58)s, %(valence_m58)s), (%(song_id_m59)s, %(title_m59)s, %(duration_ms_m59)s, %(popularity_m59)s, %(acousticness_m59)s, %(danceability_m59)s, %(energy_m59)s, %(instrumentalness_m59)s, %(key_m59)s, %(liveness_m59)s, %(loudness_m59)s, %(mode_m59)s, %(speechiness_m59)s, %(tempo_m59)s, %(valence_m59)s), (%(song_id_m60)s, %(title_m60)s, %(duration_ms_m60)s, %(popularity_m60)s, %(acousticness_m60)s, %(danceability_m60)s, %(energy_m60)s, %(instrumentalness_m60)s, %(key_m60)s, %(liveness_m60)s, %(loudness_m60)s, %(mode_m60)s, %(speechiness_m60)s, %(tempo_m60)s, %(valence_m60)s), (%(song_id_m61)s, %(title_m61)s, %(duration_ms_m61)s, %(popularity_m61)s, %(acousticness_m61)s, %(danceability_m61)s, %(energy_m61)s, %(instrumentalness_m61)s, %(key_m61)s, %(liveness_m61)s, %(loudness_m61)s, %(mode_m61)s, %(speechiness_m61)s, %(tempo_m61)s, %(valence_m61)s), (%(song_id_m62)s, %(title_m62)s, %(duration_ms_m62)s, %(popularity_m62)s, %(acousticness_m62)s, %(danceability_m62)s, %(energy_m62)s, %(instrumentalness_m62)s, %(key_m62)s, %(liveness_m62)s, %(loudness_m62)s, %(mode_m62)s, %(speechiness_m62)s, %(tempo_m62)s, %(valence_m62)s), (%(song_id_m63)s, %(title_m63)s, %(duration_ms_m63)s, %(popularity_m63)s, %(acousticness_m63)s, %(danceability_m63)s, %(energy_m63)s, %(instrumentalness_m63)s, %(key_m63)s, %(liveness_m63)s, %(loudness_m63)s, %(mode_m63)s, %(speechiness_m63)s, %(tempo_m63)s, %(valence_m63)s), (%(song_id_m64)s, %(title_m64)s, %(duration_ms_m64)s, %(popularity_m64)s, %(acousticness_m64)s, %(danceability_m64)s, %(energy_m64)s, %(instrumentalness_m64)s, %(key_m64)s, %(liveness_m64)s, %(loudness_m64)s, %(mode_m64)s, %(speechiness_m64)s, %(tempo_m64)s, %(valence_m64)s), (%(song_id_m65)s, %(title_m65)s, %(duration_ms_m65)s, %(popularity_m65)s, %(acousticness_m65)s, %(danceability_m65)s, %(energy_m65)s, %(instrumentalness_m65)s, %(key_m65)s, %(liveness_m65)s, %(loudness_m65)s, %(mode_m65)s, %(speechiness_m65)s, %(tempo_m65)s, %(valence_m65)s), (%(song_id_m66)s, %(title_m66)s, %(duration_ms_m66)s, %(popularity_m66)s, %(acousticness_m66)s, %(danceability_m66)s, %(energy_m66)s, %(instrumentalness_m66)s, %(key_m66)s, %(liveness_m66)s, %(loudness_m66)s, %(mode_m66)s, %(speechiness_m66)s, %(tempo_m66)s, %(valence_m66)s), (%(song_id_m67)s, %(title_m67)s, %(duration_ms_m67)s, %(popularity_m67)s, %(acousticness_m67)s, %(danceability_m67)s, %(energy_m67)s, %(instrumentalness_m67)s, %(key_m67)s, %(liveness_m67)s, %(loudness_m67)s, %(mode_m67)s, %(speechiness_m67)s, %(tempo_m67)s, %(valence_m67)s), (%(song_id_m68)s, %(title_m68)s, %(duration_ms_m68)s, %(popularity_m68)s, %(acousticness_m68)s, %(danceability_m68)s, %(energy_m68)s, %(instrumentalness_m68)s, %(key_m68)s, %(liveness_m68)s, %(loudness_m68)s, %(mode_m68)s, %(speechiness_m68)s, %(tempo_m68)s, %(valence_m68)s), (%(song_id_m69)s, %(title_m69)s, %(duration_ms_m69)s, %(popularity_m69)s, %(acousticness_m69)s, %(danceability_m69)s, %(energy_m69)s, %(instrumentalness_m69)s, %(key_m69)s, %(liveness_m69)s, %(loudness_m69)s, %(mode_m69)s, %(speechiness_m69)s, %(tempo_m69)s, %(valence_m69)s), (%(song_id_m70)s, %(title_m70)s, %(duration_ms_m70)s, %(popularity_m70)s, %(acousticness_m70)s, %(danceability_m70)s, %(energy_m70)s, %(instrumentalness_m70)s, %(key_m70)s, %(liveness_m70)s, %(loudness_m70)s, %(mode_m70)s, %(speechiness_m70)s, %(tempo_m70)s, %(valence_m70)s), (%(song_id_m71)s, %(title_m71)s, %(duration_ms_m71)s, %(popularity_m71)s, %(acousticness_m71)s, %(danceability_m71)s, %(energy_m71)s, %(instrumentalness_m71)s, %(key_m71)s, %(liveness_m71)s, %(loudness_m71)s, %(mode_m71)s, %(speechiness_m71)s, %(tempo_m71)s, %(valence_m71)s), (%(song_id_m72)s, %(title_m72)s, %(duration_ms_m72)s, %(popularity_m72)s, %(acousticness_m72)s, %(danceability_m72)s, %(energy_m72)s, %(instrumentalness_m72)s, %(key_m72)s, %(liveness_m72)s, %(loudness_m72)s, %(mode_m72)s, %(speechiness_m72)s, %(tempo_m72)s, %(valence_m72)s), (%(song_id_m73)s, %(title_m73)s, %(duration_ms_m73)s, %(popularity_m73)s, %(acousticness_m73)s, %(danceability_m73)s, %(energy_m73)s, %(instrumentalness_m73)s, %(key_m73)s, %(liveness_m73)s, %(loudness_m73)s, %(mode_m73)s, %(speechiness_m73)s, %(tempo_m73)s, %(valence_m73)s), (%(song_id_m74)s, %(title_m74)s, %(duration_ms_m74)s, %(popularity_m74)s, %(acousticness_m74)s, %(danceability_m74)s, %(energy_m74)s, %(instrumentalness_m74)s, %(key_m74)s, %(liveness_m74)s, %(loudness_m74)s, %(mode_m74)s, %(speechiness_m74)s, %(tempo_m74)s, %(valence_m74)s), (%(song_id_m75)s, %(title_m75)s, %(duration_ms_m75)s, %(popularity_m75)s, %(acousticness_m75)s, %(danceability_m75)s, %(energy_m75)s, %(instrumentalness_m75)s, %(key_m75)s, %(liveness_m75)s, %(loudness_m75)s, %(mode_m75)s, %(speechiness_m75)s, %(tempo_m75)s, %(valence_m75)s), (%(song_id_m76)s, %(title_m76)s, %(duration_ms_m76)s, %(popularity_m76)s, %(acousticness_m76)s, %(danceability_m76)s, %(energy_m76)s, %(instrumentalness_m76)s, %(key_m76)s, %(liveness_m76)s, %(loudness_m76)s, %(mode_m76)s, %(speechiness_m76)s, %(tempo_m76)s, %(valence_m76)s), (%(song_id_m77)s, %(title_m77)s, %(duration_ms_m77)s, %(popularity_m77)s, %(acousticness_m77)s, %(danceability_m77)s, %(energy_m77)s, %(instrumentalness_m77)s, %(key_m77)s, %(liveness_m77)s, %(loudness_m77)s, %(mode_m77)s, %(speechiness_m77)s, %(tempo_m77)s, %(valence_m77)s), (%(song_id_m78)s, %(title_m78)s, %(duration_ms_m78)s, %(popularity_m78)s, %(acousticness_m78)s, %(danceability_m78)s, %(energy_m78)s, %(instrumentalness_m78)s, %(key_m78)s, %(liveness_m78)s, %(loudness_m78)s, %(mode_m78)s, %(speechiness_m78)s, %(tempo_m78)s, %(valence_m78)s), (%(song_id_m79)s, %(title_m79)s, %(duration_ms_m79)s, %(popularity_m79)s, %(acousticness_m79)s, %(danceability_m79)s, %(energy_m79)s, %(instrumentalness_m79)s, %(key_m79)s, %(liveness_m79)s, %(loudness_m79)s, %(mode_m79)s, %(speechiness_m79)s, %(tempo_m79)s, %(valence_m79)s), (%(song_id_m80)s, %(title_m80)s, %(duration_ms_m80)s, %(popularity_m80)s, %(acousticness_m80)s, %(danceability_m80)s, %(energy_m80)s, %(instrumentalness_m80)s, %(key_m80)s, %(liveness_m80)s, %(loudness_m80)s, %(mode_m80)s, %(speechiness_m80)s, %(tempo_m80)s, %(valence_m80)s), (%(song_id_m81)s, %(title_m81)s, %(duration_ms_m81)s, %(popularity_m81)s, %(acousticness_m81)s, %(danceability_m81)s, %(energy_m81)s, %(instrumentalness_m81)s, %(key_m81)s, %(liveness_m81)s, %(loudness_m81)s, %(mode_m81)s, %(speechiness_m81)s, %(tempo_m81)s, %(valence_m81)s), (%(song_id_m82)s, %(title_m82)s, %(duration_ms_m82)s, %(popularity_m82)s, %(acousticness_m82)s, %(danceability_m82)s, %(energy_m82)s, %(instrumentalness_m82)s, %(key_m82)s, %(liveness_m82)s, %(loudness_m82)s, %(mode_m82)s, %(speechiness_m82)s, %(tempo_m82)s, %(valence_m82)s), (%(song_id_m83)s, %(title_m83)s, %(duration_ms_m83)s, %(popularity_m83)s, %(acousticness_m83)s, %(danceability_m83)s, %(energy_m83)s, %(instrumentalness_m83)s, %(key_m83)s, %(liveness_m83)s, %(loudness_m83)s, %(mode_m83)s, %(speechiness_m83)s, %(tempo_m83)s, %(valence_m83)s), (%(song_id_m84)s, %(title_m84)s, %(duration_ms_m84)s, %(popularity_m84)s, %(acousticness_m84)s, %(danceability_m84)s, %(energy_m84)s, %(instrumentalness_m84)s, %(key_m84)s, %(liveness_m84)s, %(loudness_m84)s, %(mode_m84)s, %(speechiness_m84)s, %(tempo_m84)s, %(valence_m84)s), (%(song_id_m85)s, %(title_m85)s, %(duration_ms_m85)s, %(popularity_m85)s, %(acousticness_m85)s, %(danceability_m85)s, %(energy_m85)s, %(instrumentalness_m85)s, %(key_m85)s, %(liveness_m85)s, %(loudness_m85)s, %(mode_m85)s, %(speechiness_m85)s, %(tempo_m85)s, %(valence_m85)s), (%(song_id_m86)s, %(title_m86)s, %(duration_ms_m86)s, %(popularity_m86)s, %(acousticness_m86)s, %(danceability_m86)s, %(energy_m86)s, %(instrumentalness_m86)s, %(key_m86)s, %(liveness_m86)s, %(loudness_m86)s, %(mode_m86)s, %(speechiness_m86)s, %(tempo_m86)s, %(valence_m86)s), (%(song_id_m87)s, %(title_m87)s, %(duration_ms_m87)s, %(popularity_m87)s, %(acousticness_m87)s, %(danceability_m87)s, %(energy_m87)s, %(instrumentalness_m87)s, %(key_m87)s, %(liveness_m87)s, %(loudness_m87)s, %(mode_m87)s, %(speechiness_m87)s, %(tempo_m87)s, %(valence_m87)s), (%(song_id_m88)s, %(title_m88)s, %(duration_ms_m88)s, %(popularity_m88)s, %(acousticness_m88)s, %(danceability_m88)s, %(energy_m88)s, %(instrumentalness_m88)s, %(key_m88)s, %(liveness_m88)s, %(loudness_m88)s, %(mode_m88)s, %(speechiness_m88)s, %(tempo_m88)s, %(valence_m88)s), (%(song_id_m89)s, %(title_m89)s, %(duration_ms_m89)s, %(popularity_m89)s, %(acousticness_m89)s, %(danceability_m89)s, %(energy_m89)s, %(instrumentalness_m89)s, %(key_m89)s, %(liveness_m89)s, %(loudness_m89)s, %(mode_m89)s, %(speechiness_m89)s, %(tempo_m89)s, %(valence_m89)s), (%(song_id_m90)s, %(title_m90)s, %(duration_ms_m90)s, %(popularity_m90)s, %(acousticness_m90)s, %(danceability_m90)s, %(energy_m90)s, %(instrumentalness_m90)s, %(key_m90)s, %(liveness_m90)s, %(loudness_m90)s, %(mode_m90)s, %(speechiness_m90)s, %(tempo_m90)s, %(valence_m90)s), (%(song_id_m91)s, %(title_m91)s, %(duration_ms_m91)s, %(popularity_m91)s, %(acousticness_m91)s, %(danceability_m91)s, %(energy_m91)s, %(instrumentalness_m91)s, %(key_m91)s, %(liveness_m91)s, %(loudness_m91)s, %(mode_m91)s, %(speechiness_m91)s, %(tempo_m91)s, %(valence_m91)s), (%(song_id_m92)s, %(title_m92)s, %(duration_ms_m92)s, %(popularity_m92)s, %(acousticness_m92)s, %(danceability_m92)s, %(energy_m92)s, %(instrumentalness_m92)s, %(key_m92)s, %(liveness_m92)s, %(loudness_m92)s, %(mode_m92)s, %(speechiness_m92)s, %(tempo_m92)s, %(valence_m92)s), (%(song_id_m93)s, %(title_m93)s, %(duration_ms_m93)s, %(popularity_m93)s, %(acousticness_m93)s, %(danceability_m93)s, %(energy_m93)s, %(instrumentalness_m93)s, %(key_m93)s, %(liveness_m93)s, %(loudness_m93)s, %(mode_m93)s, %(speechiness_m93)s, %(tempo_m93)s, %(valence_m93)s), (%(song_id_m94)s, %(title_m94)s, %(duration_ms_m94)s, %(popularity_m94)s, %(acousticness_m94)s, %(danceability_m94)s, %(energy_m94)s, %(instrumentalness_m94)s, %(key_m94)s, %(liveness_m94)s, %(loudness_m94)s, %(mode_m94)s, %(speechiness_m94)s, %(tempo_m94)s, %(valence_m94)s), (%(song_id_m95)s, %(title_m95)s, %(duration_ms_m95)s, %(popularity_m95)s, %(acousticness_m95)s, %(danceability_m95)s, %(energy_m95)s, %(instrumentalness_m95)s, %(key_m95)s, %(liveness_m95)s, %(loudness_m95)s, %(mode_m95)s, %(speechiness_m95)s, %(tempo_m95)s, %(valence_m95)s), (%(song_id_m96)s, %(title_m96)s, %(duration_ms_m96)s, %(popularity_m96)s, %(acousticness_m96)s, %(danceability_m96)s, %(energy_m96)s, %(instrumentalness_m96)s, %(key_m96)s, %(liveness_m96)s, %(loudness_m96)s, %(mode_m96)s, %(speechiness_m96)s, %(tempo_m96)s, %(valence_m96)s), (%(song_id_m97)s, %(title_m97)s, %(duration_ms_m97)s, %(popularity_m97)s, %(acousticness_m97)s, %(danceability_m97)s, %(energy_m97)s, %(instrumentalness_m97)s, %(key_m97)s, %(liveness_m97)s, %(loudness_m97)s, %(mode_m97)s, %(speechiness_m97)s, %(tempo_m97)s, %(valence_m97)s), (%(song_id_m98)s, %(title_m98)s, %(duration_ms_m98)s, %(popularity_m98)s, %(acousticness_m98)s, %(danceability_m98)s, %(energy_m98)s, %(instrumentalness_m98)s, %(key_m98)s, %(liveness_m98)s, %(loudness_m98)s, %(mode_m98)s, %(speechiness_m98)s, %(tempo_m98)s, %(valence_m98)s)]\n[parameters: {'song_id_m0': '53iuhJlwXhSER5J2IYYv1W', 'title_m0': 'The Fate Of Ophelia', 'duration_ms_m0': 226073.0, 'popularity_m0': 97.0, 'acousticness_m0': 0.265, 'danceability_m0': 0.726, 'energy_m0': 0.598, 'instrumentalness_m0': 0.0, 'key_m0': 5.0, 'liveness_m0': 0.102, 'loudness_m0': -5.179, 'mode_m0': 1.0, 'speechiness_m0': 0.0291, 'tempo_m0': 123.921, 'valence_m0': 0.519, 'song_id_m1': '1CPZ5BxNNd0n0nF4Orb9JS', 'title_m1': 'Golden', 'duration_ms_m1': 194607.0, 'popularity_m1': 99.0, 'acousticness_m1': 0.0966, 'danceability_m1': 0.651, 'energy_m1': 0.686, 'instrumentalness_m1': 0.0, 'key_m1': 4.0, 'liveness_m1': 0.185, 'loudness_m1': -4.371, 'mode_m1': 0.0, 'speechiness_m1': 0.0616, 'tempo_m1': 122.715, 'valence_m1': 0.104, 'song_id_m2': '2RkZ5LkEzeHGRsmDqKwmaJ', 'title_m2': 'Ordinary', 'duration_ms_m2': 186964.0, 'popularity_m2': 87.0, 'acousticness_m2': 0.704, 'danceability_m2': 0.368, 'energy_m2': 0.694, 'instrumentalness_m2': 6.59e-06, 'key_m2': 2.0, 'liveness_m2': 0.055, 'loudness_m2': -6.141, 'mode_m2': 1.0, 'speechiness_m2': 0.06, 'tempo_m2': 168.115, 'valence_m2': 0.391, 'song_id_m3': '1qbmS6ep2hbBRaEZFpn7BX', 'title_m3': 'Man I Need', 'duration_ms_m3': 184000.0, 'popularity_m3': 95.0, 'acousticness_m3': 0.488, 'danceability_m3': 0.808, 'energy_m3': 0.593, 'instrumentalness_m3': 0.000451, 'key_m3': 1.0, 'liveness_m3': 0.0933, 'loudness_m3': -7.27, 'mode_m3': 1.0, 'speechiness_m3': 0.0714, 'tempo_m3': 119.008, 'valence_m3': 0.688, 'song_id_m4': '3yWuTOYDztXjZxdE2cIRUa', 'title_m4': 'Opalite', 'duration_ms_m4': 235355.0, 'popularity_m4': 95.0, 'acousticness_m4': 0.0784, 'danceability_m4': 0.806, 'energy_m4': 0.819, 'instrumentalness_m4': 0.0, 'key_m4': 4.0, 'liveness_m4': 0.0371, 'loudness_m4': -5.033, 'mode_m4': 0.0, 'speechiness_m4': 0.0384, 'tempo_m4': 124.994, 'valence_m4': 0.802, 'song_id_m5': '5BZsQlgw21vDOAjoqkNgKb', 'title_m5': 'Daisies', 'duration_ms_m5': 176453.0, 'popularity_m5': 95.0, 'acousticness_m5': 0.715, 'danceability_m5': 0.802, 'energy_m5': 0.384, 'instrumentalness_m5': 0.000686, 'key_m5': 8.0, 'liveness_m5': 0.108, 'loudness_m5': -8.906, 'mode_m5': 1.0, 'speechiness_m5': 0.054, 'tempo_m5': 110.153, 'valence_m5': 0.482, 'song_id_m6': '2uvE4L5ZsYKpv8hbK4TIOt', 'title_m6': 'Mutt', 'duration_ms_m6': 192933.0, 'popularity_m6': 82.0, 'acousticness_m6': 0.216, 'danceability_m6': 0.572, 'energy_m6': 0.455, 'instrumentalness_m6': 3.88e-06, 'key_m6': 1.0, 'liveness_m6': 0.072, 'loudness_m6': -8.078, 'mode_m6': 1.0, 'speechiness_m6': 0.134, 'tempo_m6': 179.787, 'valence_m6': 0.597, 'song_id_m7': '0bxPRWprUVpQK0UFcddkrA', 'title_m7': 'Folded', 'duration_ms_m7': 238120.0, 'popularity_m7': 88.0, 'acousticness_m7': 0.295, 'danceability_m7': 0.572, 'energy_m7': 0.598, 'instrumentalness_m7': 0.0, 'key_m7': 1.0, 'liveness_m7': 0.12, 'loudness_m7': -7.189, 'mode_m7': 1.0, 'speechiness_m7': 0.0564, 'tempo_m7': 135.578, 'valence_m7': 0.498, 'song_id_m8': '4gfrYDtaRmp6HPvN80V2ob', 'title_m8': 'I Got Better', 'duration_ms_m8': 204963.0, 'popularity_m8': 84.0, 'acousticness_m8': 0.576, 'danceability_m8': 0.598, 'energy_m8': 0.798, 'instrumentalness_m8': 0.000564, 'key_m8': 0.0, 'liveness_m8': 0.155, 'loudness_m8': -4.587, 'mode_m8': 1.0, 'speechiness_m8': 0.0295, 'tempo_m8': 84.986, 'valence_m8': 0.542, 'song_id_m9': '7qjZnBKE73H4Oxkopwulqe', 'title_m9': 'Back To Friends', 'duration_ms_m9': 199032.0, 'popularity_m9': 91.0, 'acousticness_m9': 9.37e-05, 'danceability_m9': 0.436, 'energy_m9': 0.723, 'instrumentalness_m9': 8.82e-05, 'key_m9': 1.0, 'liveness_m9': 0.0929, 'loudness_m9': -2.291, 'mode_m9': 1.0, 'speechiness_m9': 0.0301, 'tempo_m9': 92.855, 'valence_m9': 0.235, 'song_id_m10': '0bYg9bo50gSsH3LtXe2SQn', 'title_m10': 'All I Want For Christmas Is You', 'duration_ms_m10': 241106.0, 'popularity_m10': 89.0, 'acousticness_m10': 0.164, 'danceability_m10': 0.336, 'energy_m10': 0.627, 'instrumentalness_m10': 0.0, 'key_m10': 7.0, 'liveness_m10': 0.0708, 'loudness_m10': -7.463, 'mode_m10': 1.0, 'speechiness_m10': 0.0384, 'tempo_m10': 150.273, 'valence_m10': 0.35, 'song_id_m11': '4ThbwJaIWVxXZ1qJaHQBCz', 'title_m11': \"Travelin' Soldier\", 'duration_ms_m11': None, 'popularity_m11': None, 'acousticness_m11': None, 'danceability_m11': None, 'energy_m11': None, 'instrumentalness_m11': None, 'key_m11': None, 'liveness_m11': None, 'loudness_m11': None, 'mode_m11': None, 'speechiness_m11': None, 'tempo_m11': None, 'valence_m11': None, 'song_id_m12': '2FRnf9qhLbvw8fu4IBXx78', 'title_m12': 'Last Christmas', 'duration_ms_m12': 262960.0, 'popularity_m12': 87.0, 'acousticness_m12': 0.189, 'danceability_m12': 0.735, 'energy_m12': 0.478, 'instrumentalness_m12': 2.48e-06, 'key_m12': 2.0, 'liveness_m12': 0.355, 'loudness_m12': -12.472, 'mode_m12': 1.0, 'speechiness_m12': 0.0293, 'tempo_m12': 107.682, 'valence_m12': 0.947, 'song_id_m13': '04emojnbYkrRmv5qtJcgVP', 'title_m13': 'What I Want', 'duration_ms_m13': 184517.0, 'popularity_m13': 86.0, 'acousticness_m13': 0.639, 'danceability_m13': 0.657, 'energy_m13': 0.699, 'instrumentalness_m13': 0.0, 'key_m13': 9.0, 'liveness_m13': 0.148, 'loudness_m13': -3.92, 'mode_m13': 1.0, 'speechiness_m13': 0.0262, 'tempo_m13': 115.998, 'valence_m13': 0.495, 'song_id_m14': '02sy7FAs8dkDNYsHp4Ul3f', 'title_m14': 'Soda Pop', 'duration_ms_m14': 150686.0, 'popularity_m14': 94.0, 'acousticness_m14': 0.0816, 'danceability_m14': 0.841, 'energy_m14': 0.852, 'instrumentalness_m14': 0.0, 'key_m14': 0.0, 'liveness_m14': 0.0576, 'loudness_m14': -3.591, 'mode_m14': 1.0, 'speechiness_m14': 0.0486, 'tempo_m14': 125.997, 'valence_m14': 0.758, 'song_id_m15': '0t3pcqgBjuAVBgY2oEUIlH', 'title_m15': 'It Depends', 'duration_ms_m15': 271874.0, 'popularity_m15': 0.0, 'acousticness_m15': 0.0238, 'danceability_m15': 0.66, 'energy_m15': 0.466, 'instrumentalness_m15': 0.0, 'key_m15': 1.0, 'liveness_m15': 0.0747, 'loudness_m15': -7.9, 'mode_m15': 1.0, 'speechiness_m15': 0.0495, 'tempo_m15': 136.034, 'valence_m15': 0.363, 'song_id_m16': '1jgTiNob5cVyXeJ3WgX5bL', 'title_m16': 'Elizabeth Taylor', 'duration_ms_m16': 208291.0, 'popularity_m16': 95.0, 'acousticness_m16': 0.36, 'danceability_m16': 0.623, 'energy_m16': 0.627, 'instrumentalness_m16': 0.0, 'key_m16': 2.0, 'liveness_m16': 0.116, 'loudness_m16': -6.685, 'mode_m16': 1.0, 'speechiness_m16': 0.0448, 'tempo_m16': 81.995, 'valence_m16': 0.565, 'song_id_m17': '42VUCXerQ5qTr4Qp6PhKo4', 'title_m17': 'Tears', 'duration_ms_m17': 160183.0, 'popularity_m17': 91.0, 'acousticness_m17': 0.0204, 'danceability_m17': 0.699, 'energy_m17': 0.876, 'instrumentalness_m17': 0.000105, 'key_m17': 0.0, 'liveness_m17': 0.0307, 'loudness_m17': -4.855, 'mode_m17': 1.0, 'speechiness_m17': 0.0514, 'tempo_m17': 113.036, 'valence_m17': 0.485, 'song_id_m18': '2EjXfH91m7f8HiJN1yQg97', 'title_m18': \"Rockin' Around The Christmas Tree\", 'duration_ms_m18': 126266.0, 'popularity_m18': 87.0, 'acousticness_m18': 0.617, 'danceability_m18': 0.598, 'energy_m18': 0.47, 'instrumentalness_m18': 0.0, 'key_m18': 8.0, 'liveness_m18': 0.505, 'loudness_m18': -8.744, 'mode_m18': 1.0, 'speechiness_m18': 0.0496, 'tempo_m18': 67.086, 'valence_m18': 0.879, 'song_id_m19': '7vQbuQcyTflfCIOu3Uzzya', 'title_m19': 'Jingle Bell Rock', 'duration_ms_m19': 130973.0, 'popularity_m19': 85.0, 'acousticness_m19': 0.643, 'danceability_m19': 0.754, 'energy_m19': 0.424, 'instrumentalness_m19': 0.0, 'key_m19': 2.0, 'liveness_m19': 0.0652, 'loudness_m19': -8.463, 'mode_m19': 1.0, 'speechiness_m19': 0.0363, 'tempo_m19': 119.705, 'valence_m19': 0.806, 'song_id_m20': '65DbTqJKhbwqYbZ1Okr0rc', 'title_m20': \"Choosin' Texas\", 'duration_ms_m20': 232226.0, 'popularity_m20': 73.0, 'acousticness_m20': 0.00939, 'danceability_m20': 0.683, 'energy_m20': 0.78, 'instrumentalness_m20': 0.0, 'key_m20': 1.0, 'liveness_m20': 0.194, 'loudness_m20': -4.74, 'mode_m20': 1.0, 'speechiness_m20': 0.031, 'tempo_m20': 112.027, 'valence_m20': 0.486, 'song_id_m21': '4WFgvKVfEhb3IUAFGrutTR', 'title_m21': 'Love Me Not', 'duration_ms_m21': 213466.0, 'popularity_m21': 77.0, 'acousticness_m21': 0.296, 'danceability_m21': 0.779, 'energy_m21': 0.731, 'instrumentalness_m21': 0.0, 'key_m21': 0.0, 'liveness_m21': 0.128, 'loudness_m21': -6.176, 'mode_m21': 1.0, 'speechiness_m21': 0.0306, 'tempo_m21': 114.001, 'valence_m21': 0.814, 'song_id_m22': '2BwO5K8Q7EPAJSGze3AAh9', 'title_m22': 'Manchild', 'duration_ms_m22': 213645.0, 'popularity_m22': 86.0, 'acousticness_m22': 0.0987, 'danceability_m22': 0.73, 'energy_m22': 0.686, 'instrumentalness_m22': 0.0, 'key_m22': 7.0, 'liveness_m22': 0.317, 'loudness_m22': -5.107, 'mode_m22': 1.0, 'speechiness_m22': 0.0615, 'tempo_m22': 123.014, 'valence_m22': 0.839, 'song_id_m23': '1I37Zz2g3hk9eWxaNkj031', 'title_m23': 'Your Idol', 'duration_ms_m23': 191537.0, 'popularity_m23': 94.0, 'acousticness_m23': 0.127, 'danceability_m23': 0.684, 'energy_m23': 0.844, 'instrumentalness_m23': 0.0, 'key_m23': 11.0, 'liveness_m23': 0.208, 'loudness_m23': -3.764, 'mode_m23': 0.0, 'speechiness_m23': 0.082, 'tempo_m23': 90.016, 'valence_m23': 0.361, 'song_id_m24': '04a44cx2PJthIbN2aLMXhl', 'title_m24': 'Tit For Tat', 'duration_ms_m24': 175956.0, 'popularity_m24': 91.0, 'acousticness_m24': 0.206, 'danceability_m24': 0.623, 'energy_m24': 0.705, 'instrumentalness_m24': 0.0, 'key_m24': 8.0, 'liveness_m24': 0.273, 'loudness_m24': -5.036, 'mode_m24': 0.0, 'speechiness_m24': 0.072, 'tempo_m24': 83.974, 'valence_m24': 0.492, 'song_id_m25': '2TEQvxxQabwLQMqWMg1qGu', 'title_m25': 'Wi$h Li$t', 'duration_ms_m25': 207349.0, 'popularity_m25': 93.0, 'acousticness_m25': 0.303, 'danceability_m25': 0.694, 'energy_m25': 0.494, 'instrumentalness_m25': 1.76e-05, 'key_m25': 0.0, 'liveness_m25': 0.0811, 'loudness_m25': -6.543, 'mode_m25': 1.0, 'speechiness_m25': 0.0352, 'tempo_m25': 147.873, 'valence_m25': 0.479, 'song_id_m26': '3RXUgPNIbUgFxsDWuBQEt6', 'title_m26': \"How It's Done\", 'duration_ms_m26': 176059.0, 'popularity_m26': 93.0, 'acousticness_m26': 0.0114, 'danceability_m26': 0.604, 'energy_m26': 0.857, 'instrumentalness_m26': 0.0, 'key_m26': 2.0, 'liveness_m26': 0.322, 'loudness_m26': -3.372, 'mode_m26': 1.0, 'speechiness_m26': 0.0967, 'tempo_m26': 160.011, 'valence_m26': 0.614, 'song_id_m27': '03bTIHJElXZ0O0jqOQvAbY', 'title_m27': 'Father Figure', 'duration_ms_m27': 212777.0, 'popularity_m27': 94.0, 'acousticness_m27': 0.302, 'danceability_m27': 0.745, 'energy_m27': 0.661, 'instrumentalness_m27': 0.0, 'key_m27': 11.0, 'liveness_m27': 0.249, 'loudness_m27': -6.29, 'mode_m27': 0.0, 'speechiness_m27': 0.0354, 'tempo_m27': 93.949, 'valence_m27': 0.321, 'song_id_m28': '6sGIMrtIzQjdzNndVxe397', 'title_m28': 'So Easy (To Fall In Love)', 'duration_ms_m28': 169000.0, 'popularity_m28': 89.0, 'acousticness_m28': 0.665, 'danceability_m28': 0.749, 'energy_m28': 0.633, 'instrumentalness_m28': 0.0, 'key_m28': 3.0, 'liveness_m28': 0.0817, 'loudness_m28': -5.917, 'mode_m28': 1.0, 'speechiness_m28': 0.0373, 'tempo_m28': 139.898, 'valence_m28': 0.572, 'song_id_m29': '0lizgQ7Qw35od7CYaoMBZb', 'title_m29': 'Santa Tell Me', 'duration_ms_m29': 204093.0, 'popularity_m29': 86.0, 'acousticness_m29': 0.0489, 'danceability_m29': 0.525, 'energy_m29': 0.621, 'instrumentalness_m29': 0.0, 'key_m29': 7.0, 'liveness_m29': 0.291, 'loudness_m29': -7.364, 'mode_m29': 1.0, 'speechiness_m29': 0.117, 'tempo_m29': 191.868, 'valence_m29': 0.592, 'song_id_m30': '1xOqGUkyxGQRdCvGpvWKmL', 'title_m30': 'Gabriela', 'duration_ms_m30': 197226.0, 'popularity_m30': 93.0, 'acousticness_m30': 0.184, 'danceability_m30': 0.653, 'energy_m30': 0.754, 'instrumentalness_m30': 0.0, 'key_m30': 7.0, 'liveness_m30': 0.369, 'loudness_m30': -4.579, 'mode_m30': 1.0, 'speechiness_m30': 0.0692, 'tempo_m30': 145.884, 'valence_m30': 0.623, 'song_id_m31': '5sBDrrtLGbV64QJnEqfjer', 'title_m31': 'What It Sounds Like', 'duration_ms_m31': 250268.0, 'popularity_m31': 93.0, 'acousticness_m31': 0.0478, 'danceability_m31': 0.513, 'energy_m31': 0.705, 'instrumentalness_m31': 0.0, 'key_m31': 1.0, 'liveness_m31': 0.298, 'loudness_m31': -4.486, 'mode_m31': 0.0, 'speechiness_m31': 0.0641, 'tempo_m31': 120.725, 'valence_m31': 0.346, 'song_id_m32': '1FHIZknONrV2c20w0x5AVG', 'title_m32': \"Don't Mind If I Do\", 'duration_ms_m32': 218946.0, 'popularity_m32': 70.0, 'acousticness_m32': 0.686, 'danceability_m32': 0.411, 'energy_m32': 0.369, 'instrumentalness_m32': 0.0, 'key_m32': 5.0, 'liveness_m32': 0.157, 'loudness_m32': -9.579, 'mode_m32': 1.0, 'speechiness_m32': 0.031, 'tempo_m32': 87.548, 'valence_m32': 0.214, 'song_id_m33': '1vgourDwo7hFFamSxepvar', 'title_m33': 'Happen To Me', 'duration_ms_m33': 183615.0, 'popularity_m33': 76.0, 'acousticness_m33': 0.0857, 'danceability_m33': 0.586, 'energy_m33': 0.794, 'instrumentalness_m33': 0.0, 'key_m33': 9.0, 'liveness_m33': 0.184, 'loudness_m33': -4.343, 'mode_m33': 1.0, 'speechiness_m33': 0.0392, 'tempo_m33': 118.015, 'valence_m33': 0.463, 'song_id_m34': '3cZajhyr8LmtPfHZ9296tj', 'title_m34': 'No Broke Boys', 'duration_ms_m34': 163994.0, 'popularity_m34': 92.0, 'acousticness_m34': 0.34, 'danceability_m34': 0.767, 'energy_m34': 0.834, 'instrumentalness_m34': 0.111, 'key_m34': 1.0, 'liveness_m34': 0.0901, 'loudness_m34': -7.415, 'mode_m34': 0.0, 'speechiness_m34': 0.0315, 'tempo_m34': 130.999, 'valence_m34': 0.962, 'song_id_m35': '4Km9FSF9iaQiTLnFPdbPom', 'title_m35': '6 Months Later', 'duration_ms_m35': 182868.0, 'popularity_m35': 76.0, 'acousticness_m35': 0.00552, 'danceability_m35': 0.537, 'energy_m35': 0.822, 'instrumentalness_m35': 0.0, 'key_m35': 8.0, 'liveness_m35': 0.0574, 'loudness_m35': -4.621, 'mode_m35': 1.0, 'speechiness_m35': 0.0407, 'tempo_m35': 142.216, 'valence_m35': 0.699, 'song_id_m36': '1NXbNEAcPvY5G1xvfN57aA', 'title_m36': 'Dracula', 'duration_ms_m36': 205308.0, 'popularity_m36': 77.0, 'acousticness_m36': 0.0267, 'danceability_m36': 0.415, 'energy_m36': 0.731, 'instrumentalness_m36': 4.58e-05, 'key_m36': 3.0, 'liveness_m36': 0.317, 'loudness_m36': -3.507, 'mode_m36': 0.0, 'speechiness_m36': 0.0586, 'tempo_m36': 114.837, 'valence_m36': 0.612, 'song_id_m37': '0aGIy8kll4HYDnNTDlf2vU', 'title_m37': 'Somewhere Over Laredo', 'duration_ms_m37': 226000.0, 'popularity_m37': 69.0, 'acousticness_m37': 0.429, 'danceability_m37': 0.607, 'energy_m37': 0.604, 'instrumentalness_m37': 2.23e-05, 'key_m37': 1.0, 'liveness_m37': 0.102, 'loudness_m37': -6.087, 'mode_m37': 1.0, 'speechiness_m37': 0.0302, 'tempo_m37': 118.087, 'valence_m37': 0.303, 'song_id_m38': '0WsC4ETIXyiHDMXRaPMvKe', 'title_m38': 'wgft', 'duration_ms_m38': 184440.0, 'popularity_m38': 70.0, 'acousticness_m38': 0.0913, 'danceability_m38': 0.713, 'energy_m38': 0.413, 'instrumentalness_m38': 0.00688, 'key_m38': 2.0, 'liveness_m38': 0.141, 'loudness_m38': -8.091, 'mode_m38': 1.0, 'speechiness_m38': 0.0975, 'tempo_m38': 88.503, 'valence_m38': 0.377, 'song_id_m39': '3YZE5qDV7u1ZD1gZc47ZeR', 'title_m39': 'Underneath The Tree', 'duration_ms_m39': None, 'popularity_m39': None, 'acousticness_m39': None, 'danceability_m39': None, 'energy_m39': None, 'instrumentalness_m39': None, 'key_m39': None, 'liveness_m39': None, 'loudness_m39': None, 'mode_m39': None, 'speechiness_m39': None, 'tempo_m39': None, 'valence_m39': None, 'song_id_m40': '62V2ZHslgQV98gH4AuVXnr', 'title_m40': 'Ruin The Friendship', 'duration_ms_m40': 220564.0, 'popularity_m40': 93.0, 'acousticness_m40': 0.445, 'danceability_m40': 0.625, 'energy_m40': 0.69, 'instrumentalness_m40': 0.0, 'key_m40': 7.0, 'liveness_m40': 0.102, 'loudness_m40': -5.913, 'mode_m40': 1.0, 'speechiness_m40': 0.0875, 'tempo_m40': 159.868, 'valence_m40': 0.673, 'song_id_m41': '0MHStU0muAIEMbwdnebYu2', 'title_m41': 'Takedown', 'duration_ms_m41': 182016.0, 'popularity_m41': 92.0, 'acousticness_m41': 0.0354, 'danceability_m41': 0.73, 'energy_m41': 0.846, 'instrumentalness_m41': 0.0, 'key_m41': 1.0, 'liveness_m41': 0.202, 'loudness_m41': -4.141, 'mode_m41': 0.0, 'speechiness_m41': 0.0994, 'tempo_m41': 139.954, 'valence_m41': 0.709, 'song_id_m42': '5DxDLsW6PsLz5gkwC7Mk5S', 'title_m42': 'Free', 'duration_ms_m42': 187963.0, 'popularity_m42': 91.0, 'acousticness_m42': 0.225, 'danceability_m42': 0.648, 'energy_m42': 0.56, 'instrumentalness_m42': 0.0, 'key_m42': 1.0, 'liveness_m42': 0.0991, 'loudness_m42': -5.597, 'mode_m42': 1.0, 'speechiness_m42': 0.0706, 'tempo_m42': 139.781, 'valence_m42': 0.437, 'song_id_m43': '31Oh4pwZWjBTuRmzNtxj10', 'title_m43': 'Is It A Crime', 'duration_ms_m43': None, 'popularity_m43': None, 'acousticness_m43': None, 'danceability_m43': None, 'energy_m43': None, 'instrumentalness_m43': None, 'key_m43': None, 'liveness_m43': None, 'loudness_m43': None, 'mode_m43': None, 'speechiness_m43': None, 'tempo_m43': None, 'valence_m43': None, 'song_id_m44': '6r1lboTadi5swMquaAWDzh', 'title_m44': 'Hell At Night', 'duration_ms_m44': 179240.0, 'popularity_m44': 72.0, 'acousticness_m44': 0.0541, 'danceability_m44': 0.678, 'energy_m44': 0.6, 'instrumentalness_m44': 0.0, 'key_m44': 0.0, 'liveness_m44': 0.0924, 'loudness_m44': -6.245, 'mode_m44': 1.0, 'speechiness_m44': 0.0486, 'tempo_m44': 150.08, 'valence_m44': 0.184, 'song_id_m45': '5hslUAKq9I9CG2bAulFkHN', 'title_m45': \"It's The Most Wonderful Time Of The Year\", 'duration_ms_m45': 151933.0, 'popularity_m45': 83.0, 'acousticness_m45': 0.766, 'danceability_m45': 0.24, 'energy_m45': 0.598, 'instrumentalness_m45': 0.0, 'key_m45': 7.0, 'liveness_m45': 0.117, 'loudness_m45': -8.435, 'mode_m45': 1.0, 'speechiness_m45': 0.0369, 'tempo_m45': 201.629, 'valence_m45': 0.776, 'song_id_m46': '0lLdorYw7lVrJydTINhWdI', 'title_m46': \"It's Beginning To Look A Lot Like Christmas\", 'duration_ms_m46': None, 'popularity_m46': None, 'acousticness_m46': None, 'danceability_m46': None, 'energy_m46': None, 'instrumentalness_m46': None, 'key_m46': None, 'liveness_m46': None, 'loudness_m46': None, 'mode_m46': None, 'speechiness_m46': None, 'tempo_m46': None, 'valence_m46': None, 'song_id_m47': '29iva9idM6rFCPUlu7Rhxl', 'title_m47': 'Yukon', 'duration_ms_m47': 163866.0, 'popularity_m47': 90.0, 'acousticness_m47': 0.802, 'danceability_m47': 0.446, 'energy_m47': 0.301, 'instrumentalness_m47': 0.000164, 'key_m47': 7.0, 'liveness_m47': 0.105, 'loudness_m47': -12.748, 'mode_m47': 0.0, 'speechiness_m47': 0.218, 'tempo_m47': 80.572, 'valence_m47': 0.589, 'song_id_m48': '4PS1e8f2LvuTFgUs1Cn3ON', 'title_m48': 'The Christmas Song (Merry Christmas To You)', 'duration_ms_m48': 192160.0, 'popularity_m48': 79.0, 'acousticness_m48': 0.92, 'danceability_m48': 0.32, 'energy_m48': 0.21, 'instrumentalness_m48': 8.01e-05, 'key_m48': 6.0, 'liveness_m48': 0.138, 'loudness_m48': -15.231, 'mode_m48': 1.0, 'speechiness_m48': 0.0345, 'tempo_m48': 73.196, 'valence_m48': 0.208, 'song_id_m49': '4n4tC4qO2LeWQRM9Gbbtop', 'title_m49': 'Shot Callin', 'duration_ms_m49': 225185.0, 'popularity_m49': 60.0, 'acousticness_m49': 0.00511, 'danceability_m49': 0.689, 'energy_m49': 0.796, 'instrumentalness_m49': 0.0, 'key_m49': 8.0, 'liveness_m49': 0.404, 'loudness_m49': -5.613, 'mode_m49': 1.0, 'speechiness_m49': 0.349, 'tempo_m49': 162.005, 'valence_m49': 0.57, 'song_id_m50': '727x6SZXGF0LfU2vi3rjaH', 'title_m50': \"Darlin'\", 'duration_ms_m50': 165000.0, 'popularity_m50': 67.0, 'acousticness_m50': 0.181, 'danceability_m50': 0.798, 'energy_m50': 0.606, 'instrumentalness_m50': 0.0, 'key_m50': 2.0, 'liveness_m50': 0.391, 'loudness_m50': -6.28, 'mode_m50': 1.0, 'speechiness_m50': 0.0338, 'tempo_m50': 120.063, 'valence_m50': 0.895, 'song_id_m51': '1zM8S2pnIclcdTmrfFnWtX', 'title_m51': 'House Again', 'duration_ms_m51': 203822.0, 'popularity_m51': 79.0, 'acousticness_m51': 0.581, 'danceability_m51': 0.444, 'energy_m51': 0.306, 'instrumentalness_m51': 0.0, 'key_m51': 8.0, 'liveness_m51': 0.158, 'loudness_m51': -7.284, 'mode_m51': 1.0, 'speechiness_m51': 0.0324, 'tempo_m51': 127.004, 'valence_m51': 0.493, 'song_id_m52': '6eWAWHm0cuOaPGDWhoLJ7s', 'title_m52': 'Nice To Meet You', 'duration_ms_m52': 176000.0, 'popularity_m52': 80.0, 'acousticness_m52': 0.329, 'danceability_m52': 0.762, 'energy_m52': 0.783, 'instrumentalness_m52': 0.0, 'key_m52': 5.0, 'liveness_m52': 0.0536, 'loudness_m52': -5.206, 'mode_m52': 0.0, 'speechiness_m52': 0.0387, 'tempo_m52': 115.091, 'valence_m52': 0.84, 'song_id_m53': '0YsIYFRoxkmEvbKCwTp0Tg', 'title_m53': '20 Cigarettes', 'duration_ms_m53': 160901.0, 'popularity_m53': 80.0, 'acousticness_m53': 0.725, 'danceability_m53': 0.629, 'energy_m53': 0.57, 'instrumentalness_m53': 0.0, 'key_m53': 10.0, 'liveness_m53': 0.145, 'loudness_m53': -5.733, 'mode_m53': 0.0, 'speechiness_m53': 0.0243, 'tempo_m53': 98.015, 'valence_m53': 0.399, 'song_id_m54': '03JZr55j9bIj1d2RQJ7Yq9', 'title_m54': 'Jealous Type', 'duration_ms_m54': 163647.0, 'popularity_m54': 79.0, 'acousticness_m54': 0.0317, 'danceability_m54': 0.662, 'energy_m54': 0.857, 'instrumentalness_m54': 0.000393, 'key_m54': 2.0, 'liveness_m54': 0.144, 'loudness_m54': -3.236, 'mode_m54': 0.0, 'speechiness_m54': 0.0319, 'tempo_m54': 120.006, 'valence_m54': 0.546, 'song_id_m55': '62HoDY1Km6lm47haFpUn9c', 'title_m55': 'Eldest Daughter', 'duration_ms_m55': 246356.0, 'popularity_m55': 93.0, 'acousticness_m55': 0.806, 'danceability_m55': 0.473, 'energy_m55': 0.315, 'instrumentalness_m55': 0.0, 'key_m55': 7.0, 'liveness_m55': 0.128, 'loudness_m55': -7.326, 'mode_m55': 1.0, 'speechiness_m55': 0.0313, 'tempo_m55': 76.794, 'valence_m55': 0.323, 'song_id_m56': '55lijDD6OAjLFFUHU9tcDm', 'title_m56': 'Where Is My Husband!', 'duration_ms_m56': 196795.0, 'popularity_m56': 91.0, 'acousticness_m56': 0.0599, 'danceability_m56': 0.39, 'energy_m56': 0.781, 'instrumentalness_m56': 0.0, 'key_m56': 8.0, 'liveness_m56': 0.14, 'loudness_m56': -7.04, 'mode_m56': 1.0, 'speechiness_m56': 0.0918, 'tempo_m56': 115.939, 'valence_m56': 0.628, 'song_id_m57': '6tlZIGGXozhQpYyKesjwWL', 'title_m57': 'Back In The Saddle', 'duration_ms_m57': 212962.0, 'popularity_m57': 0.0, 'acousticness_m57': 0.00882, 'danceability_m57': 0.532, 'energy_m57': 0.879, 'instrumentalness_m57': 0.0, 'key_m57': 4.0, 'liveness_m57': 0.409, 'loudness_m57': -4.475, 'mode_m57': 1.0, 'speechiness_m57': 0.0303, 'tempo_m57': 91.976, 'valence_m57': 0.51, 'song_id_m58': '5ylJtmaWPJ33cW3En7WOu0', 'title_m58': 'Wood', 'duration_ms_m58': 150517.0, 'popularity_m58': 93.0, 'acousticness_m58': 0.271, 'danceability_m58': 0.796, 'energy_m58': 0.706, 'instrumentalness_m58': 0.0, 'key_m58': 5.0, 'liveness_m58': 0.587, 'loudness_m58': -6.846, 'mode_m58': 1.0, 'speechiness_m58': 0.191, 'tempo_m58': 99.961, 'valence_m58': 0.781, 'song_id_m59': '2x3mwb96B6TquRqMtbxUE1', 'title_m59': 'Actually Romantic', 'duration_ms_m59': 163699.0, 'popularity_m59': 93.0, 'acousticness_m59': 0.497, 'danceability_m59': 0.708, 'energy_m59': 0.427, 'instrumentalness_m59': 0.0, 'key_m59': 1.0, 'liveness_m59': 0.103, 'loudness_m59': -7.804, 'mode_m59': 0.0, 'speechiness_m59': 0.169, 'tempo_m59': 169.949, 'valence_m59': 0.718, 'song_id_m60': '4Iu73sdCNxZXZUIyClMoPZ', 'title_m60': 'Better Me For You (Brown Eyes)', 'duration_ms_m60': 194120.0, 'popularity_m60': 79.0, 'acousticness_m60': 0.165, 'danceability_m60': 0.574, 'energy_m60': 0.649, 'instrumentalness_m60': 0.0, 'key_m60': 0.0, 'liveness_m60': 0.175, 'loudness_m60': -6.228, 'mode_m60': 1.0, 'speechiness_m60': 0.0265, 'tempo_m60': 76.028, 'valence_m60': 0.565, 'song_id_m61': '5MqzNAzRgVj2dfp30LJ6s1', 'title_m61': 'Out The Window', 'duration_ms_m61': None, 'popularity_m61': None, 'acousticness_m61': None, 'danceability_m61': None, 'energy_m61': None, 'instrumentalness_m61': None, 'key_m61': None, 'liveness_m61': None, 'loudness_m61': None, 'mode_m61': None, 'speechiness_m61': None, 'tempo_m61': None, 'valence_m61': None, 'song_id_m62': '1appZ3c336FkPvCuywfmrs', 'title_m62': 'Cancelled!', 'duration_ms_m62': 211498.0, 'popularity_m62': 93.0, 'acousticness_m62': 0.534, 'danceability_m62': 0.725, 'energy_m62': 0.399, 'instrumentalness_m62': 0.0, 'key_m62': 7.0, 'liveness_m62': 0.193, 'loudness_m62': -8.652, 'mode_m62': 0.0, 'speechiness_m62': 0.0371, 'tempo_m62': 90.911, 'valence_m62': 0.463, 'song_id_m63': '4JAmBKnHyq2avqNvJ81Mao', 'title_m63': 'Last One To Know', 'duration_ms_m63': 177024.0, 'popularity_m63': 75.0, 'acousticness_m63': 0.295, 'danceability_m63': 0.782, 'energy_m63': 0.66, 'instrumentalness_m63': 0.0, 'key_m63': 8.0, 'liveness_m63': 0.095, 'loudness_m63': -6.095, 'mode_m63': 1.0, 'speechiness_m63': 0.0256, 'tempo_m63': 102.003, 'valence_m63': 0.58, 'song_id_m64': '05od2qm2MTSKCHxy1GBp5W', 'title_m64': '12 To 12', 'duration_ms_m64': 242903.0, 'popularity_m64': 89.0, 'acousticness_m64': 0.0134, 'danceability_m64': 0.659, 'energy_m64': 0.898, 'instrumentalness_m64': 5.02e-06, 'key_m64': 11.0, 'liveness_m64': 0.0971, 'loudness_m64': -2.578, 'mode_m64': 0.0, 'speechiness_m64': 0.0526, 'tempo_m64': 123.992, 'valence_m64': 0.511, 'song_id_m65': '5q9I5RmmrLC4U2mW2BnF3K', 'title_m65': 'Safe', 'duration_ms_m65': 177886.0, 'popularity_m65': 76.0, 'acousticness_m65': 0.0908, 'danceability_m65': 0.745, 'energy_m65': 0.663, 'instrumentalness_m65': 0.0, 'key_m65': 7.0, 'liveness_m65': 0.193, 'loudness_m65': -6.428, 'mode_m65': 1.0, 'speechiness_m65': 0.0776, 'tempo_m65': 76.498, 'valence_m65': 0.733, 'song_id_m66': '4QpuZ1Qbcd11aOtY1kGMRg', 'title_m66': 'The Fall', 'duration_ms_m66': 197626.0, 'popularity_m66': 66.0, 'acousticness_m66': 0.199, 'danceability_m66': 0.354, 'energy_m66': 0.535, 'instrumentalness_m66': 2.48e-06, 'key_m66': 3.0, 'liveness_m66': 0.12, 'loudness_m66': -5.564, 'mode_m66': 1.0, 'speechiness_m66': 0.0291, 'tempo_m66': 78.615, 'valence_m66': 0.183, 'song_id_m67': '6xV7Be6XEvkSnighmh2Tzj', 'title_m67': 'Sugar On My Tongue', 'duration_ms_m67': 153332.0, 'popularity_m67': 83.0, 'acousticness_m67': 0.0327, 'danceability_m67': 0.703, 'energy_m67': 0.501, 'instrumentalness_m67': 0.0, 'key_m67': 11.0, 'liveness_m67': 0.193, 'loudness_m67': -7.037, 'mode_m67': 1.0, 'speechiness_m67': 0.101, 'tempo_m67': 126.073, 'valence_m67': 0.463, 'song_id_m68': '2I9517MJ7979KTtFjbDo5E', 'title_m68': 'Went Legit', 'duration_ms_m68': 140487.0, 'popularity_m68': 73.0, 'acousticness_m68': 0.035, 'danceability_m68': 0.769, 'energy_m68': 0.888, 'instrumentalness_m68': 0.0, 'key_m68': 6.0, 'liveness_m68': 0.135, 'loudness_m68': -2.166, 'mode_m68': 1.0, 'speechiness_m68': 0.296, 'tempo_m68': 82.018, 'valence_m68': 0.603, 'song_id_m69': '4qmFC3Jz5aQ0erlk2OSi2X', 'title_m69': 'Honey', 'duration_ms_m69': 181534.0, 'popularity_m69': 92.0, 'acousticness_m69': 0.394, 'danceability_m69': 0.683, 'energy_m69': 0.544, 'instrumentalness_m69': 0.0, 'key_m69': 11.0, 'liveness_m69': 0.332, 'loudness_m69': -7.3, 'mode_m69': 0.0, 'speechiness_m69': 0.0991, 'tempo_m69': 164.047, 'valence_m69': 0.54, 'song_id_m70': '312z6PZ8wwREck8613PkJk', 'title_m70': 'A Couple Minutes', 'duration_ms_m70': 212000.0, 'popularity_m70': 82.0, 'acousticness_m70': 0.709, 'danceability_m70': 0.56, 'energy_m70': 0.406, 'instrumentalness_m70': 0.0, 'key_m70': 3.0, 'liveness_m70': 0.359, 'loudness_m70': -7.733, 'mode_m70': 1.0, 'speechiness_m70': 0.0369, 'tempo_m70': 124.782, 'valence_m70': 0.164, 'song_id_m71': '2GFawZaMjG8QLxiR4OD3db', 'title_m71': 'Take Me Thru Dere', 'duration_ms_m71': 162826.0, 'popularity_m71': 65.0, 'acousticness_m71': 0.207, 'danceability_m71': 0.856, 'energy_m71': 0.825, 'instrumentalness_m71': 0.0, 'key_m71': 0.0, 'liveness_m71': 0.0731, 'loudness_m71': -4.729, 'mode_m71': 1.0, 'speechiness_m71': 0.13, 'tempo_m71': 144.0, 'valence_m71': 0.656, 'song_id_m72': '0je57Uq5eTk1wrPzn9sWbl', 'title_m72': 'When Did You Get Hot?', 'duration_ms_m72': 145398.0, 'popularity_m72': 88.0, 'acousticness_m72': 0.231, 'danceability_m72': 0.696, 'energy_m72': 0.665, 'instrumentalness_m72': 0.0, 'key_m72': 5.0, 'liveness_m72': 0.33, 'loudness_m72': -4.559, 'mode_m72': 1.0, 'speechiness_m72': 0.13, 'tempo_m72': 89.136, 'valence_m72': 0.573, 'song_id_m73': '3NFs3XUduzBfvc5Bx1gmzh', 'title_m73': 'The Dead Dance', 'duration_ms_m73': 228518.0, 'popularity_m73': 79.0, 'acousticness_m73': 0.0184, 'danceability_m73': 0.573, 'energy_m73': 0.835, 'instrumentalness_m73': 3.73e-06, 'key_m73': 7.0, 'liveness_m73': 0.0733, 'loudness_m73': -4.831, 'mode_m73': 1.0, 'speechiness_m73': 0.0536, 'tempo_m73': 123.005, 'valence_m73': 0.237, 'song_id_m74': '7D0RhFcb3CrfPuTJ0obrod', 'title_m74': 'Sparks', 'duration_ms_m74': 227093.0, 'popularity_m74': 85.0, 'acousticness_m74': 0.748, 'danceability_m74': 0.371, 'energy_m74': 0.268, 'instrumentalness_m74': 0.0517, 'key_m74': 1.0, 'liveness_m74': 0.104, 'loudness_m74': -10.506, 'mode_m74': 1.0, 'speechiness_m74': 0.0281, 'tempo_m74': 102.617, 'valence_m74': 0.165, 'song_id_m75': '6vqyk3mbDBv3npTpctYoka', 'title_m75': 'Camera', 'duration_ms_m75': 215511.0, 'popularity_m75': 79.0, 'acousticness_m75': 0.2, 'danceability_m75': 0.613, 'energy_m75': 0.602, 'instrumentalness_m75': 0.0, 'key_m75': 2.0, 'liveness_m75': 0.0713, 'loudness_m75': -5.203, 'mode_m75': 1.0, 'speechiness_m75': 0.0319, 'tempo_m75': 139.783, 'valence_m75': 0.337, 'song_id_m76': '2uH74oFgwuk5x0DlD3EFJ1', 'title_m76': 'What Kinda Man', 'duration_ms_m76': 259146.0, 'popularity_m76': 59.0, 'acousticness_m76': 0.0353, 'danceability_m76': 0.435, 'energy_m76': 0.82, 'instrumentalness_m76': 0.0, 'key_m76': 7.0, 'liveness_m76': 0.182, 'loudness_m76': -4.173, 'mode_m76': 1.0, 'speechiness_m76': 0.047, 'tempo_m76': 124.008, 'valence_m76': 0.375, 'song_id_m77': '16Z0an8D4BJNm3VbWWpTnv', 'title_m77': \"Past Won't Leave My Bed\", 'duration_ms_m77': None, 'popularity_m77': None, 'acousticness_m77': None, 'danceability_m77': None, 'energy_m77': None, 'instrumentalness_m77': None, 'key_m77': None, 'liveness_m77': None, 'loudness_m77': None, 'mode_m77': None, 'speechiness_m77': None, 'tempo_m77': None, 'valence_m77': None, 'song_id_m78': '17U2M7HB14yGe9QSAmbyyB', 'title_m78': 'How Far Does A Goodbye Go', 'duration_ms_m78': 235727.0, 'popularity_m78': 67.0, 'acousticness_m78': 0.256, 'danceability_m78': 0.482, 'energy_m78': 0.706, 'instrumentalness_m78': 0.0, 'key_m78': 7.0, 'liveness_m78': 0.0992, 'loudness_m78': -4.626, 'mode_m78': 1.0, 'speechiness_m78': 0.0307, 'tempo_m78': 75.024, 'valence_m78': 0.587, 'song_id_m79': '5E2y5TSb2RJNCO01QjkgLf', 'title_m79': 'Days Like These', 'duration_ms_m79': 221826.0, 'popularity_m79': 72.0, 'acousticness_m79': 0.804, 'danceability_m79': 0.754, 'energy_m79': 0.265, 'instrumentalness_m79': 0.0, 'key_m79': 7.0, 'liveness_m79': 0.111, 'loudness_m79': -9.243, 'mode_m79': 1.0, 'speechiness_m79': 0.0364, 'tempo_m79': 135.88, 'valence_m79': 0.341, 'song_id_m80': '4oVO4fGNRRvEn0CRuFO4qv', 'title_m80': 'La Perla', 'duration_ms_m80': None, 'popularity_m80': None, 'acousticness_m80': None, 'danceability_m80': None, 'energy_m80': None, 'instrumentalness_m80': None, 'key_m80': None, 'liveness_m80': None, 'loudness_m80': None, 'mode_m80': None, 'speechiness_m80': None, 'tempo_m80': None, 'valence_m80': None, 'song_id_m81': '1bXKpjbalq0If54LBffE0i', 'title_m81': 'Heart Of Stone', 'duration_ms_m81': 181773.0, 'popularity_m81': 59.0, 'acousticness_m81': 0.073, 'danceability_m81': 0.614, 'energy_m81': 0.815, 'instrumentalness_m81': 0.0, 'key_m81': 2.0, 'liveness_m81': 0.341, 'loudness_m81': -4.687, 'mode_m81': 1.0, 'speechiness_m81': 0.0304, 'tempo_m81': 110.041, 'valence_m81': 0.37, 'song_id_m82': '3anaHXs7z8NwLUatPxqJlE', 'title_m82': 'Amen', 'duration_ms_m82': 197403.0, 'popularity_m82': 62.0, 'acousticness_m82': 0.0668, 'danceability_m82': 0.598, 'energy_m82': 0.741, 'instrumentalness_m82': 0.0, 'key_m82': 7.0, 'liveness_m82': 0.259, 'loudness_m82': -5.152, 'mode_m82': 1.0, 'speechiness_m82': 0.0272, 'tempo_m82': 85.031, 'valence_m82': 0.42, 'song_id_m83': '2ZCDXVmOLnKUHYVpycIq5F', 'title_m83': 'What You Is', 'duration_ms_m83': None, 'popularity_m83': None, 'acousticness_m83': None, 'danceability_m83': None, 'energy_m83': None, 'instrumentalness_m83': None, 'key_m83': None, 'liveness_m83': None, 'loudness_m83': None, 'mode_m83': None, 'speechiness_m83': None, 'tempo_m83': None, 'valence_m83': None, 'song_id_m84': '0InIeZW4P6VO7dUGRM4AKH', 'title_m84': 'Sienna', 'duration_ms_m84': 224840.0, 'popularity_m84': 77.0, 'acousticness_m84': 0.583, 'danceability_m84': 0.685, 'energy_m84': 0.468, 'instrumentalness_m84': 0.57, 'key_m84': 7.0, 'liveness_m84': 0.159, 'loudness_m84': -9.405, 'mode_m84': 1.0, 'speechiness_m84': 0.031, 'tempo_m84': 147.993, 'valence_m84': 0.594, 'song_id_m85': '6Q3lFQgpvhA9VApFKLFZtZ', 'title_m85': 'Strategy', 'duration_ms_m85': 168645.0, 'popularity_m85': 85.0, 'acousticness_m85': 0.216, 'danceability_m85': 0.773, 'energy_m85': 0.668, 'instrumentalness_m85': 0.0, 'key_m85': 2.0, 'liveness_m85': 0.314, 'loudness_m85': -3.96, 'mode_m85': 1.0, 'speechiness_m85': 0.06, 'tempo_m85': 110.006, 'valence_m85': 0.628, 'song_id_m86': '2cBtsB7Pi89q9yWk59a2sX', 'title_m86': 'ErrTime', 'duration_ms_m86': 146553.0, 'popularity_m86': 70.0, 'acousticness_m86': 0.0512, 'danceability_m86': 0.765, 'energy_m86': 0.627, 'instrumentalness_m86': 0.0, 'key_m86': 5.0, 'liveness_m86': 0.254, 'loudness_m86': -6.172, 'mode_m86': 0.0, 'speechiness_m86': 0.217, 'tempo_m86': 153.996, 'valence_m86': 0.491, 'song_id_m87': '6WjwYL2tzzci2pvpv50rS4', 'title_m87': 'Beautiful Things', 'duration_ms_m87': 235535.0, 'popularity_m87': 69.0, 'acousticness_m87': 0.319, 'danceability_m87': 0.404, 'energy_m87': 0.508, 'instrumentalness_m87': 0.0, 'key_m87': 3.0, 'liveness_m87': 0.0811, 'loudness_m87': -6.903, 'mode_m87': 1.0, 'speechiness_m87': 0.0332, 'tempo_m87': 79.122, 'valence_m87': 0.325, 'song_id_m88': '3roJNjr7zRlLyr1bTPq0AS', 'title_m88': 'Favorite Country Song', 'duration_ms_m88': 193248.0, 'popularity_m88': 68.0, 'acousticness_m88': 0.322, 'danceability_m88': 0.59, 'energy_m88': 0.573, 'instrumentalness_m88': 0.0, 'key_m88': 0.0, 'liveness_m88': 0.127, 'loudness_m88': -4.683, 'mode_m88': 1.0, 'speechiness_m88': 0.0291, 'tempo_m88': 147.973, 'valence_m88': 0.326, 'song_id_m89': '7gKxCvTDWwV9wBhdeBbr3l', 'title_m89': 'Nice To Each Other', 'duration_ms_m89': 209000.0, 'popularity_m89': 86.0, 'acousticness_m89': 0.406, 'danceability_m89': 0.761, 'energy_m89': 0.737, 'instrumentalness_m89': 0.00166, 'key_m89': 0.0, 'liveness_m89': 0.364, 'loudness_m89': -6.869, 'mode_m89': 1.0, 'speechiness_m89': 0.049, 'tempo_m89': 131.998, 'valence_m89': 0.738, 'song_id_m90': '1rKQjUhF9zFJmuUotr3VkV', 'title_m90': 'Takedown', 'duration_ms_m90': 181192.0, 'popularity_m90': 87.0, 'acousticness_m90': 0.0856, 'danceability_m90': 0.825, 'energy_m90': 0.777, 'instrumentalness_m90': 0.0, 'key_m90': 1.0, 'liveness_m90': 0.239, 'loudness_m90': -3.718, 'mode_m90': 0.0, 'speechiness_m90': 0.109, 'tempo_m90': 139.93, 'valence_m90': 0.519, 'song_id_m91': '6r6IPuFvUX72kQGc9b46rk', 'title_m91': 'Amor', 'duration_ms_m91': None, 'popularity_m91': None, 'acousticness_m91': None, 'danceability_m91': None, 'energy_m91': None, 'instrumentalness_m91': None, 'key_m91': None, 'liveness_m91': None, 'loudness_m91': None, 'mode_m91': None, 'speechiness_m91': None, 'tempo_m91': None, 'valence_m91': None, 'song_id_m92': '2fuYa3Lx06QQJAm0MjztKr', 'title_m92': 'Let Down', 'duration_ms_m92': 299560.0, 'popularity_m92': 74.0, 'acousticness_m92': 0.000121, 'danceability_m92': 0.351, 'energy_m92': 0.676, 'instrumentalness_m92': 0.113, 'key_m92': 9.0, 'liveness_m92': 0.18, 'loudness_m92': -9.017, 'mode_m92': 1.0, 'speechiness_m92': 0.0313, 'tempo_m92': 102.46, 'valence_m92': 0.143, 'song_id_m93': '1gJeOuF6VuBy2jZNN8CIOP', 'title_m93': '3,2,1', 'duration_ms_m93': 158333.0, 'popularity_m93': 55.0, 'acousticness_m93': 0.00772, 'danceability_m93': 0.547, 'energy_m93': 0.823, 'instrumentalness_m93': 0.0, 'key_m93': 10.0, 'liveness_m93': 0.125, 'loudness_m93': -5.006, 'mode_m93': 1.0, 'speechiness_m93': 0.0298, 'tempo_m93': 91.961, 'valence_m93': 0.597, 'song_id_m94': '2mNGL7mZILSqZHxGboJaO9', 'title_m94': 'Come N Go', 'duration_ms_m94': 198620.0, 'popularity_m94': 75.0, 'acousticness_m94': 0.0622, 'danceability_m94': 0.898, 'energy_m94': 0.587, 'instrumentalness_m94': 9.93e-05, 'key_m94': 9.0, 'liveness_m94': 0.145, 'loudness_m94': -5.704, 'mode_m94': 0.0, 'speechiness_m94': 0.054, 'tempo_m94': 145.022, 'valence_m94': 0.301, 'song_id_m95': '2OZVskV28xxJjjhQqKTLSg', 'title_m95': 'Pixelated Kisses', 'duration_ms_m95': 110430.0, 'popularity_m95': 87.0, 'acousticness_m95': 0.0354, 'danceability_m95': 0.503, 'energy_m95': 0.739, 'instrumentalness_m95': 0.25, 'key_m95': 4.0, 'liveness_m95': 0.421, 'loudness_m95': -6.667, 'mode_m95': 0.0, 'speechiness_m95': 0.0345, 'tempo_m95': 124.003, 'valence_m95': 0.0392, 'song_id_m96': '4SRShYMtFIGgnOU7iBicMH', 'title_m96': \"Nobody's Son\", 'duration_ms_m96': 182576.0, 'popularity_m96': 88.0, 'acousticness_m96': 0.336, 'danceability_m96': 0.452, 'energy_m96': 0.735, 'instrumentalness_m96': 0.0, 'key_m96': 2.0, 'liveness_m96': 0.0649, 'loudness_m96': -4.921, 'mode_m96': 1.0, 'speechiness_m96': 0.0449, 'tempo_m96': 173.919, 'valence_m96': 0.65, 'song_id_m97': '1BDLD4c07q0bmq2VCRsXoE', 'title_m97': \"I Ain't Coming Back\", 'duration_ms_m97': 175271.0, 'popularity_m97': 74.0, 'acousticness_m97': 0.566, 'danceability_m97': 0.372, 'energy_m97': 0.727, 'instrumentalness_m97': 0.0, 'key_m97': 11.0, 'liveness_m97': 0.298, 'loudness_m97': -4.9, 'mode_m97': 1.0, 'speechiness_m97': 0.0358, 'tempo_m97': 200.363, 'valence_m97': 0.741, 'song_id_m98': '43oBNdp6W1Z9YDu1svX1hl', 'title_m98': '3am', 'duration_ms_m98': 136127.0, 'popularity_m98': 71.0, 'acousticness_m98': 0.236, 'danceability_m98': 0.74, 'energy_m98': 0.482, 'instrumentalness_m98': 0.0, 'key_m98': 10.0, 'liveness_m98': 0.112, 'loudness_m98': -7.131, 'mode_m98': 0.0, 'speechiness_m98': 0.34, 'tempo_m98': 127.049, 'valence_m98': 0.118}]\n(Background on this error at: https://sqlalche.me/e/14/9h9h)","exc_notes":[],"syntax_error":null,"is_cause":false,"frames":[{"filename":"/home/airflow/.local/lib/python3.12/site-packages/airflow/sdk/execution_time/task_runner.py","lineno":920,"name":"run"},{"filename":"/home/airflow/.local/lib/python3.12/site-packages/airflow/sdk/execution_time/task_runner.py","lineno":1215,"name":"_execute_task"},{"filename":"/home/airflow/.local/lib/python3.12/site-packages/airflow/sdk/bases/operator.py","lineno":397,"name":"wrapper"},{"filename":"/home/airflow/.local/lib/python3.12/site-packages/airflow/providers/standard/operators/python.py","lineno":213,"name":"execute"},{"filename":"/home/airflow/.local/lib/python3.12/site-packages/airflow/providers/standard/operators/python.py","lineno":236,"name":"execute_callable"},{"filename":"/home/airflow/.local/lib/python3.12/site-packages/airflow/sdk/execution_time/callback_runner.py","lineno":81,"name":"run"},{"filename":"/opt/airflow/src/load.py","lineno":99,"name":"load_to_postgres"},{"filename":"/home/airflow/.local/lib/python3.12/site-packages/pandas/util/_decorators.py","lineno":333,"name":"wrapper"},{"filename":"/home/airflow/.local/lib/python3.12/site-packages/pandas/core/generic.py","lineno":3008,"name":"to_sql"},{"filename":"/home/airflow/.local/lib/python3.12/site-packages/pandas/io/sql.py","lineno":788,"name":"to_sql"},{"filename":"/home/airflow/.local/lib/python3.12/site-packages/pandas/io/sql.py","lineno":1958,"name":"to_sql"},{"filename":"/home/airflow/.local/lib/python3.12/site-packages/pandas/io/sql.py","lineno":1507,"name":"insert_records"},{"filename":"/home/airflow/.local/lib/python3.12/site-packages/pandas/io/sql.py","lineno":1498,"name":"insert_records"},{"filename":"/home/airflow/.local/lib/python3.12/site-packages/pandas/io/sql.py","lineno":1059,"name":"insert"},{"filename":"/home/airflow/.local/lib/python3.12/site-packages/pandas/io/sql.py","lineno":967,"name":"_execute_insert_multi"},{"filename":"/home/airflow/.local/lib/python3.12/site-packages/sqlalchemy/engine/base.py","lineno":1385,"name":"execute"},{"filename":"/home/airflow/.local/lib/python3.12/site-packages/sqlalchemy/sql/elements.py","lineno":334,"name":"_execute_on_connection"},{"filename":"/home/airflow/.local/lib/python3.12/site-packages/sqlalchemy/engine/base.py","lineno":1577,"name":"_execute_clauseelement"},{"filename":"/home/airflow/.local/lib/python3.12/site-packages/sqlalchemy/engine/base.py","lineno":1953,"name":"_execute_context"},{"filename":"/home/airflow/.local/lib/python3.12/site-packages/sqlalchemy/engine/base.py","lineno":2134,"name":"_handle_dbapi_exception"},{"filename":"/home/airflow/.local/lib/python3.12/site-packages/sqlalchemy/util/compat.py","lineno":211,"name":"raise_"},{"filename":"/home/airflow/.local/lib/python3.12/site-packages/sqlalchemy/engine/base.py","lineno":1910,"name":"_execute_context"},{"filename":"/home/airflow/.local/lib/python3.12/site-packages/sqlalchemy/engine/default.py","lineno":736,"name":"do_execute"}],"is_group":false,"exceptions":[]},{"exc_type":"NumericValueOutOfRange","exc_value":"numeric field overflow\nDETAIL:  A field with precision 5, scale 4 must round to an absolute value less than 10^1.\n","exc_notes":[],"syntax_error":null,"is_cause":true,"frames":[{"filename":"/home/airflow/.local/lib/python3.12/site-packages/sqlalchemy/engine/base.py","lineno":1910,"name":"_execute_context"},{"filename":"/home/airflow/.local/lib/python3.12/site-packages/sqlalchemy/engine/default.py","lineno":736,"name":"do_execute"}],"is_group":false,"exceptions":[]}]}
{"timestamp":"2025-12-04T15:31:40.571245Z","level":"info","event":"Task instance in failure state","chan":"stdout","logger":"task"}
{"timestamp":"2025-12-04T15:31:40.573770Z","level":"info","event":"Task start","chan":"stdout","logger":"task"}
{"timestamp":"2025-12-04T15:31:40.574271Z","level":"info","event":"Task:<Task(PythonOperator): load_music_data>","chan":"stdout","logger":"task"}
{"timestamp":"2025-12-04T15:31:40.575066Z","level":"info","event":"Failure caused by (psycopg2.errors.NumericValueOutOfRange) numeric field overflow","chan":"stdout","logger":"task"}
{"timestamp":"2025-12-04T15:31:40.575159Z","level":"info","event":"DETAIL:  A field with precision 5, scale 4 must round to an absolute value less than 10^1.","chan":"stdout","logger":"task"}
{"timestamp":"2025-12-04T15:31:40.575242Z","level":"info","event":"","chan":"stdout","logger":"task"}
{"timestamp":"2025-12-04T15:31:40.575390Z","level":"info","event":"[SQL: INSERT INTO songs (song_id, title, duration_ms, popularity, acousticness, danceability, energy, instrumentalness, key, liveness, loudness, mode, speechiness, tempo, valence) VALUES (%(song_id_m0)s, %(title_m0)s, %(duration_ms_m0)s, %(popularity_m0)s, %(acousticness_m0)s, %(danceability_m0)s, %(energy_m0)s, %(instrumentalness_m0)s, %(key_m0)s, %(liveness_m0)s, %(loudness_m0)s, %(mode_m0)s, %(speechiness_m0)s, %(tempo_m0)s, %(valence_m0)s), (%(song_id_m1)s, %(title_m1)s, %(duration_ms_m1)s, %(popularity_m1)s, %(acousticness_m1)s, %(danceability_m1)s, %(energy_m1)s, %(instrumentalness_m1)s, %(key_m1)s, %(liveness_m1)s, %(loudness_m1)s, %(mode_m1)s, %(speechiness_m1)s, %(tempo_m1)s, %(valence_m1)s), (%(song_id_m2)s, %(title_m2)s, %(duration_ms_m2)s, %(popularity_m2)s, %(acousticness_m2)s, %(danceability_m2)s, %(energy_m2)s, %(instrumentalness_m2)s, %(key_m2)s, %(liveness_m2)s, %(loudness_m2)s, %(mode_m2)s, %(speechiness_m2)s, %(tempo_m2)s, %(valence_m2)s), (%(song_id_m3)s, %(title_m3)s, %(duration_ms_m3)s, %(popularity_m3)s, %(acousticness_m3)s, %(danceability_m3)s, %(energy_m3)s, %(instrumentalness_m3)s, %(key_m3)s, %(liveness_m3)s, %(loudness_m3)s, %(mode_m3)s, %(speechiness_m3)s, %(tempo_m3)s, %(valence_m3)s), (%(song_id_m4)s, %(title_m4)s, %(duration_ms_m4)s, %(popularity_m4)s, %(acousticness_m4)s, %(danceability_m4)s, %(energy_m4)s, %(instrumentalness_m4)s, %(key_m4)s, %(liveness_m4)s, %(loudness_m4)s, %(mode_m4)s, %(speechiness_m4)s, %(tempo_m4)s, %(valence_m4)s), (%(song_id_m5)s, %(title_m5)s, %(duration_ms_m5)s, %(popularity_m5)s, %(acousticness_m5)s, %(danceability_m5)s, %(energy_m5)s, %(instrumentalness_m5)s, %(key_m5)s, %(liveness_m5)s, %(loudness_m5)s, %(mode_m5)s, %(speechiness_m5)s, %(tempo_m5)s, %(valence_m5)s), (%(song_id_m6)s, %(title_m6)s, %(duration_ms_m6)s, %(popularity_m6)s, %(acousticness_m6)s, %(danceability_m6)s, %(energy_m6)s, %(instrumentalness_m6)s, %(key_m6)s, %(liveness_m6)s, %(loudness_m6)s, %(mode_m6)s, %(speechiness_m6)s, %(tempo_m6)s, %(valence_m6)s), (%(song_id_m7)s, %(title_m7)s, %(duration_ms_m7)s, %(popularity_m7)s, %(acousticness_m7)s, %(danceability_m7)s, %(energy_m7)s, %(instrumentalness_m7)s, %(key_m7)s, %(liveness_m7)s, %(loudness_m7)s, %(mode_m7)s, %(speechiness_m7)s, %(tempo_m7)s, %(valence_m7)s), (%(song_id_m8)s, %(title_m8)s, %(duration_ms_m8)s, %(popularity_m8)s, %(acousticness_m8)s, %(danceability_m8)s, %(energy_m8)s, %(instrumentalness_m8)s, %(key_m8)s, %(liveness_m8)s, %(loudness_m8)s, %(mode_m8)s, %(speechiness_m8)s, %(tempo_m8)s, %(valence_m8)s), (%(song_id_m9)s, %(title_m9)s, %(duration_ms_m9)s, %(popularity_m9)s, %(acousticness_m9)s, %(danceability_m9)s, %(energy_m9)s, %(instrumentalness_m9)s, %(key_m9)s, %(liveness_m9)s, %(loudness_m9)s, %(mode_m9)s, %(speechiness_m9)s, %(tempo_m9)s, %(valence_m9)s), (%(song_id_m10)s, %(title_m10)s, %(duration_ms_m10)s, %(popularity_m10)s, %(acousticness_m10)s, %(danceability_m10)s, %(energy_m10)s, %(instrumentalness_m10)s, %(key_m10)s, %(liveness_m10)s, %(loudness_m10)s, %(mode_m10)s, %(speechiness_m10)s, %(tempo_m10)s, %(valence_m10)s), (%(song_id_m11)s, %(title_m11)s, %(duration_ms_m11)s, %(popularity_m11)s, %(acousticness_m11)s, %(danceability_m11)s, %(energy_m11)s, %(instrumentalness_m11)s, %(key_m11)s, %(liveness_m11)s, %(loudness_m11)s, %(mode_m11)s, %(speechiness_m11)s, %(tempo_m11)s, %(valence_m11)s), (%(song_id_m12)s, %(title_m12)s, %(duration_ms_m12)s, %(popularity_m12)s, %(acousticness_m12)s, %(danceability_m12)s, %(energy_m12)s, %(instrumentalness_m12)s, %(key_m12)s, %(liveness_m12)s, %(loudness_m12)s, %(mode_m12)s, %(speechiness_m12)s, %(tempo_m12)s, %(valence_m12)s), (%(song_id_m13)s, %(title_m13)s, %(duration_ms_m13)s, %(popularity_m13)s, %(acousticness_m13)s, %(danceability_m13)s, %(energy_m13)s, %(instrumentalness_m13)s, %(key_m13)s, %(liveness_m13)s, %(loudness_m13)s, %(mode_m13)s, %(speechiness_m13)s, %(tempo_m13)s, %(valence_m13)s), (%(song_id_m14)s, %(title_m14)s, %(duration_ms_m14)s, %(popularity_m14)s, %(acousticness_m14)s, %(danceability_m14)s, %(energy_m14)s, %(instrumentalness_m14)s, %(key_m14)s, %(liveness_m14)s, %(loudness_m14)s, %(mode_m14)s, %(speechiness_m14)s, %(tempo_m14)s, %(valence_m14)s), (%(song_id_m15)s, %(title_m15)s, %(duration_ms_m15)s, %(popularity_m15)s, %(acousticness_m15)s, %(danceability_m15)s, %(energy_m15)s, %(instrumentalness_m15)s, %(key_m15)s, %(liveness_m15)s, %(loudness_m15)s, %(mode_m15)s, %(speechiness_m15)s, %(tempo_m15)s, %(valence_m15)s), (%(song_id_m16)s, %(title_m16)s, %(duration_ms_m16)s, %(popularity_m16)s, %(acousticness_m16)s, %(danceability_m16)s, %(energy_m16)s, %(instrumentalness_m16)s, %(key_m16)s, %(liveness_m16)s, %(loudness_m16)s, %(mode_m16)s, %(speechiness_m16)s, %(tempo_m16)s, %(valence_m16)s), (%(song_id_m17)s, %(title_m17)s, %(duration_ms_m17)s, %(popularity_m17)s, %(acousticness_m17)s, %(danceability_m17)s, %(energy_m17)s, %(instrumentalness_m17)s, %(key_m17)s, %(liveness_m17)s, %(loudness_m17)s, %(mode_m17)s, %(speechiness_m17)s, %(tempo_m17)s, %(valence_m17)s), (%(song_id_m18)s, %(title_m18)s, %(duration_ms_m18)s, %(popularity_m18)s, %(acousticness_m18)s, %(danceability_m18)s, %(energy_m18)s, %(instrumentalness_m18)s, %(key_m18)s, %(liveness_m18)s, %(loudness_m18)s, %(mode_m18)s, %(speechiness_m18)s, %(tempo_m18)s, %(valence_m18)s), (%(song_id_m19)s, %(title_m19)s, %(duration_ms_m19)s, %(popularity_m19)s, %(acousticness_m19)s, %(danceability_m19)s, %(energy_m19)s, %(instrumentalness_m19)s, %(key_m19)s, %(liveness_m19)s, %(loudness_m19)s, %(mode_m19)s, %(speechiness_m19)s, %(tempo_m19)s, %(valence_m19)s), (%(song_id_m20)s, %(title_m20)s, %(duration_ms_m20)s, %(popularity_m20)s, %(acousticness_m20)s, %(danceability_m20)s, %(energy_m20)s, %(instrumentalness_m20)s, %(key_m20)s, %(liveness_m20)s, %(loudness_m20)s, %(mode_m20)s, %(speechiness_m20)s, %(tempo_m20)s, %(valence_m20)s), (%(song_id_m21)s, %(title_m21)s, %(duration_ms_m21)s, %(popularity_m21)s, %(acousticness_m21)s, %(danceability_m21)s, %(energy_m21)s, %(instrumentalness_m21)s, %(key_m21)s, %(liveness_m21)s, %(loudness_m21)s, %(mode_m21)s, %(speechiness_m21)s, %(tempo_m21)s, %(valence_m21)s), (%(song_id_m22)s, %(title_m22)s, %(duration_ms_m22)s, %(popularity_m22)s, %(acousticness_m22)s, %(danceability_m22)s, %(energy_m22)s, %(instrumentalness_m22)s, %(key_m22)s, %(liveness_m22)s, %(loudness_m22)s, %(mode_m22)s, %(speechiness_m22)s, %(tempo_m22)s, %(valence_m22)s), (%(song_id_m23)s, %(title_m23)s, %(duration_ms_m23)s, %(popularity_m23)s, %(acousticness_m23)s, %(danceability_m23)s, %(energy_m23)s, %(instrumentalness_m23)s, %(key_m23)s, %(liveness_m23)s, %(loudness_m23)s, %(mode_m23)s, %(speechiness_m23)s, %(tempo_m23)s, %(valence_m23)s), (%(song_id_m24)s, %(title_m24)s, %(duration_ms_m24)s, %(popularity_m24)s, %(acousticness_m24)s, %(danceability_m24)s, %(energy_m24)s, %(instrumentalness_m24)s, %(key_m24)s, %(liveness_m24)s, %(loudness_m24)s, %(mode_m24)s, %(speechiness_m24)s, %(tempo_m24)s, %(valence_m24)s), (%(song_id_m25)s, %(title_m25)s, %(duration_ms_m25)s, %(popularity_m25)s, %(acousticness_m25)s, %(danceability_m25)s, %(energy_m25)s, %(instrumentalness_m25)s, %(key_m25)s, %(liveness_m25)s, %(loudness_m25)s, %(mode_m25)s, %(speechiness_m25)s, %(tempo_m25)s, %(valence_m25)s), (%(song_id_m26)s, %(title_m26)s, %(duration_ms_m26)s, %(popularity_m26)s, %(acousticness_m26)s, %(danceability_m26)s, %(energy_m26)s, %(instrumentalness_m26)s, %(key_m26)s, %(liveness_m26)s, %(loudness_m26)s, %(mode_m26)s, %(speechiness_m26)s, %(tempo_m26)s, %(valence_m26)s), (%(song_id_m27)s, %(title_m27)s, %(duration_ms_m27)s, %(popularity_m27)s, %(acousticness_m27)s, %(danceability_m27)s, %(energy_m27)s, %(instrumentalness_m27)s, %(key_m27)s, %(liveness_m27)s, %(loudness_m27)s, %(mode_m27)s, %(speechiness_m27)s, %(tempo_m27)s, %(valence_m27)s), (%(song_id_m28)s, %(title_m28)s, %(duration_ms_m28)s, %(popularity_m28)s, %(acousticness_m28)s, %(danceability_m28)s, %(energy_m28)s, %(instrumentalness_m28)s, %(key_m28)s, %(liveness_m28)s, %(loudness_m28)s, %(mode_m28)s, %(speechiness_m28)s, %(tempo_m28)s, %(valence_m28)s), (%(song_id_m29)s, %(title_m29)s, %(duration_ms_m29)s, %(popularity_m29)s, %(acousticness_m29)s, %(danceability_m29)s, %(energy_m29)s, %(instrumentalness_m29)s, %(key_m29)s, %(liveness_m29)s, %(loudness_m29)s, %(mode_m29)s, %(speechiness_m29)s, %(tempo_m29)s, %(valence_m29)s), (%(song_id_m30)s, %(title_m30)s, %(duration_ms_m30)s, %(popularity_m30)s, %(acousticness_m30)s, %(danceability_m30)s, %(energy_m30)s, %(instrumentalness_m30)s, %(key_m30)s, %(liveness_m30)s, %(loudness_m30)s, %(mode_m30)s, %(speechiness_m30)s, %(tempo_m30)s, %(valence_m30)s), (%(song_id_m31)s, %(title_m31)s, %(duration_ms_m31)s, %(popularity_m31)s, %(acousticness_m31)s, %(danceability_m31)s, %(energy_m31)s, %(instrumentalness_m31)s, %(key_m31)s, %(liveness_m31)s, %(loudness_m31)s, %(mode_m31)s, %(speechiness_m31)s, %(tempo_m31)s, %(valence_m31)s), (%(song_id_m32)s, %(title_m32)s, %(duration_ms_m32)s, %(popularity_m32)s, %(acousticness_m32)s, %(danceability_m32)s, %(energy_m32)s, %(instrumentalness_m32)s, %(key_m32)s, %(liveness_m32)s, %(loudness_m32)s, %(mode_m32)s, %(speechiness_m32)s, %(tempo_m32)s, %(valence_m32)s), (%(song_id_m33)s, %(title_m33)s, %(duration_ms_m33)s, %(popularity_m33)s, %(acousticness_m33)s, %(danceability_m33)s, %(energy_m33)s, %(instrumentalness_m33)s, %(key_m33)s, %(liveness_m33)s, %(loudness_m33)s, %(mode_m33)s, %(speechiness_m33)s, %(tempo_m33)s, %(valence_m33)s), (%(song_id_m34)s, %(title_m34)s, %(duration_ms_m34)s, %(popularity_m34)s, %(acousticness_m34)s, %(danceability_m34)s, %(energy_m34)s, %(instrumentalness_m34)s, %(key_m34)s, %(liveness_m34)s, %(loudness_m34)s, %(mode_m34)s, %(speechiness_m34)s, %(tempo_m34)s, %(valence_m34)s), (%(song_id_m35)s, %(title_m35)s, %(duration_ms_m35)s, %(popularity_m35)s, %(acousticness_m35)s, %(danceability_m35)s, %(energy_m35)s, %(instrumentalness_m35)s, %(key_m35)s, %(liveness_m35)s, %(loudness_m35)s, %(mode_m35)s, %(speechiness_m35)s, %(tempo_m35)s, %(valence_m35)s), (%(song_id_m36)s, %(title_m36)s, %(duration_ms_m36)s, %(popularity_m36)s, %(acousticness_m36)s, %(danceability_m36)s, %(energy_m36)s, %(instrumentalness_m36)s, %(key_m36)s, %(liveness_m36)s, %(loudness_m36)s, %(mode_m36)s, %(speechiness_m36)s, %(tempo_m36)s, %(valence_m36)s), (%(song_id_m37)s, %(title_m37)s, %(duration_ms_m37)s, %(popularity_m37)s, %(acousticness_m37)s, %(danceability_m37)s, %(energy_m37)s, %(instrumentalness_m37)s, %(key_m37)s, %(liveness_m37)s, %(loudness_m37)s, %(mode_m37)s, %(speechiness_m37)s, %(tempo_m37)s, %(valence_m37)s), (%(song_id_m38)s, %(title_m38)s, %(duration_ms_m38)s, %(popularity_m38)s, %(acousticness_m38)s, %(danceability_m38)s, %(energy_m38)s, %(instrumentalness_m38)s, %(key_m38)s, %(liveness_m38)s, %(loudness_m38)s, %(mode_m38)s, %(speechiness_m38)s, %(tempo_m38)s, %(valence_m38)s), (%(song_id_m39)s, %(title_m39)s, %(duration_ms_m39)s, %(popularity_m39)s, %(acousticness_m39)s, %(danceability_m39)s, %(energy_m39)s, %(instrumentalness_m39)s, %(key_m39)s, %(liveness_m39)s, %(loudness_m39)s, %(mode_m39)s, %(speechiness_m39)s, %(tempo_m39)s, %(valence_m39)s), (%(song_id_m40)s, %(title_m40)s, %(duration_ms_m40)s, %(popularity_m40)s, %(acousticness_m40)s, %(danceability_m40)s, %(energy_m40)s, %(instrumentalness_m40)s, %(key_m40)s, %(liveness_m40)s, %(loudness_m40)s, %(mode_m40)s, %(speechiness_m40)s, %(tempo_m40)s, %(valence_m40)s), (%(song_id_m41)s, %(title_m41)s, %(duration_ms_m41)s, %(popularity_m41)s, %(acousticness_m41)s, %(danceability_m41)s, %(energy_m41)s, %(instrumentalness_m41)s, %(key_m41)s, %(liveness_m41)s, %(loudness_m41)s, %(mode_m41)s, %(speechiness_m41)s, %(tempo_m41)s, %(valence_m41)s), (%(song_id_m42)s, %(title_m42)s, %(duration_ms_m42)s, %(popularity_m42)s, %(acousticness_m42)s, %(danceability_m42)s, %(energy_m42)s, %(instrumentalness_m42)s, %(key_m42)s, %(liveness_m42)s, %(loudness_m42)s, %(mode_m42)s, %(speechiness_m42)s, %(tempo_m42)s, %(valence_m42)s), (%(song_id_m43)s, %(title_m43)s, %(duration_ms_m43)s, %(popularity_m43)s, %(acousticness_m43)s, %(danceability_m43)s, %(energy_m43)s, %(instrumentalness_m43)s, %(key_m43)s, %(liveness_m43)s, %(loudness_m43)s, %(mode_m43)s, %(speechiness_m43)s, %(tempo_m43)s, %(valence_m43)s), (%(song_id_m44)s, %(title_m44)s, %(duration_ms_m44)s, %(popularity_m44)s, %(acousticness_m44)s, %(danceability_m44)s, %(energy_m44)s, %(instrumentalness_m44)s, %(key_m44)s, %(liveness_m44)s, %(loudness_m44)s, %(mode_m44)s, %(speechiness_m44)s, %(tempo_m44)s, %(valence_m44)s), (%(song_id_m45)s, %(title_m45)s, %(duration_ms_m45)s, %(popularity_m45)s, %(acousticness_m45)s, %(danceability_m45)s, %(energy_m45)s, %(instrumentalness_m45)s, %(key_m45)s, %(liveness_m45)s, %(loudness_m45)s, %(mode_m45)s, %(speechiness_m45)s, %(tempo_m45)s, %(valence_m45)s), (%(song_id_m46)s, %(title_m46)s, %(duration_ms_m46)s, %(popularity_m46)s, %(acousticness_m46)s, %(danceability_m46)s, %(energy_m46)s, %(instrumentalness_m46)s, %(key_m46)s, %(liveness_m46)s, %(loudness_m46)s, %(mode_m46)s, %(speechiness_m46)s, %(tempo_m46)s, %(valence_m46)s), (%(song_id_m47)s, %(title_m47)s, %(duration_ms_m47)s, %(popularity_m47)s, %(acousticness_m47)s, %(danceability_m47)s, %(energy_m47)s, %(instrumentalness_m47)s, %(key_m47)s, %(liveness_m47)s, %(loudness_m47)s, %(mode_m47)s, %(speechiness_m47)s, %(tempo_m47)s, %(valence_m47)s), (%(song_id_m48)s, %(title_m48)s, %(duration_ms_m48)s, %(popularity_m48)s, %(acousticness_m48)s, %(danceability_m48)s, %(energy_m48)s, %(instrumentalness_m48)s, %(key_m48)s, %(liveness_m48)s, %(loudness_m48)s, %(mode_m48)s, %(speechiness_m48)s, %(tempo_m48)s, %(valence_m48)s), (%(song_id_m49)s, %(title_m49)s, %(duration_ms_m49)s, %(popularity_m49)s, %(acousticness_m49)s, %(danceability_m49)s, %(energy_m49)s, %(instrumentalness_m49)s, %(key_m49)s, %(liveness_m49)s, %(loudness_m49)s, %(mode_m49)s, %(speechiness_m49)s, %(tempo_m49)s, %(valence_m49)s), (%(song_id_m50)s, %(title_m50)s, %(duration_ms_m50)s, %(popularity_m50)s, %(acousticness_m50)s, %(danceability_m50)s, %(energy_m50)s, %(instrumentalness_m50)s, %(key_m50)s, %(liveness_m50)s, %(loudness_m50)s, %(mode_m50)s, %(speechiness_m50)s, %(tempo_m50)s, %(valence_m50)s), (%(song_id_m51)s, %(title_m51)s, %(duration_ms_m51)s, %(popularity_m51)s, %(acousticness_m51)s, %(danceability_m51)s, %(energy_m51)s, %(instrumentalness_m51)s, %(key_m51)s, %(liveness_m51)s, %(loudness_m51)s, %(mode_m51)s, %(speechiness_m51)s, %(tempo_m51)s, %(valence_m51)s), (%(song_id_m52)s, %(title_m52)s, %(duration_ms_m52)s, %(popularity_m52)s, %(acousticness_m52)s, %(danceability_m52)s, %(energy_m52)s, %(instrumentalness_m52)s, %(key_m52)s, %(liveness_m52)s, %(loudness_m52)s, %(mode_m52)s, %(speechiness_m52)s, %(tempo_m52)s, %(valence_m52)s), (%(song_id_m53)s, %(title_m53)s, %(duration_ms_m53)s, %(popularity_m53)s, %(acousticness_m53)s, %(danceability_m53)s, %(energy_m53)s, %(instrumentalness_m53)s, %(key_m53)s, %(liveness_m53)s, %(loudness_m53)s, %(mode_m53)s, %(speechiness_m53)s, %(tempo_m53)s, %(valence_m53)s), (%(song_id_m54)s, %(title_m54)s, %(duration_ms_m54)s, %(popularity_m54)s, %(acousticness_m54)s, %(danceability_m54)s, %(energy_m54)s, %(instrumentalness_m54)s, %(key_m54)s, %(liveness_m54)s, %(loudness_m54)s, %(mode_m54)s, %(speechiness_m54)s, %(tempo_m54)s, %(valence_m54)s), (%(song_id_m55)s, %(title_m55)s, %(duration_ms_m55)s, %(popularity_m55)s, %(acousticness_m55)s, %(danceability_m55)s, %(energy_m55)s, %(instrumentalness_m55)s, %(key_m55)s, %(liveness_m55)s, %(loudness_m55)s, %(mode_m55)s, %(speechiness_m55)s, %(tempo_m55)s, %(valence_m55)s), (%(song_id_m56)s, %(title_m56)s, %(duration_ms_m56)s, %(popularity_m56)s, %(acousticness_m56)s, %(danceability_m56)s, %(energy_m56)s, %(instrumentalness_m56)s, %(key_m56)s, %(liveness_m56)s, %(loudness_m56)s, %(mode_m56)s, %(speechiness_m56)s, %(tempo_m56)s, %(valence_m56)s), (%(song_id_m57)s, %(title_m57)s, %(duration_ms_m57)s, %(popularity_m57)s, %(acousticness_m57)s, %(danceability_m57)s, %(energy_m57)s, %(instrumentalness_m57)s, %(key_m57)s, %(liveness_m57)s, %(loudness_m57)s, %(mode_m57)s, %(speechiness_m57)s, %(tempo_m57)s, %(valence_m57)s), (%(song_id_m58)s, %(title_m58)s, %(duration_ms_m58)s, %(popularity_m58)s, %(acousticness_m58)s, %(danceability_m58)s, %(energy_m58)s, %(instrumentalness_m58)s, %(key_m58)s, %(liveness_m58)s, %(loudness_m58)s, %(mode_m58)s, %(speechiness_m58)s, %(tempo_m58)s, %(valence_m58)s), (%(song_id_m59)s, %(title_m59)s, %(duration_ms_m59)s, %(popularity_m59)s, %(acousticness_m59)s, %(danceability_m59)s, %(energy_m59)s, %(instrumentalness_m59)s, %(key_m59)s, %(liveness_m59)s, %(loudness_m59)s, %(mode_m59)s, %(speechiness_m59)s, %(tempo_m59)s, %(valence_m59)s), (%(song_id_m60)s, %(title_m60)s, %(duration_ms_m60)s, %(popularity_m60)s, %(acousticness_m60)s, %(danceability_m60)s, %(energy_m60)s, %(instrumentalness_m60)s, %(key_m60)s, %(liveness_m60)s, %(loudness_m60)s, %(mode_m60)s, %(speechiness_m60)s, %(tempo_m60)s, %(valence_m60)s), (%(song_id_m61)s, %(title_m61)s, %(duration_ms_m61)s, %(popularity_m61)s, %(acousticness_m61)s, %(danceability_m61)s, %(energy_m61)s, %(instrumentalness_m61)s, %(key_m61)s, %(liveness_m61)s, %(loudness_m61)s, %(mode_m61)s, %(speechiness_m61)s, %(tempo_m61)s, %(valence_m61)s), (%(song_id_m62)s, %(title_m62)s, %(duration_ms_m62)s, %(popularity_m62)s, %(acousticness_m62)s, %(danceability_m62)s, %(energy_m62)s, %(instrumentalness_m62)s, %(key_m62)s, %(liveness_m62)s, %(loudness_m62)s, %(mode_m62)s, %(speechiness_m62)s, %(tempo_m62)s, %(valence_m62)s), (%(song_id_m63)s, %(title_m63)s, %(duration_ms_m63)s, %(popularity_m63)s, %(acousticness_m63)s, %(danceability_m63)s, %(energy_m63)s, %(instrumentalness_m63)s, %(key_m63)s, %(liveness_m63)s, %(loudness_m63)s, %(mode_m63)s, %(speechiness_m63)s, %(tempo_m63)s, %(valence_m63)s), (%(song_id_m64)s, %(title_m64)s, %(duration_ms_m64)s, %(popularity_m64)s, %(acousticness_m64)s, %(danceability_m64)s, %(energy_m64)s, %(instrumentalness_m64)s, %(key_m64)s, %(liveness_m64)s, %(loudness_m64)s, %(mode_m64)s, %(speechiness_m64)s, %(tempo_m64)s, %(valence_m64)s), (%(song_id_m65)s, %(title_m65)s, %(duration_ms_m65)s, %(popularity_m65)s, %(acousticness_m65)s, %(danceability_m65)s, %(energy_m65)s, %(instrumentalness_m65)s, %(key_m65)s, %(liveness_m65)s, %(loudness_m65)s, %(mode_m65)s, %(speechiness_m65)s, %(tempo_m65)s, %(valence_m65)s), (%(song_id_m66)s, %(title_m66)s, %(duration_ms_m66)s, %(popularity_m66)s, %(acousticness_m66)s, %(danceability_m66)s, %(energy_m66)s, %(instrumentalness_m66)s, %(key_m66)s, %(liveness_m66)s, %(loudness_m66)s, %(mode_m66)s, %(speechiness_m66)s, %(tempo_m66)s, %(valence_m66)s), (%(song_id_m67)s, %(title_m67)s, %(duration_ms_m67)s, %(popularity_m67)s, %(acousticness_m67)s, %(danceability_m67)s, %(energy_m67)s, %(instrumentalness_m67)s, %(key_m67)s, %(liveness_m67)s, %(loudness_m67)s, %(mode_m67)s, %(speechiness_m67)s, %(tempo_m67)s, %(valence_m67)s), (%(song_id_m68)s, %(title_m68)s, %(duration_ms_m68)s, %(popularity_m68)s, %(acousticness_m68)s, %(danceability_m68)s, %(energy_m68)s, %(instrumentalness_m68)s, %(key_m68)s, %(liveness_m68)s, %(loudness_m68)s, %(mode_m68)s, %(speechiness_m68)s, %(tempo_m68)s, %(valence_m68)s), (%(song_id_m69)s, %(title_m69)s, %(duration_ms_m69)s, %(popularity_m69)s, %(acousticness_m69)s, %(danceability_m69)s, %(energy_m69)s, %(instrumentalness_m69)s, %(key_m69)s, %(liveness_m69)s, %(loudness_m69)s, %(mode_m69)s, %(speechiness_m69)s, %(tempo_m69)s, %(valence_m69)s), (%(song_id_m70)s, %(title_m70)s, %(duration_ms_m70)s, %(popularity_m70)s, %(acousticness_m70)s, %(danceability_m70)s, %(energy_m70)s, %(instrumentalness_m70)s, %(key_m70)s, %(liveness_m70)s, %(loudness_m70)s, %(mode_m70)s, %(speechiness_m70)s, %(tempo_m70)s, %(valence_m70)s), (%(song_id_m71)s, %(title_m71)s, %(duration_ms_m71)s, %(popularity_m71)s, %(acousticness_m71)s, %(danceability_m71)s, %(energy_m71)s, %(instrumentalness_m71)s, %(key_m71)s, %(liveness_m71)s, %(loudness_m71)s, %(mode_m71)s, %(speechiness_m71)s, %(tempo_m71)s, %(valence_m71)s), (%(song_id_m72)s, %(title_m72)s, %(duration_ms_m72)s, %(popularity_m72)s, %(acousticness_m72)s, %(danceability_m72)s, %(energy_m72)s, %(instrumentalness_m72)s, %(key_m72)s, %(liveness_m72)s, %(loudness_m72)s, %(mode_m72)s, %(speechiness_m72)s, %(tempo_m72)s, %(valence_m72)s), (%(song_id_m73)s, %(title_m73)s, %(duration_ms_m73)s, %(popularity_m73)s, %(acousticness_m73)s, %(danceability_m73)s, %(energy_m73)s, %(instrumentalness_m73)s, %(key_m73)s, %(liveness_m73)s, %(loudness_m73)s, %(mode_m73)s, %(speechiness_m73)s, %(tempo_m73)s, %(valence_m73)s), (%(song_id_m74)s, %(title_m74)s, %(duration_ms_m74)s, %(popularity_m74)s, %(acousticness_m74)s, %(danceability_m74)s, %(energy_m74)s, %(instrumentalness_m74)s, %(key_m74)s, %(liveness_m74)s, %(loudness_m74)s, %(mode_m74)s, %(speechiness_m74)s, %(tempo_m74)s, %(valence_m74)s), (%(song_id_m75)s, %(title_m75)s, %(duration_ms_m75)s, %(popularity_m75)s, %(acousticness_m75)s, %(danceability_m75)s, %(energy_m75)s, %(instrumentalness_m75)s, %(key_m75)s, %(liveness_m75)s, %(loudness_m75)s, %(mode_m75)s, %(speechiness_m75)s, %(tempo_m75)s, %(valence_m75)s), (%(song_id_m76)s, %(title_m76)s, %(duration_ms_m76)s, %(popularity_m76)s, %(acousticness_m76)s, %(danceability_m76)s, %(energy_m76)s, %(instrumentalness_m76)s, %(key_m76)s, %(liveness_m76)s, %(loudness_m76)s, %(mode_m76)s, %(speechiness_m76)s, %(tempo_m76)s, %(valence_m76)s), (%(song_id_m77)s, %(title_m77)s, %(duration_ms_m77)s, %(popularity_m77)s, %(acousticness_m77)s, %(danceability_m77)s, %(energy_m77)s, %(instrumentalness_m77)s, %(key_m77)s, %(liveness_m77)s, %(loudness_m77)s, %(mode_m77)s, %(speechiness_m77)s, %(tempo_m77)s, %(valence_m77)s), (%(song_id_m78)s, %(title_m78)s, %(duration_ms_m78)s, %(popularity_m78)s, %(acousticness_m78)s, %(danceability_m78)s, %(energy_m78)s, %(instrumentalness_m78)s, %(key_m78)s, %(liveness_m78)s, %(loudness_m78)s, %(mode_m78)s, %(speechiness_m78)s, %(tempo_m78)s, %(valence_m78)s), (%(song_id_m79)s, %(title_m79)s, %(duration_ms_m79)s, %(popularity_m79)s, %(acousticness_m79)s, %(danceability_m79)s, %(energy_m79)s, %(instrumentalness_m79)s, %(key_m79)s, %(liveness_m79)s, %(loudness_m79)s, %(mode_m79)s, %(speechiness_m79)s, %(tempo_m79)s, %(valence_m79)s), (%(song_id_m80)s, %(title_m80)s, %(duration_ms_m80)s, %(popularity_m80)s, %(acousticness_m80)s, %(danceability_m80)s, %(energy_m80)s, %(instrumentalness_m80)s, %(key_m80)s, %(liveness_m80)s, %(loudness_m80)s, %(mode_m80)s, %(speechiness_m80)s, %(tempo_m80)s, %(valence_m80)s), (%(song_id_m81)s, %(title_m81)s, %(duration_ms_m81)s, %(popularity_m81)s, %(acousticness_m81)s, %(danceability_m81)s, %(energy_m81)s, %(instrumentalness_m81)s, %(key_m81)s, %(liveness_m81)s, %(loudness_m81)s, %(mode_m81)s, %(speechiness_m81)s, %(tempo_m81)s, %(valence_m81)s), (%(song_id_m82)s, %(title_m82)s, %(duration_ms_m82)s, %(popularity_m82)s, %(acousticness_m82)s, %(danceability_m82)s, %(energy_m82)s, %(instrumentalness_m82)s, %(key_m82)s, %(liveness_m82)s, %(loudness_m82)s, %(mode_m82)s, %(speechiness_m82)s, %(tempo_m82)s, %(valence_m82)s), (%(song_id_m83)s, %(title_m83)s, %(duration_ms_m83)s, %(popularity_m83)s, %(acousticness_m83)s, %(danceability_m83)s, %(energy_m83)s, %(instrumentalness_m83)s, %(key_m83)s, %(liveness_m83)s, %(loudness_m83)s, %(mode_m83)s, %(speechiness_m83)s, %(tempo_m83)s, %(valence_m83)s), (%(song_id_m84)s, %(title_m84)s, %(duration_ms_m84)s, %(popularity_m84)s, %(acousticness_m84)s, %(danceability_m84)s, %(energy_m84)s, %(instrumentalness_m84)s, %(key_m84)s, %(liveness_m84)s, %(loudness_m84)s, %(mode_m84)s, %(speechiness_m84)s, %(tempo_m84)s, %(valence_m84)s), (%(song_id_m85)s, %(title_m85)s, %(duration_ms_m85)s, %(popularity_m85)s, %(acousticness_m85)s, %(danceability_m85)s, %(energy_m85)s, %(instrumentalness_m85)s, %(key_m85)s, %(liveness_m85)s, %(loudness_m85)s, %(mode_m85)s, %(speechiness_m85)s, %(tempo_m85)s, %(valence_m85)s), (%(song_id_m86)s, %(title_m86)s, %(duration_ms_m86)s, %(popularity_m86)s, %(acousticness_m86)s, %(danceability_m86)s, %(energy_m86)s, %(instrumentalness_m86)s, %(key_m86)s, %(liveness_m86)s, %(loudness_m86)s, %(mode_m86)s, %(speechiness_m86)s, %(tempo_m86)s, %(valence_m86)s), (%(song_id_m87)s, %(title_m87)s, %(duration_ms_m87)s, %(popularity_m87)s, %(acousticness_m87)s, %(danceability_m87)s, %(energy_m87)s, %(instrumentalness_m87)s, %(key_m87)s, %(liveness_m87)s, %(loudness_m87)s, %(mode_m87)s, %(speechiness_m87)s, %(tempo_m87)s, %(valence_m87)s), (%(song_id_m88)s, %(title_m88)s, %(duration_ms_m88)s, %(popularity_m88)s, %(acousticness_m88)s, %(danceability_m88)s, %(energy_m88)s, %(instrumentalness_m88)s, %(key_m88)s, %(liveness_m88)s, %(loudness_m88)s, %(mode_m88)s, %(speechiness_m88)s, %(tempo_m88)s, %(valence_m88)s), (%(song_id_m89)s, %(title_m89)s, %(duration_ms_m89)s, %(popularity_m89)s, %(acousticness_m89)s, %(danceability_m89)s, %(energy_m89)s, %(instrumentalness_m89)s, %(key_m89)s, %(liveness_m89)s, %(loudness_m89)s, %(mode_m89)s, %(speechiness_m89)s, %(tempo_m89)s, %(valence_m89)s), (%(song_id_m90)s, %(title_m90)s, %(duration_ms_m90)s, %(popularity_m90)s, %(acousticness_m90)s, %(danceability_m90)s, %(energy_m90)s, %(instrumentalness_m90)s, %(key_m90)s, %(liveness_m90)s, %(loudness_m90)s, %(mode_m90)s, %(speechiness_m90)s, %(tempo_m90)s, %(valence_m90)s), (%(song_id_m91)s, %(title_m91)s, %(duration_ms_m91)s, %(popularity_m91)s, %(acousticness_m91)s, %(danceability_m91)s, %(energy_m91)s, %(instrumentalness_m91)s, %(key_m91)s, %(liveness_m91)s, %(loudness_m91)s, %(mode_m91)s, %(speechiness_m91)s, %(tempo_m91)s, %(valence_m91)s), (%(song_id_m92)s, %(title_m92)s, %(duration_ms_m92)s, %(popularity_m92)s, %(acousticness_m92)s, %(danceability_m92)s, %(energy_m92)s, %(instrumentalness_m92)s, %(key_m92)s, %(liveness_m92)s, %(loudness_m92)s, %(mode_m92)s, %(speechiness_m92)s, %(tempo_m92)s, %(valence_m92)s), (%(song_id_m93)s, %(title_m93)s, %(duration_ms_m93)s, %(popularity_m93)s, %(acousticness_m93)s, %(danceability_m93)s, %(energy_m93)s, %(instrumentalness_m93)s, %(key_m93)s, %(liveness_m93)s, %(loudness_m93)s, %(mode_m93)s, %(speechiness_m93)s, %(tempo_m93)s, %(valence_m93)s), (%(song_id_m94)s, %(title_m94)s, %(duration_ms_m94)s, %(popularity_m94)s, %(acousticness_m94)s, %(danceability_m94)s, %(energy_m94)s, %(instrumentalness_m94)s, %(key_m94)s, %(liveness_m94)s, %(loudness_m94)s, %(mode_m94)s, %(speechiness_m94)s, %(tempo_m94)s, %(valence_m94)s), (%(song_id_m95)s, %(title_m95)s, %(duration_ms_m95)s, %(popularity_m95)s, %(acousticness_m95)s, %(danceability_m95)s, %(energy_m95)s, %(instrumentalness_m95)s, %(key_m95)s, %(liveness_m95)s, %(loudness_m95)s, %(mode_m95)s, %(speechiness_m95)s, %(tempo_m95)s, %(valence_m95)s), (%(song_id_m96)s, %(title_m96)s, %(duration_ms_m96)s, %(popularity_m96)s, %(acousticness_m96)s, %(danceability_m96)s, %(energy_m96)s, %(instrumentalness_m96)s, %(key_m96)s, %(liveness_m96)s, %(loudness_m96)s, %(mode_m96)s, %(speechiness_m96)s, %(tempo_m96)s, %(valence_m96)s), (%(song_id_m97)s, %(title_m97)s, %(duration_ms_m97)s, %(popularity_m97)s, %(acousticness_m97)s, %(danceability_m97)s, %(energy_m97)s, %(instrumentalness_m97)s, %(key_m97)s, %(liveness_m97)s, %(loudness_m97)s, %(mode_m97)s, %(speechiness_m97)s, %(tempo_m97)s, %(valence_m97)s), (%(song_id_m98)s, %(title_m98)s, %(duration_ms_m98)s, %(popularity_m98)s, %(acousticness_m98)s, %(danceability_m98)s, %(energy_m98)s, %(instrumentalness_m98)s, %(key_m98)s, %(liveness_m98)s, %(loudness_m98)s, %(mode_m98)s, %(speechiness_m98)s, %(tempo_m98)s, %(valence_m98)s)]","chan":"stdout","logger":"task"}
{"timestamp":"2025-12-04T15:31:40.576157Z","level":"info","event":"[parameters: {'song_id_m0': '53iuhJlwXhSER5J2IYYv1W', 'title_m0': 'The Fate Of Ophelia', 'duration_ms_m0': 226073.0, 'popularity_m0': 97.0, 'acousticness_m0': 0.265, 'danceability_m0': 0.726, 'energy_m0': 0.598, 'instrumentalness_m0': 0.0, 'key_m0': 5.0, 'liveness_m0': 0.102, 'loudness_m0': -5.179, 'mode_m0': 1.0, 'speechiness_m0': 0.0291, 'tempo_m0': 123.921, 'valence_m0': 0.519, 'song_id_m1': '1CPZ5BxNNd0n0nF4Orb9JS', 'title_m1': 'Golden', 'duration_ms_m1': 194607.0, 'popularity_m1': 99.0, 'acousticness_m1': 0.0966, 'danceability_m1': 0.651, 'energy_m1': 0.686, 'instrumentalness_m1': 0.0, 'key_m1': 4.0, 'liveness_m1': 0.185, 'loudness_m1': -4.371, 'mode_m1': 0.0, 'speechiness_m1': 0.0616, 'tempo_m1': 122.715, 'valence_m1': 0.104, 'song_id_m2': '2RkZ5LkEzeHGRsmDqKwmaJ', 'title_m2': 'Ordinary', 'duration_ms_m2': 186964.0, 'popularity_m2': 87.0, 'acousticness_m2': 0.704, 'danceability_m2': 0.368, 'energy_m2': 0.694, 'instrumentalness_m2': 6.59e-06, 'key_m2': 2.0, 'liveness_m2': 0.055, 'loudness_m2': -6.141, 'mode_m2': 1.0, 'speechiness_m2': 0.06, 'tempo_m2': 168.115, 'valence_m2': 0.391, 'song_id_m3': '1qbmS6ep2hbBRaEZFpn7BX', 'title_m3': 'Man I Need', 'duration_ms_m3': 184000.0, 'popularity_m3': 95.0, 'acousticness_m3': 0.488, 'danceability_m3': 0.808, 'energy_m3': 0.593, 'instrumentalness_m3': 0.000451, 'key_m3': 1.0, 'liveness_m3': 0.0933, 'loudness_m3': -7.27, 'mode_m3': 1.0, 'speechiness_m3': 0.0714, 'tempo_m3': 119.008, 'valence_m3': 0.688, 'song_id_m4': '3yWuTOYDztXjZxdE2cIRUa', 'title_m4': 'Opalite', 'duration_ms_m4': 235355.0, 'popularity_m4': 95.0, 'acousticness_m4': 0.0784, 'danceability_m4': 0.806, 'energy_m4': 0.819, 'instrumentalness_m4': 0.0, 'key_m4': 4.0, 'liveness_m4': 0.0371, 'loudness_m4': -5.033, 'mode_m4': 0.0, 'speechiness_m4': 0.0384, 'tempo_m4': 124.994, 'valence_m4': 0.802, 'song_id_m5': '5BZsQlgw21vDOAjoqkNgKb', 'title_m5': 'Daisies', 'duration_ms_m5': 176453.0, 'popularity_m5': 95.0, 'acousticness_m5': 0.715, 'danceability_m5': 0.802, 'energy_m5': 0.384, 'instrumentalness_m5': 0.000686, 'key_m5': 8.0, 'liveness_m5': 0.108, 'loudness_m5': -8.906, 'mode_m5': 1.0, 'speechiness_m5': 0.054, 'tempo_m5': 110.153, 'valence_m5': 0.482, 'song_id_m6': '2uvE4L5ZsYKpv8hbK4TIOt', 'title_m6': 'Mutt', 'duration_ms_m6': 192933.0, 'popularity_m6': 82.0, 'acousticness_m6': 0.216, 'danceability_m6': 0.572, 'energy_m6': 0.455, 'instrumentalness_m6': 3.88e-06, 'key_m6': 1.0, 'liveness_m6': 0.072, 'loudness_m6': -8.078, 'mode_m6': 1.0, 'speechiness_m6': 0.134, 'tempo_m6': 179.787, 'valence_m6': 0.597, 'song_id_m7': '0bxPRWprUVpQK0UFcddkrA', 'title_m7': 'Folded', 'duration_ms_m7': 238120.0, 'popularity_m7': 88.0, 'acousticness_m7': 0.295, 'danceability_m7': 0.572, 'energy_m7': 0.598, 'instrumentalness_m7': 0.0, 'key_m7': 1.0, 'liveness_m7': 0.12, 'loudness_m7': -7.189, 'mode_m7': 1.0, 'speechiness_m7': 0.0564, 'tempo_m7': 135.578, 'valence_m7': 0.498, 'song_id_m8': '4gfrYDtaRmp6HPvN80V2ob', 'title_m8': 'I Got Better', 'duration_ms_m8': 204963.0, 'popularity_m8': 84.0, 'acousticness_m8': 0.576, 'danceability_m8': 0.598, 'energy_m8': 0.798, 'instrumentalness_m8': 0.000564, 'key_m8': 0.0, 'liveness_m8': 0.155, 'loudness_m8': -4.587, 'mode_m8': 1.0, 'speechiness_m8': 0.0295, 'tempo_m8': 84.986, 'valence_m8': 0.542, 'song_id_m9': '7qjZnBKE73H4Oxkopwulqe', 'title_m9': 'Back To Friends', 'duration_ms_m9': 199032.0, 'popularity_m9': 91.0, 'acousticness_m9': 9.37e-05, 'danceability_m9': 0.436, 'energy_m9': 0.723, 'instrumentalness_m9': 8.82e-05, 'key_m9': 1.0, 'liveness_m9': 0.0929, 'loudness_m9': -2.291, 'mode_m9': 1.0, 'speechiness_m9': 0.0301, 'tempo_m9': 92.855, 'valence_m9': 0.235, 'song_id_m10': '0bYg9bo50gSsH3LtXe2SQn', 'title_m10': 'All I Want For Christmas Is You', 'duration_ms_m10': 241106.0, 'popularity_m10': 89.0, 'acousticness_m10': 0.164, 'danceability_m10': 0.336, 'energy_m10': 0.627, 'instrumentalness_m10': 0.0, 'key_m10': 7.0, 'liveness_m10': 0.0708, 'loudness_m10': -7.463, 'mode_m10': 1.0, 'speechiness_m10': 0.0384, 'tempo_m10': 150.273, 'valence_m10': 0.35, 'song_id_m11': '4ThbwJaIWVxXZ1qJaHQBCz', 'title_m11': \"Travelin' Soldier\", 'duration_ms_m11': None, 'popularity_m11': None, 'acousticness_m11': None, 'danceability_m11': None, 'energy_m11': None, 'instrumentalness_m11': None, 'key_m11': None, 'liveness_m11': None, 'loudness_m11': None, 'mode_m11': None, 'speechiness_m11': None, 'tempo_m11': None, 'valence_m11': None, 'song_id_m12': '2FRnf9qhLbvw8fu4IBXx78', 'title_m12': 'Last Christmas', 'duration_ms_m12': 262960.0, 'popularity_m12': 87.0, 'acousticness_m12': 0.189, 'danceability_m12': 0.735, 'energy_m12': 0.478, 'instrumentalness_m12': 2.48e-06, 'key_m12': 2.0, 'liveness_m12': 0.355, 'loudness_m12': -12.472, 'mode_m12': 1.0, 'speechiness_m12': 0.0293, 'tempo_m12': 107.682, 'valence_m12': 0.947, 'song_id_m13': '04emojnbYkrRmv5qtJcgVP', 'title_m13': 'What I Want', 'duration_ms_m13': 184517.0, 'popularity_m13': 86.0, 'acousticness_m13': 0.639, 'danceability_m13': 0.657, 'energy_m13': 0.699, 'instrumentalness_m13': 0.0, 'key_m13': 9.0, 'liveness_m13': 0.148, 'loudness_m13': -3.92, 'mode_m13': 1.0, 'speechiness_m13': 0.0262, 'tempo_m13': 115.998, 'valence_m13': 0.495, 'song_id_m14': '02sy7FAs8dkDNYsHp4Ul3f', 'title_m14': 'Soda Pop', 'duration_ms_m14': 150686.0, 'popularity_m14': 94.0, 'acousticness_m14': 0.0816, 'danceability_m14': 0.841, 'energy_m14': 0.852, 'instrumentalness_m14': 0.0, 'key_m14': 0.0, 'liveness_m14': 0.0576, 'loudness_m14': -3.591, 'mode_m14': 1.0, 'speechiness_m14': 0.0486, 'tempo_m14': 125.997, 'valence_m14': 0.758, 'song_id_m15': '0t3pcqgBjuAVBgY2oEUIlH', 'title_m15': 'It Depends', 'duration_ms_m15': 271874.0, 'popularity_m15': 0.0, 'acousticness_m15': 0.0238, 'danceability_m15': 0.66, 'energy_m15': 0.466, 'instrumentalness_m15': 0.0, 'key_m15': 1.0, 'liveness_m15': 0.0747, 'loudness_m15': -7.9, 'mode_m15': 1.0, 'speechiness_m15': 0.0495, 'tempo_m15': 136.034, 'valence_m15': 0.363, 'song_id_m16': '1jgTiNob5cVyXeJ3WgX5bL', 'title_m16': 'Elizabeth Taylor', 'duration_ms_m16': 208291.0, 'popularity_m16': 95.0, 'acousticness_m16': 0.36, 'danceability_m16': 0.623, 'energy_m16': 0.627, 'instrumentalness_m16': 0.0, 'key_m16': 2.0, 'liveness_m16': 0.116, 'loudness_m16': -6.685, 'mode_m16': 1.0, 'speechiness_m16': 0.0448, 'tempo_m16': 81.995, 'valence_m16': 0.565, 'song_id_m17': '42VUCXerQ5qTr4Qp6PhKo4', 'title_m17': 'Tears', 'duration_ms_m17': 160183.0, 'popularity_m17': 91.0, 'acousticness_m17': 0.0204, 'danceability_m17': 0.699, 'energy_m17': 0.876, 'instrumentalness_m17': 0.000105, 'key_m17': 0.0, 'liveness_m17': 0.0307, 'loudness_m17': -4.855, 'mode_m17': 1.0, 'speechiness_m17': 0.0514, 'tempo_m17': 113.036, 'valence_m17': 0.485, 'song_id_m18': '2EjXfH91m7f8HiJN1yQg97', 'title_m18': \"Rockin' Around The Christmas Tree\", 'duration_ms_m18': 126266.0, 'popularity_m18': 87.0, 'acousticness_m18': 0.617, 'danceability_m18': 0.598, 'energy_m18': 0.47, 'instrumentalness_m18': 0.0, 'key_m18': 8.0, 'liveness_m18': 0.505, 'loudness_m18': -8.744, 'mode_m18': 1.0, 'speechiness_m18': 0.0496, 'tempo_m18': 67.086, 'valence_m18': 0.879, 'song_id_m19': '7vQbuQcyTflfCIOu3Uzzya', 'title_m19': 'Jingle Bell Rock', 'duration_ms_m19': 130973.0, 'popularity_m19': 85.0, 'acousticness_m19': 0.643, 'danceability_m19': 0.754, 'energy_m19': 0.424, 'instrumentalness_m19': 0.0, 'key_m19': 2.0, 'liveness_m19': 0.0652, 'loudness_m19': -8.463, 'mode_m19': 1.0, 'speechiness_m19': 0.0363, 'tempo_m19': 119.705, 'valence_m19': 0.806, 'song_id_m20': '65DbTqJKhbwqYbZ1Okr0rc', 'title_m20': \"Choosin' Texas\", 'duration_ms_m20': 232226.0, 'popularity_m20': 73.0, 'acousticness_m20': 0.00939, 'danceability_m20': 0.683, 'energy_m20': 0.78, 'instrumentalness_m20': 0.0, 'key_m20': 1.0, 'liveness_m20': 0.194, 'loudness_m20': -4.74, 'mode_m20': 1.0, 'speechiness_m20': 0.031, 'tempo_m20': 112.027, 'valence_m20': 0.486, 'song_id_m21': '4WFgvKVfEhb3IUAFGrutTR', 'title_m21': 'Love Me Not', 'duration_ms_m21': 213466.0, 'popularity_m21': 77.0, 'acousticness_m21': 0.296, 'danceability_m21': 0.779, 'energy_m21': 0.731, 'instrumentalness_m21': 0.0, 'key_m21': 0.0, 'liveness_m21': 0.128, 'loudness_m21': -6.176, 'mode_m21': 1.0, 'speechiness_m21': 0.0306, 'tempo_m21': 114.001, 'valence_m21': 0.814, 'song_id_m22': '2BwO5K8Q7EPAJSGze3AAh9', 'title_m22': 'Manchild', 'duration_ms_m22': 213645.0, 'popularity_m22': 86.0, 'acousticness_m22': 0.0987, 'danceability_m22': 0.73, 'energy_m22': 0.686, 'instrumentalness_m22': 0.0, 'key_m22': 7.0, 'liveness_m22': 0.317, 'loudness_m22': -5.107, 'mode_m22': 1.0, 'speechiness_m22': 0.0615, 'tempo_m22': 123.014, 'valence_m22': 0.839, 'song_id_m23': '1I37Zz2g3hk9eWxaNkj031', 'title_m23': 'Your Idol', 'duration_ms_m23': 191537.0, 'popularity_m23': 94.0, 'acousticness_m23': 0.127, 'danceability_m23': 0.684, 'energy_m23': 0.844, 'instrumentalness_m23': 0.0, 'key_m23': 11.0, 'liveness_m23': 0.208, 'loudness_m23': -3.764, 'mode_m23': 0.0, 'speechiness_m23': 0.082, 'tempo_m23': 90.016, 'valence_m23': 0.361, 'song_id_m24': '04a44cx2PJthIbN2aLMXhl', 'title_m24': 'Tit For Tat', 'duration_ms_m24': 175956.0, 'popularity_m24': 91.0, 'acousticness_m24': 0.206, 'danceability_m24': 0.623, 'energy_m24': 0.705, 'instrumentalness_m24': 0.0, 'key_m24': 8.0, 'liveness_m24': 0.273, 'loudness_m24': -5.036, 'mode_m24': 0.0, 'speechiness_m24': 0.072, 'tempo_m24': 83.974, 'valence_m24': 0.492, 'song_id_m25': '2TEQvxxQabwLQMqWMg1qGu', 'title_m25': 'Wi$h Li$t', 'duration_ms_m25': 207349.0, 'popularity_m25': 93.0, 'acousticness_m25': 0.303, 'danceability_m25': 0.694, 'energy_m25': 0.494, 'instrumentalness_m25': 1.76e-05, 'key_m25': 0.0, 'liveness_m25': 0.0811, 'loudness_m25': -6.543, 'mode_m25': 1.0, 'speechiness_m25': 0.0352, 'tempo_m25': 147.873, 'valence_m25': 0.479, 'song_id_m26': '3RXUgPNIbUgFxsDWuBQEt6', 'title_m26': \"How It's Done\", 'duration_ms_m26': 176059.0, 'popularity_m26': 93.0, 'acousticness_m26': 0.0114, 'danceability_m26': 0.604, 'energy_m26': 0.857, 'instrumentalness_m26': 0.0, 'key_m26': 2.0, 'liveness_m26': 0.322, 'loudness_m26': -3.372, 'mode_m26': 1.0, 'speechiness_m26': 0.0967, 'tempo_m26': 160.011, 'valence_m26': 0.614, 'song_id_m27': '03bTIHJElXZ0O0jqOQvAbY', 'title_m27': 'Father Figure', 'duration_ms_m27': 212777.0, 'popularity_m27': 94.0, 'acousticness_m27': 0.302, 'danceability_m27': 0.745, 'energy_m27': 0.661, 'instrumentalness_m27': 0.0, 'key_m27': 11.0, 'liveness_m27': 0.249, 'loudness_m27': -6.29, 'mode_m27': 0.0, 'speechiness_m27': 0.0354, 'tempo_m27': 93.949, 'valence_m27': 0.321, 'song_id_m28': '6sGIMrtIzQjdzNndVxe397', 'title_m28': 'So Easy (To Fall In Love)', 'duration_ms_m28': 169000.0, 'popularity_m28': 89.0, 'acousticness_m28': 0.665, 'danceability_m28': 0.749, 'energy_m28': 0.633, 'instrumentalness_m28': 0.0, 'key_m28': 3.0, 'liveness_m28': 0.0817, 'loudness_m28': -5.917, 'mode_m28': 1.0, 'speechiness_m28': 0.0373, 'tempo_m28': 139.898, 'valence_m28': 0.572, 'song_id_m29': '0lizgQ7Qw35od7CYaoMBZb', 'title_m29': 'Santa Tell Me', 'duration_ms_m29': 204093.0, 'popularity_m29': 86.0, 'acousticness_m29': 0.0489, 'danceability_m29': 0.525, 'energy_m29': 0.621, 'instrumentalness_m29': 0.0, 'key_m29': 7.0, 'liveness_m29': 0.291, 'loudness_m29': -7.364, 'mode_m29': 1.0, 'speechiness_m29': 0.117, 'tempo_m29': 191.868, 'valence_m29': 0.592, 'song_id_m30': '1xOqGUkyxGQRdCvGpvWKmL', 'title_m30': 'Gabriela', 'duration_ms_m30': 197226.0, 'popularity_m30': 93.0, 'acousticness_m30': 0.184, 'danceability_m30': 0.653, 'energy_m30': 0.754, 'instrumentalness_m30': 0.0, 'key_m30': 7.0, 'liveness_m30': 0.369, 'loudness_m30': -4.579, 'mode_m30': 1.0, 'speechiness_m30': 0.0692, 'tempo_m30': 145.884, 'valence_m30': 0.623, 'song_id_m31': '5sBDrrtLGbV64QJnEqfjer', 'title_m31': 'What It Sounds Like', 'duration_ms_m31': 250268.0, 'popularity_m31': 93.0, 'acousticness_m31': 0.0478, 'danceability_m31': 0.513, 'energy_m31': 0.705, 'instrumentalness_m31': 0.0, 'key_m31': 1.0, 'liveness_m31': 0.298, 'loudness_m31': -4.486, 'mode_m31': 0.0, 'speechiness_m31': 0.0641, 'tempo_m31': 120.725, 'valence_m31': 0.346, 'song_id_m32': '1FHIZknONrV2c20w0x5AVG', 'title_m32': \"Don't Mind If I Do\", 'duration_ms_m32': 218946.0, 'popularity_m32': 70.0, 'acousticness_m32': 0.686, 'danceability_m32': 0.411, 'energy_m32': 0.369, 'instrumentalness_m32': 0.0, 'key_m32': 5.0, 'liveness_m32': 0.157, 'loudness_m32': -9.579, 'mode_m32': 1.0, 'speechiness_m32': 0.031, 'tempo_m32': 87.548, 'valence_m32': 0.214, 'song_id_m33': '1vgourDwo7hFFamSxepvar', 'title_m33': 'Happen To Me', 'duration_ms_m33': 183615.0, 'popularity_m33': 76.0, 'acousticness_m33': 0.0857, 'danceability_m33': 0.586, 'energy_m33': 0.794, 'instrumentalness_m33': 0.0, 'key_m33': 9.0, 'liveness_m33': 0.184, 'loudness_m33': -4.343, 'mode_m33': 1.0, 'speechiness_m33': 0.0392, 'tempo_m33': 118.015, 'valence_m33': 0.463, 'song_id_m34': '3cZajhyr8LmtPfHZ9296tj', 'title_m34': 'No Broke Boys', 'duration_ms_m34': 163994.0, 'popularity_m34': 92.0, 'acousticness_m34': 0.34, 'danceability_m34': 0.767, 'energy_m34': 0.834, 'instrumentalness_m34': 0.111, 'key_m34': 1.0, 'liveness_m34': 0.0901, 'loudness_m34': -7.415, 'mode_m34': 0.0, 'speechiness_m34': 0.0315, 'tempo_m34': 130.999, 'valence_m34': 0.962, 'song_id_m35': '4Km9FSF9iaQiTLnFPdbPom', 'title_m35': '6 Months Later', 'duration_ms_m35': 182868.0, 'popularity_m35': 76.0, 'acousticness_m35': 0.00552, 'danceability_m35': 0.537, 'energy_m35': 0.822, 'instrumentalness_m35': 0.0, 'key_m35': 8.0, 'liveness_m35': 0.0574, 'loudness_m35': -4.621, 'mode_m35': 1.0, 'speechiness_m35': 0.0407, 'tempo_m35': 142.216, 'valence_m35': 0.699, 'song_id_m36': '1NXbNEAcPvY5G1xvfN57aA', 'title_m36': 'Dracula', 'duration_ms_m36': 205308.0, 'popularity_m36': 77.0, 'acousticness_m36': 0.0267, 'danceability_m36': 0.415, 'energy_m36': 0.731, 'instrumentalness_m36': 4.58e-05, 'key_m36': 3.0, 'liveness_m36': 0.317, 'loudness_m36': -3.507, 'mode_m36': 0.0, 'speechiness_m36': 0.0586, 'tempo_m36': 114.837, 'valence_m36': 0.612, 'song_id_m37': '0aGIy8kll4HYDnNTDlf2vU', 'title_m37': 'Somewhere Over Laredo', 'duration_ms_m37': 226000.0, 'popularity_m37': 69.0, 'acousticness_m37': 0.429, 'danceability_m37': 0.607, 'energy_m37': 0.604, 'instrumentalness_m37': 2.23e-05, 'key_m37': 1.0, 'liveness_m37': 0.102, 'loudness_m37': -6.087, 'mode_m37': 1.0, 'speechiness_m37': 0.0302, 'tempo_m37': 118.087, 'valence_m37': 0.303, 'song_id_m38': '0WsC4ETIXyiHDMXRaPMvKe', 'title_m38': 'wgft', 'duration_ms_m38': 184440.0, 'popularity_m38': 70.0, 'acousticness_m38': 0.0913, 'danceability_m38': 0.713, 'energy_m38': 0.413, 'instrumentalness_m38': 0.00688, 'key_m38': 2.0, 'liveness_m38': 0.141, 'loudness_m38': -8.091, 'mode_m38': 1.0, 'speechiness_m38': 0.0975, 'tempo_m38': 88.503, 'valence_m38': 0.377, 'song_id_m39': '3YZE5qDV7u1ZD1gZc47ZeR', 'title_m39': 'Underneath The Tree', 'duration_ms_m39': None, 'popularity_m39': None, 'acousticness_m39': None, 'danceability_m39': None, 'energy_m39': None, 'instrumentalness_m39': None, 'key_m39': None, 'liveness_m39': None, 'loudness_m39': None, 'mode_m39': None, 'speechiness_m39': None, 'tempo_m39': None, 'valence_m39': None, 'song_id_m40': '62V2ZHslgQV98gH4AuVXnr', 'title_m40': 'Ruin The Friendship', 'duration_ms_m40': 220564.0, 'popularity_m40': 93.0, 'acousticness_m40': 0.445, 'danceability_m40': 0.625, 'energy_m40': 0.69, 'instrumentalness_m40': 0.0, 'key_m40': 7.0, 'liveness_m40': 0.102, 'loudness_m40': -5.913, 'mode_m40': 1.0, 'speechiness_m40': 0.0875, 'tempo_m40': 159.868, 'valence_m40': 0.673, 'song_id_m41': '0MHStU0muAIEMbwdnebYu2', 'title_m41': 'Takedown', 'duration_ms_m41': 182016.0, 'popularity_m41': 92.0, 'acousticness_m41': 0.0354, 'danceability_m41': 0.73, 'energy_m41': 0.846, 'instrumentalness_m41': 0.0, 'key_m41': 1.0, 'liveness_m41': 0.202, 'loudness_m41': -4.141, 'mode_m41': 0.0, 'speechiness_m41': 0.0994, 'tempo_m41': 139.954, 'valence_m41': 0.709, 'song_id_m42': '5DxDLsW6PsLz5gkwC7Mk5S', 'title_m42': 'Free', 'duration_ms_m42': 187963.0, 'popularity_m42': 91.0, 'acousticness_m42': 0.225, 'danceability_m42': 0.648, 'energy_m42': 0.56, 'instrumentalness_m42': 0.0, 'key_m42': 1.0, 'liveness_m42': 0.0991, 'loudness_m42': -5.597, 'mode_m42': 1.0, 'speechiness_m42': 0.0706, 'tempo_m42': 139.781, 'valence_m42': 0.437, 'song_id_m43': '31Oh4pwZWjBTuRmzNtxj10', 'title_m43': 'Is It A Crime', 'duration_ms_m43': None, 'popularity_m43': None, 'acousticness_m43': None, 'danceability_m43': None, 'energy_m43': None, 'instrumentalness_m43': None, 'key_m43': None, 'liveness_m43': None, 'loudness_m43': None, 'mode_m43': None, 'speechiness_m43': None, 'tempo_m43': None, 'valence_m43': None, 'song_id_m44': '6r1lboTadi5swMquaAWDzh', 'title_m44': 'Hell At Night', 'duration_ms_m44': 179240.0, 'popularity_m44': 72.0, 'acousticness_m44': 0.0541, 'danceability_m44': 0.678, 'energy_m44': 0.6, 'instrumentalness_m44': 0.0, 'key_m44': 0.0, 'liveness_m44': 0.0924, 'loudness_m44': -6.245, 'mode_m44': 1.0, 'speechiness_m44': 0.0486, 'tempo_m44': 150.08, 'valence_m44': 0.184, 'song_id_m45': '5hslUAKq9I9CG2bAulFkHN', 'title_m45': \"It's The Most Wonderful Time Of The Year\", 'duration_ms_m45': 151933.0, 'popularity_m45': 83.0, 'acousticness_m45': 0.766, 'danceability_m45': 0.24, 'energy_m45': 0.598, 'instrumentalness_m45': 0.0, 'key_m45': 7.0, 'liveness_m45': 0.117, 'loudness_m45': -8.435, 'mode_m45': 1.0, 'speechiness_m45': 0.0369, 'tempo_m45': 201.629, 'valence_m45': 0.776, 'song_id_m46': '0lLdorYw7lVrJydTINhWdI', 'title_m46': \"It's Beginning To Look A Lot Like Christmas\", 'duration_ms_m46': None, 'popularity_m46': None, 'acousticness_m46': None, 'danceability_m46': None, 'energy_m46': None, 'instrumentalness_m46': None, 'key_m46': None, 'liveness_m46': None, 'loudness_m46': None, 'mode_m46': None, 'speechiness_m46': None, 'tempo_m46': None, 'valence_m46': None, 'song_id_m47': '29iva9idM6rFCPUlu7Rhxl', 'title_m47': 'Yukon', 'duration_ms_m47': 163866.0, 'popularity_m47': 90.0, 'acousticness_m47': 0.802, 'danceability_m47': 0.446, 'energy_m47': 0.301, 'instrumentalness_m47': 0.000164, 'key_m47': 7.0, 'liveness_m47': 0.105, 'loudness_m47': -12.748, 'mode_m47': 0.0, 'speechiness_m47': 0.218, 'tempo_m47': 80.572, 'valence_m47': 0.589, 'song_id_m48': '4PS1e8f2LvuTFgUs1Cn3ON', 'title_m48': 'The Christmas Song (Merry Christmas To You)', 'duration_ms_m48': 192160.0, 'popularity_m48': 79.0, 'acousticness_m48': 0.92, 'danceability_m48': 0.32, 'energy_m48': 0.21, 'instrumentalness_m48': 8.01e-05, 'key_m48': 6.0, 'liveness_m48': 0.138, 'loudness_m48': -15.231, 'mode_m48': 1.0, 'speechiness_m48': 0.0345, 'tempo_m48': 73.196, 'valence_m48': 0.208, 'song_id_m49': '4n4tC4qO2LeWQRM9Gbbtop', 'title_m49': 'Shot Callin', 'duration_ms_m49': 225185.0, 'popularity_m49': 60.0, 'acousticness_m49': 0.00511, 'danceability_m49': 0.689, 'energy_m49': 0.796, 'instrumentalness_m49': 0.0, 'key_m49': 8.0, 'liveness_m49': 0.404, 'loudness_m49': -5.613, 'mode_m49': 1.0, 'speechiness_m49': 0.349, 'tempo_m49': 162.005, 'valence_m49': 0.57, 'song_id_m50': '727x6SZXGF0LfU2vi3rjaH', 'title_m50': \"Darlin'\", 'duration_ms_m50': 165000.0, 'popularity_m50': 67.0, 'acousticness_m50': 0.181, 'danceability_m50': 0.798, 'energy_m50': 0.606, 'instrumentalness_m50': 0.0, 'key_m50': 2.0, 'liveness_m50': 0.391, 'loudness_m50': -6.28, 'mode_m50': 1.0, 'speechiness_m50': 0.0338, 'tempo_m50': 120.063, 'valence_m50': 0.895, 'song_id_m51': '1zM8S2pnIclcdTmrfFnWtX', 'title_m51': 'House Again', 'duration_ms_m51': 203822.0, 'popularity_m51': 79.0, 'acousticness_m51': 0.581, 'danceability_m51': 0.444, 'energy_m51': 0.306, 'instrumentalness_m51': 0.0, 'key_m51': 8.0, 'liveness_m51': 0.158, 'loudness_m51': -7.284, 'mode_m51': 1.0, 'speechiness_m51': 0.0324, 'tempo_m51': 127.004, 'valence_m51': 0.493, 'song_id_m52': '6eWAWHm0cuOaPGDWhoLJ7s', 'title_m52': 'Nice To Meet You', 'duration_ms_m52': 176000.0, 'popularity_m52': 80.0, 'acousticness_m52': 0.329, 'danceability_m52': 0.762, 'energy_m52': 0.783, 'instrumentalness_m52': 0.0, 'key_m52': 5.0, 'liveness_m52': 0.0536, 'loudness_m52': -5.206, 'mode_m52': 0.0, 'speechiness_m52': 0.0387, 'tempo_m52': 115.091, 'valence_m52': 0.84, 'song_id_m53': '0YsIYFRoxkmEvbKCwTp0Tg', 'title_m53': '20 Cigarettes', 'duration_ms_m53': 160901.0, 'popularity_m53': 80.0, 'acousticness_m53': 0.725, 'danceability_m53': 0.629, 'energy_m53': 0.57, 'instrumentalness_m53': 0.0, 'key_m53': 10.0, 'liveness_m53': 0.145, 'loudness_m53': -5.733, 'mode_m53': 0.0, 'speechiness_m53': 0.0243, 'tempo_m53': 98.015, 'valence_m53': 0.399, 'song_id_m54': '03JZr55j9bIj1d2RQJ7Yq9', 'title_m54': 'Jealous Type', 'duration_ms_m54': 163647.0, 'popularity_m54': 79.0, 'acousticness_m54': 0.0317, 'danceability_m54': 0.662, 'energy_m54': 0.857, 'instrumentalness_m54': 0.000393, 'key_m54': 2.0, 'liveness_m54': 0.144, 'loudness_m54': -3.236, 'mode_m54': 0.0, 'speechiness_m54': 0.0319, 'tempo_m54': 120.006, 'valence_m54': 0.546, 'song_id_m55': '62HoDY1Km6lm47haFpUn9c', 'title_m55': 'Eldest Daughter', 'duration_ms_m55': 246356.0, 'popularity_m55': 93.0, 'acousticness_m55': 0.806, 'danceability_m55': 0.473, 'energy_m55': 0.315, 'instrumentalness_m55': 0.0, 'key_m55': 7.0, 'liveness_m55': 0.128, 'loudness_m55': -7.326, 'mode_m55': 1.0, 'speechiness_m55': 0.0313, 'tempo_m55': 76.794, 'valence_m55': 0.323, 'song_id_m56': '55lijDD6OAjLFFUHU9tcDm', 'title_m56': 'Where Is My Husband!', 'duration_ms_m56': 196795.0, 'popularity_m56': 91.0, 'acousticness_m56': 0.0599, 'danceability_m56': 0.39, 'energy_m56': 0.781, 'instrumentalness_m56': 0.0, 'key_m56': 8.0, 'liveness_m56': 0.14, 'loudness_m56': -7.04, 'mode_m56': 1.0, 'speechiness_m56': 0.0918, 'tempo_m56': 115.939, 'valence_m56': 0.628, 'song_id_m57': '6tlZIGGXozhQpYyKesjwWL', 'title_m57': 'Back In The Saddle', 'duration_ms_m57': 212962.0, 'popularity_m57': 0.0, 'acousticness_m57': 0.00882, 'danceability_m57': 0.532, 'energy_m57': 0.879, 'instrumentalness_m57': 0.0, 'key_m57': 4.0, 'liveness_m57': 0.409, 'loudness_m57': -4.475, 'mode_m57': 1.0, 'speechiness_m57': 0.0303, 'tempo_m57': 91.976, 'valence_m57': 0.51, 'song_id_m58': '5ylJtmaWPJ33cW3En7WOu0', 'title_m58': 'Wood', 'duration_ms_m58': 150517.0, 'popularity_m58': 93.0, 'acousticness_m58': 0.271, 'danceability_m58': 0.796, 'energy_m58': 0.706, 'instrumentalness_m58': 0.0, 'key_m58': 5.0, 'liveness_m58': 0.587, 'loudness_m58': -6.846, 'mode_m58': 1.0, 'speechiness_m58': 0.191, 'tempo_m58': 99.961, 'valence_m58': 0.781, 'song_id_m59': '2x3mwb96B6TquRqMtbxUE1', 'title_m59': 'Actually Romantic', 'duration_ms_m59': 163699.0, 'popularity_m59': 93.0, 'acousticness_m59': 0.497, 'danceability_m59': 0.708, 'energy_m59': 0.427, 'instrumentalness_m59': 0.0, 'key_m59': 1.0, 'liveness_m59': 0.103, 'loudness_m59': -7.804, 'mode_m59': 0.0, 'speechiness_m59': 0.169, 'tempo_m59': 169.949, 'valence_m59': 0.718, 'song_id_m60': '4Iu73sdCNxZXZUIyClMoPZ', 'title_m60': 'Better Me For You (Brown Eyes)', 'duration_ms_m60': 194120.0, 'popularity_m60': 79.0, 'acousticness_m60': 0.165, 'danceability_m60': 0.574, 'energy_m60': 0.649, 'instrumentalness_m60': 0.0, 'key_m60': 0.0, 'liveness_m60': 0.175, 'loudness_m60': -6.228, 'mode_m60': 1.0, 'speechiness_m60': 0.0265, 'tempo_m60': 76.028, 'valence_m60': 0.565, 'song_id_m61': '5MqzNAzRgVj2dfp30LJ6s1', 'title_m61': 'Out The Window', 'duration_ms_m61': None, 'popularity_m61': None, 'acousticness_m61': None, 'danceability_m61': None, 'energy_m61': None, 'instrumentalness_m61': None, 'key_m61': None, 'liveness_m61': None, 'loudness_m61': None, 'mode_m61': None, 'speechiness_m61': None, 'tempo_m61': None, 'valence_m61': None, 'song_id_m62': '1appZ3c336FkPvCuywfmrs', 'title_m62': 'Cancelled!', 'duration_ms_m62': 211498.0, 'popularity_m62': 93.0, 'acousticness_m62': 0.534, 'danceability_m62': 0.725, 'energy_m62': 0.399, 'instrumentalness_m62': 0.0, 'key_m62': 7.0, 'liveness_m62': 0.193, 'loudness_m62': -8.652, 'mode_m62': 0.0, 'speechiness_m62': 0.0371, 'tempo_m62': 90.911, 'valence_m62': 0.463, 'song_id_m63': '4JAmBKnHyq2avqNvJ81Mao', 'title_m63': 'Last One To Know', 'duration_ms_m63': 177024.0, 'popularity_m63': 75.0, 'acousticness_m63': 0.295, 'danceability_m63': 0.782, 'energy_m63': 0.66, 'instrumentalness_m63': 0.0, 'key_m63': 8.0, 'liveness_m63': 0.095, 'loudness_m63': -6.095, 'mode_m63': 1.0, 'speechiness_m63': 0.0256, 'tempo_m63': 102.003, 'valence_m63': 0.58, 'song_id_m64': '05od2qm2MTSKCHxy1GBp5W', 'title_m64': '12 To 12', 'duration_ms_m64': 242903.0, 'popularity_m64': 89.0, 'acousticness_m64': 0.0134, 'danceability_m64': 0.659, 'energy_m64': 0.898, 'instrumentalness_m64': 5.02e-06, 'key_m64': 11.0, 'liveness_m64': 0.0971, 'loudness_m64': -2.578, 'mode_m64': 0.0, 'speechiness_m64': 0.0526, 'tempo_m64': 123.992, 'valence_m64': 0.511, 'song_id_m65': '5q9I5RmmrLC4U2mW2BnF3K', 'title_m65': 'Safe', 'duration_ms_m65': 177886.0, 'popularity_m65': 76.0, 'acousticness_m65': 0.0908, 'danceability_m65': 0.745, 'energy_m65': 0.663, 'instrumentalness_m65': 0.0, 'key_m65': 7.0, 'liveness_m65': 0.193, 'loudness_m65': -6.428, 'mode_m65': 1.0, 'speechiness_m65': 0.0776, 'tempo_m65': 76.498, 'valence_m65': 0.733, 'song_id_m66': '4QpuZ1Qbcd11aOtY1kGMRg', 'title_m66': 'The Fall', 'duration_ms_m66': 197626.0, 'popularity_m66': 66.0, 'acousticness_m66': 0.199, 'danceability_m66': 0.354, 'energy_m66': 0.535, 'instrumentalness_m66': 2.48e-06, 'key_m66': 3.0, 'liveness_m66': 0.12, 'loudness_m66': -5.564, 'mode_m66': 1.0, 'speechiness_m66': 0.0291, 'tempo_m66': 78.615, 'valence_m66': 0.183, 'song_id_m67': '6xV7Be6XEvkSnighmh2Tzj', 'title_m67': 'Sugar On My Tongue', 'duration_ms_m67': 153332.0, 'popularity_m67': 83.0, 'acousticness_m67': 0.0327, 'danceability_m67': 0.703, 'energy_m67': 0.501, 'instrumentalness_m67': 0.0, 'key_m67': 11.0, 'liveness_m67': 0.193, 'loudness_m67': -7.037, 'mode_m67': 1.0, 'speechiness_m67': 0.101, 'tempo_m67': 126.073, 'valence_m67': 0.463, 'song_id_m68': '2I9517MJ7979KTtFjbDo5E', 'title_m68': 'Went Legit', 'duration_ms_m68': 140487.0, 'popularity_m68': 73.0, 'acousticness_m68': 0.035, 'danceability_m68': 0.769, 'energy_m68': 0.888, 'instrumentalness_m68': 0.0, 'key_m68': 6.0, 'liveness_m68': 0.135, 'loudness_m68': -2.166, 'mode_m68': 1.0, 'speechiness_m68': 0.296, 'tempo_m68': 82.018, 'valence_m68': 0.603, 'song_id_m69': '4qmFC3Jz5aQ0erlk2OSi2X', 'title_m69': 'Honey', 'duration_ms_m69': 181534.0, 'popularity_m69': 92.0, 'acousticness_m69': 0.394, 'danceability_m69': 0.683, 'energy_m69': 0.544, 'instrumentalness_m69': 0.0, 'key_m69': 11.0, 'liveness_m69': 0.332, 'loudness_m69': -7.3, 'mode_m69': 0.0, 'speechiness_m69': 0.0991, 'tempo_m69': 164.047, 'valence_m69': 0.54, 'song_id_m70': '312z6PZ8wwREck8613PkJk', 'title_m70': 'A Couple Minutes', 'duration_ms_m70': 212000.0, 'popularity_m70': 82.0, 'acousticness_m70': 0.709, 'danceability_m70': 0.56, 'energy_m70': 0.406, 'instrumentalness_m70': 0.0, 'key_m70': 3.0, 'liveness_m70': 0.359, 'loudness_m70': -7.733, 'mode_m70': 1.0, 'speechiness_m70': 0.0369, 'tempo_m70': 124.782, 'valence_m70': 0.164, 'song_id_m71': '2GFawZaMjG8QLxiR4OD3db', 'title_m71': 'Take Me Thru Dere', 'duration_ms_m71': 162826.0, 'popularity_m71': 65.0, 'acousticness_m71': 0.207, 'danceability_m71': 0.856, 'energy_m71': 0.825, 'instrumentalness_m71': 0.0, 'key_m71': 0.0, 'liveness_m71': 0.0731, 'loudness_m71': -4.729, 'mode_m71': 1.0, 'speechiness_m71': 0.13, 'tempo_m71': 144.0, 'valence_m71': 0.656, 'song_id_m72': '0je57Uq5eTk1wrPzn9sWbl', 'title_m72': 'When Did You Get Hot?', 'duration_ms_m72': 145398.0, 'popularity_m72': 88.0, 'acousticness_m72': 0.231, 'danceability_m72': 0.696, 'energy_m72': 0.665, 'instrumentalness_m72': 0.0, 'key_m72': 5.0, 'liveness_m72': 0.33, 'loudness_m72': -4.559, 'mode_m72': 1.0, 'speechiness_m72': 0.13, 'tempo_m72': 89.136, 'valence_m72': 0.573, 'song_id_m73': '3NFs3XUduzBfvc5Bx1gmzh', 'title_m73': 'The Dead Dance', 'duration_ms_m73': 228518.0, 'popularity_m73': 79.0, 'acousticness_m73': 0.0184, 'danceability_m73': 0.573, 'energy_m73': 0.835, 'instrumentalness_m73': 3.73e-06, 'key_m73': 7.0, 'liveness_m73': 0.0733, 'loudness_m73': -4.831, 'mode_m73': 1.0, 'speechiness_m73': 0.0536, 'tempo_m73': 123.005, 'valence_m73': 0.237, 'song_id_m74': '7D0RhFcb3CrfPuTJ0obrod', 'title_m74': 'Sparks', 'duration_ms_m74': 227093.0, 'popularity_m74': 85.0, 'acousticness_m74': 0.748, 'danceability_m74': 0.371, 'energy_m74': 0.268, 'instrumentalness_m74': 0.0517, 'key_m74': 1.0, 'liveness_m74': 0.104, 'loudness_m74': -10.506, 'mode_m74': 1.0, 'speechiness_m74': 0.0281, 'tempo_m74': 102.617, 'valence_m74': 0.165, 'song_id_m75': '6vqyk3mbDBv3npTpctYoka', 'title_m75': 'Camera', 'duration_ms_m75': 215511.0, 'popularity_m75': 79.0, 'acousticness_m75': 0.2, 'danceability_m75': 0.613, 'energy_m75': 0.602, 'instrumentalness_m75': 0.0, 'key_m75': 2.0, 'liveness_m75': 0.0713, 'loudness_m75': -5.203, 'mode_m75': 1.0, 'speechiness_m75': 0.0319, 'tempo_m75': 139.783, 'valence_m75': 0.337, 'song_id_m76': '2uH74oFgwuk5x0DlD3EFJ1', 'title_m76': 'What Kinda Man', 'duration_ms_m76': 259146.0, 'popularity_m76': 59.0, 'acousticness_m76': 0.0353, 'danceability_m76': 0.435, 'energy_m76': 0.82, 'instrumentalness_m76': 0.0, 'key_m76': 7.0, 'liveness_m76': 0.182, 'loudness_m76': -4.173, 'mode_m76': 1.0, 'speechiness_m76': 0.047, 'tempo_m76': 124.008, 'valence_m76': 0.375, 'song_id_m77': '16Z0an8D4BJNm3VbWWpTnv', 'title_m77': \"Past Won't Leave My Bed\", 'duration_ms_m77': None, 'popularity_m77': None, 'acousticness_m77': None, 'danceability_m77': None, 'energy_m77': None, 'instrumentalness_m77': None, 'key_m77': None, 'liveness_m77': None, 'loudness_m77': None, 'mode_m77': None, 'speechiness_m77': None, 'tempo_m77': None, 'valence_m77': None, 'song_id_m78': '17U2M7HB14yGe9QSAmbyyB', 'title_m78': 'How Far Does A Goodbye Go', 'duration_ms_m78': 235727.0, 'popularity_m78': 67.0, 'acousticness_m78': 0.256, 'danceability_m78': 0.482, 'energy_m78': 0.706, 'instrumentalness_m78': 0.0, 'key_m78': 7.0, 'liveness_m78': 0.0992, 'loudness_m78': -4.626, 'mode_m78': 1.0, 'speechiness_m78': 0.0307, 'tempo_m78': 75.024, 'valence_m78': 0.587, 'song_id_m79': '5E2y5TSb2RJNCO01QjkgLf', 'title_m79': 'Days Like These', 'duration_ms_m79': 221826.0, 'popularity_m79': 72.0, 'acousticness_m79': 0.804, 'danceability_m79': 0.754, 'energy_m79': 0.265, 'instrumentalness_m79': 0.0, 'key_m79': 7.0, 'liveness_m79': 0.111, 'loudness_m79': -9.243, 'mode_m79': 1.0, 'speechiness_m79': 0.0364, 'tempo_m79': 135.88, 'valence_m79': 0.341, 'song_id_m80': '4oVO4fGNRRvEn0CRuFO4qv', 'title_m80': 'La Perla', 'duration_ms_m80': None, 'popularity_m80': None, 'acousticness_m80': None, 'danceability_m80': None, 'energy_m80': None, 'instrumentalness_m80': None, 'key_m80': None, 'liveness_m80': None, 'loudness_m80': None, 'mode_m80': None, 'speechiness_m80': None, 'tempo_m80': None, 'valence_m80': None, 'song_id_m81': '1bXKpjbalq0If54LBffE0i', 'title_m81': 'Heart Of Stone', 'duration_ms_m81': 181773.0, 'popularity_m81': 59.0, 'acousticness_m81': 0.073, 'danceability_m81': 0.614, 'energy_m81': 0.815, 'instrumentalness_m81': 0.0, 'key_m81': 2.0, 'liveness_m81': 0.341, 'loudness_m81': -4.687, 'mode_m81': 1.0, 'speechiness_m81': 0.0304, 'tempo_m81': 110.041, 'valence_m81': 0.37, 'song_id_m82': '3anaHXs7z8NwLUatPxqJlE', 'title_m82': 'Amen', 'duration_ms_m82': 197403.0, 'popularity_m82': 62.0, 'acousticness_m82': 0.0668, 'danceability_m82': 0.598, 'energy_m82': 0.741, 'instrumentalness_m82': 0.0, 'key_m82': 7.0, 'liveness_m82': 0.259, 'loudness_m82': -5.152, 'mode_m82': 1.0, 'speechiness_m82': 0.0272, 'tempo_m82': 85.031, 'valence_m82': 0.42, 'song_id_m83': '2ZCDXVmOLnKUHYVpycIq5F', 'title_m83': 'What You Is', 'duration_ms_m83': None, 'popularity_m83': None, 'acousticness_m83': None, 'danceability_m83': None, 'energy_m83': None, 'instrumentalness_m83': None, 'key_m83': None, 'liveness_m83': None, 'loudness_m83': None, 'mode_m83': None, 'speechiness_m83': None, 'tempo_m83': None, 'valence_m83': None, 'song_id_m84': '0InIeZW4P6VO7dUGRM4AKH', 'title_m84': 'Sienna', 'duration_ms_m84': 224840.0, 'popularity_m84': 77.0, 'acousticness_m84': 0.583, 'danceability_m84': 0.685, 'energy_m84': 0.468, 'instrumentalness_m84': 0.57, 'key_m84': 7.0, 'liveness_m84': 0.159, 'loudness_m84': -9.405, 'mode_m84': 1.0, 'speechiness_m84': 0.031, 'tempo_m84': 147.993, 'valence_m84': 0.594, 'song_id_m85': '6Q3lFQgpvhA9VApFKLFZtZ', 'title_m85': 'Strategy', 'duration_ms_m85': 168645.0, 'popularity_m85': 85.0, 'acousticness_m85': 0.216, 'danceability_m85': 0.773, 'energy_m85': 0.668, 'instrumentalness_m85': 0.0, 'key_m85': 2.0, 'liveness_m85': 0.314, 'loudness_m85': -3.96, 'mode_m85': 1.0, 'speechiness_m85': 0.06, 'tempo_m85': 110.006, 'valence_m85': 0.628, 'song_id_m86': '2cBtsB7Pi89q9yWk59a2sX', 'title_m86': 'ErrTime', 'duration_ms_m86': 146553.0, 'popularity_m86': 70.0, 'acousticness_m86': 0.0512, 'danceability_m86': 0.765, 'energy_m86': 0.627, 'instrumentalness_m86': 0.0, 'key_m86': 5.0, 'liveness_m86': 0.254, 'loudness_m86': -6.172, 'mode_m86': 0.0, 'speechiness_m86': 0.217, 'tempo_m86': 153.996, 'valence_m86': 0.491, 'song_id_m87': '6WjwYL2tzzci2pvpv50rS4', 'title_m87': 'Beautiful Things', 'duration_ms_m87': 235535.0, 'popularity_m87': 69.0, 'acousticness_m87': 0.319, 'danceability_m87': 0.404, 'energy_m87': 0.508, 'instrumentalness_m87': 0.0, 'key_m87': 3.0, 'liveness_m87': 0.0811, 'loudness_m87': -6.903, 'mode_m87': 1.0, 'speechiness_m87': 0.0332, 'tempo_m87': 79.122, 'valence_m87': 0.325, 'song_id_m88': '3roJNjr7zRlLyr1bTPq0AS', 'title_m88': 'Favorite Country Song', 'duration_ms_m88': 193248.0, 'popularity_m88': 68.0, 'acousticness_m88': 0.322, 'danceability_m88': 0.59, 'energy_m88': 0.573, 'instrumentalness_m88': 0.0, 'key_m88': 0.0, 'liveness_m88': 0.127, 'loudness_m88': -4.683, 'mode_m88': 1.0, 'speechiness_m88': 0.0291, 'tempo_m88': 147.973, 'valence_m88': 0.326, 'song_id_m89': '7gKxCvTDWwV9wBhdeBbr3l', 'title_m89': 'Nice To Each Other', 'duration_ms_m89': 209000.0, 'popularity_m89': 86.0, 'acousticness_m89': 0.406, 'danceability_m89': 0.761, 'energy_m89': 0.737, 'instrumentalness_m89': 0.00166, 'key_m89': 0.0, 'liveness_m89': 0.364, 'loudness_m89': -6.869, 'mode_m89': 1.0, 'speechiness_m89': 0.049, 'tempo_m89': 131.998, 'valence_m89': 0.738, 'song_id_m90': '1rKQjUhF9zFJmuUotr3VkV', 'title_m90': 'Takedown', 'duration_ms_m90': 181192.0, 'popularity_m90': 87.0, 'acousticness_m90': 0.0856, 'danceability_m90': 0.825, 'energy_m90': 0.777, 'instrumentalness_m90': 0.0, 'key_m90': 1.0, 'liveness_m90': 0.239, 'loudness_m90': -3.718, 'mode_m90': 0.0, 'speechiness_m90': 0.109, 'tempo_m90': 139.93, 'valence_m90': 0.519, 'song_id_m91': '6r6IPuFvUX72kQGc9b46rk', 'title_m91': 'Amor', 'duration_ms_m91': None, 'popularity_m91': None, 'acousticness_m91': None, 'danceability_m91': None, 'energy_m91': None, 'instrumentalness_m91': None, 'key_m91': None, 'liveness_m91': None, 'loudness_m91': None, 'mode_m91': None, 'speechiness_m91': None, 'tempo_m91': None, 'valence_m91': None, 'song_id_m92': '2fuYa3Lx06QQJAm0MjztKr', 'title_m92': 'Let Down', 'duration_ms_m92': 299560.0, 'popularity_m92': 74.0, 'acousticness_m92': 0.000121, 'danceability_m92': 0.351, 'energy_m92': 0.676, 'instrumentalness_m92': 0.113, 'key_m92': 9.0, 'liveness_m92': 0.18, 'loudness_m92': -9.017, 'mode_m92': 1.0, 'speechiness_m92': 0.0313, 'tempo_m92': 102.46, 'valence_m92': 0.143, 'song_id_m93': '1gJeOuF6VuBy2jZNN8CIOP', 'title_m93': '3,2,1', 'duration_ms_m93': 158333.0, 'popularity_m93': 55.0, 'acousticness_m93': 0.00772, 'danceability_m93': 0.547, 'energy_m93': 0.823, 'instrumentalness_m93': 0.0, 'key_m93': 10.0, 'liveness_m93': 0.125, 'loudness_m93': -5.006, 'mode_m93': 1.0, 'speechiness_m93': 0.0298, 'tempo_m93': 91.961, 'valence_m93': 0.597, 'song_id_m94': '2mNGL7mZILSqZHxGboJaO9', 'title_m94': 'Come N Go', 'duration_ms_m94': 198620.0, 'popularity_m94': 75.0, 'acousticness_m94': 0.0622, 'danceability_m94': 0.898, 'energy_m94': 0.587, 'instrumentalness_m94': 9.93e-05, 'key_m94': 9.0, 'liveness_m94': 0.145, 'loudness_m94': -5.704, 'mode_m94': 0.0, 'speechiness_m94': 0.054, 'tempo_m94': 145.022, 'valence_m94': 0.301, 'song_id_m95': '2OZVskV28xxJjjhQqKTLSg', 'title_m95': 'Pixelated Kisses', 'duration_ms_m95': 110430.0, 'popularity_m95': 87.0, 'acousticness_m95': 0.0354, 'danceability_m95': 0.503, 'energy_m95': 0.739, 'instrumentalness_m95': 0.25, 'key_m95': 4.0, 'liveness_m95': 0.421, 'loudness_m95': -6.667, 'mode_m95': 0.0, 'speechiness_m95': 0.0345, 'tempo_m95': 124.003, 'valence_m95': 0.0392, 'song_id_m96': '4SRShYMtFIGgnOU7iBicMH', 'title_m96': \"Nobody's Son\", 'duration_ms_m96': 182576.0, 'popularity_m96': 88.0, 'acousticness_m96': 0.336, 'danceability_m96': 0.452, 'energy_m96': 0.735, 'instrumentalness_m96': 0.0, 'key_m96': 2.0, 'liveness_m96': 0.0649, 'loudness_m96': -4.921, 'mode_m96': 1.0, 'speechiness_m96': 0.0449, 'tempo_m96': 173.919, 'valence_m96': 0.65, 'song_id_m97': '1BDLD4c07q0bmq2VCRsXoE', 'title_m97': \"I Ain't Coming Back\", 'duration_ms_m97': 175271.0, 'popularity_m97': 74.0, 'acousticness_m97': 0.566, 'danceability_m97': 0.372, 'energy_m97': 0.727, 'instrumentalness_m97': 0.0, 'key_m97': 11.0, 'liveness_m97': 0.298, 'loudness_m97': -4.9, 'mode_m97': 1.0, 'speechiness_m97': 0.0358, 'tempo_m97': 200.363, 'valence_m97': 0.741, 'song_id_m98': '43oBNdp6W1Z9YDu1svX1hl', 'title_m98': '3am', 'duration_ms_m98': 136127.0, 'popularity_m98': 71.0, 'acousticness_m98': 0.236, 'danceability_m98': 0.74, 'energy_m98': 0.482, 'instrumentalness_m98': 0.0, 'key_m98': 10.0, 'liveness_m98': 0.112, 'loudness_m98': -7.131, 'mode_m98': 0.0, 'speechiness_m98': 0.34, 'tempo_m98': 127.049, 'valence_m98': 0.118}]","chan":"stdout","logger":"task"}
{"timestamp":"2025-12-04T15:31:40.579443Z","level":"info","event":"(Background on this error at: https://sqlalche.me/e/14/9h9h)","chan":"stdout","logger":"task"}
