[2025-11-14T21:21:17.478+0000] {processor.py:186} INFO - Started process (PID=99) to work on /home/airflow/.local/lib/python3.12/site-packages/airflow/example_dags/example_branch_datetime_operator.py
[2025-11-14T21:21:17.479+0000] {processor.py:914} INFO - Processing file /home/airflow/.local/lib/python3.12/site-packages/airflow/example_dags/example_branch_datetime_operator.py for tasks to queue
[2025-11-14T21:21:17.480+0000] {logging_mixin.py:190} INFO - [2025-11-14T21:21:17.480+0000] {dagbag.py:588} INFO - Filling up the DagBag from /home/airflow/.local/lib/python3.12/site-packages/airflow/example_dags/example_branch_datetime_operator.py
[2025-11-14T21:21:17.486+0000] {processor.py:925} INFO - DAG(s) 'example_branch_datetime_operator_3', 'example_branch_datetime_operator_2', 'example_branch_datetime_operator' retrieved from /home/airflow/.local/lib/python3.12/site-packages/airflow/example_dags/example_branch_datetime_operator.py
[2025-11-14T21:21:17.532+0000] {logging_mixin.py:190} INFO - [2025-11-14T21:21:17.532+0000] {override.py:1900} INFO - Created Permission View: can edit on DAG:example_branch_datetime_operator_3
[2025-11-14T21:21:17.535+0000] {logging_mixin.py:190} INFO - [2025-11-14T21:21:17.535+0000] {override.py:1900} INFO - Created Permission View: can read on DAG:example_branch_datetime_operator_3
[2025-11-14T21:21:17.537+0000] {logging_mixin.py:190} INFO - [2025-11-14T21:21:17.537+0000] {override.py:1900} INFO - Created Permission View: can delete on DAG:example_branch_datetime_operator_3
[2025-11-14T21:21:17.539+0000] {logging_mixin.py:190} INFO - [2025-11-14T21:21:17.539+0000] {override.py:1900} INFO - Created Permission View: menu access on DAG Run:example_branch_datetime_operator_3
[2025-11-14T21:21:17.540+0000] {logging_mixin.py:190} INFO - [2025-11-14T21:21:17.540+0000] {override.py:1900} INFO - Created Permission View: can delete on DAG Run:example_branch_datetime_operator_3
[2025-11-14T21:21:17.542+0000] {logging_mixin.py:190} INFO - [2025-11-14T21:21:17.542+0000] {override.py:1900} INFO - Created Permission View: can read on DAG Run:example_branch_datetime_operator_3
[2025-11-14T21:21:17.544+0000] {logging_mixin.py:190} INFO - [2025-11-14T21:21:17.544+0000] {override.py:1900} INFO - Created Permission View: can create on DAG Run:example_branch_datetime_operator_3
[2025-11-14T21:21:17.548+0000] {logging_mixin.py:190} INFO - [2025-11-14T21:21:17.548+0000] {override.py:1900} INFO - Created Permission View: can edit on DAG:example_branch_datetime_operator_2
[2025-11-14T21:21:17.550+0000] {logging_mixin.py:190} INFO - [2025-11-14T21:21:17.550+0000] {override.py:1900} INFO - Created Permission View: can read on DAG:example_branch_datetime_operator_2
[2025-11-14T21:21:17.551+0000] {logging_mixin.py:190} INFO - [2025-11-14T21:21:17.551+0000] {override.py:1900} INFO - Created Permission View: can delete on DAG:example_branch_datetime_operator_2
[2025-11-14T21:21:17.553+0000] {logging_mixin.py:190} INFO - [2025-11-14T21:21:17.553+0000] {override.py:1900} INFO - Created Permission View: menu access on DAG Run:example_branch_datetime_operator_2
[2025-11-14T21:21:17.555+0000] {logging_mixin.py:190} INFO - [2025-11-14T21:21:17.555+0000] {override.py:1900} INFO - Created Permission View: can delete on DAG Run:example_branch_datetime_operator_2
[2025-11-14T21:21:17.557+0000] {logging_mixin.py:190} INFO - [2025-11-14T21:21:17.557+0000] {override.py:1900} INFO - Created Permission View: can read on DAG Run:example_branch_datetime_operator_2
[2025-11-14T21:21:17.559+0000] {logging_mixin.py:190} INFO - [2025-11-14T21:21:17.559+0000] {override.py:1900} INFO - Created Permission View: can create on DAG Run:example_branch_datetime_operator_2
[2025-11-14T21:21:17.565+0000] {logging_mixin.py:190} INFO - [2025-11-14T21:21:17.565+0000] {override.py:1900} INFO - Created Permission View: can edit on DAG:example_branch_datetime_operator
[2025-11-14T21:21:17.569+0000] {logging_mixin.py:190} INFO - [2025-11-14T21:21:17.569+0000] {override.py:1900} INFO - Created Permission View: can read on DAG:example_branch_datetime_operator
[2025-11-14T21:21:17.571+0000] {logging_mixin.py:190} INFO - [2025-11-14T21:21:17.571+0000] {override.py:1900} INFO - Created Permission View: can delete on DAG:example_branch_datetime_operator
[2025-11-14T21:21:17.572+0000] {logging_mixin.py:190} INFO - [2025-11-14T21:21:17.572+0000] {override.py:1900} INFO - Created Permission View: menu access on DAG Run:example_branch_datetime_operator
[2025-11-14T21:21:17.574+0000] {logging_mixin.py:190} INFO - [2025-11-14T21:21:17.574+0000] {override.py:1900} INFO - Created Permission View: can delete on DAG Run:example_branch_datetime_operator
[2025-11-14T21:21:17.576+0000] {logging_mixin.py:190} INFO - [2025-11-14T21:21:17.576+0000] {override.py:1900} INFO - Created Permission View: can read on DAG Run:example_branch_datetime_operator
[2025-11-14T21:21:17.578+0000] {logging_mixin.py:190} INFO - [2025-11-14T21:21:17.578+0000] {override.py:1900} INFO - Created Permission View: can create on DAG Run:example_branch_datetime_operator
[2025-11-14T21:21:17.578+0000] {logging_mixin.py:190} INFO - [2025-11-14T21:21:17.578+0000] {dag.py:3239} INFO - Sync 3 DAGs
[2025-11-14T21:21:17.584+0000] {logging_mixin.py:190} INFO - [2025-11-14T21:21:17.584+0000] {dag.py:3262} INFO - Creating ORM DAG for example_branch_datetime_operator_2
[2025-11-14T21:21:17.584+0000] {logging_mixin.py:190} INFO - [2025-11-14T21:21:17.584+0000] {dag.py:3262} INFO - Creating ORM DAG for example_branch_datetime_operator_3
[2025-11-14T21:21:17.585+0000] {logging_mixin.py:190} INFO - [2025-11-14T21:21:17.584+0000] {dag.py:3262} INFO - Creating ORM DAG for example_branch_datetime_operator
[2025-11-14T21:21:17.589+0000] {logging_mixin.py:190} INFO - [2025-11-14T21:21:17.588+0000] {dag.py:4180} INFO - Setting next_dagrun for example_branch_datetime_operator to 2025-11-13 00:00:00+00:00, run_after=2025-11-14 00:00:00+00:00
[2025-11-14T21:21:17.590+0000] {logging_mixin.py:190} INFO - [2025-11-14T21:21:17.590+0000] {dag.py:4180} INFO - Setting next_dagrun for example_branch_datetime_operator_2 to 2025-11-13 00:00:00+00:00, run_after=2025-11-14 00:00:00+00:00
[2025-11-14T21:21:17.592+0000] {logging_mixin.py:190} INFO - [2025-11-14T21:21:17.592+0000] {dag.py:4180} INFO - Setting next_dagrun for example_branch_datetime_operator_3 to 2025-11-13 00:00:00+00:00, run_after=2025-11-14 00:00:00+00:00
[2025-11-14T21:21:17.602+0000] {processor.py:208} INFO - Processing /home/airflow/.local/lib/python3.12/site-packages/airflow/example_dags/example_branch_datetime_operator.py took 0.126 seconds
[2025-11-14T21:21:48.210+0000] {processor.py:186} INFO - Started process (PID=161) to work on /home/airflow/.local/lib/python3.12/site-packages/airflow/example_dags/example_branch_datetime_operator.py
[2025-11-14T21:21:48.211+0000] {processor.py:914} INFO - Processing file /home/airflow/.local/lib/python3.12/site-packages/airflow/example_dags/example_branch_datetime_operator.py for tasks to queue
[2025-11-14T21:21:48.213+0000] {logging_mixin.py:190} INFO - [2025-11-14T21:21:48.213+0000] {dagbag.py:588} INFO - Filling up the DagBag from /home/airflow/.local/lib/python3.12/site-packages/airflow/example_dags/example_branch_datetime_operator.py
[2025-11-14T21:21:48.219+0000] {processor.py:925} INFO - DAG(s) 'example_branch_datetime_operator', 'example_branch_datetime_operator_2', 'example_branch_datetime_operator_3' retrieved from /home/airflow/.local/lib/python3.12/site-packages/airflow/example_dags/example_branch_datetime_operator.py
[2025-11-14T21:21:48.233+0000] {logging_mixin.py:190} INFO - [2025-11-14T21:21:48.232+0000] {dag.py:3239} INFO - Sync 3 DAGs
[2025-11-14T21:21:48.246+0000] {logging_mixin.py:190} INFO - [2025-11-14T21:21:48.245+0000] {dag.py:4180} INFO - Setting next_dagrun for example_branch_datetime_operator to 2025-11-13 00:00:00+00:00, run_after=2025-11-14 00:00:00+00:00
[2025-11-14T21:21:48.251+0000] {logging_mixin.py:190} INFO - [2025-11-14T21:21:48.250+0000] {dag.py:4180} INFO - Setting next_dagrun for example_branch_datetime_operator_2 to 2025-11-13 00:00:00+00:00, run_after=2025-11-14 00:00:00+00:00
[2025-11-14T21:21:48.253+0000] {logging_mixin.py:190} INFO - [2025-11-14T21:21:48.253+0000] {dag.py:4180} INFO - Setting next_dagrun for example_branch_datetime_operator_3 to 2025-11-13 00:00:00+00:00, run_after=2025-11-14 00:00:00+00:00
[2025-11-14T21:21:48.263+0000] {processor.py:208} INFO - Processing /home/airflow/.local/lib/python3.12/site-packages/airflow/example_dags/example_branch_datetime_operator.py took 0.057 seconds
[2025-11-14T21:22:18.447+0000] {processor.py:186} INFO - Started process (PID=223) to work on /home/airflow/.local/lib/python3.12/site-packages/airflow/example_dags/example_branch_datetime_operator.py
[2025-11-14T21:22:18.449+0000] {processor.py:914} INFO - Processing file /home/airflow/.local/lib/python3.12/site-packages/airflow/example_dags/example_branch_datetime_operator.py for tasks to queue
[2025-11-14T21:22:18.450+0000] {logging_mixin.py:190} INFO - [2025-11-14T21:22:18.450+0000] {dagbag.py:588} INFO - Filling up the DagBag from /home/airflow/.local/lib/python3.12/site-packages/airflow/example_dags/example_branch_datetime_operator.py
[2025-11-14T21:22:18.457+0000] {processor.py:925} INFO - DAG(s) 'example_branch_datetime_operator', 'example_branch_datetime_operator_2', 'example_branch_datetime_operator_3' retrieved from /home/airflow/.local/lib/python3.12/site-packages/airflow/example_dags/example_branch_datetime_operator.py
[2025-11-14T21:22:18.467+0000] {logging_mixin.py:190} INFO - [2025-11-14T21:22:18.467+0000] {dag.py:3239} INFO - Sync 3 DAGs
[2025-11-14T21:22:18.476+0000] {logging_mixin.py:190} INFO - [2025-11-14T21:22:18.476+0000] {dag.py:4180} INFO - Setting next_dagrun for example_branch_datetime_operator to 2025-11-13 00:00:00+00:00, run_after=2025-11-14 00:00:00+00:00
[2025-11-14T21:22:18.480+0000] {logging_mixin.py:190} INFO - [2025-11-14T21:22:18.480+0000] {dag.py:4180} INFO - Setting next_dagrun for example_branch_datetime_operator_2 to 2025-11-13 00:00:00+00:00, run_after=2025-11-14 00:00:00+00:00
[2025-11-14T21:22:18.481+0000] {logging_mixin.py:190} INFO - [2025-11-14T21:22:18.481+0000] {dag.py:4180} INFO - Setting next_dagrun for example_branch_datetime_operator_3 to 2025-11-13 00:00:00+00:00, run_after=2025-11-14 00:00:00+00:00
[2025-11-14T21:22:18.486+0000] {processor.py:208} INFO - Processing /home/airflow/.local/lib/python3.12/site-packages/airflow/example_dags/example_branch_datetime_operator.py took 0.042 seconds
[2025-11-14T21:22:48.887+0000] {processor.py:186} INFO - Started process (PID=285) to work on /home/airflow/.local/lib/python3.12/site-packages/airflow/example_dags/example_branch_datetime_operator.py
[2025-11-14T21:22:48.887+0000] {processor.py:914} INFO - Processing file /home/airflow/.local/lib/python3.12/site-packages/airflow/example_dags/example_branch_datetime_operator.py for tasks to queue
[2025-11-14T21:22:48.888+0000] {logging_mixin.py:190} INFO - [2025-11-14T21:22:48.888+0000] {dagbag.py:588} INFO - Filling up the DagBag from /home/airflow/.local/lib/python3.12/site-packages/airflow/example_dags/example_branch_datetime_operator.py
[2025-11-14T21:22:48.893+0000] {processor.py:925} INFO - DAG(s) 'example_branch_datetime_operator', 'example_branch_datetime_operator_3', 'example_branch_datetime_operator_2' retrieved from /home/airflow/.local/lib/python3.12/site-packages/airflow/example_dags/example_branch_datetime_operator.py
[2025-11-14T21:22:48.903+0000] {logging_mixin.py:190} INFO - [2025-11-14T21:22:48.903+0000] {dag.py:3239} INFO - Sync 3 DAGs
[2025-11-14T21:22:48.916+0000] {logging_mixin.py:190} INFO - [2025-11-14T21:22:48.916+0000] {dag.py:4180} INFO - Setting next_dagrun for example_branch_datetime_operator to 2025-11-13 00:00:00+00:00, run_after=2025-11-14 00:00:00+00:00
[2025-11-14T21:22:48.920+0000] {logging_mixin.py:190} INFO - [2025-11-14T21:22:48.920+0000] {dag.py:4180} INFO - Setting next_dagrun for example_branch_datetime_operator_2 to 2025-11-13 00:00:00+00:00, run_after=2025-11-14 00:00:00+00:00
[2025-11-14T21:22:48.921+0000] {logging_mixin.py:190} INFO - [2025-11-14T21:22:48.921+0000] {dag.py:4180} INFO - Setting next_dagrun for example_branch_datetime_operator_3 to 2025-11-13 00:00:00+00:00, run_after=2025-11-14 00:00:00+00:00
[2025-11-14T21:22:48.928+0000] {processor.py:208} INFO - Processing /home/airflow/.local/lib/python3.12/site-packages/airflow/example_dags/example_branch_datetime_operator.py took 0.043 seconds
[2025-11-14T21:23:19.020+0000] {processor.py:186} INFO - Started process (PID=347) to work on /home/airflow/.local/lib/python3.12/site-packages/airflow/example_dags/example_branch_datetime_operator.py
[2025-11-14T21:23:19.021+0000] {processor.py:914} INFO - Processing file /home/airflow/.local/lib/python3.12/site-packages/airflow/example_dags/example_branch_datetime_operator.py for tasks to queue
[2025-11-14T21:23:19.023+0000] {logging_mixin.py:190} INFO - [2025-11-14T21:23:19.023+0000] {dagbag.py:588} INFO - Filling up the DagBag from /home/airflow/.local/lib/python3.12/site-packages/airflow/example_dags/example_branch_datetime_operator.py
[2025-11-14T21:23:19.034+0000] {processor.py:925} INFO - DAG(s) 'example_branch_datetime_operator_2', 'example_branch_datetime_operator_3', 'example_branch_datetime_operator' retrieved from /home/airflow/.local/lib/python3.12/site-packages/airflow/example_dags/example_branch_datetime_operator.py
[2025-11-14T21:23:19.046+0000] {logging_mixin.py:190} INFO - [2025-11-14T21:23:19.046+0000] {dag.py:3239} INFO - Sync 3 DAGs
[2025-11-14T21:23:19.055+0000] {logging_mixin.py:190} INFO - [2025-11-14T21:23:19.055+0000] {dag.py:4180} INFO - Setting next_dagrun for example_branch_datetime_operator to 2025-11-13 00:00:00+00:00, run_after=2025-11-14 00:00:00+00:00
[2025-11-14T21:23:19.057+0000] {logging_mixin.py:190} INFO - [2025-11-14T21:23:19.057+0000] {dag.py:4180} INFO - Setting next_dagrun for example_branch_datetime_operator_2 to 2025-11-13 00:00:00+00:00, run_after=2025-11-14 00:00:00+00:00
[2025-11-14T21:23:19.057+0000] {logging_mixin.py:190} INFO - [2025-11-14T21:23:19.057+0000] {dag.py:4180} INFO - Setting next_dagrun for example_branch_datetime_operator_3 to 2025-11-13 00:00:00+00:00, run_after=2025-11-14 00:00:00+00:00
[2025-11-14T21:23:19.063+0000] {processor.py:208} INFO - Processing /home/airflow/.local/lib/python3.12/site-packages/airflow/example_dags/example_branch_datetime_operator.py took 0.046 seconds
[2025-11-14T21:23:49.422+0000] {processor.py:186} INFO - Started process (PID=408) to work on /home/airflow/.local/lib/python3.12/site-packages/airflow/example_dags/example_branch_datetime_operator.py
[2025-11-14T21:23:49.426+0000] {processor.py:914} INFO - Processing file /home/airflow/.local/lib/python3.12/site-packages/airflow/example_dags/example_branch_datetime_operator.py for tasks to queue
[2025-11-14T21:23:49.428+0000] {logging_mixin.py:190} INFO - [2025-11-14T21:23:49.428+0000] {dagbag.py:588} INFO - Filling up the DagBag from /home/airflow/.local/lib/python3.12/site-packages/airflow/example_dags/example_branch_datetime_operator.py
[2025-11-14T21:23:49.434+0000] {processor.py:925} INFO - DAG(s) 'example_branch_datetime_operator_2', 'example_branch_datetime_operator', 'example_branch_datetime_operator_3' retrieved from /home/airflow/.local/lib/python3.12/site-packages/airflow/example_dags/example_branch_datetime_operator.py
[2025-11-14T21:23:49.447+0000] {logging_mixin.py:190} INFO - [2025-11-14T21:23:49.446+0000] {dag.py:3239} INFO - Sync 3 DAGs
[2025-11-14T21:23:49.457+0000] {logging_mixin.py:190} INFO - [2025-11-14T21:23:49.457+0000] {dag.py:4180} INFO - Setting next_dagrun for example_branch_datetime_operator to 2025-11-13 00:00:00+00:00, run_after=2025-11-14 00:00:00+00:00
[2025-11-14T21:23:49.459+0000] {logging_mixin.py:190} INFO - [2025-11-14T21:23:49.459+0000] {dag.py:4180} INFO - Setting next_dagrun for example_branch_datetime_operator_2 to 2025-11-13 00:00:00+00:00, run_after=2025-11-14 00:00:00+00:00
[2025-11-14T21:23:49.460+0000] {logging_mixin.py:190} INFO - [2025-11-14T21:23:49.460+0000] {dag.py:4180} INFO - Setting next_dagrun for example_branch_datetime_operator_3 to 2025-11-13 00:00:00+00:00, run_after=2025-11-14 00:00:00+00:00
[2025-11-14T21:23:49.466+0000] {processor.py:208} INFO - Processing /home/airflow/.local/lib/python3.12/site-packages/airflow/example_dags/example_branch_datetime_operator.py took 0.046 seconds
[2025-11-14T21:24:19.883+0000] {processor.py:186} INFO - Started process (PID=470) to work on /home/airflow/.local/lib/python3.12/site-packages/airflow/example_dags/example_branch_datetime_operator.py
[2025-11-14T21:24:19.884+0000] {processor.py:914} INFO - Processing file /home/airflow/.local/lib/python3.12/site-packages/airflow/example_dags/example_branch_datetime_operator.py for tasks to queue
[2025-11-14T21:24:19.885+0000] {logging_mixin.py:190} INFO - [2025-11-14T21:24:19.885+0000] {dagbag.py:588} INFO - Filling up the DagBag from /home/airflow/.local/lib/python3.12/site-packages/airflow/example_dags/example_branch_datetime_operator.py
[2025-11-14T21:24:19.891+0000] {processor.py:925} INFO - DAG(s) 'example_branch_datetime_operator', 'example_branch_datetime_operator_3', 'example_branch_datetime_operator_2' retrieved from /home/airflow/.local/lib/python3.12/site-packages/airflow/example_dags/example_branch_datetime_operator.py
[2025-11-14T21:24:19.903+0000] {logging_mixin.py:190} INFO - [2025-11-14T21:24:19.903+0000] {dag.py:3239} INFO - Sync 3 DAGs
[2025-11-14T21:24:19.914+0000] {logging_mixin.py:190} INFO - [2025-11-14T21:24:19.914+0000] {dag.py:4180} INFO - Setting next_dagrun for example_branch_datetime_operator to 2025-11-13 00:00:00+00:00, run_after=2025-11-14 00:00:00+00:00
[2025-11-14T21:24:19.916+0000] {logging_mixin.py:190} INFO - [2025-11-14T21:24:19.916+0000] {dag.py:4180} INFO - Setting next_dagrun for example_branch_datetime_operator_2 to 2025-11-13 00:00:00+00:00, run_after=2025-11-14 00:00:00+00:00
[2025-11-14T21:24:19.916+0000] {logging_mixin.py:190} INFO - [2025-11-14T21:24:19.916+0000] {dag.py:4180} INFO - Setting next_dagrun for example_branch_datetime_operator_3 to 2025-11-13 00:00:00+00:00, run_after=2025-11-14 00:00:00+00:00
[2025-11-14T21:24:19.923+0000] {processor.py:208} INFO - Processing /home/airflow/.local/lib/python3.12/site-packages/airflow/example_dags/example_branch_datetime_operator.py took 0.043 seconds
[2025-11-14T21:24:50.322+0000] {processor.py:186} INFO - Started process (PID=532) to work on /home/airflow/.local/lib/python3.12/site-packages/airflow/example_dags/example_branch_datetime_operator.py
[2025-11-14T21:24:50.322+0000] {processor.py:914} INFO - Processing file /home/airflow/.local/lib/python3.12/site-packages/airflow/example_dags/example_branch_datetime_operator.py for tasks to queue
[2025-11-14T21:24:50.324+0000] {logging_mixin.py:190} INFO - [2025-11-14T21:24:50.324+0000] {dagbag.py:588} INFO - Filling up the DagBag from /home/airflow/.local/lib/python3.12/site-packages/airflow/example_dags/example_branch_datetime_operator.py
[2025-11-14T21:24:50.333+0000] {processor.py:925} INFO - DAG(s) 'example_branch_datetime_operator', 'example_branch_datetime_operator_3', 'example_branch_datetime_operator_2' retrieved from /home/airflow/.local/lib/python3.12/site-packages/airflow/example_dags/example_branch_datetime_operator.py
[2025-11-14T21:24:50.348+0000] {logging_mixin.py:190} INFO - [2025-11-14T21:24:50.348+0000] {dag.py:3239} INFO - Sync 3 DAGs
[2025-11-14T21:24:50.361+0000] {logging_mixin.py:190} INFO - [2025-11-14T21:24:50.360+0000] {dag.py:4180} INFO - Setting next_dagrun for example_branch_datetime_operator to 2025-11-13 00:00:00+00:00, run_after=2025-11-14 00:00:00+00:00
[2025-11-14T21:24:50.362+0000] {logging_mixin.py:190} INFO - [2025-11-14T21:24:50.362+0000] {dag.py:4180} INFO - Setting next_dagrun for example_branch_datetime_operator_2 to 2025-11-13 00:00:00+00:00, run_after=2025-11-14 00:00:00+00:00
[2025-11-14T21:24:50.363+0000] {logging_mixin.py:190} INFO - [2025-11-14T21:24:50.363+0000] {dag.py:4180} INFO - Setting next_dagrun for example_branch_datetime_operator_3 to 2025-11-13 00:00:00+00:00, run_after=2025-11-14 00:00:00+00:00
[2025-11-14T21:24:50.369+0000] {processor.py:208} INFO - Processing /home/airflow/.local/lib/python3.12/site-packages/airflow/example_dags/example_branch_datetime_operator.py took 0.051 seconds
[2025-11-14T21:25:21.271+0000] {processor.py:186} INFO - Started process (PID=594) to work on /home/airflow/.local/lib/python3.12/site-packages/airflow/example_dags/example_branch_datetime_operator.py
[2025-11-14T21:25:21.274+0000] {processor.py:914} INFO - Processing file /home/airflow/.local/lib/python3.12/site-packages/airflow/example_dags/example_branch_datetime_operator.py for tasks to queue
[2025-11-14T21:25:21.275+0000] {logging_mixin.py:190} INFO - [2025-11-14T21:25:21.275+0000] {dagbag.py:588} INFO - Filling up the DagBag from /home/airflow/.local/lib/python3.12/site-packages/airflow/example_dags/example_branch_datetime_operator.py
[2025-11-14T21:25:21.280+0000] {processor.py:925} INFO - DAG(s) 'example_branch_datetime_operator_2', 'example_branch_datetime_operator_3', 'example_branch_datetime_operator' retrieved from /home/airflow/.local/lib/python3.12/site-packages/airflow/example_dags/example_branch_datetime_operator.py
[2025-11-14T21:25:21.291+0000] {logging_mixin.py:190} INFO - [2025-11-14T21:25:21.291+0000] {dag.py:3239} INFO - Sync 3 DAGs
[2025-11-14T21:25:21.302+0000] {logging_mixin.py:190} INFO - [2025-11-14T21:25:21.302+0000] {dag.py:4180} INFO - Setting next_dagrun for example_branch_datetime_operator to 2025-11-13 00:00:00+00:00, run_after=2025-11-14 00:00:00+00:00
[2025-11-14T21:25:21.304+0000] {logging_mixin.py:190} INFO - [2025-11-14T21:25:21.304+0000] {dag.py:4180} INFO - Setting next_dagrun for example_branch_datetime_operator_2 to 2025-11-13 00:00:00+00:00, run_after=2025-11-14 00:00:00+00:00
[2025-11-14T21:25:21.305+0000] {logging_mixin.py:190} INFO - [2025-11-14T21:25:21.305+0000] {dag.py:4180} INFO - Setting next_dagrun for example_branch_datetime_operator_3 to 2025-11-13 00:00:00+00:00, run_after=2025-11-14 00:00:00+00:00
[2025-11-14T21:25:21.311+0000] {processor.py:208} INFO - Processing /home/airflow/.local/lib/python3.12/site-packages/airflow/example_dags/example_branch_datetime_operator.py took 0.042 seconds
[2025-11-14T21:25:51.456+0000] {processor.py:186} INFO - Started process (PID=656) to work on /home/airflow/.local/lib/python3.12/site-packages/airflow/example_dags/example_branch_datetime_operator.py
[2025-11-14T21:25:51.457+0000] {processor.py:914} INFO - Processing file /home/airflow/.local/lib/python3.12/site-packages/airflow/example_dags/example_branch_datetime_operator.py for tasks to queue
[2025-11-14T21:25:51.458+0000] {logging_mixin.py:190} INFO - [2025-11-14T21:25:51.458+0000] {dagbag.py:588} INFO - Filling up the DagBag from /home/airflow/.local/lib/python3.12/site-packages/airflow/example_dags/example_branch_datetime_operator.py
[2025-11-14T21:25:51.462+0000] {processor.py:925} INFO - DAG(s) 'example_branch_datetime_operator_2', 'example_branch_datetime_operator', 'example_branch_datetime_operator_3' retrieved from /home/airflow/.local/lib/python3.12/site-packages/airflow/example_dags/example_branch_datetime_operator.py
[2025-11-14T21:25:51.472+0000] {logging_mixin.py:190} INFO - [2025-11-14T21:25:51.472+0000] {dag.py:3239} INFO - Sync 3 DAGs
[2025-11-14T21:25:51.481+0000] {logging_mixin.py:190} INFO - [2025-11-14T21:25:51.481+0000] {dag.py:4180} INFO - Setting next_dagrun for example_branch_datetime_operator to 2025-11-13 00:00:00+00:00, run_after=2025-11-14 00:00:00+00:00
[2025-11-14T21:25:51.483+0000] {logging_mixin.py:190} INFO - [2025-11-14T21:25:51.483+0000] {dag.py:4180} INFO - Setting next_dagrun for example_branch_datetime_operator_2 to 2025-11-13 00:00:00+00:00, run_after=2025-11-14 00:00:00+00:00
[2025-11-14T21:25:51.484+0000] {logging_mixin.py:190} INFO - [2025-11-14T21:25:51.484+0000] {dag.py:4180} INFO - Setting next_dagrun for example_branch_datetime_operator_3 to 2025-11-13 00:00:00+00:00, run_after=2025-11-14 00:00:00+00:00
[2025-11-14T21:25:51.489+0000] {processor.py:208} INFO - Processing /home/airflow/.local/lib/python3.12/site-packages/airflow/example_dags/example_branch_datetime_operator.py took 0.036 seconds
[2025-11-14T21:26:21.503+0000] {processor.py:186} INFO - Started process (PID=718) to work on /home/airflow/.local/lib/python3.12/site-packages/airflow/example_dags/example_branch_datetime_operator.py
[2025-11-14T21:26:21.504+0000] {processor.py:914} INFO - Processing file /home/airflow/.local/lib/python3.12/site-packages/airflow/example_dags/example_branch_datetime_operator.py for tasks to queue
[2025-11-14T21:26:21.505+0000] {logging_mixin.py:190} INFO - [2025-11-14T21:26:21.504+0000] {dagbag.py:588} INFO - Filling up the DagBag from /home/airflow/.local/lib/python3.12/site-packages/airflow/example_dags/example_branch_datetime_operator.py
[2025-11-14T21:26:21.509+0000] {processor.py:925} INFO - DAG(s) 'example_branch_datetime_operator_3', 'example_branch_datetime_operator_2', 'example_branch_datetime_operator' retrieved from /home/airflow/.local/lib/python3.12/site-packages/airflow/example_dags/example_branch_datetime_operator.py
[2025-11-14T21:26:21.519+0000] {logging_mixin.py:190} INFO - [2025-11-14T21:26:21.519+0000] {dag.py:3239} INFO - Sync 3 DAGs
[2025-11-14T21:26:21.528+0000] {logging_mixin.py:190} INFO - [2025-11-14T21:26:21.528+0000] {dag.py:4180} INFO - Setting next_dagrun for example_branch_datetime_operator to 2025-11-13 00:00:00+00:00, run_after=2025-11-14 00:00:00+00:00
[2025-11-14T21:26:21.530+0000] {logging_mixin.py:190} INFO - [2025-11-14T21:26:21.530+0000] {dag.py:4180} INFO - Setting next_dagrun for example_branch_datetime_operator_2 to 2025-11-13 00:00:00+00:00, run_after=2025-11-14 00:00:00+00:00
[2025-11-14T21:26:21.531+0000] {logging_mixin.py:190} INFO - [2025-11-14T21:26:21.531+0000] {dag.py:4180} INFO - Setting next_dagrun for example_branch_datetime_operator_3 to 2025-11-13 00:00:00+00:00, run_after=2025-11-14 00:00:00+00:00
[2025-11-14T21:26:21.538+0000] {processor.py:208} INFO - Processing /home/airflow/.local/lib/python3.12/site-packages/airflow/example_dags/example_branch_datetime_operator.py took 0.037 seconds
[2025-11-14T21:26:51.654+0000] {processor.py:186} INFO - Started process (PID=780) to work on /home/airflow/.local/lib/python3.12/site-packages/airflow/example_dags/example_branch_datetime_operator.py
[2025-11-14T21:26:51.655+0000] {processor.py:914} INFO - Processing file /home/airflow/.local/lib/python3.12/site-packages/airflow/example_dags/example_branch_datetime_operator.py for tasks to queue
[2025-11-14T21:26:51.657+0000] {logging_mixin.py:190} INFO - [2025-11-14T21:26:51.657+0000] {dagbag.py:588} INFO - Filling up the DagBag from /home/airflow/.local/lib/python3.12/site-packages/airflow/example_dags/example_branch_datetime_operator.py
[2025-11-14T21:26:51.662+0000] {processor.py:925} INFO - DAG(s) 'example_branch_datetime_operator', 'example_branch_datetime_operator_3', 'example_branch_datetime_operator_2' retrieved from /home/airflow/.local/lib/python3.12/site-packages/airflow/example_dags/example_branch_datetime_operator.py
[2025-11-14T21:26:51.673+0000] {logging_mixin.py:190} INFO - [2025-11-14T21:26:51.673+0000] {dag.py:3239} INFO - Sync 3 DAGs
[2025-11-14T21:26:51.683+0000] {logging_mixin.py:190} INFO - [2025-11-14T21:26:51.683+0000] {dag.py:4180} INFO - Setting next_dagrun for example_branch_datetime_operator to 2025-11-13 00:00:00+00:00, run_after=2025-11-14 00:00:00+00:00
[2025-11-14T21:26:51.685+0000] {logging_mixin.py:190} INFO - [2025-11-14T21:26:51.685+0000] {dag.py:4180} INFO - Setting next_dagrun for example_branch_datetime_operator_2 to 2025-11-13 00:00:00+00:00, run_after=2025-11-14 00:00:00+00:00
[2025-11-14T21:26:51.686+0000] {logging_mixin.py:190} INFO - [2025-11-14T21:26:51.686+0000] {dag.py:4180} INFO - Setting next_dagrun for example_branch_datetime_operator_3 to 2025-11-13 00:00:00+00:00, run_after=2025-11-14 00:00:00+00:00
[2025-11-14T21:26:51.691+0000] {processor.py:208} INFO - Processing /home/airflow/.local/lib/python3.12/site-packages/airflow/example_dags/example_branch_datetime_operator.py took 0.039 seconds
[2025-11-14T21:27:22.689+0000] {processor.py:186} INFO - Started process (PID=842) to work on /home/airflow/.local/lib/python3.12/site-packages/airflow/example_dags/example_branch_datetime_operator.py
[2025-11-14T21:27:22.690+0000] {processor.py:914} INFO - Processing file /home/airflow/.local/lib/python3.12/site-packages/airflow/example_dags/example_branch_datetime_operator.py for tasks to queue
[2025-11-14T21:27:22.691+0000] {logging_mixin.py:190} INFO - [2025-11-14T21:27:22.691+0000] {dagbag.py:588} INFO - Filling up the DagBag from /home/airflow/.local/lib/python3.12/site-packages/airflow/example_dags/example_branch_datetime_operator.py
[2025-11-14T21:27:22.696+0000] {processor.py:925} INFO - DAG(s) 'example_branch_datetime_operator_2', 'example_branch_datetime_operator', 'example_branch_datetime_operator_3' retrieved from /home/airflow/.local/lib/python3.12/site-packages/airflow/example_dags/example_branch_datetime_operator.py
[2025-11-14T21:27:22.709+0000] {logging_mixin.py:190} INFO - [2025-11-14T21:27:22.708+0000] {dag.py:3239} INFO - Sync 3 DAGs
[2025-11-14T21:27:22.718+0000] {logging_mixin.py:190} INFO - [2025-11-14T21:27:22.718+0000] {dag.py:4180} INFO - Setting next_dagrun for example_branch_datetime_operator to 2025-11-13 00:00:00+00:00, run_after=2025-11-14 00:00:00+00:00
[2025-11-14T21:27:22.722+0000] {logging_mixin.py:190} INFO - [2025-11-14T21:27:22.722+0000] {dag.py:4180} INFO - Setting next_dagrun for example_branch_datetime_operator_2 to 2025-11-13 00:00:00+00:00, run_after=2025-11-14 00:00:00+00:00
[2025-11-14T21:27:22.725+0000] {logging_mixin.py:190} INFO - [2025-11-14T21:27:22.725+0000] {dag.py:4180} INFO - Setting next_dagrun for example_branch_datetime_operator_3 to 2025-11-13 00:00:00+00:00, run_after=2025-11-14 00:00:00+00:00
[2025-11-14T21:27:22.731+0000] {processor.py:208} INFO - Processing /home/airflow/.local/lib/python3.12/site-packages/airflow/example_dags/example_branch_datetime_operator.py took 0.044 seconds
[2025-11-14T21:27:53.575+0000] {processor.py:186} INFO - Started process (PID=904) to work on /home/airflow/.local/lib/python3.12/site-packages/airflow/example_dags/example_branch_datetime_operator.py
[2025-11-14T21:27:53.576+0000] {processor.py:914} INFO - Processing file /home/airflow/.local/lib/python3.12/site-packages/airflow/example_dags/example_branch_datetime_operator.py for tasks to queue
[2025-11-14T21:27:53.578+0000] {logging_mixin.py:190} INFO - [2025-11-14T21:27:53.578+0000] {dagbag.py:588} INFO - Filling up the DagBag from /home/airflow/.local/lib/python3.12/site-packages/airflow/example_dags/example_branch_datetime_operator.py
[2025-11-14T21:27:53.583+0000] {processor.py:925} INFO - DAG(s) 'example_branch_datetime_operator', 'example_branch_datetime_operator_3', 'example_branch_datetime_operator_2' retrieved from /home/airflow/.local/lib/python3.12/site-packages/airflow/example_dags/example_branch_datetime_operator.py
[2025-11-14T21:27:53.593+0000] {logging_mixin.py:190} INFO - [2025-11-14T21:27:53.592+0000] {dag.py:3239} INFO - Sync 3 DAGs
[2025-11-14T21:27:53.603+0000] {logging_mixin.py:190} INFO - [2025-11-14T21:27:53.602+0000] {dag.py:4180} INFO - Setting next_dagrun for example_branch_datetime_operator to 2025-11-13 00:00:00+00:00, run_after=2025-11-14 00:00:00+00:00
[2025-11-14T21:27:53.605+0000] {logging_mixin.py:190} INFO - [2025-11-14T21:27:53.605+0000] {dag.py:4180} INFO - Setting next_dagrun for example_branch_datetime_operator_2 to 2025-11-13 00:00:00+00:00, run_after=2025-11-14 00:00:00+00:00
[2025-11-14T21:27:53.605+0000] {logging_mixin.py:190} INFO - [2025-11-14T21:27:53.605+0000] {dag.py:4180} INFO - Setting next_dagrun for example_branch_datetime_operator_3 to 2025-11-13 00:00:00+00:00, run_after=2025-11-14 00:00:00+00:00
[2025-11-14T21:27:53.611+0000] {processor.py:208} INFO - Processing /home/airflow/.local/lib/python3.12/site-packages/airflow/example_dags/example_branch_datetime_operator.py took 0.038 seconds
[2025-11-14T21:28:24.462+0000] {processor.py:186} INFO - Started process (PID=966) to work on /home/airflow/.local/lib/python3.12/site-packages/airflow/example_dags/example_branch_datetime_operator.py
[2025-11-14T21:28:24.465+0000] {processor.py:914} INFO - Processing file /home/airflow/.local/lib/python3.12/site-packages/airflow/example_dags/example_branch_datetime_operator.py for tasks to queue
[2025-11-14T21:28:24.466+0000] {logging_mixin.py:190} INFO - [2025-11-14T21:28:24.466+0000] {dagbag.py:588} INFO - Filling up the DagBag from /home/airflow/.local/lib/python3.12/site-packages/airflow/example_dags/example_branch_datetime_operator.py
[2025-11-14T21:28:24.471+0000] {processor.py:925} INFO - DAG(s) 'example_branch_datetime_operator_2', 'example_branch_datetime_operator', 'example_branch_datetime_operator_3' retrieved from /home/airflow/.local/lib/python3.12/site-packages/airflow/example_dags/example_branch_datetime_operator.py
[2025-11-14T21:28:24.481+0000] {logging_mixin.py:190} INFO - [2025-11-14T21:28:24.481+0000] {dag.py:3239} INFO - Sync 3 DAGs
[2025-11-14T21:28:24.490+0000] {logging_mixin.py:190} INFO - [2025-11-14T21:28:24.490+0000] {dag.py:4180} INFO - Setting next_dagrun for example_branch_datetime_operator to 2025-11-13 00:00:00+00:00, run_after=2025-11-14 00:00:00+00:00
[2025-11-14T21:28:24.492+0000] {logging_mixin.py:190} INFO - [2025-11-14T21:28:24.492+0000] {dag.py:4180} INFO - Setting next_dagrun for example_branch_datetime_operator_2 to 2025-11-13 00:00:00+00:00, run_after=2025-11-14 00:00:00+00:00
[2025-11-14T21:28:24.492+0000] {logging_mixin.py:190} INFO - [2025-11-14T21:28:24.492+0000] {dag.py:4180} INFO - Setting next_dagrun for example_branch_datetime_operator_3 to 2025-11-13 00:00:00+00:00, run_after=2025-11-14 00:00:00+00:00
[2025-11-14T21:28:24.498+0000] {processor.py:208} INFO - Processing /home/airflow/.local/lib/python3.12/site-packages/airflow/example_dags/example_branch_datetime_operator.py took 0.038 seconds
[2025-11-14T21:28:55.487+0000] {processor.py:186} INFO - Started process (PID=1028) to work on /home/airflow/.local/lib/python3.12/site-packages/airflow/example_dags/example_branch_datetime_operator.py
[2025-11-14T21:28:55.488+0000] {processor.py:914} INFO - Processing file /home/airflow/.local/lib/python3.12/site-packages/airflow/example_dags/example_branch_datetime_operator.py for tasks to queue
[2025-11-14T21:28:55.489+0000] {logging_mixin.py:190} INFO - [2025-11-14T21:28:55.489+0000] {dagbag.py:588} INFO - Filling up the DagBag from /home/airflow/.local/lib/python3.12/site-packages/airflow/example_dags/example_branch_datetime_operator.py
[2025-11-14T21:28:55.493+0000] {processor.py:925} INFO - DAG(s) 'example_branch_datetime_operator', 'example_branch_datetime_operator_3', 'example_branch_datetime_operator_2' retrieved from /home/airflow/.local/lib/python3.12/site-packages/airflow/example_dags/example_branch_datetime_operator.py
[2025-11-14T21:28:55.504+0000] {logging_mixin.py:190} INFO - [2025-11-14T21:28:55.504+0000] {dag.py:3239} INFO - Sync 3 DAGs
[2025-11-14T21:28:55.512+0000] {logging_mixin.py:190} INFO - [2025-11-14T21:28:55.512+0000] {dag.py:4180} INFO - Setting next_dagrun for example_branch_datetime_operator to 2025-11-13 00:00:00+00:00, run_after=2025-11-14 00:00:00+00:00
[2025-11-14T21:28:55.515+0000] {logging_mixin.py:190} INFO - [2025-11-14T21:28:55.515+0000] {dag.py:4180} INFO - Setting next_dagrun for example_branch_datetime_operator_2 to 2025-11-13 00:00:00+00:00, run_after=2025-11-14 00:00:00+00:00
[2025-11-14T21:28:55.515+0000] {logging_mixin.py:190} INFO - [2025-11-14T21:28:55.515+0000] {dag.py:4180} INFO - Setting next_dagrun for example_branch_datetime_operator_3 to 2025-11-13 00:00:00+00:00, run_after=2025-11-14 00:00:00+00:00
[2025-11-14T21:28:55.520+0000] {processor.py:208} INFO - Processing /home/airflow/.local/lib/python3.12/site-packages/airflow/example_dags/example_branch_datetime_operator.py took 0.036 seconds
[2025-11-14T21:29:26.407+0000] {processor.py:186} INFO - Started process (PID=1090) to work on /home/airflow/.local/lib/python3.12/site-packages/airflow/example_dags/example_branch_datetime_operator.py
[2025-11-14T21:29:26.409+0000] {processor.py:914} INFO - Processing file /home/airflow/.local/lib/python3.12/site-packages/airflow/example_dags/example_branch_datetime_operator.py for tasks to queue
[2025-11-14T21:29:26.409+0000] {logging_mixin.py:190} INFO - [2025-11-14T21:29:26.409+0000] {dagbag.py:588} INFO - Filling up the DagBag from /home/airflow/.local/lib/python3.12/site-packages/airflow/example_dags/example_branch_datetime_operator.py
[2025-11-14T21:29:26.414+0000] {processor.py:925} INFO - DAG(s) 'example_branch_datetime_operator_3', 'example_branch_datetime_operator', 'example_branch_datetime_operator_2' retrieved from /home/airflow/.local/lib/python3.12/site-packages/airflow/example_dags/example_branch_datetime_operator.py
[2025-11-14T21:29:26.424+0000] {logging_mixin.py:190} INFO - [2025-11-14T21:29:26.424+0000] {dag.py:3239} INFO - Sync 3 DAGs
[2025-11-14T21:29:26.433+0000] {logging_mixin.py:190} INFO - [2025-11-14T21:29:26.433+0000] {dag.py:4180} INFO - Setting next_dagrun for example_branch_datetime_operator to 2025-11-13 00:00:00+00:00, run_after=2025-11-14 00:00:00+00:00
[2025-11-14T21:29:26.437+0000] {logging_mixin.py:190} INFO - [2025-11-14T21:29:26.436+0000] {dag.py:4180} INFO - Setting next_dagrun for example_branch_datetime_operator_2 to 2025-11-13 00:00:00+00:00, run_after=2025-11-14 00:00:00+00:00
[2025-11-14T21:29:26.437+0000] {logging_mixin.py:190} INFO - [2025-11-14T21:29:26.437+0000] {dag.py:4180} INFO - Setting next_dagrun for example_branch_datetime_operator_3 to 2025-11-13 00:00:00+00:00, run_after=2025-11-14 00:00:00+00:00
[2025-11-14T21:29:26.442+0000] {processor.py:208} INFO - Processing /home/airflow/.local/lib/python3.12/site-packages/airflow/example_dags/example_branch_datetime_operator.py took 0.038 seconds
[2025-11-14T21:29:57.670+0000] {processor.py:186} INFO - Started process (PID=1152) to work on /home/airflow/.local/lib/python3.12/site-packages/airflow/example_dags/example_branch_datetime_operator.py
[2025-11-14T21:29:57.670+0000] {processor.py:914} INFO - Processing file /home/airflow/.local/lib/python3.12/site-packages/airflow/example_dags/example_branch_datetime_operator.py for tasks to queue
[2025-11-14T21:29:57.672+0000] {logging_mixin.py:190} INFO - [2025-11-14T21:29:57.672+0000] {dagbag.py:588} INFO - Filling up the DagBag from /home/airflow/.local/lib/python3.12/site-packages/airflow/example_dags/example_branch_datetime_operator.py
[2025-11-14T21:29:57.680+0000] {processor.py:925} INFO - DAG(s) 'example_branch_datetime_operator_2', 'example_branch_datetime_operator', 'example_branch_datetime_operator_3' retrieved from /home/airflow/.local/lib/python3.12/site-packages/airflow/example_dags/example_branch_datetime_operator.py
[2025-11-14T21:29:57.696+0000] {logging_mixin.py:190} INFO - [2025-11-14T21:29:57.696+0000] {dag.py:3239} INFO - Sync 3 DAGs
[2025-11-14T21:29:57.708+0000] {logging_mixin.py:190} INFO - [2025-11-14T21:29:57.708+0000] {dag.py:4180} INFO - Setting next_dagrun for example_branch_datetime_operator to 2025-11-13 00:00:00+00:00, run_after=2025-11-14 00:00:00+00:00
[2025-11-14T21:29:57.712+0000] {logging_mixin.py:190} INFO - [2025-11-14T21:29:57.712+0000] {dag.py:4180} INFO - Setting next_dagrun for example_branch_datetime_operator_2 to 2025-11-13 00:00:00+00:00, run_after=2025-11-14 00:00:00+00:00
[2025-11-14T21:29:57.713+0000] {logging_mixin.py:190} INFO - [2025-11-14T21:29:57.713+0000] {dag.py:4180} INFO - Setting next_dagrun for example_branch_datetime_operator_3 to 2025-11-13 00:00:00+00:00, run_after=2025-11-14 00:00:00+00:00
[2025-11-14T21:29:57.720+0000] {processor.py:208} INFO - Processing /home/airflow/.local/lib/python3.12/site-packages/airflow/example_dags/example_branch_datetime_operator.py took 0.052 seconds
[2025-11-14T21:30:28.705+0000] {processor.py:186} INFO - Started process (PID=1214) to work on /home/airflow/.local/lib/python3.12/site-packages/airflow/example_dags/example_branch_datetime_operator.py
[2025-11-14T21:30:28.706+0000] {processor.py:914} INFO - Processing file /home/airflow/.local/lib/python3.12/site-packages/airflow/example_dags/example_branch_datetime_operator.py for tasks to queue
[2025-11-14T21:30:28.709+0000] {logging_mixin.py:190} INFO - [2025-11-14T21:30:28.709+0000] {dagbag.py:588} INFO - Filling up the DagBag from /home/airflow/.local/lib/python3.12/site-packages/airflow/example_dags/example_branch_datetime_operator.py
[2025-11-14T21:30:28.716+0000] {processor.py:925} INFO - DAG(s) 'example_branch_datetime_operator_3', 'example_branch_datetime_operator_2', 'example_branch_datetime_operator' retrieved from /home/airflow/.local/lib/python3.12/site-packages/airflow/example_dags/example_branch_datetime_operator.py
[2025-11-14T21:30:28.732+0000] {logging_mixin.py:190} INFO - [2025-11-14T21:30:28.732+0000] {dag.py:3239} INFO - Sync 3 DAGs
[2025-11-14T21:30:28.744+0000] {logging_mixin.py:190} INFO - [2025-11-14T21:30:28.744+0000] {dag.py:4180} INFO - Setting next_dagrun for example_branch_datetime_operator to 2025-11-13 00:00:00+00:00, run_after=2025-11-14 00:00:00+00:00
[2025-11-14T21:30:28.746+0000] {logging_mixin.py:190} INFO - [2025-11-14T21:30:28.746+0000] {dag.py:4180} INFO - Setting next_dagrun for example_branch_datetime_operator_2 to 2025-11-13 00:00:00+00:00, run_after=2025-11-14 00:00:00+00:00
[2025-11-14T21:30:28.746+0000] {logging_mixin.py:190} INFO - [2025-11-14T21:30:28.746+0000] {dag.py:4180} INFO - Setting next_dagrun for example_branch_datetime_operator_3 to 2025-11-13 00:00:00+00:00, run_after=2025-11-14 00:00:00+00:00
[2025-11-14T21:30:28.753+0000] {processor.py:208} INFO - Processing /home/airflow/.local/lib/python3.12/site-packages/airflow/example_dags/example_branch_datetime_operator.py took 0.050 seconds
[2025-11-14T21:30:59.672+0000] {processor.py:186} INFO - Started process (PID=1276) to work on /home/airflow/.local/lib/python3.12/site-packages/airflow/example_dags/example_branch_datetime_operator.py
[2025-11-14T21:30:59.675+0000] {processor.py:914} INFO - Processing file /home/airflow/.local/lib/python3.12/site-packages/airflow/example_dags/example_branch_datetime_operator.py for tasks to queue
[2025-11-14T21:30:59.676+0000] {logging_mixin.py:190} INFO - [2025-11-14T21:30:59.676+0000] {dagbag.py:588} INFO - Filling up the DagBag from /home/airflow/.local/lib/python3.12/site-packages/airflow/example_dags/example_branch_datetime_operator.py
[2025-11-14T21:30:59.680+0000] {processor.py:925} INFO - DAG(s) 'example_branch_datetime_operator', 'example_branch_datetime_operator_2', 'example_branch_datetime_operator_3' retrieved from /home/airflow/.local/lib/python3.12/site-packages/airflow/example_dags/example_branch_datetime_operator.py
[2025-11-14T21:30:59.690+0000] {logging_mixin.py:190} INFO - [2025-11-14T21:30:59.690+0000] {dag.py:3239} INFO - Sync 3 DAGs
[2025-11-14T21:30:59.700+0000] {logging_mixin.py:190} INFO - [2025-11-14T21:30:59.700+0000] {dag.py:4180} INFO - Setting next_dagrun for example_branch_datetime_operator to 2025-11-13 00:00:00+00:00, run_after=2025-11-14 00:00:00+00:00
[2025-11-14T21:30:59.703+0000] {logging_mixin.py:190} INFO - [2025-11-14T21:30:59.703+0000] {dag.py:4180} INFO - Setting next_dagrun for example_branch_datetime_operator_2 to 2025-11-13 00:00:00+00:00, run_after=2025-11-14 00:00:00+00:00
[2025-11-14T21:30:59.705+0000] {logging_mixin.py:190} INFO - [2025-11-14T21:30:59.704+0000] {dag.py:4180} INFO - Setting next_dagrun for example_branch_datetime_operator_3 to 2025-11-13 00:00:00+00:00, run_after=2025-11-14 00:00:00+00:00
[2025-11-14T21:30:59.710+0000] {processor.py:208} INFO - Processing /home/airflow/.local/lib/python3.12/site-packages/airflow/example_dags/example_branch_datetime_operator.py took 0.041 seconds
[2025-11-14T21:31:30.555+0000] {processor.py:186} INFO - Started process (PID=1338) to work on /home/airflow/.local/lib/python3.12/site-packages/airflow/example_dags/example_branch_datetime_operator.py
[2025-11-14T21:31:30.558+0000] {processor.py:914} INFO - Processing file /home/airflow/.local/lib/python3.12/site-packages/airflow/example_dags/example_branch_datetime_operator.py for tasks to queue
[2025-11-14T21:31:30.559+0000] {logging_mixin.py:190} INFO - [2025-11-14T21:31:30.559+0000] {dagbag.py:588} INFO - Filling up the DagBag from /home/airflow/.local/lib/python3.12/site-packages/airflow/example_dags/example_branch_datetime_operator.py
[2025-11-14T21:31:30.564+0000] {processor.py:925} INFO - DAG(s) 'example_branch_datetime_operator', 'example_branch_datetime_operator_3', 'example_branch_datetime_operator_2' retrieved from /home/airflow/.local/lib/python3.12/site-packages/airflow/example_dags/example_branch_datetime_operator.py
[2025-11-14T21:31:30.581+0000] {logging_mixin.py:190} INFO - [2025-11-14T21:31:30.581+0000] {dag.py:3239} INFO - Sync 3 DAGs
[2025-11-14T21:31:30.593+0000] {logging_mixin.py:190} INFO - [2025-11-14T21:31:30.593+0000] {dag.py:4180} INFO - Setting next_dagrun for example_branch_datetime_operator to 2025-11-13 00:00:00+00:00, run_after=2025-11-14 00:00:00+00:00
[2025-11-14T21:31:30.595+0000] {logging_mixin.py:190} INFO - [2025-11-14T21:31:30.595+0000] {dag.py:4180} INFO - Setting next_dagrun for example_branch_datetime_operator_2 to 2025-11-13 00:00:00+00:00, run_after=2025-11-14 00:00:00+00:00
[2025-11-14T21:31:30.596+0000] {logging_mixin.py:190} INFO - [2025-11-14T21:31:30.596+0000] {dag.py:4180} INFO - Setting next_dagrun for example_branch_datetime_operator_3 to 2025-11-13 00:00:00+00:00, run_after=2025-11-14 00:00:00+00:00
[2025-11-14T21:31:30.601+0000] {processor.py:208} INFO - Processing /home/airflow/.local/lib/python3.12/site-packages/airflow/example_dags/example_branch_datetime_operator.py took 0.048 seconds
[2025-11-14T21:32:01.541+0000] {processor.py:186} INFO - Started process (PID=1400) to work on /home/airflow/.local/lib/python3.12/site-packages/airflow/example_dags/example_branch_datetime_operator.py
[2025-11-14T21:32:01.543+0000] {processor.py:914} INFO - Processing file /home/airflow/.local/lib/python3.12/site-packages/airflow/example_dags/example_branch_datetime_operator.py for tasks to queue
[2025-11-14T21:32:01.544+0000] {logging_mixin.py:190} INFO - [2025-11-14T21:32:01.544+0000] {dagbag.py:588} INFO - Filling up the DagBag from /home/airflow/.local/lib/python3.12/site-packages/airflow/example_dags/example_branch_datetime_operator.py
[2025-11-14T21:32:01.548+0000] {processor.py:925} INFO - DAG(s) 'example_branch_datetime_operator_2', 'example_branch_datetime_operator_3', 'example_branch_datetime_operator' retrieved from /home/airflow/.local/lib/python3.12/site-packages/airflow/example_dags/example_branch_datetime_operator.py
[2025-11-14T21:32:01.559+0000] {logging_mixin.py:190} INFO - [2025-11-14T21:32:01.559+0000] {dag.py:3239} INFO - Sync 3 DAGs
[2025-11-14T21:32:01.570+0000] {logging_mixin.py:190} INFO - [2025-11-14T21:32:01.570+0000] {dag.py:4180} INFO - Setting next_dagrun for example_branch_datetime_operator to 2025-11-13 00:00:00+00:00, run_after=2025-11-14 00:00:00+00:00
[2025-11-14T21:32:01.572+0000] {logging_mixin.py:190} INFO - [2025-11-14T21:32:01.571+0000] {dag.py:4180} INFO - Setting next_dagrun for example_branch_datetime_operator_2 to 2025-11-13 00:00:00+00:00, run_after=2025-11-14 00:00:00+00:00
[2025-11-14T21:32:01.573+0000] {logging_mixin.py:190} INFO - [2025-11-14T21:32:01.573+0000] {dag.py:4180} INFO - Setting next_dagrun for example_branch_datetime_operator_3 to 2025-11-13 00:00:00+00:00, run_after=2025-11-14 00:00:00+00:00
[2025-11-14T21:32:01.578+0000] {processor.py:208} INFO - Processing /home/airflow/.local/lib/python3.12/site-packages/airflow/example_dags/example_branch_datetime_operator.py took 0.039 seconds
[2025-11-14T21:32:31.675+0000] {processor.py:186} INFO - Started process (PID=1462) to work on /home/airflow/.local/lib/python3.12/site-packages/airflow/example_dags/example_branch_datetime_operator.py
[2025-11-14T21:32:31.676+0000] {processor.py:914} INFO - Processing file /home/airflow/.local/lib/python3.12/site-packages/airflow/example_dags/example_branch_datetime_operator.py for tasks to queue
[2025-11-14T21:32:31.677+0000] {logging_mixin.py:190} INFO - [2025-11-14T21:32:31.677+0000] {dagbag.py:588} INFO - Filling up the DagBag from /home/airflow/.local/lib/python3.12/site-packages/airflow/example_dags/example_branch_datetime_operator.py
[2025-11-14T21:32:31.682+0000] {processor.py:925} INFO - DAG(s) 'example_branch_datetime_operator_2', 'example_branch_datetime_operator', 'example_branch_datetime_operator_3' retrieved from /home/airflow/.local/lib/python3.12/site-packages/airflow/example_dags/example_branch_datetime_operator.py
[2025-11-14T21:32:31.696+0000] {logging_mixin.py:190} INFO - [2025-11-14T21:32:31.695+0000] {dag.py:3239} INFO - Sync 3 DAGs
[2025-11-14T21:32:31.707+0000] {logging_mixin.py:190} INFO - [2025-11-14T21:32:31.707+0000] {dag.py:4180} INFO - Setting next_dagrun for example_branch_datetime_operator to 2025-11-13 00:00:00+00:00, run_after=2025-11-14 00:00:00+00:00
[2025-11-14T21:32:31.709+0000] {logging_mixin.py:190} INFO - [2025-11-14T21:32:31.708+0000] {dag.py:4180} INFO - Setting next_dagrun for example_branch_datetime_operator_2 to 2025-11-13 00:00:00+00:00, run_after=2025-11-14 00:00:00+00:00
[2025-11-14T21:32:31.710+0000] {logging_mixin.py:190} INFO - [2025-11-14T21:32:31.709+0000] {dag.py:4180} INFO - Setting next_dagrun for example_branch_datetime_operator_3 to 2025-11-13 00:00:00+00:00, run_after=2025-11-14 00:00:00+00:00
[2025-11-14T21:32:31.717+0000] {processor.py:208} INFO - Processing /home/airflow/.local/lib/python3.12/site-packages/airflow/example_dags/example_branch_datetime_operator.py took 0.044 seconds
[2025-11-14T21:33:02.878+0000] {processor.py:186} INFO - Started process (PID=1524) to work on /home/airflow/.local/lib/python3.12/site-packages/airflow/example_dags/example_branch_datetime_operator.py
[2025-11-14T21:33:02.879+0000] {processor.py:914} INFO - Processing file /home/airflow/.local/lib/python3.12/site-packages/airflow/example_dags/example_branch_datetime_operator.py for tasks to queue
[2025-11-14T21:33:02.880+0000] {logging_mixin.py:190} INFO - [2025-11-14T21:33:02.879+0000] {dagbag.py:588} INFO - Filling up the DagBag from /home/airflow/.local/lib/python3.12/site-packages/airflow/example_dags/example_branch_datetime_operator.py
[2025-11-14T21:33:02.884+0000] {processor.py:925} INFO - DAG(s) 'example_branch_datetime_operator_3', 'example_branch_datetime_operator', 'example_branch_datetime_operator_2' retrieved from /home/airflow/.local/lib/python3.12/site-packages/airflow/example_dags/example_branch_datetime_operator.py
[2025-11-14T21:33:02.896+0000] {logging_mixin.py:190} INFO - [2025-11-14T21:33:02.896+0000] {dag.py:3239} INFO - Sync 3 DAGs
[2025-11-14T21:33:02.906+0000] {logging_mixin.py:190} INFO - [2025-11-14T21:33:02.906+0000] {dag.py:4180} INFO - Setting next_dagrun for example_branch_datetime_operator to 2025-11-13 00:00:00+00:00, run_after=2025-11-14 00:00:00+00:00
[2025-11-14T21:33:02.908+0000] {logging_mixin.py:190} INFO - [2025-11-14T21:33:02.908+0000] {dag.py:4180} INFO - Setting next_dagrun for example_branch_datetime_operator_2 to 2025-11-13 00:00:00+00:00, run_after=2025-11-14 00:00:00+00:00
[2025-11-14T21:33:02.908+0000] {logging_mixin.py:190} INFO - [2025-11-14T21:33:02.908+0000] {dag.py:4180} INFO - Setting next_dagrun for example_branch_datetime_operator_3 to 2025-11-13 00:00:00+00:00, run_after=2025-11-14 00:00:00+00:00
[2025-11-14T21:33:02.914+0000] {processor.py:208} INFO - Processing /home/airflow/.local/lib/python3.12/site-packages/airflow/example_dags/example_branch_datetime_operator.py took 0.039 seconds
[2025-11-14T21:33:34.723+0000] {processor.py:186} INFO - Started process (PID=1586) to work on /home/airflow/.local/lib/python3.12/site-packages/airflow/example_dags/example_branch_datetime_operator.py
[2025-11-14T21:33:34.726+0000] {processor.py:914} INFO - Processing file /home/airflow/.local/lib/python3.12/site-packages/airflow/example_dags/example_branch_datetime_operator.py for tasks to queue
[2025-11-14T21:33:34.727+0000] {logging_mixin.py:190} INFO - [2025-11-14T21:33:34.727+0000] {dagbag.py:588} INFO - Filling up the DagBag from /home/airflow/.local/lib/python3.12/site-packages/airflow/example_dags/example_branch_datetime_operator.py
[2025-11-14T21:33:34.732+0000] {processor.py:925} INFO - DAG(s) 'example_branch_datetime_operator_2', 'example_branch_datetime_operator', 'example_branch_datetime_operator_3' retrieved from /home/airflow/.local/lib/python3.12/site-packages/airflow/example_dags/example_branch_datetime_operator.py
[2025-11-14T21:33:34.741+0000] {logging_mixin.py:190} INFO - [2025-11-14T21:33:34.740+0000] {dag.py:3239} INFO - Sync 3 DAGs
[2025-11-14T21:33:34.751+0000] {logging_mixin.py:190} INFO - [2025-11-14T21:33:34.751+0000] {dag.py:4180} INFO - Setting next_dagrun for example_branch_datetime_operator to 2025-11-13 00:00:00+00:00, run_after=2025-11-14 00:00:00+00:00
[2025-11-14T21:33:34.753+0000] {logging_mixin.py:190} INFO - [2025-11-14T21:33:34.753+0000] {dag.py:4180} INFO - Setting next_dagrun for example_branch_datetime_operator_2 to 2025-11-13 00:00:00+00:00, run_after=2025-11-14 00:00:00+00:00
[2025-11-14T21:33:34.753+0000] {logging_mixin.py:190} INFO - [2025-11-14T21:33:34.753+0000] {dag.py:4180} INFO - Setting next_dagrun for example_branch_datetime_operator_3 to 2025-11-13 00:00:00+00:00, run_after=2025-11-14 00:00:00+00:00
[2025-11-14T21:33:34.760+0000] {processor.py:208} INFO - Processing /home/airflow/.local/lib/python3.12/site-packages/airflow/example_dags/example_branch_datetime_operator.py took 0.039 seconds
[2025-11-14T21:34:05.048+0000] {processor.py:186} INFO - Started process (PID=1648) to work on /home/airflow/.local/lib/python3.12/site-packages/airflow/example_dags/example_branch_datetime_operator.py
[2025-11-14T21:34:05.049+0000] {processor.py:914} INFO - Processing file /home/airflow/.local/lib/python3.12/site-packages/airflow/example_dags/example_branch_datetime_operator.py for tasks to queue
[2025-11-14T21:34:05.050+0000] {logging_mixin.py:190} INFO - [2025-11-14T21:34:05.050+0000] {dagbag.py:588} INFO - Filling up the DagBag from /home/airflow/.local/lib/python3.12/site-packages/airflow/example_dags/example_branch_datetime_operator.py
[2025-11-14T21:34:05.055+0000] {processor.py:925} INFO - DAG(s) 'example_branch_datetime_operator', 'example_branch_datetime_operator_2', 'example_branch_datetime_operator_3' retrieved from /home/airflow/.local/lib/python3.12/site-packages/airflow/example_dags/example_branch_datetime_operator.py
[2025-11-14T21:34:05.067+0000] {logging_mixin.py:190} INFO - [2025-11-14T21:34:05.067+0000] {dag.py:3239} INFO - Sync 3 DAGs
[2025-11-14T21:34:05.076+0000] {logging_mixin.py:190} INFO - [2025-11-14T21:34:05.076+0000] {dag.py:4180} INFO - Setting next_dagrun for example_branch_datetime_operator to 2025-11-13 00:00:00+00:00, run_after=2025-11-14 00:00:00+00:00
[2025-11-14T21:34:05.078+0000] {logging_mixin.py:190} INFO - [2025-11-14T21:34:05.078+0000] {dag.py:4180} INFO - Setting next_dagrun for example_branch_datetime_operator_2 to 2025-11-13 00:00:00+00:00, run_after=2025-11-14 00:00:00+00:00
[2025-11-14T21:34:05.081+0000] {logging_mixin.py:190} INFO - [2025-11-14T21:34:05.081+0000] {dag.py:4180} INFO - Setting next_dagrun for example_branch_datetime_operator_3 to 2025-11-13 00:00:00+00:00, run_after=2025-11-14 00:00:00+00:00
[2025-11-14T21:34:05.087+0000] {processor.py:208} INFO - Processing /home/airflow/.local/lib/python3.12/site-packages/airflow/example_dags/example_branch_datetime_operator.py took 0.041 seconds
[2025-11-14T21:34:35.517+0000] {processor.py:186} INFO - Started process (PID=1710) to work on /home/airflow/.local/lib/python3.12/site-packages/airflow/example_dags/example_branch_datetime_operator.py
[2025-11-14T21:34:35.518+0000] {processor.py:914} INFO - Processing file /home/airflow/.local/lib/python3.12/site-packages/airflow/example_dags/example_branch_datetime_operator.py for tasks to queue
[2025-11-14T21:34:35.519+0000] {logging_mixin.py:190} INFO - [2025-11-14T21:34:35.519+0000] {dagbag.py:588} INFO - Filling up the DagBag from /home/airflow/.local/lib/python3.12/site-packages/airflow/example_dags/example_branch_datetime_operator.py
[2025-11-14T21:34:35.525+0000] {processor.py:925} INFO - DAG(s) 'example_branch_datetime_operator', 'example_branch_datetime_operator_2', 'example_branch_datetime_operator_3' retrieved from /home/airflow/.local/lib/python3.12/site-packages/airflow/example_dags/example_branch_datetime_operator.py
[2025-11-14T21:34:35.536+0000] {logging_mixin.py:190} INFO - [2025-11-14T21:34:35.536+0000] {dag.py:3239} INFO - Sync 3 DAGs
[2025-11-14T21:34:35.545+0000] {logging_mixin.py:190} INFO - [2025-11-14T21:34:35.545+0000] {dag.py:4180} INFO - Setting next_dagrun for example_branch_datetime_operator to 2025-11-13 00:00:00+00:00, run_after=2025-11-14 00:00:00+00:00
[2025-11-14T21:34:35.546+0000] {logging_mixin.py:190} INFO - [2025-11-14T21:34:35.546+0000] {dag.py:4180} INFO - Setting next_dagrun for example_branch_datetime_operator_2 to 2025-11-13 00:00:00+00:00, run_after=2025-11-14 00:00:00+00:00
[2025-11-14T21:34:35.547+0000] {logging_mixin.py:190} INFO - [2025-11-14T21:34:35.547+0000] {dag.py:4180} INFO - Setting next_dagrun for example_branch_datetime_operator_3 to 2025-11-13 00:00:00+00:00, run_after=2025-11-14 00:00:00+00:00
[2025-11-14T21:34:35.552+0000] {processor.py:208} INFO - Processing /home/airflow/.local/lib/python3.12/site-packages/airflow/example_dags/example_branch_datetime_operator.py took 0.038 seconds
[2025-11-14T21:35:05.634+0000] {processor.py:186} INFO - Started process (PID=1772) to work on /home/airflow/.local/lib/python3.12/site-packages/airflow/example_dags/example_branch_datetime_operator.py
[2025-11-14T21:35:05.637+0000] {processor.py:914} INFO - Processing file /home/airflow/.local/lib/python3.12/site-packages/airflow/example_dags/example_branch_datetime_operator.py for tasks to queue
[2025-11-14T21:35:05.638+0000] {logging_mixin.py:190} INFO - [2025-11-14T21:35:05.638+0000] {dagbag.py:588} INFO - Filling up the DagBag from /home/airflow/.local/lib/python3.12/site-packages/airflow/example_dags/example_branch_datetime_operator.py
[2025-11-14T21:35:05.643+0000] {processor.py:925} INFO - DAG(s) 'example_branch_datetime_operator_2', 'example_branch_datetime_operator', 'example_branch_datetime_operator_3' retrieved from /home/airflow/.local/lib/python3.12/site-packages/airflow/example_dags/example_branch_datetime_operator.py
[2025-11-14T21:35:05.652+0000] {logging_mixin.py:190} INFO - [2025-11-14T21:35:05.652+0000] {dag.py:3239} INFO - Sync 3 DAGs
[2025-11-14T21:35:05.662+0000] {logging_mixin.py:190} INFO - [2025-11-14T21:35:05.661+0000] {dag.py:4180} INFO - Setting next_dagrun for example_branch_datetime_operator to 2025-11-13 00:00:00+00:00, run_after=2025-11-14 00:00:00+00:00
[2025-11-14T21:35:05.663+0000] {logging_mixin.py:190} INFO - [2025-11-14T21:35:05.663+0000] {dag.py:4180} INFO - Setting next_dagrun for example_branch_datetime_operator_2 to 2025-11-13 00:00:00+00:00, run_after=2025-11-14 00:00:00+00:00
[2025-11-14T21:35:05.664+0000] {logging_mixin.py:190} INFO - [2025-11-14T21:35:05.664+0000] {dag.py:4180} INFO - Setting next_dagrun for example_branch_datetime_operator_3 to 2025-11-13 00:00:00+00:00, run_after=2025-11-14 00:00:00+00:00
[2025-11-14T21:35:05.669+0000] {processor.py:208} INFO - Processing /home/airflow/.local/lib/python3.12/site-packages/airflow/example_dags/example_branch_datetime_operator.py took 0.038 seconds
[2025-11-14T21:35:36.570+0000] {processor.py:186} INFO - Started process (PID=1834) to work on /home/airflow/.local/lib/python3.12/site-packages/airflow/example_dags/example_branch_datetime_operator.py
[2025-11-14T21:35:36.570+0000] {processor.py:914} INFO - Processing file /home/airflow/.local/lib/python3.12/site-packages/airflow/example_dags/example_branch_datetime_operator.py for tasks to queue
[2025-11-14T21:35:36.571+0000] {logging_mixin.py:190} INFO - [2025-11-14T21:35:36.571+0000] {dagbag.py:588} INFO - Filling up the DagBag from /home/airflow/.local/lib/python3.12/site-packages/airflow/example_dags/example_branch_datetime_operator.py
[2025-11-14T21:35:36.576+0000] {processor.py:925} INFO - DAG(s) 'example_branch_datetime_operator_3', 'example_branch_datetime_operator', 'example_branch_datetime_operator_2' retrieved from /home/airflow/.local/lib/python3.12/site-packages/airflow/example_dags/example_branch_datetime_operator.py
[2025-11-14T21:35:36.586+0000] {logging_mixin.py:190} INFO - [2025-11-14T21:35:36.586+0000] {dag.py:3239} INFO - Sync 3 DAGs
[2025-11-14T21:35:36.597+0000] {logging_mixin.py:190} INFO - [2025-11-14T21:35:36.597+0000] {dag.py:4180} INFO - Setting next_dagrun for example_branch_datetime_operator to 2025-11-13 00:00:00+00:00, run_after=2025-11-14 00:00:00+00:00
[2025-11-14T21:35:36.598+0000] {logging_mixin.py:190} INFO - [2025-11-14T21:35:36.598+0000] {dag.py:4180} INFO - Setting next_dagrun for example_branch_datetime_operator_2 to 2025-11-13 00:00:00+00:00, run_after=2025-11-14 00:00:00+00:00
[2025-11-14T21:35:36.601+0000] {logging_mixin.py:190} INFO - [2025-11-14T21:35:36.601+0000] {dag.py:4180} INFO - Setting next_dagrun for example_branch_datetime_operator_3 to 2025-11-13 00:00:00+00:00, run_after=2025-11-14 00:00:00+00:00
[2025-11-14T21:35:36.607+0000] {processor.py:208} INFO - Processing /home/airflow/.local/lib/python3.12/site-packages/airflow/example_dags/example_branch_datetime_operator.py took 0.039 seconds
[2025-11-14T21:36:08.099+0000] {processor.py:186} INFO - Started process (PID=1896) to work on /home/airflow/.local/lib/python3.12/site-packages/airflow/example_dags/example_branch_datetime_operator.py
[2025-11-14T21:36:08.102+0000] {processor.py:914} INFO - Processing file /home/airflow/.local/lib/python3.12/site-packages/airflow/example_dags/example_branch_datetime_operator.py for tasks to queue
[2025-11-14T21:36:08.104+0000] {logging_mixin.py:190} INFO - [2025-11-14T21:36:08.104+0000] {dagbag.py:588} INFO - Filling up the DagBag from /home/airflow/.local/lib/python3.12/site-packages/airflow/example_dags/example_branch_datetime_operator.py
[2025-11-14T21:36:08.111+0000] {processor.py:925} INFO - DAG(s) 'example_branch_datetime_operator_3', 'example_branch_datetime_operator_2', 'example_branch_datetime_operator' retrieved from /home/airflow/.local/lib/python3.12/site-packages/airflow/example_dags/example_branch_datetime_operator.py
[2025-11-14T21:36:08.125+0000] {logging_mixin.py:190} INFO - [2025-11-14T21:36:08.125+0000] {dag.py:3239} INFO - Sync 3 DAGs
[2025-11-14T21:36:08.141+0000] {logging_mixin.py:190} INFO - [2025-11-14T21:36:08.141+0000] {dag.py:4180} INFO - Setting next_dagrun for example_branch_datetime_operator to 2025-11-13 00:00:00+00:00, run_after=2025-11-14 00:00:00+00:00
[2025-11-14T21:36:08.143+0000] {logging_mixin.py:190} INFO - [2025-11-14T21:36:08.143+0000] {dag.py:4180} INFO - Setting next_dagrun for example_branch_datetime_operator_2 to 2025-11-13 00:00:00+00:00, run_after=2025-11-14 00:00:00+00:00
[2025-11-14T21:36:08.144+0000] {logging_mixin.py:190} INFO - [2025-11-14T21:36:08.144+0000] {dag.py:4180} INFO - Setting next_dagrun for example_branch_datetime_operator_3 to 2025-11-13 00:00:00+00:00, run_after=2025-11-14 00:00:00+00:00
[2025-11-14T21:36:08.151+0000] {processor.py:208} INFO - Processing /home/airflow/.local/lib/python3.12/site-packages/airflow/example_dags/example_branch_datetime_operator.py took 0.056 seconds
[2025-11-14T21:36:38.618+0000] {processor.py:186} INFO - Started process (PID=1958) to work on /home/airflow/.local/lib/python3.12/site-packages/airflow/example_dags/example_branch_datetime_operator.py
[2025-11-14T21:36:38.619+0000] {processor.py:914} INFO - Processing file /home/airflow/.local/lib/python3.12/site-packages/airflow/example_dags/example_branch_datetime_operator.py for tasks to queue
[2025-11-14T21:36:38.621+0000] {logging_mixin.py:190} INFO - [2025-11-14T21:36:38.621+0000] {dagbag.py:588} INFO - Filling up the DagBag from /home/airflow/.local/lib/python3.12/site-packages/airflow/example_dags/example_branch_datetime_operator.py
[2025-11-14T21:36:38.626+0000] {processor.py:925} INFO - DAG(s) 'example_branch_datetime_operator_2', 'example_branch_datetime_operator_3', 'example_branch_datetime_operator' retrieved from /home/airflow/.local/lib/python3.12/site-packages/airflow/example_dags/example_branch_datetime_operator.py
[2025-11-14T21:36:38.635+0000] {logging_mixin.py:190} INFO - [2025-11-14T21:36:38.635+0000] {dag.py:3239} INFO - Sync 3 DAGs
[2025-11-14T21:36:38.644+0000] {logging_mixin.py:190} INFO - [2025-11-14T21:36:38.644+0000] {dag.py:4180} INFO - Setting next_dagrun for example_branch_datetime_operator to 2025-11-13 00:00:00+00:00, run_after=2025-11-14 00:00:00+00:00
[2025-11-14T21:36:38.648+0000] {logging_mixin.py:190} INFO - [2025-11-14T21:36:38.648+0000] {dag.py:4180} INFO - Setting next_dagrun for example_branch_datetime_operator_2 to 2025-11-13 00:00:00+00:00, run_after=2025-11-14 00:00:00+00:00
[2025-11-14T21:36:38.649+0000] {logging_mixin.py:190} INFO - [2025-11-14T21:36:38.649+0000] {dag.py:4180} INFO - Setting next_dagrun for example_branch_datetime_operator_3 to 2025-11-13 00:00:00+00:00, run_after=2025-11-14 00:00:00+00:00
[2025-11-14T21:36:38.654+0000] {processor.py:208} INFO - Processing /home/airflow/.local/lib/python3.12/site-packages/airflow/example_dags/example_branch_datetime_operator.py took 0.039 seconds
[2025-11-14T21:37:10.275+0000] {processor.py:186} INFO - Started process (PID=2020) to work on /home/airflow/.local/lib/python3.12/site-packages/airflow/example_dags/example_branch_datetime_operator.py
[2025-11-14T21:37:10.276+0000] {processor.py:914} INFO - Processing file /home/airflow/.local/lib/python3.12/site-packages/airflow/example_dags/example_branch_datetime_operator.py for tasks to queue
[2025-11-14T21:37:10.278+0000] {logging_mixin.py:190} INFO - [2025-11-14T21:37:10.278+0000] {dagbag.py:588} INFO - Filling up the DagBag from /home/airflow/.local/lib/python3.12/site-packages/airflow/example_dags/example_branch_datetime_operator.py
[2025-11-14T21:37:10.283+0000] {processor.py:925} INFO - DAG(s) 'example_branch_datetime_operator_3', 'example_branch_datetime_operator', 'example_branch_datetime_operator_2' retrieved from /home/airflow/.local/lib/python3.12/site-packages/airflow/example_dags/example_branch_datetime_operator.py
[2025-11-14T21:37:10.294+0000] {logging_mixin.py:190} INFO - [2025-11-14T21:37:10.294+0000] {dag.py:3239} INFO - Sync 3 DAGs
[2025-11-14T21:37:10.304+0000] {logging_mixin.py:190} INFO - [2025-11-14T21:37:10.304+0000] {dag.py:4180} INFO - Setting next_dagrun for example_branch_datetime_operator to 2025-11-13 00:00:00+00:00, run_after=2025-11-14 00:00:00+00:00
[2025-11-14T21:37:10.308+0000] {logging_mixin.py:190} INFO - [2025-11-14T21:37:10.308+0000] {dag.py:4180} INFO - Setting next_dagrun for example_branch_datetime_operator_2 to 2025-11-13 00:00:00+00:00, run_after=2025-11-14 00:00:00+00:00
[2025-11-14T21:37:10.309+0000] {logging_mixin.py:190} INFO - [2025-11-14T21:37:10.309+0000] {dag.py:4180} INFO - Setting next_dagrun for example_branch_datetime_operator_3 to 2025-11-13 00:00:00+00:00, run_after=2025-11-14 00:00:00+00:00
[2025-11-14T21:37:10.315+0000] {processor.py:208} INFO - Processing /home/airflow/.local/lib/python3.12/site-packages/airflow/example_dags/example_branch_datetime_operator.py took 0.043 seconds
[2025-11-14T21:37:40.415+0000] {processor.py:186} INFO - Started process (PID=2082) to work on /home/airflow/.local/lib/python3.12/site-packages/airflow/example_dags/example_branch_datetime_operator.py
[2025-11-14T21:37:40.416+0000] {processor.py:914} INFO - Processing file /home/airflow/.local/lib/python3.12/site-packages/airflow/example_dags/example_branch_datetime_operator.py for tasks to queue
[2025-11-14T21:37:40.417+0000] {logging_mixin.py:190} INFO - [2025-11-14T21:37:40.417+0000] {dagbag.py:588} INFO - Filling up the DagBag from /home/airflow/.local/lib/python3.12/site-packages/airflow/example_dags/example_branch_datetime_operator.py
[2025-11-14T21:37:40.423+0000] {processor.py:925} INFO - DAG(s) 'example_branch_datetime_operator_3', 'example_branch_datetime_operator_2', 'example_branch_datetime_operator' retrieved from /home/airflow/.local/lib/python3.12/site-packages/airflow/example_dags/example_branch_datetime_operator.py
[2025-11-14T21:37:40.435+0000] {logging_mixin.py:190} INFO - [2025-11-14T21:37:40.435+0000] {dag.py:3239} INFO - Sync 3 DAGs
[2025-11-14T21:37:40.445+0000] {logging_mixin.py:190} INFO - [2025-11-14T21:37:40.444+0000] {dag.py:4180} INFO - Setting next_dagrun for example_branch_datetime_operator to 2025-11-13 00:00:00+00:00, run_after=2025-11-14 00:00:00+00:00
[2025-11-14T21:37:40.446+0000] {logging_mixin.py:190} INFO - [2025-11-14T21:37:40.446+0000] {dag.py:4180} INFO - Setting next_dagrun for example_branch_datetime_operator_2 to 2025-11-13 00:00:00+00:00, run_after=2025-11-14 00:00:00+00:00
[2025-11-14T21:37:40.447+0000] {logging_mixin.py:190} INFO - [2025-11-14T21:37:40.447+0000] {dag.py:4180} INFO - Setting next_dagrun for example_branch_datetime_operator_3 to 2025-11-13 00:00:00+00:00, run_after=2025-11-14 00:00:00+00:00
[2025-11-14T21:37:40.453+0000] {processor.py:208} INFO - Processing /home/airflow/.local/lib/python3.12/site-packages/airflow/example_dags/example_branch_datetime_operator.py took 0.042 seconds
[2025-11-14T21:38:10.824+0000] {processor.py:186} INFO - Started process (PID=2144) to work on /home/airflow/.local/lib/python3.12/site-packages/airflow/example_dags/example_branch_datetime_operator.py
[2025-11-14T21:38:10.825+0000] {processor.py:914} INFO - Processing file /home/airflow/.local/lib/python3.12/site-packages/airflow/example_dags/example_branch_datetime_operator.py for tasks to queue
[2025-11-14T21:38:10.827+0000] {logging_mixin.py:190} INFO - [2025-11-14T21:38:10.827+0000] {dagbag.py:588} INFO - Filling up the DagBag from /home/airflow/.local/lib/python3.12/site-packages/airflow/example_dags/example_branch_datetime_operator.py
[2025-11-14T21:38:10.834+0000] {processor.py:925} INFO - DAG(s) 'example_branch_datetime_operator_3', 'example_branch_datetime_operator', 'example_branch_datetime_operator_2' retrieved from /home/airflow/.local/lib/python3.12/site-packages/airflow/example_dags/example_branch_datetime_operator.py
[2025-11-14T21:38:10.846+0000] {logging_mixin.py:190} INFO - [2025-11-14T21:38:10.846+0000] {dag.py:3239} INFO - Sync 3 DAGs
[2025-11-14T21:38:10.857+0000] {logging_mixin.py:190} INFO - [2025-11-14T21:38:10.857+0000] {dag.py:4180} INFO - Setting next_dagrun for example_branch_datetime_operator to 2025-11-13 00:00:00+00:00, run_after=2025-11-14 00:00:00+00:00
[2025-11-14T21:38:10.861+0000] {logging_mixin.py:190} INFO - [2025-11-14T21:38:10.861+0000] {dag.py:4180} INFO - Setting next_dagrun for example_branch_datetime_operator_2 to 2025-11-13 00:00:00+00:00, run_after=2025-11-14 00:00:00+00:00
[2025-11-14T21:38:10.865+0000] {logging_mixin.py:190} INFO - [2025-11-14T21:38:10.865+0000] {dag.py:4180} INFO - Setting next_dagrun for example_branch_datetime_operator_3 to 2025-11-13 00:00:00+00:00, run_after=2025-11-14 00:00:00+00:00
[2025-11-14T21:38:10.870+0000] {processor.py:208} INFO - Processing /home/airflow/.local/lib/python3.12/site-packages/airflow/example_dags/example_branch_datetime_operator.py took 0.049 seconds
[2025-11-14T21:38:42.183+0000] {processor.py:186} INFO - Started process (PID=2206) to work on /home/airflow/.local/lib/python3.12/site-packages/airflow/example_dags/example_branch_datetime_operator.py
[2025-11-14T21:38:42.186+0000] {processor.py:914} INFO - Processing file /home/airflow/.local/lib/python3.12/site-packages/airflow/example_dags/example_branch_datetime_operator.py for tasks to queue
[2025-11-14T21:38:42.187+0000] {logging_mixin.py:190} INFO - [2025-11-14T21:38:42.187+0000] {dagbag.py:588} INFO - Filling up the DagBag from /home/airflow/.local/lib/python3.12/site-packages/airflow/example_dags/example_branch_datetime_operator.py
[2025-11-14T21:38:42.192+0000] {processor.py:925} INFO - DAG(s) 'example_branch_datetime_operator', 'example_branch_datetime_operator_3', 'example_branch_datetime_operator_2' retrieved from /home/airflow/.local/lib/python3.12/site-packages/airflow/example_dags/example_branch_datetime_operator.py
[2025-11-14T21:38:42.203+0000] {logging_mixin.py:190} INFO - [2025-11-14T21:38:42.203+0000] {dag.py:3239} INFO - Sync 3 DAGs
[2025-11-14T21:38:42.211+0000] {logging_mixin.py:190} INFO - [2025-11-14T21:38:42.211+0000] {dag.py:4180} INFO - Setting next_dagrun for example_branch_datetime_operator to 2025-11-13 00:00:00+00:00, run_after=2025-11-14 00:00:00+00:00
[2025-11-14T21:38:42.213+0000] {logging_mixin.py:190} INFO - [2025-11-14T21:38:42.213+0000] {dag.py:4180} INFO - Setting next_dagrun for example_branch_datetime_operator_2 to 2025-11-13 00:00:00+00:00, run_after=2025-11-14 00:00:00+00:00
[2025-11-14T21:38:42.214+0000] {logging_mixin.py:190} INFO - [2025-11-14T21:38:42.214+0000] {dag.py:4180} INFO - Setting next_dagrun for example_branch_datetime_operator_3 to 2025-11-13 00:00:00+00:00, run_after=2025-11-14 00:00:00+00:00
[2025-11-14T21:38:42.220+0000] {processor.py:208} INFO - Processing /home/airflow/.local/lib/python3.12/site-packages/airflow/example_dags/example_branch_datetime_operator.py took 0.039 seconds
[2025-11-14T21:39:12.648+0000] {processor.py:186} INFO - Started process (PID=2268) to work on /home/airflow/.local/lib/python3.12/site-packages/airflow/example_dags/example_branch_datetime_operator.py
[2025-11-14T21:39:12.649+0000] {processor.py:914} INFO - Processing file /home/airflow/.local/lib/python3.12/site-packages/airflow/example_dags/example_branch_datetime_operator.py for tasks to queue
[2025-11-14T21:39:12.650+0000] {logging_mixin.py:190} INFO - [2025-11-14T21:39:12.650+0000] {dagbag.py:588} INFO - Filling up the DagBag from /home/airflow/.local/lib/python3.12/site-packages/airflow/example_dags/example_branch_datetime_operator.py
[2025-11-14T21:39:12.656+0000] {processor.py:925} INFO - DAG(s) 'example_branch_datetime_operator', 'example_branch_datetime_operator_3', 'example_branch_datetime_operator_2' retrieved from /home/airflow/.local/lib/python3.12/site-packages/airflow/example_dags/example_branch_datetime_operator.py
[2025-11-14T21:39:12.667+0000] {logging_mixin.py:190} INFO - [2025-11-14T21:39:12.667+0000] {dag.py:3239} INFO - Sync 3 DAGs
[2025-11-14T21:39:12.677+0000] {logging_mixin.py:190} INFO - [2025-11-14T21:39:12.677+0000] {dag.py:4180} INFO - Setting next_dagrun for example_branch_datetime_operator to 2025-11-13 00:00:00+00:00, run_after=2025-11-14 00:00:00+00:00
[2025-11-14T21:39:12.679+0000] {logging_mixin.py:190} INFO - [2025-11-14T21:39:12.679+0000] {dag.py:4180} INFO - Setting next_dagrun for example_branch_datetime_operator_2 to 2025-11-13 00:00:00+00:00, run_after=2025-11-14 00:00:00+00:00
[2025-11-14T21:39:12.681+0000] {logging_mixin.py:190} INFO - [2025-11-14T21:39:12.680+0000] {dag.py:4180} INFO - Setting next_dagrun for example_branch_datetime_operator_3 to 2025-11-13 00:00:00+00:00, run_after=2025-11-14 00:00:00+00:00
[2025-11-14T21:39:12.687+0000] {processor.py:208} INFO - Processing /home/airflow/.local/lib/python3.12/site-packages/airflow/example_dags/example_branch_datetime_operator.py took 0.042 seconds
[2025-11-14T21:39:43.964+0000] {processor.py:186} INFO - Started process (PID=2330) to work on /home/airflow/.local/lib/python3.12/site-packages/airflow/example_dags/example_branch_datetime_operator.py
[2025-11-14T21:39:43.965+0000] {processor.py:914} INFO - Processing file /home/airflow/.local/lib/python3.12/site-packages/airflow/example_dags/example_branch_datetime_operator.py for tasks to queue
[2025-11-14T21:39:43.966+0000] {logging_mixin.py:190} INFO - [2025-11-14T21:39:43.966+0000] {dagbag.py:588} INFO - Filling up the DagBag from /home/airflow/.local/lib/python3.12/site-packages/airflow/example_dags/example_branch_datetime_operator.py
[2025-11-14T21:39:43.971+0000] {processor.py:925} INFO - DAG(s) 'example_branch_datetime_operator', 'example_branch_datetime_operator_3', 'example_branch_datetime_operator_2' retrieved from /home/airflow/.local/lib/python3.12/site-packages/airflow/example_dags/example_branch_datetime_operator.py
[2025-11-14T21:39:43.982+0000] {logging_mixin.py:190} INFO - [2025-11-14T21:39:43.982+0000] {dag.py:3239} INFO - Sync 3 DAGs
[2025-11-14T21:39:43.996+0000] {logging_mixin.py:190} INFO - [2025-11-14T21:39:43.996+0000] {dag.py:4180} INFO - Setting next_dagrun for example_branch_datetime_operator to 2025-11-13 00:00:00+00:00, run_after=2025-11-14 00:00:00+00:00
[2025-11-14T21:39:43.998+0000] {logging_mixin.py:190} INFO - [2025-11-14T21:39:43.998+0000] {dag.py:4180} INFO - Setting next_dagrun for example_branch_datetime_operator_2 to 2025-11-13 00:00:00+00:00, run_after=2025-11-14 00:00:00+00:00
[2025-11-14T21:39:43.999+0000] {logging_mixin.py:190} INFO - [2025-11-14T21:39:43.999+0000] {dag.py:4180} INFO - Setting next_dagrun for example_branch_datetime_operator_3 to 2025-11-13 00:00:00+00:00, run_after=2025-11-14 00:00:00+00:00
[2025-11-14T21:39:44.005+0000] {processor.py:208} INFO - Processing /home/airflow/.local/lib/python3.12/site-packages/airflow/example_dags/example_branch_datetime_operator.py took 0.043 seconds
[2025-11-14T21:40:14.372+0000] {processor.py:186} INFO - Started process (PID=2392) to work on /home/airflow/.local/lib/python3.12/site-packages/airflow/example_dags/example_branch_datetime_operator.py
[2025-11-14T21:40:14.373+0000] {processor.py:914} INFO - Processing file /home/airflow/.local/lib/python3.12/site-packages/airflow/example_dags/example_branch_datetime_operator.py for tasks to queue
[2025-11-14T21:40:14.374+0000] {logging_mixin.py:190} INFO - [2025-11-14T21:40:14.374+0000] {dagbag.py:588} INFO - Filling up the DagBag from /home/airflow/.local/lib/python3.12/site-packages/airflow/example_dags/example_branch_datetime_operator.py
[2025-11-14T21:40:14.379+0000] {processor.py:925} INFO - DAG(s) 'example_branch_datetime_operator', 'example_branch_datetime_operator_3', 'example_branch_datetime_operator_2' retrieved from /home/airflow/.local/lib/python3.12/site-packages/airflow/example_dags/example_branch_datetime_operator.py
[2025-11-14T21:40:14.391+0000] {logging_mixin.py:190} INFO - [2025-11-14T21:40:14.391+0000] {dag.py:3239} INFO - Sync 3 DAGs
[2025-11-14T21:40:14.401+0000] {logging_mixin.py:190} INFO - [2025-11-14T21:40:14.401+0000] {dag.py:4180} INFO - Setting next_dagrun for example_branch_datetime_operator to 2025-11-13 00:00:00+00:00, run_after=2025-11-14 00:00:00+00:00
[2025-11-14T21:40:14.403+0000] {logging_mixin.py:190} INFO - [2025-11-14T21:40:14.403+0000] {dag.py:4180} INFO - Setting next_dagrun for example_branch_datetime_operator_2 to 2025-11-13 00:00:00+00:00, run_after=2025-11-14 00:00:00+00:00
[2025-11-14T21:40:14.404+0000] {logging_mixin.py:190} INFO - [2025-11-14T21:40:14.404+0000] {dag.py:4180} INFO - Setting next_dagrun for example_branch_datetime_operator_3 to 2025-11-13 00:00:00+00:00, run_after=2025-11-14 00:00:00+00:00
[2025-11-14T21:40:14.410+0000] {processor.py:208} INFO - Processing /home/airflow/.local/lib/python3.12/site-packages/airflow/example_dags/example_branch_datetime_operator.py took 0.040 seconds
[2025-11-14T21:40:45.796+0000] {processor.py:186} INFO - Started process (PID=2454) to work on /home/airflow/.local/lib/python3.12/site-packages/airflow/example_dags/example_branch_datetime_operator.py
[2025-11-14T21:40:45.797+0000] {processor.py:914} INFO - Processing file /home/airflow/.local/lib/python3.12/site-packages/airflow/example_dags/example_branch_datetime_operator.py for tasks to queue
[2025-11-14T21:40:45.798+0000] {logging_mixin.py:190} INFO - [2025-11-14T21:40:45.798+0000] {dagbag.py:588} INFO - Filling up the DagBag from /home/airflow/.local/lib/python3.12/site-packages/airflow/example_dags/example_branch_datetime_operator.py
[2025-11-14T21:40:45.804+0000] {processor.py:925} INFO - DAG(s) 'example_branch_datetime_operator_2', 'example_branch_datetime_operator_3', 'example_branch_datetime_operator' retrieved from /home/airflow/.local/lib/python3.12/site-packages/airflow/example_dags/example_branch_datetime_operator.py
[2025-11-14T21:40:45.815+0000] {logging_mixin.py:190} INFO - [2025-11-14T21:40:45.815+0000] {dag.py:3239} INFO - Sync 3 DAGs
[2025-11-14T21:40:45.824+0000] {logging_mixin.py:190} INFO - [2025-11-14T21:40:45.824+0000] {dag.py:4180} INFO - Setting next_dagrun for example_branch_datetime_operator to 2025-11-13 00:00:00+00:00, run_after=2025-11-14 00:00:00+00:00
[2025-11-14T21:40:45.826+0000] {logging_mixin.py:190} INFO - [2025-11-14T21:40:45.826+0000] {dag.py:4180} INFO - Setting next_dagrun for example_branch_datetime_operator_2 to 2025-11-13 00:00:00+00:00, run_after=2025-11-14 00:00:00+00:00
[2025-11-14T21:40:45.827+0000] {logging_mixin.py:190} INFO - [2025-11-14T21:40:45.827+0000] {dag.py:4180} INFO - Setting next_dagrun for example_branch_datetime_operator_3 to 2025-11-13 00:00:00+00:00, run_after=2025-11-14 00:00:00+00:00
[2025-11-14T21:40:45.832+0000] {processor.py:208} INFO - Processing /home/airflow/.local/lib/python3.12/site-packages/airflow/example_dags/example_branch_datetime_operator.py took 0.039 seconds
[2025-11-14T21:41:17.173+0000] {processor.py:186} INFO - Started process (PID=2516) to work on /home/airflow/.local/lib/python3.12/site-packages/airflow/example_dags/example_branch_datetime_operator.py
[2025-11-14T21:41:17.175+0000] {processor.py:914} INFO - Processing file /home/airflow/.local/lib/python3.12/site-packages/airflow/example_dags/example_branch_datetime_operator.py for tasks to queue
[2025-11-14T21:41:17.177+0000] {logging_mixin.py:190} INFO - [2025-11-14T21:41:17.177+0000] {dagbag.py:588} INFO - Filling up the DagBag from /home/airflow/.local/lib/python3.12/site-packages/airflow/example_dags/example_branch_datetime_operator.py
[2025-11-14T21:41:17.186+0000] {processor.py:925} INFO - DAG(s) 'example_branch_datetime_operator_2', 'example_branch_datetime_operator', 'example_branch_datetime_operator_3' retrieved from /home/airflow/.local/lib/python3.12/site-packages/airflow/example_dags/example_branch_datetime_operator.py
[2025-11-14T21:41:17.201+0000] {logging_mixin.py:190} INFO - [2025-11-14T21:41:17.201+0000] {dag.py:3239} INFO - Sync 3 DAGs
[2025-11-14T21:41:17.214+0000] {logging_mixin.py:190} INFO - [2025-11-14T21:41:17.214+0000] {dag.py:4180} INFO - Setting next_dagrun for example_branch_datetime_operator to 2025-11-13 00:00:00+00:00, run_after=2025-11-14 00:00:00+00:00
[2025-11-14T21:41:17.216+0000] {logging_mixin.py:190} INFO - [2025-11-14T21:41:17.216+0000] {dag.py:4180} INFO - Setting next_dagrun for example_branch_datetime_operator_2 to 2025-11-13 00:00:00+00:00, run_after=2025-11-14 00:00:00+00:00
[2025-11-14T21:41:17.217+0000] {logging_mixin.py:190} INFO - [2025-11-14T21:41:17.217+0000] {dag.py:4180} INFO - Setting next_dagrun for example_branch_datetime_operator_3 to 2025-11-13 00:00:00+00:00, run_after=2025-11-14 00:00:00+00:00
[2025-11-14T21:41:17.225+0000] {processor.py:208} INFO - Processing /home/airflow/.local/lib/python3.12/site-packages/airflow/example_dags/example_branch_datetime_operator.py took 0.056 seconds
[2025-11-14T21:41:48.499+0000] {processor.py:186} INFO - Started process (PID=2578) to work on /home/airflow/.local/lib/python3.12/site-packages/airflow/example_dags/example_branch_datetime_operator.py
[2025-11-14T21:41:48.500+0000] {processor.py:914} INFO - Processing file /home/airflow/.local/lib/python3.12/site-packages/airflow/example_dags/example_branch_datetime_operator.py for tasks to queue
[2025-11-14T21:41:48.501+0000] {logging_mixin.py:190} INFO - [2025-11-14T21:41:48.501+0000] {dagbag.py:588} INFO - Filling up the DagBag from /home/airflow/.local/lib/python3.12/site-packages/airflow/example_dags/example_branch_datetime_operator.py
[2025-11-14T21:41:48.508+0000] {processor.py:925} INFO - DAG(s) 'example_branch_datetime_operator_2', 'example_branch_datetime_operator_3', 'example_branch_datetime_operator' retrieved from /home/airflow/.local/lib/python3.12/site-packages/airflow/example_dags/example_branch_datetime_operator.py
[2025-11-14T21:41:48.523+0000] {logging_mixin.py:190} INFO - [2025-11-14T21:41:48.523+0000] {dag.py:3239} INFO - Sync 3 DAGs
[2025-11-14T21:41:48.534+0000] {logging_mixin.py:190} INFO - [2025-11-14T21:41:48.534+0000] {dag.py:4180} INFO - Setting next_dagrun for example_branch_datetime_operator to 2025-11-13 00:00:00+00:00, run_after=2025-11-14 00:00:00+00:00
[2025-11-14T21:41:48.536+0000] {logging_mixin.py:190} INFO - [2025-11-14T21:41:48.536+0000] {dag.py:4180} INFO - Setting next_dagrun for example_branch_datetime_operator_2 to 2025-11-13 00:00:00+00:00, run_after=2025-11-14 00:00:00+00:00
[2025-11-14T21:41:48.537+0000] {logging_mixin.py:190} INFO - [2025-11-14T21:41:48.537+0000] {dag.py:4180} INFO - Setting next_dagrun for example_branch_datetime_operator_3 to 2025-11-13 00:00:00+00:00, run_after=2025-11-14 00:00:00+00:00
[2025-11-14T21:41:48.542+0000] {processor.py:208} INFO - Processing /home/airflow/.local/lib/python3.12/site-packages/airflow/example_dags/example_branch_datetime_operator.py took 0.047 seconds
[2025-11-14T21:42:19.542+0000] {processor.py:186} INFO - Started process (PID=2646) to work on /home/airflow/.local/lib/python3.12/site-packages/airflow/example_dags/example_branch_datetime_operator.py
[2025-11-14T21:42:19.544+0000] {processor.py:914} INFO - Processing file /home/airflow/.local/lib/python3.12/site-packages/airflow/example_dags/example_branch_datetime_operator.py for tasks to queue
[2025-11-14T21:42:19.547+0000] {logging_mixin.py:190} INFO - [2025-11-14T21:42:19.547+0000] {dagbag.py:588} INFO - Filling up the DagBag from /home/airflow/.local/lib/python3.12/site-packages/airflow/example_dags/example_branch_datetime_operator.py
[2025-11-14T21:42:19.553+0000] {processor.py:925} INFO - DAG(s) 'example_branch_datetime_operator_2', 'example_branch_datetime_operator', 'example_branch_datetime_operator_3' retrieved from /home/airflow/.local/lib/python3.12/site-packages/airflow/example_dags/example_branch_datetime_operator.py
[2025-11-14T21:42:19.570+0000] {logging_mixin.py:190} INFO - [2025-11-14T21:42:19.570+0000] {dag.py:3239} INFO - Sync 3 DAGs
[2025-11-14T21:42:19.582+0000] {logging_mixin.py:190} INFO - [2025-11-14T21:42:19.582+0000] {dag.py:4180} INFO - Setting next_dagrun for example_branch_datetime_operator to 2025-11-13 00:00:00+00:00, run_after=2025-11-14 00:00:00+00:00
[2025-11-14T21:42:19.584+0000] {logging_mixin.py:190} INFO - [2025-11-14T21:42:19.584+0000] {dag.py:4180} INFO - Setting next_dagrun for example_branch_datetime_operator_2 to 2025-11-13 00:00:00+00:00, run_after=2025-11-14 00:00:00+00:00
[2025-11-14T21:42:19.585+0000] {logging_mixin.py:190} INFO - [2025-11-14T21:42:19.585+0000] {dag.py:4180} INFO - Setting next_dagrun for example_branch_datetime_operator_3 to 2025-11-13 00:00:00+00:00, run_after=2025-11-14 00:00:00+00:00
[2025-11-14T21:42:19.594+0000] {processor.py:208} INFO - Processing /home/airflow/.local/lib/python3.12/site-packages/airflow/example_dags/example_branch_datetime_operator.py took 0.055 seconds
[2025-11-14T21:42:51.483+0000] {processor.py:186} INFO - Started process (PID=2708) to work on /home/airflow/.local/lib/python3.12/site-packages/airflow/example_dags/example_branch_datetime_operator.py
[2025-11-14T21:42:51.484+0000] {processor.py:914} INFO - Processing file /home/airflow/.local/lib/python3.12/site-packages/airflow/example_dags/example_branch_datetime_operator.py for tasks to queue
[2025-11-14T21:42:51.485+0000] {logging_mixin.py:190} INFO - [2025-11-14T21:42:51.485+0000] {dagbag.py:588} INFO - Filling up the DagBag from /home/airflow/.local/lib/python3.12/site-packages/airflow/example_dags/example_branch_datetime_operator.py
[2025-11-14T21:42:51.490+0000] {processor.py:925} INFO - DAG(s) 'example_branch_datetime_operator', 'example_branch_datetime_operator_2', 'example_branch_datetime_operator_3' retrieved from /home/airflow/.local/lib/python3.12/site-packages/airflow/example_dags/example_branch_datetime_operator.py
[2025-11-14T21:42:51.502+0000] {logging_mixin.py:190} INFO - [2025-11-14T21:42:51.502+0000] {dag.py:3239} INFO - Sync 3 DAGs
[2025-11-14T21:42:51.512+0000] {logging_mixin.py:190} INFO - [2025-11-14T21:42:51.512+0000] {dag.py:4180} INFO - Setting next_dagrun for example_branch_datetime_operator to 2025-11-13 00:00:00+00:00, run_after=2025-11-14 00:00:00+00:00
[2025-11-14T21:42:51.514+0000] {logging_mixin.py:190} INFO - [2025-11-14T21:42:51.514+0000] {dag.py:4180} INFO - Setting next_dagrun for example_branch_datetime_operator_2 to 2025-11-13 00:00:00+00:00, run_after=2025-11-14 00:00:00+00:00
[2025-11-14T21:42:51.515+0000] {logging_mixin.py:190} INFO - [2025-11-14T21:42:51.515+0000] {dag.py:4180} INFO - Setting next_dagrun for example_branch_datetime_operator_3 to 2025-11-13 00:00:00+00:00, run_after=2025-11-14 00:00:00+00:00
[2025-11-14T21:42:51.521+0000] {processor.py:208} INFO - Processing /home/airflow/.local/lib/python3.12/site-packages/airflow/example_dags/example_branch_datetime_operator.py took 0.041 seconds
[2025-11-14T21:43:22.236+0000] {processor.py:186} INFO - Started process (PID=2770) to work on /home/airflow/.local/lib/python3.12/site-packages/airflow/example_dags/example_branch_datetime_operator.py
[2025-11-14T21:43:22.237+0000] {processor.py:914} INFO - Processing file /home/airflow/.local/lib/python3.12/site-packages/airflow/example_dags/example_branch_datetime_operator.py for tasks to queue
[2025-11-14T21:43:22.238+0000] {logging_mixin.py:190} INFO - [2025-11-14T21:43:22.237+0000] {dagbag.py:588} INFO - Filling up the DagBag from /home/airflow/.local/lib/python3.12/site-packages/airflow/example_dags/example_branch_datetime_operator.py
[2025-11-14T21:43:22.243+0000] {processor.py:925} INFO - DAG(s) 'example_branch_datetime_operator_3', 'example_branch_datetime_operator', 'example_branch_datetime_operator_2' retrieved from /home/airflow/.local/lib/python3.12/site-packages/airflow/example_dags/example_branch_datetime_operator.py
[2025-11-14T21:43:22.253+0000] {logging_mixin.py:190} INFO - [2025-11-14T21:43:22.252+0000] {dag.py:3239} INFO - Sync 3 DAGs
[2025-11-14T21:43:22.262+0000] {logging_mixin.py:190} INFO - [2025-11-14T21:43:22.262+0000] {dag.py:4180} INFO - Setting next_dagrun for example_branch_datetime_operator to 2025-11-13 00:00:00+00:00, run_after=2025-11-14 00:00:00+00:00
[2025-11-14T21:43:22.264+0000] {logging_mixin.py:190} INFO - [2025-11-14T21:43:22.264+0000] {dag.py:4180} INFO - Setting next_dagrun for example_branch_datetime_operator_2 to 2025-11-13 00:00:00+00:00, run_after=2025-11-14 00:00:00+00:00
[2025-11-14T21:43:22.265+0000] {logging_mixin.py:190} INFO - [2025-11-14T21:43:22.265+0000] {dag.py:4180} INFO - Setting next_dagrun for example_branch_datetime_operator_3 to 2025-11-13 00:00:00+00:00, run_after=2025-11-14 00:00:00+00:00
[2025-11-14T21:43:22.270+0000] {processor.py:208} INFO - Processing /home/airflow/.local/lib/python3.12/site-packages/airflow/example_dags/example_branch_datetime_operator.py took 0.037 seconds
[2025-11-14T21:43:52.998+0000] {processor.py:186} INFO - Started process (PID=2832) to work on /home/airflow/.local/lib/python3.12/site-packages/airflow/example_dags/example_branch_datetime_operator.py
[2025-11-14T21:43:52.999+0000] {processor.py:914} INFO - Processing file /home/airflow/.local/lib/python3.12/site-packages/airflow/example_dags/example_branch_datetime_operator.py for tasks to queue
[2025-11-14T21:43:53.001+0000] {logging_mixin.py:190} INFO - [2025-11-14T21:43:53.001+0000] {dagbag.py:588} INFO - Filling up the DagBag from /home/airflow/.local/lib/python3.12/site-packages/airflow/example_dags/example_branch_datetime_operator.py
[2025-11-14T21:43:53.007+0000] {processor.py:925} INFO - DAG(s) 'example_branch_datetime_operator', 'example_branch_datetime_operator_2', 'example_branch_datetime_operator_3' retrieved from /home/airflow/.local/lib/python3.12/site-packages/airflow/example_dags/example_branch_datetime_operator.py
[2025-11-14T21:43:53.017+0000] {logging_mixin.py:190} INFO - [2025-11-14T21:43:53.017+0000] {dag.py:3239} INFO - Sync 3 DAGs
[2025-11-14T21:43:53.028+0000] {logging_mixin.py:190} INFO - [2025-11-14T21:43:53.028+0000] {dag.py:4180} INFO - Setting next_dagrun for example_branch_datetime_operator to 2025-11-13 00:00:00+00:00, run_after=2025-11-14 00:00:00+00:00
[2025-11-14T21:43:53.031+0000] {logging_mixin.py:190} INFO - [2025-11-14T21:43:53.031+0000] {dag.py:4180} INFO - Setting next_dagrun for example_branch_datetime_operator_2 to 2025-11-13 00:00:00+00:00, run_after=2025-11-14 00:00:00+00:00
[2025-11-14T21:43:53.034+0000] {logging_mixin.py:190} INFO - [2025-11-14T21:43:53.034+0000] {dag.py:4180} INFO - Setting next_dagrun for example_branch_datetime_operator_3 to 2025-11-13 00:00:00+00:00, run_after=2025-11-14 00:00:00+00:00
[2025-11-14T21:43:53.042+0000] {processor.py:208} INFO - Processing /home/airflow/.local/lib/python3.12/site-packages/airflow/example_dags/example_branch_datetime_operator.py took 0.046 seconds
[2025-11-14T21:44:24.025+0000] {processor.py:186} INFO - Started process (PID=2894) to work on /home/airflow/.local/lib/python3.12/site-packages/airflow/example_dags/example_branch_datetime_operator.py
[2025-11-14T21:44:24.026+0000] {processor.py:914} INFO - Processing file /home/airflow/.local/lib/python3.12/site-packages/airflow/example_dags/example_branch_datetime_operator.py for tasks to queue
[2025-11-14T21:44:24.029+0000] {logging_mixin.py:190} INFO - [2025-11-14T21:44:24.028+0000] {dagbag.py:588} INFO - Filling up the DagBag from /home/airflow/.local/lib/python3.12/site-packages/airflow/example_dags/example_branch_datetime_operator.py
[2025-11-14T21:44:24.036+0000] {processor.py:925} INFO - DAG(s) 'example_branch_datetime_operator_2', 'example_branch_datetime_operator_3', 'example_branch_datetime_operator' retrieved from /home/airflow/.local/lib/python3.12/site-packages/airflow/example_dags/example_branch_datetime_operator.py
[2025-11-14T21:44:24.050+0000] {logging_mixin.py:190} INFO - [2025-11-14T21:44:24.050+0000] {dag.py:3239} INFO - Sync 3 DAGs
[2025-11-14T21:44:24.062+0000] {logging_mixin.py:190} INFO - [2025-11-14T21:44:24.062+0000] {dag.py:4180} INFO - Setting next_dagrun for example_branch_datetime_operator to 2025-11-13 00:00:00+00:00, run_after=2025-11-14 00:00:00+00:00
[2025-11-14T21:44:24.065+0000] {logging_mixin.py:190} INFO - [2025-11-14T21:44:24.065+0000] {dag.py:4180} INFO - Setting next_dagrun for example_branch_datetime_operator_2 to 2025-11-13 00:00:00+00:00, run_after=2025-11-14 00:00:00+00:00
[2025-11-14T21:44:24.067+0000] {logging_mixin.py:190} INFO - [2025-11-14T21:44:24.067+0000] {dag.py:4180} INFO - Setting next_dagrun for example_branch_datetime_operator_3 to 2025-11-13 00:00:00+00:00, run_after=2025-11-14 00:00:00+00:00
[2025-11-14T21:44:24.077+0000] {processor.py:208} INFO - Processing /home/airflow/.local/lib/python3.12/site-packages/airflow/example_dags/example_branch_datetime_operator.py took 0.055 seconds
[2025-11-14T21:44:55.760+0000] {processor.py:186} INFO - Started process (PID=2956) to work on /home/airflow/.local/lib/python3.12/site-packages/airflow/example_dags/example_branch_datetime_operator.py
[2025-11-14T21:44:55.761+0000] {processor.py:914} INFO - Processing file /home/airflow/.local/lib/python3.12/site-packages/airflow/example_dags/example_branch_datetime_operator.py for tasks to queue
[2025-11-14T21:44:55.765+0000] {logging_mixin.py:190} INFO - [2025-11-14T21:44:55.765+0000] {dagbag.py:588} INFO - Filling up the DagBag from /home/airflow/.local/lib/python3.12/site-packages/airflow/example_dags/example_branch_datetime_operator.py
[2025-11-14T21:44:55.772+0000] {processor.py:925} INFO - DAG(s) 'example_branch_datetime_operator', 'example_branch_datetime_operator_3', 'example_branch_datetime_operator_2' retrieved from /home/airflow/.local/lib/python3.12/site-packages/airflow/example_dags/example_branch_datetime_operator.py
[2025-11-14T21:44:55.789+0000] {logging_mixin.py:190} INFO - [2025-11-14T21:44:55.789+0000] {dag.py:3239} INFO - Sync 3 DAGs
[2025-11-14T21:44:55.801+0000] {logging_mixin.py:190} INFO - [2025-11-14T21:44:55.801+0000] {dag.py:4180} INFO - Setting next_dagrun for example_branch_datetime_operator to 2025-11-13 00:00:00+00:00, run_after=2025-11-14 00:00:00+00:00
[2025-11-14T21:44:55.803+0000] {logging_mixin.py:190} INFO - [2025-11-14T21:44:55.803+0000] {dag.py:4180} INFO - Setting next_dagrun for example_branch_datetime_operator_2 to 2025-11-13 00:00:00+00:00, run_after=2025-11-14 00:00:00+00:00
[2025-11-14T21:44:55.804+0000] {logging_mixin.py:190} INFO - [2025-11-14T21:44:55.804+0000] {dag.py:4180} INFO - Setting next_dagrun for example_branch_datetime_operator_3 to 2025-11-13 00:00:00+00:00, run_after=2025-11-14 00:00:00+00:00
[2025-11-14T21:44:55.812+0000] {processor.py:208} INFO - Processing /home/airflow/.local/lib/python3.12/site-packages/airflow/example_dags/example_branch_datetime_operator.py took 0.055 seconds
[2025-11-14T21:45:26.221+0000] {processor.py:186} INFO - Started process (PID=3018) to work on /home/airflow/.local/lib/python3.12/site-packages/airflow/example_dags/example_branch_datetime_operator.py
[2025-11-14T21:45:26.221+0000] {processor.py:914} INFO - Processing file /home/airflow/.local/lib/python3.12/site-packages/airflow/example_dags/example_branch_datetime_operator.py for tasks to queue
[2025-11-14T21:45:26.224+0000] {logging_mixin.py:190} INFO - [2025-11-14T21:45:26.223+0000] {dagbag.py:588} INFO - Filling up the DagBag from /home/airflow/.local/lib/python3.12/site-packages/airflow/example_dags/example_branch_datetime_operator.py
[2025-11-14T21:45:26.228+0000] {processor.py:925} INFO - DAG(s) 'example_branch_datetime_operator_3', 'example_branch_datetime_operator_2', 'example_branch_datetime_operator' retrieved from /home/airflow/.local/lib/python3.12/site-packages/airflow/example_dags/example_branch_datetime_operator.py
[2025-11-14T21:45:26.239+0000] {logging_mixin.py:190} INFO - [2025-11-14T21:45:26.239+0000] {dag.py:3239} INFO - Sync 3 DAGs
[2025-11-14T21:45:26.339+0000] {logging_mixin.py:190} INFO - [2025-11-14T21:45:26.339+0000] {dag.py:4180} INFO - Setting next_dagrun for example_branch_datetime_operator to 2025-11-13 00:00:00+00:00, run_after=2025-11-14 00:00:00+00:00
[2025-11-14T21:45:26.345+0000] {logging_mixin.py:190} INFO - [2025-11-14T21:45:26.345+0000] {dag.py:4180} INFO - Setting next_dagrun for example_branch_datetime_operator_2 to 2025-11-13 00:00:00+00:00, run_after=2025-11-14 00:00:00+00:00
[2025-11-14T21:45:26.347+0000] {logging_mixin.py:190} INFO - [2025-11-14T21:45:26.347+0000] {dag.py:4180} INFO - Setting next_dagrun for example_branch_datetime_operator_3 to 2025-11-13 00:00:00+00:00, run_after=2025-11-14 00:00:00+00:00
[2025-11-14T21:45:26.355+0000] {processor.py:208} INFO - Processing /home/airflow/.local/lib/python3.12/site-packages/airflow/example_dags/example_branch_datetime_operator.py took 0.137 seconds
[2025-11-14T21:45:57.412+0000] {processor.py:186} INFO - Started process (PID=3080) to work on /home/airflow/.local/lib/python3.12/site-packages/airflow/example_dags/example_branch_datetime_operator.py
[2025-11-14T21:45:57.414+0000] {processor.py:914} INFO - Processing file /home/airflow/.local/lib/python3.12/site-packages/airflow/example_dags/example_branch_datetime_operator.py for tasks to queue
[2025-11-14T21:45:57.419+0000] {logging_mixin.py:190} INFO - [2025-11-14T21:45:57.418+0000] {dagbag.py:588} INFO - Filling up the DagBag from /home/airflow/.local/lib/python3.12/site-packages/airflow/example_dags/example_branch_datetime_operator.py
[2025-11-14T21:45:57.433+0000] {processor.py:925} INFO - DAG(s) 'example_branch_datetime_operator_2', 'example_branch_datetime_operator_3', 'example_branch_datetime_operator' retrieved from /home/airflow/.local/lib/python3.12/site-packages/airflow/example_dags/example_branch_datetime_operator.py
[2025-11-14T21:45:57.455+0000] {logging_mixin.py:190} INFO - [2025-11-14T21:45:57.455+0000] {dag.py:3239} INFO - Sync 3 DAGs
[2025-11-14T21:45:57.472+0000] {logging_mixin.py:190} INFO - [2025-11-14T21:45:57.472+0000] {dag.py:4180} INFO - Setting next_dagrun for example_branch_datetime_operator to 2025-11-13 00:00:00+00:00, run_after=2025-11-14 00:00:00+00:00
[2025-11-14T21:45:57.475+0000] {logging_mixin.py:190} INFO - [2025-11-14T21:45:57.475+0000] {dag.py:4180} INFO - Setting next_dagrun for example_branch_datetime_operator_2 to 2025-11-13 00:00:00+00:00, run_after=2025-11-14 00:00:00+00:00
[2025-11-14T21:45:57.477+0000] {logging_mixin.py:190} INFO - [2025-11-14T21:45:57.477+0000] {dag.py:4180} INFO - Setting next_dagrun for example_branch_datetime_operator_3 to 2025-11-13 00:00:00+00:00, run_after=2025-11-14 00:00:00+00:00
[2025-11-14T21:45:57.645+0000] {processor.py:208} INFO - Processing /home/airflow/.local/lib/python3.12/site-packages/airflow/example_dags/example_branch_datetime_operator.py took 0.246 seconds
[2025-11-14T21:46:28.031+0000] {processor.py:186} INFO - Started process (PID=3142) to work on /home/airflow/.local/lib/python3.12/site-packages/airflow/example_dags/example_branch_datetime_operator.py
[2025-11-14T21:46:28.032+0000] {processor.py:914} INFO - Processing file /home/airflow/.local/lib/python3.12/site-packages/airflow/example_dags/example_branch_datetime_operator.py for tasks to queue
[2025-11-14T21:46:28.034+0000] {logging_mixin.py:190} INFO - [2025-11-14T21:46:28.034+0000] {dagbag.py:588} INFO - Filling up the DagBag from /home/airflow/.local/lib/python3.12/site-packages/airflow/example_dags/example_branch_datetime_operator.py
[2025-11-14T21:46:28.040+0000] {processor.py:925} INFO - DAG(s) 'example_branch_datetime_operator', 'example_branch_datetime_operator_2', 'example_branch_datetime_operator_3' retrieved from /home/airflow/.local/lib/python3.12/site-packages/airflow/example_dags/example_branch_datetime_operator.py
[2025-11-14T21:46:28.056+0000] {logging_mixin.py:190} INFO - [2025-11-14T21:46:28.055+0000] {dag.py:3239} INFO - Sync 3 DAGs
[2025-11-14T21:46:28.070+0000] {logging_mixin.py:190} INFO - [2025-11-14T21:46:28.070+0000] {dag.py:4180} INFO - Setting next_dagrun for example_branch_datetime_operator to 2025-11-13 00:00:00+00:00, run_after=2025-11-14 00:00:00+00:00
[2025-11-14T21:46:28.075+0000] {logging_mixin.py:190} INFO - [2025-11-14T21:46:28.074+0000] {dag.py:4180} INFO - Setting next_dagrun for example_branch_datetime_operator_2 to 2025-11-13 00:00:00+00:00, run_after=2025-11-14 00:00:00+00:00
[2025-11-14T21:46:28.075+0000] {logging_mixin.py:190} INFO - [2025-11-14T21:46:28.075+0000] {dag.py:4180} INFO - Setting next_dagrun for example_branch_datetime_operator_3 to 2025-11-13 00:00:00+00:00, run_after=2025-11-14 00:00:00+00:00
[2025-11-14T21:46:28.082+0000] {processor.py:208} INFO - Processing /home/airflow/.local/lib/python3.12/site-packages/airflow/example_dags/example_branch_datetime_operator.py took 0.053 seconds
[2025-11-14T21:46:59.387+0000] {processor.py:186} INFO - Started process (PID=3204) to work on /home/airflow/.local/lib/python3.12/site-packages/airflow/example_dags/example_branch_datetime_operator.py
[2025-11-14T21:46:59.388+0000] {processor.py:914} INFO - Processing file /home/airflow/.local/lib/python3.12/site-packages/airflow/example_dags/example_branch_datetime_operator.py for tasks to queue
[2025-11-14T21:46:59.388+0000] {logging_mixin.py:190} INFO - [2025-11-14T21:46:59.388+0000] {dagbag.py:588} INFO - Filling up the DagBag from /home/airflow/.local/lib/python3.12/site-packages/airflow/example_dags/example_branch_datetime_operator.py
[2025-11-14T21:46:59.393+0000] {processor.py:925} INFO - DAG(s) 'example_branch_datetime_operator_3', 'example_branch_datetime_operator', 'example_branch_datetime_operator_2' retrieved from /home/airflow/.local/lib/python3.12/site-packages/airflow/example_dags/example_branch_datetime_operator.py
[2025-11-14T21:46:59.403+0000] {logging_mixin.py:190} INFO - [2025-11-14T21:46:59.403+0000] {dag.py:3239} INFO - Sync 3 DAGs
[2025-11-14T21:46:59.414+0000] {logging_mixin.py:190} INFO - [2025-11-14T21:46:59.414+0000] {dag.py:4180} INFO - Setting next_dagrun for example_branch_datetime_operator to 2025-11-13 00:00:00+00:00, run_after=2025-11-14 00:00:00+00:00
[2025-11-14T21:46:59.417+0000] {logging_mixin.py:190} INFO - [2025-11-14T21:46:59.417+0000] {dag.py:4180} INFO - Setting next_dagrun for example_branch_datetime_operator_2 to 2025-11-13 00:00:00+00:00, run_after=2025-11-14 00:00:00+00:00
[2025-11-14T21:46:59.418+0000] {logging_mixin.py:190} INFO - [2025-11-14T21:46:59.418+0000] {dag.py:4180} INFO - Setting next_dagrun for example_branch_datetime_operator_3 to 2025-11-13 00:00:00+00:00, run_after=2025-11-14 00:00:00+00:00
[2025-11-14T21:46:59.425+0000] {processor.py:208} INFO - Processing /home/airflow/.local/lib/python3.12/site-packages/airflow/example_dags/example_branch_datetime_operator.py took 0.041 seconds
[2025-11-14T21:47:32.918+0000] {processor.py:186} INFO - Started process (PID=3266) to work on /home/airflow/.local/lib/python3.12/site-packages/airflow/example_dags/example_branch_datetime_operator.py
[2025-11-14T21:47:32.919+0000] {processor.py:914} INFO - Processing file /home/airflow/.local/lib/python3.12/site-packages/airflow/example_dags/example_branch_datetime_operator.py for tasks to queue
[2025-11-14T21:47:32.921+0000] {logging_mixin.py:190} INFO - [2025-11-14T21:47:32.921+0000] {dagbag.py:588} INFO - Filling up the DagBag from /home/airflow/.local/lib/python3.12/site-packages/airflow/example_dags/example_branch_datetime_operator.py
[2025-11-14T21:47:32.932+0000] {processor.py:925} INFO - DAG(s) 'example_branch_datetime_operator_3', 'example_branch_datetime_operator', 'example_branch_datetime_operator_2' retrieved from /home/airflow/.local/lib/python3.12/site-packages/airflow/example_dags/example_branch_datetime_operator.py
[2025-11-14T21:47:32.976+0000] {logging_mixin.py:190} INFO - [2025-11-14T21:47:32.974+0000] {dag.py:3239} INFO - Sync 3 DAGs
[2025-11-14T21:47:33.000+0000] {logging_mixin.py:190} INFO - [2025-11-14T21:47:33.000+0000] {dag.py:4180} INFO - Setting next_dagrun for example_branch_datetime_operator to 2025-11-13 00:00:00+00:00, run_after=2025-11-14 00:00:00+00:00
[2025-11-14T21:47:33.004+0000] {logging_mixin.py:190} INFO - [2025-11-14T21:47:33.004+0000] {dag.py:4180} INFO - Setting next_dagrun for example_branch_datetime_operator_2 to 2025-11-13 00:00:00+00:00, run_after=2025-11-14 00:00:00+00:00
[2025-11-14T21:47:33.007+0000] {logging_mixin.py:190} INFO - [2025-11-14T21:47:33.007+0000] {dag.py:4180} INFO - Setting next_dagrun for example_branch_datetime_operator_3 to 2025-11-13 00:00:00+00:00, run_after=2025-11-14 00:00:00+00:00
[2025-11-14T21:47:33.015+0000] {processor.py:208} INFO - Processing /home/airflow/.local/lib/python3.12/site-packages/airflow/example_dags/example_branch_datetime_operator.py took 0.103 seconds
[2025-11-14T21:48:03.743+0000] {processor.py:186} INFO - Started process (PID=3328) to work on /home/airflow/.local/lib/python3.12/site-packages/airflow/example_dags/example_branch_datetime_operator.py
[2025-11-14T21:48:03.744+0000] {processor.py:914} INFO - Processing file /home/airflow/.local/lib/python3.12/site-packages/airflow/example_dags/example_branch_datetime_operator.py for tasks to queue
[2025-11-14T21:48:03.745+0000] {logging_mixin.py:190} INFO - [2025-11-14T21:48:03.745+0000] {dagbag.py:588} INFO - Filling up the DagBag from /home/airflow/.local/lib/python3.12/site-packages/airflow/example_dags/example_branch_datetime_operator.py
[2025-11-14T21:48:03.751+0000] {processor.py:925} INFO - DAG(s) 'example_branch_datetime_operator_3', 'example_branch_datetime_operator', 'example_branch_datetime_operator_2' retrieved from /home/airflow/.local/lib/python3.12/site-packages/airflow/example_dags/example_branch_datetime_operator.py
[2025-11-14T21:48:03.764+0000] {logging_mixin.py:190} INFO - [2025-11-14T21:48:03.764+0000] {dag.py:3239} INFO - Sync 3 DAGs
[2025-11-14T21:48:03.876+0000] {logging_mixin.py:190} INFO - [2025-11-14T21:48:03.876+0000] {dag.py:4180} INFO - Setting next_dagrun for example_branch_datetime_operator to 2025-11-13 00:00:00+00:00, run_after=2025-11-14 00:00:00+00:00
[2025-11-14T21:48:03.881+0000] {logging_mixin.py:190} INFO - [2025-11-14T21:48:03.881+0000] {dag.py:4180} INFO - Setting next_dagrun for example_branch_datetime_operator_2 to 2025-11-13 00:00:00+00:00, run_after=2025-11-14 00:00:00+00:00
[2025-11-14T21:48:03.883+0000] {logging_mixin.py:190} INFO - [2025-11-14T21:48:03.883+0000] {dag.py:4180} INFO - Setting next_dagrun for example_branch_datetime_operator_3 to 2025-11-13 00:00:00+00:00, run_after=2025-11-14 00:00:00+00:00
[2025-11-14T21:48:03.894+0000] {processor.py:208} INFO - Processing /home/airflow/.local/lib/python3.12/site-packages/airflow/example_dags/example_branch_datetime_operator.py took 0.154 seconds
[2025-11-14T21:48:34.288+0000] {processor.py:186} INFO - Started process (PID=3390) to work on /home/airflow/.local/lib/python3.12/site-packages/airflow/example_dags/example_branch_datetime_operator.py
[2025-11-14T21:48:34.288+0000] {processor.py:914} INFO - Processing file /home/airflow/.local/lib/python3.12/site-packages/airflow/example_dags/example_branch_datetime_operator.py for tasks to queue
[2025-11-14T21:48:34.289+0000] {logging_mixin.py:190} INFO - [2025-11-14T21:48:34.289+0000] {dagbag.py:588} INFO - Filling up the DagBag from /home/airflow/.local/lib/python3.12/site-packages/airflow/example_dags/example_branch_datetime_operator.py
[2025-11-14T21:48:34.294+0000] {processor.py:925} INFO - DAG(s) 'example_branch_datetime_operator', 'example_branch_datetime_operator_2', 'example_branch_datetime_operator_3' retrieved from /home/airflow/.local/lib/python3.12/site-packages/airflow/example_dags/example_branch_datetime_operator.py
[2025-11-14T21:48:34.304+0000] {logging_mixin.py:190} INFO - [2025-11-14T21:48:34.303+0000] {dag.py:3239} INFO - Sync 3 DAGs
[2025-11-14T21:48:34.313+0000] {logging_mixin.py:190} INFO - [2025-11-14T21:48:34.313+0000] {dag.py:4180} INFO - Setting next_dagrun for example_branch_datetime_operator to 2025-11-13 00:00:00+00:00, run_after=2025-11-14 00:00:00+00:00
[2025-11-14T21:48:34.316+0000] {logging_mixin.py:190} INFO - [2025-11-14T21:48:34.316+0000] {dag.py:4180} INFO - Setting next_dagrun for example_branch_datetime_operator_2 to 2025-11-13 00:00:00+00:00, run_after=2025-11-14 00:00:00+00:00
[2025-11-14T21:48:34.317+0000] {logging_mixin.py:190} INFO - [2025-11-14T21:48:34.317+0000] {dag.py:4180} INFO - Setting next_dagrun for example_branch_datetime_operator_3 to 2025-11-13 00:00:00+00:00, run_after=2025-11-14 00:00:00+00:00
[2025-11-14T21:48:34.331+0000] {processor.py:208} INFO - Processing /home/airflow/.local/lib/python3.12/site-packages/airflow/example_dags/example_branch_datetime_operator.py took 0.046 seconds
[2025-11-14T21:49:05.336+0000] {processor.py:186} INFO - Started process (PID=3452) to work on /home/airflow/.local/lib/python3.12/site-packages/airflow/example_dags/example_branch_datetime_operator.py
[2025-11-14T21:49:05.337+0000] {processor.py:914} INFO - Processing file /home/airflow/.local/lib/python3.12/site-packages/airflow/example_dags/example_branch_datetime_operator.py for tasks to queue
[2025-11-14T21:49:05.338+0000] {logging_mixin.py:190} INFO - [2025-11-14T21:49:05.338+0000] {dagbag.py:588} INFO - Filling up the DagBag from /home/airflow/.local/lib/python3.12/site-packages/airflow/example_dags/example_branch_datetime_operator.py
[2025-11-14T21:49:05.343+0000] {processor.py:925} INFO - DAG(s) 'example_branch_datetime_operator', 'example_branch_datetime_operator_3', 'example_branch_datetime_operator_2' retrieved from /home/airflow/.local/lib/python3.12/site-packages/airflow/example_dags/example_branch_datetime_operator.py
[2025-11-14T21:49:05.353+0000] {logging_mixin.py:190} INFO - [2025-11-14T21:49:05.353+0000] {dag.py:3239} INFO - Sync 3 DAGs
[2025-11-14T21:49:05.362+0000] {logging_mixin.py:190} INFO - [2025-11-14T21:49:05.362+0000] {dag.py:4180} INFO - Setting next_dagrun for example_branch_datetime_operator to 2025-11-13 00:00:00+00:00, run_after=2025-11-14 00:00:00+00:00
[2025-11-14T21:49:05.364+0000] {logging_mixin.py:190} INFO - [2025-11-14T21:49:05.364+0000] {dag.py:4180} INFO - Setting next_dagrun for example_branch_datetime_operator_2 to 2025-11-13 00:00:00+00:00, run_after=2025-11-14 00:00:00+00:00
[2025-11-14T21:49:05.365+0000] {logging_mixin.py:190} INFO - [2025-11-14T21:49:05.365+0000] {dag.py:4180} INFO - Setting next_dagrun for example_branch_datetime_operator_3 to 2025-11-13 00:00:00+00:00, run_after=2025-11-14 00:00:00+00:00
[2025-11-14T21:49:05.370+0000] {processor.py:208} INFO - Processing /home/airflow/.local/lib/python3.12/site-packages/airflow/example_dags/example_branch_datetime_operator.py took 0.037 seconds
[2025-11-14T21:49:35.510+0000] {processor.py:186} INFO - Started process (PID=3514) to work on /home/airflow/.local/lib/python3.12/site-packages/airflow/example_dags/example_branch_datetime_operator.py
[2025-11-14T21:49:35.511+0000] {processor.py:914} INFO - Processing file /home/airflow/.local/lib/python3.12/site-packages/airflow/example_dags/example_branch_datetime_operator.py for tasks to queue
[2025-11-14T21:49:35.512+0000] {logging_mixin.py:190} INFO - [2025-11-14T21:49:35.512+0000] {dagbag.py:588} INFO - Filling up the DagBag from /home/airflow/.local/lib/python3.12/site-packages/airflow/example_dags/example_branch_datetime_operator.py
[2025-11-14T21:49:35.517+0000] {processor.py:925} INFO - DAG(s) 'example_branch_datetime_operator_2', 'example_branch_datetime_operator_3', 'example_branch_datetime_operator' retrieved from /home/airflow/.local/lib/python3.12/site-packages/airflow/example_dags/example_branch_datetime_operator.py
[2025-11-14T21:49:35.531+0000] {logging_mixin.py:190} INFO - [2025-11-14T21:49:35.531+0000] {dag.py:3239} INFO - Sync 3 DAGs
[2025-11-14T21:49:35.542+0000] {logging_mixin.py:190} INFO - [2025-11-14T21:49:35.542+0000] {dag.py:4180} INFO - Setting next_dagrun for example_branch_datetime_operator to 2025-11-13 00:00:00+00:00, run_after=2025-11-14 00:00:00+00:00
[2025-11-14T21:49:35.544+0000] {logging_mixin.py:190} INFO - [2025-11-14T21:49:35.544+0000] {dag.py:4180} INFO - Setting next_dagrun for example_branch_datetime_operator_2 to 2025-11-13 00:00:00+00:00, run_after=2025-11-14 00:00:00+00:00
[2025-11-14T21:49:35.546+0000] {logging_mixin.py:190} INFO - [2025-11-14T21:49:35.545+0000] {dag.py:4180} INFO - Setting next_dagrun for example_branch_datetime_operator_3 to 2025-11-13 00:00:00+00:00, run_after=2025-11-14 00:00:00+00:00
[2025-11-14T21:49:35.551+0000] {processor.py:208} INFO - Processing /home/airflow/.local/lib/python3.12/site-packages/airflow/example_dags/example_branch_datetime_operator.py took 0.043 seconds
[2025-11-14T21:50:05.773+0000] {processor.py:186} INFO - Started process (PID=3576) to work on /home/airflow/.local/lib/python3.12/site-packages/airflow/example_dags/example_branch_datetime_operator.py
[2025-11-14T21:50:05.776+0000] {processor.py:914} INFO - Processing file /home/airflow/.local/lib/python3.12/site-packages/airflow/example_dags/example_branch_datetime_operator.py for tasks to queue
[2025-11-14T21:50:05.777+0000] {logging_mixin.py:190} INFO - [2025-11-14T21:50:05.777+0000] {dagbag.py:588} INFO - Filling up the DagBag from /home/airflow/.local/lib/python3.12/site-packages/airflow/example_dags/example_branch_datetime_operator.py
[2025-11-14T21:50:05.783+0000] {processor.py:925} INFO - DAG(s) 'example_branch_datetime_operator_2', 'example_branch_datetime_operator_3', 'example_branch_datetime_operator' retrieved from /home/airflow/.local/lib/python3.12/site-packages/airflow/example_dags/example_branch_datetime_operator.py
[2025-11-14T21:50:05.798+0000] {logging_mixin.py:190} INFO - [2025-11-14T21:50:05.798+0000] {dag.py:3239} INFO - Sync 3 DAGs
[2025-11-14T21:50:05.809+0000] {logging_mixin.py:190} INFO - [2025-11-14T21:50:05.809+0000] {dag.py:4180} INFO - Setting next_dagrun for example_branch_datetime_operator to 2025-11-13 00:00:00+00:00, run_after=2025-11-14 00:00:00+00:00
[2025-11-14T21:50:05.811+0000] {logging_mixin.py:190} INFO - [2025-11-14T21:50:05.811+0000] {dag.py:4180} INFO - Setting next_dagrun for example_branch_datetime_operator_2 to 2025-11-13 00:00:00+00:00, run_after=2025-11-14 00:00:00+00:00
[2025-11-14T21:50:05.812+0000] {logging_mixin.py:190} INFO - [2025-11-14T21:50:05.812+0000] {dag.py:4180} INFO - Setting next_dagrun for example_branch_datetime_operator_3 to 2025-11-13 00:00:00+00:00, run_after=2025-11-14 00:00:00+00:00
[2025-11-14T21:50:05.818+0000] {processor.py:208} INFO - Processing /home/airflow/.local/lib/python3.12/site-packages/airflow/example_dags/example_branch_datetime_operator.py took 0.048 seconds
[2025-11-14T21:50:36.247+0000] {processor.py:186} INFO - Started process (PID=3638) to work on /home/airflow/.local/lib/python3.12/site-packages/airflow/example_dags/example_branch_datetime_operator.py
[2025-11-14T21:50:36.248+0000] {processor.py:914} INFO - Processing file /home/airflow/.local/lib/python3.12/site-packages/airflow/example_dags/example_branch_datetime_operator.py for tasks to queue
[2025-11-14T21:50:36.251+0000] {logging_mixin.py:190} INFO - [2025-11-14T21:50:36.250+0000] {dagbag.py:588} INFO - Filling up the DagBag from /home/airflow/.local/lib/python3.12/site-packages/airflow/example_dags/example_branch_datetime_operator.py
[2025-11-14T21:50:36.257+0000] {processor.py:925} INFO - DAG(s) 'example_branch_datetime_operator', 'example_branch_datetime_operator_3', 'example_branch_datetime_operator_2' retrieved from /home/airflow/.local/lib/python3.12/site-packages/airflow/example_dags/example_branch_datetime_operator.py
[2025-11-14T21:50:36.273+0000] {logging_mixin.py:190} INFO - [2025-11-14T21:50:36.273+0000] {dag.py:3239} INFO - Sync 3 DAGs
[2025-11-14T21:50:36.286+0000] {logging_mixin.py:190} INFO - [2025-11-14T21:50:36.286+0000] {dag.py:4180} INFO - Setting next_dagrun for example_branch_datetime_operator to 2025-11-13 00:00:00+00:00, run_after=2025-11-14 00:00:00+00:00
[2025-11-14T21:50:36.288+0000] {logging_mixin.py:190} INFO - [2025-11-14T21:50:36.288+0000] {dag.py:4180} INFO - Setting next_dagrun for example_branch_datetime_operator_2 to 2025-11-13 00:00:00+00:00, run_after=2025-11-14 00:00:00+00:00
[2025-11-14T21:50:36.293+0000] {logging_mixin.py:190} INFO - [2025-11-14T21:50:36.293+0000] {dag.py:4180} INFO - Setting next_dagrun for example_branch_datetime_operator_3 to 2025-11-13 00:00:00+00:00, run_after=2025-11-14 00:00:00+00:00
[2025-11-14T21:50:36.305+0000] {processor.py:208} INFO - Processing /home/airflow/.local/lib/python3.12/site-packages/airflow/example_dags/example_branch_datetime_operator.py took 0.061 seconds
[2025-11-14T21:51:06.729+0000] {processor.py:186} INFO - Started process (PID=3700) to work on /home/airflow/.local/lib/python3.12/site-packages/airflow/example_dags/example_branch_datetime_operator.py
[2025-11-14T21:51:06.732+0000] {processor.py:914} INFO - Processing file /home/airflow/.local/lib/python3.12/site-packages/airflow/example_dags/example_branch_datetime_operator.py for tasks to queue
[2025-11-14T21:51:06.733+0000] {logging_mixin.py:190} INFO - [2025-11-14T21:51:06.733+0000] {dagbag.py:588} INFO - Filling up the DagBag from /home/airflow/.local/lib/python3.12/site-packages/airflow/example_dags/example_branch_datetime_operator.py
[2025-11-14T21:51:06.739+0000] {processor.py:925} INFO - DAG(s) 'example_branch_datetime_operator_3', 'example_branch_datetime_operator_2', 'example_branch_datetime_operator' retrieved from /home/airflow/.local/lib/python3.12/site-packages/airflow/example_dags/example_branch_datetime_operator.py
[2025-11-14T21:51:06.751+0000] {logging_mixin.py:190} INFO - [2025-11-14T21:51:06.751+0000] {dag.py:3239} INFO - Sync 3 DAGs
[2025-11-14T21:51:06.760+0000] {logging_mixin.py:190} INFO - [2025-11-14T21:51:06.760+0000] {dag.py:4180} INFO - Setting next_dagrun for example_branch_datetime_operator to 2025-11-13 00:00:00+00:00, run_after=2025-11-14 00:00:00+00:00
[2025-11-14T21:51:06.762+0000] {logging_mixin.py:190} INFO - [2025-11-14T21:51:06.762+0000] {dag.py:4180} INFO - Setting next_dagrun for example_branch_datetime_operator_2 to 2025-11-13 00:00:00+00:00, run_after=2025-11-14 00:00:00+00:00
[2025-11-14T21:51:06.764+0000] {logging_mixin.py:190} INFO - [2025-11-14T21:51:06.764+0000] {dag.py:4180} INFO - Setting next_dagrun for example_branch_datetime_operator_3 to 2025-11-13 00:00:00+00:00, run_after=2025-11-14 00:00:00+00:00
[2025-11-14T21:51:06.773+0000] {processor.py:208} INFO - Processing /home/airflow/.local/lib/python3.12/site-packages/airflow/example_dags/example_branch_datetime_operator.py took 0.047 seconds
[2025-11-14T21:51:37.318+0000] {processor.py:186} INFO - Started process (PID=3762) to work on /home/airflow/.local/lib/python3.12/site-packages/airflow/example_dags/example_branch_datetime_operator.py
[2025-11-14T21:51:37.318+0000] {processor.py:914} INFO - Processing file /home/airflow/.local/lib/python3.12/site-packages/airflow/example_dags/example_branch_datetime_operator.py for tasks to queue
[2025-11-14T21:51:37.320+0000] {logging_mixin.py:190} INFO - [2025-11-14T21:51:37.319+0000] {dagbag.py:588} INFO - Filling up the DagBag from /home/airflow/.local/lib/python3.12/site-packages/airflow/example_dags/example_branch_datetime_operator.py
[2025-11-14T21:51:37.325+0000] {processor.py:925} INFO - DAG(s) 'example_branch_datetime_operator_3', 'example_branch_datetime_operator', 'example_branch_datetime_operator_2' retrieved from /home/airflow/.local/lib/python3.12/site-packages/airflow/example_dags/example_branch_datetime_operator.py
[2025-11-14T21:51:37.339+0000] {logging_mixin.py:190} INFO - [2025-11-14T21:51:37.339+0000] {dag.py:3239} INFO - Sync 3 DAGs
[2025-11-14T21:51:37.350+0000] {logging_mixin.py:190} INFO - [2025-11-14T21:51:37.349+0000] {dag.py:4180} INFO - Setting next_dagrun for example_branch_datetime_operator to 2025-11-13 00:00:00+00:00, run_after=2025-11-14 00:00:00+00:00
[2025-11-14T21:51:37.352+0000] {logging_mixin.py:190} INFO - [2025-11-14T21:51:37.352+0000] {dag.py:4180} INFO - Setting next_dagrun for example_branch_datetime_operator_2 to 2025-11-13 00:00:00+00:00, run_after=2025-11-14 00:00:00+00:00
[2025-11-14T21:51:37.353+0000] {logging_mixin.py:190} INFO - [2025-11-14T21:51:37.353+0000] {dag.py:4180} INFO - Setting next_dagrun for example_branch_datetime_operator_3 to 2025-11-13 00:00:00+00:00, run_after=2025-11-14 00:00:00+00:00
[2025-11-14T21:51:37.360+0000] {processor.py:208} INFO - Processing /home/airflow/.local/lib/python3.12/site-packages/airflow/example_dags/example_branch_datetime_operator.py took 0.045 seconds
[2025-11-14T21:52:08.167+0000] {processor.py:186} INFO - Started process (PID=3824) to work on /home/airflow/.local/lib/python3.12/site-packages/airflow/example_dags/example_branch_datetime_operator.py
[2025-11-14T21:52:08.170+0000] {processor.py:914} INFO - Processing file /home/airflow/.local/lib/python3.12/site-packages/airflow/example_dags/example_branch_datetime_operator.py for tasks to queue
[2025-11-14T21:52:08.171+0000] {logging_mixin.py:190} INFO - [2025-11-14T21:52:08.171+0000] {dagbag.py:588} INFO - Filling up the DagBag from /home/airflow/.local/lib/python3.12/site-packages/airflow/example_dags/example_branch_datetime_operator.py
[2025-11-14T21:52:08.176+0000] {processor.py:925} INFO - DAG(s) 'example_branch_datetime_operator', 'example_branch_datetime_operator_3', 'example_branch_datetime_operator_2' retrieved from /home/airflow/.local/lib/python3.12/site-packages/airflow/example_dags/example_branch_datetime_operator.py
[2025-11-14T21:52:08.192+0000] {logging_mixin.py:190} INFO - [2025-11-14T21:52:08.192+0000] {dag.py:3239} INFO - Sync 3 DAGs
[2025-11-14T21:52:08.201+0000] {logging_mixin.py:190} INFO - [2025-11-14T21:52:08.201+0000] {dag.py:4180} INFO - Setting next_dagrun for example_branch_datetime_operator to 2025-11-13 00:00:00+00:00, run_after=2025-11-14 00:00:00+00:00
[2025-11-14T21:52:08.203+0000] {logging_mixin.py:190} INFO - [2025-11-14T21:52:08.203+0000] {dag.py:4180} INFO - Setting next_dagrun for example_branch_datetime_operator_2 to 2025-11-13 00:00:00+00:00, run_after=2025-11-14 00:00:00+00:00
[2025-11-14T21:52:08.204+0000] {logging_mixin.py:190} INFO - [2025-11-14T21:52:08.204+0000] {dag.py:4180} INFO - Setting next_dagrun for example_branch_datetime_operator_3 to 2025-11-13 00:00:00+00:00, run_after=2025-11-14 00:00:00+00:00
[2025-11-14T21:52:08.213+0000] {processor.py:208} INFO - Processing /home/airflow/.local/lib/python3.12/site-packages/airflow/example_dags/example_branch_datetime_operator.py took 0.049 seconds
[2025-11-14T21:52:40.033+0000] {processor.py:186} INFO - Started process (PID=3886) to work on /home/airflow/.local/lib/python3.12/site-packages/airflow/example_dags/example_branch_datetime_operator.py
[2025-11-14T21:52:40.034+0000] {processor.py:914} INFO - Processing file /home/airflow/.local/lib/python3.12/site-packages/airflow/example_dags/example_branch_datetime_operator.py for tasks to queue
[2025-11-14T21:52:40.036+0000] {logging_mixin.py:190} INFO - [2025-11-14T21:52:40.036+0000] {dagbag.py:588} INFO - Filling up the DagBag from /home/airflow/.local/lib/python3.12/site-packages/airflow/example_dags/example_branch_datetime_operator.py
[2025-11-14T21:52:40.048+0000] {processor.py:925} INFO - DAG(s) 'example_branch_datetime_operator_3', 'example_branch_datetime_operator', 'example_branch_datetime_operator_2' retrieved from /home/airflow/.local/lib/python3.12/site-packages/airflow/example_dags/example_branch_datetime_operator.py
[2025-11-14T21:52:40.077+0000] {logging_mixin.py:190} INFO - [2025-11-14T21:52:40.076+0000] {dag.py:3239} INFO - Sync 3 DAGs
[2025-11-14T21:52:40.099+0000] {logging_mixin.py:190} INFO - [2025-11-14T21:52:40.099+0000] {dag.py:4180} INFO - Setting next_dagrun for example_branch_datetime_operator to 2025-11-13 00:00:00+00:00, run_after=2025-11-14 00:00:00+00:00
[2025-11-14T21:52:40.103+0000] {logging_mixin.py:190} INFO - [2025-11-14T21:52:40.102+0000] {dag.py:4180} INFO - Setting next_dagrun for example_branch_datetime_operator_2 to 2025-11-13 00:00:00+00:00, run_after=2025-11-14 00:00:00+00:00
[2025-11-14T21:52:40.107+0000] {logging_mixin.py:190} INFO - [2025-11-14T21:52:40.106+0000] {dag.py:4180} INFO - Setting next_dagrun for example_branch_datetime_operator_3 to 2025-11-13 00:00:00+00:00, run_after=2025-11-14 00:00:00+00:00
[2025-11-14T21:52:40.120+0000] {processor.py:208} INFO - Processing /home/airflow/.local/lib/python3.12/site-packages/airflow/example_dags/example_branch_datetime_operator.py took 0.094 seconds
[2025-11-14T21:53:10.273+0000] {processor.py:186} INFO - Started process (PID=3948) to work on /home/airflow/.local/lib/python3.12/site-packages/airflow/example_dags/example_branch_datetime_operator.py
[2025-11-14T21:53:10.274+0000] {processor.py:914} INFO - Processing file /home/airflow/.local/lib/python3.12/site-packages/airflow/example_dags/example_branch_datetime_operator.py for tasks to queue
[2025-11-14T21:53:10.275+0000] {logging_mixin.py:190} INFO - [2025-11-14T21:53:10.275+0000] {dagbag.py:588} INFO - Filling up the DagBag from /home/airflow/.local/lib/python3.12/site-packages/airflow/example_dags/example_branch_datetime_operator.py
[2025-11-14T21:53:10.281+0000] {processor.py:925} INFO - DAG(s) 'example_branch_datetime_operator', 'example_branch_datetime_operator_2', 'example_branch_datetime_operator_3' retrieved from /home/airflow/.local/lib/python3.12/site-packages/airflow/example_dags/example_branch_datetime_operator.py
[2025-11-14T21:53:10.295+0000] {logging_mixin.py:190} INFO - [2025-11-14T21:53:10.295+0000] {dag.py:3239} INFO - Sync 3 DAGs
[2025-11-14T21:53:10.308+0000] {logging_mixin.py:190} INFO - [2025-11-14T21:53:10.308+0000] {dag.py:4180} INFO - Setting next_dagrun for example_branch_datetime_operator to 2025-11-13 00:00:00+00:00, run_after=2025-11-14 00:00:00+00:00
[2025-11-14T21:53:10.311+0000] {logging_mixin.py:190} INFO - [2025-11-14T21:53:10.311+0000] {dag.py:4180} INFO - Setting next_dagrun for example_branch_datetime_operator_2 to 2025-11-13 00:00:00+00:00, run_after=2025-11-14 00:00:00+00:00
[2025-11-14T21:53:10.312+0000] {logging_mixin.py:190} INFO - [2025-11-14T21:53:10.312+0000] {dag.py:4180} INFO - Setting next_dagrun for example_branch_datetime_operator_3 to 2025-11-13 00:00:00+00:00, run_after=2025-11-14 00:00:00+00:00
[2025-11-14T21:53:10.320+0000] {processor.py:208} INFO - Processing /home/airflow/.local/lib/python3.12/site-packages/airflow/example_dags/example_branch_datetime_operator.py took 0.050 seconds
[2025-11-14T21:53:40.846+0000] {processor.py:186} INFO - Started process (PID=4010) to work on /home/airflow/.local/lib/python3.12/site-packages/airflow/example_dags/example_branch_datetime_operator.py
[2025-11-14T21:53:40.847+0000] {processor.py:914} INFO - Processing file /home/airflow/.local/lib/python3.12/site-packages/airflow/example_dags/example_branch_datetime_operator.py for tasks to queue
[2025-11-14T21:53:40.850+0000] {logging_mixin.py:190} INFO - [2025-11-14T21:53:40.848+0000] {dagbag.py:588} INFO - Filling up the DagBag from /home/airflow/.local/lib/python3.12/site-packages/airflow/example_dags/example_branch_datetime_operator.py
[2025-11-14T21:53:40.856+0000] {processor.py:925} INFO - DAG(s) 'example_branch_datetime_operator', 'example_branch_datetime_operator_2', 'example_branch_datetime_operator_3' retrieved from /home/airflow/.local/lib/python3.12/site-packages/airflow/example_dags/example_branch_datetime_operator.py
[2025-11-14T21:53:40.869+0000] {logging_mixin.py:190} INFO - [2025-11-14T21:53:40.869+0000] {dag.py:3239} INFO - Sync 3 DAGs
[2025-11-14T21:53:40.879+0000] {logging_mixin.py:190} INFO - [2025-11-14T21:53:40.879+0000] {dag.py:4180} INFO - Setting next_dagrun for example_branch_datetime_operator to 2025-11-13 00:00:00+00:00, run_after=2025-11-14 00:00:00+00:00
[2025-11-14T21:53:40.881+0000] {logging_mixin.py:190} INFO - [2025-11-14T21:53:40.881+0000] {dag.py:4180} INFO - Setting next_dagrun for example_branch_datetime_operator_2 to 2025-11-13 00:00:00+00:00, run_after=2025-11-14 00:00:00+00:00
[2025-11-14T21:53:40.883+0000] {logging_mixin.py:190} INFO - [2025-11-14T21:53:40.883+0000] {dag.py:4180} INFO - Setting next_dagrun for example_branch_datetime_operator_3 to 2025-11-13 00:00:00+00:00, run_after=2025-11-14 00:00:00+00:00
[2025-11-14T21:53:40.889+0000] {processor.py:208} INFO - Processing /home/airflow/.local/lib/python3.12/site-packages/airflow/example_dags/example_branch_datetime_operator.py took 0.046 seconds
[2025-11-14T21:54:11.507+0000] {processor.py:186} INFO - Started process (PID=4072) to work on /home/airflow/.local/lib/python3.12/site-packages/airflow/example_dags/example_branch_datetime_operator.py
[2025-11-14T21:54:11.510+0000] {processor.py:914} INFO - Processing file /home/airflow/.local/lib/python3.12/site-packages/airflow/example_dags/example_branch_datetime_operator.py for tasks to queue
[2025-11-14T21:54:11.513+0000] {logging_mixin.py:190} INFO - [2025-11-14T21:54:11.513+0000] {dagbag.py:588} INFO - Filling up the DagBag from /home/airflow/.local/lib/python3.12/site-packages/airflow/example_dags/example_branch_datetime_operator.py
[2025-11-14T21:54:11.518+0000] {processor.py:925} INFO - DAG(s) 'example_branch_datetime_operator_3', 'example_branch_datetime_operator', 'example_branch_datetime_operator_2' retrieved from /home/airflow/.local/lib/python3.12/site-packages/airflow/example_dags/example_branch_datetime_operator.py
[2025-11-14T21:54:11.533+0000] {logging_mixin.py:190} INFO - [2025-11-14T21:54:11.533+0000] {dag.py:3239} INFO - Sync 3 DAGs
[2025-11-14T21:54:11.546+0000] {logging_mixin.py:190} INFO - [2025-11-14T21:54:11.546+0000] {dag.py:4180} INFO - Setting next_dagrun for example_branch_datetime_operator to 2025-11-13 00:00:00+00:00, run_after=2025-11-14 00:00:00+00:00
[2025-11-14T21:54:11.550+0000] {logging_mixin.py:190} INFO - [2025-11-14T21:54:11.550+0000] {dag.py:4180} INFO - Setting next_dagrun for example_branch_datetime_operator_2 to 2025-11-13 00:00:00+00:00, run_after=2025-11-14 00:00:00+00:00
[2025-11-14T21:54:11.551+0000] {logging_mixin.py:190} INFO - [2025-11-14T21:54:11.551+0000] {dag.py:4180} INFO - Setting next_dagrun for example_branch_datetime_operator_3 to 2025-11-13 00:00:00+00:00, run_after=2025-11-14 00:00:00+00:00
[2025-11-14T21:54:11.558+0000] {processor.py:208} INFO - Processing /home/airflow/.local/lib/python3.12/site-packages/airflow/example_dags/example_branch_datetime_operator.py took 0.055 seconds
[2025-11-14T21:54:41.989+0000] {processor.py:186} INFO - Started process (PID=4134) to work on /home/airflow/.local/lib/python3.12/site-packages/airflow/example_dags/example_branch_datetime_operator.py
[2025-11-14T21:54:41.990+0000] {processor.py:914} INFO - Processing file /home/airflow/.local/lib/python3.12/site-packages/airflow/example_dags/example_branch_datetime_operator.py for tasks to queue
[2025-11-14T21:54:41.991+0000] {logging_mixin.py:190} INFO - [2025-11-14T21:54:41.991+0000] {dagbag.py:588} INFO - Filling up the DagBag from /home/airflow/.local/lib/python3.12/site-packages/airflow/example_dags/example_branch_datetime_operator.py
[2025-11-14T21:54:41.996+0000] {processor.py:925} INFO - DAG(s) 'example_branch_datetime_operator', 'example_branch_datetime_operator_3', 'example_branch_datetime_operator_2' retrieved from /home/airflow/.local/lib/python3.12/site-packages/airflow/example_dags/example_branch_datetime_operator.py
[2025-11-14T21:54:42.011+0000] {logging_mixin.py:190} INFO - [2025-11-14T21:54:42.010+0000] {dag.py:3239} INFO - Sync 3 DAGs
[2025-11-14T21:54:42.019+0000] {logging_mixin.py:190} INFO - [2025-11-14T21:54:42.019+0000] {dag.py:4180} INFO - Setting next_dagrun for example_branch_datetime_operator to 2025-11-13 00:00:00+00:00, run_after=2025-11-14 00:00:00+00:00
[2025-11-14T21:54:42.022+0000] {logging_mixin.py:190} INFO - [2025-11-14T21:54:42.022+0000] {dag.py:4180} INFO - Setting next_dagrun for example_branch_datetime_operator_2 to 2025-11-13 00:00:00+00:00, run_after=2025-11-14 00:00:00+00:00
[2025-11-14T21:54:42.024+0000] {logging_mixin.py:190} INFO - [2025-11-14T21:54:42.024+0000] {dag.py:4180} INFO - Setting next_dagrun for example_branch_datetime_operator_3 to 2025-11-13 00:00:00+00:00, run_after=2025-11-14 00:00:00+00:00
[2025-11-14T21:54:42.030+0000] {processor.py:208} INFO - Processing /home/airflow/.local/lib/python3.12/site-packages/airflow/example_dags/example_branch_datetime_operator.py took 0.044 seconds
[2025-11-14T21:55:12.334+0000] {processor.py:186} INFO - Started process (PID=4196) to work on /home/airflow/.local/lib/python3.12/site-packages/airflow/example_dags/example_branch_datetime_operator.py
[2025-11-14T21:55:12.335+0000] {processor.py:914} INFO - Processing file /home/airflow/.local/lib/python3.12/site-packages/airflow/example_dags/example_branch_datetime_operator.py for tasks to queue
[2025-11-14T21:55:12.336+0000] {logging_mixin.py:190} INFO - [2025-11-14T21:55:12.336+0000] {dagbag.py:588} INFO - Filling up the DagBag from /home/airflow/.local/lib/python3.12/site-packages/airflow/example_dags/example_branch_datetime_operator.py
[2025-11-14T21:55:12.341+0000] {processor.py:925} INFO - DAG(s) 'example_branch_datetime_operator_2', 'example_branch_datetime_operator_3', 'example_branch_datetime_operator' retrieved from /home/airflow/.local/lib/python3.12/site-packages/airflow/example_dags/example_branch_datetime_operator.py
[2025-11-14T21:55:12.357+0000] {logging_mixin.py:190} INFO - [2025-11-14T21:55:12.356+0000] {dag.py:3239} INFO - Sync 3 DAGs
[2025-11-14T21:55:12.368+0000] {logging_mixin.py:190} INFO - [2025-11-14T21:55:12.368+0000] {dag.py:4180} INFO - Setting next_dagrun for example_branch_datetime_operator to 2025-11-13 00:00:00+00:00, run_after=2025-11-14 00:00:00+00:00
[2025-11-14T21:55:12.371+0000] {logging_mixin.py:190} INFO - [2025-11-14T21:55:12.371+0000] {dag.py:4180} INFO - Setting next_dagrun for example_branch_datetime_operator_2 to 2025-11-13 00:00:00+00:00, run_after=2025-11-14 00:00:00+00:00
[2025-11-14T21:55:12.371+0000] {logging_mixin.py:190} INFO - [2025-11-14T21:55:12.371+0000] {dag.py:4180} INFO - Setting next_dagrun for example_branch_datetime_operator_3 to 2025-11-13 00:00:00+00:00, run_after=2025-11-14 00:00:00+00:00
[2025-11-14T21:55:12.381+0000] {processor.py:208} INFO - Processing /home/airflow/.local/lib/python3.12/site-packages/airflow/example_dags/example_branch_datetime_operator.py took 0.049 seconds
[2025-11-14T21:55:42.714+0000] {processor.py:186} INFO - Started process (PID=4258) to work on /home/airflow/.local/lib/python3.12/site-packages/airflow/example_dags/example_branch_datetime_operator.py
[2025-11-14T21:55:42.715+0000] {processor.py:914} INFO - Processing file /home/airflow/.local/lib/python3.12/site-packages/airflow/example_dags/example_branch_datetime_operator.py for tasks to queue
[2025-11-14T21:55:42.716+0000] {logging_mixin.py:190} INFO - [2025-11-14T21:55:42.716+0000] {dagbag.py:588} INFO - Filling up the DagBag from /home/airflow/.local/lib/python3.12/site-packages/airflow/example_dags/example_branch_datetime_operator.py
[2025-11-14T21:55:42.722+0000] {processor.py:925} INFO - DAG(s) 'example_branch_datetime_operator', 'example_branch_datetime_operator_3', 'example_branch_datetime_operator_2' retrieved from /home/airflow/.local/lib/python3.12/site-packages/airflow/example_dags/example_branch_datetime_operator.py
[2025-11-14T21:55:42.742+0000] {logging_mixin.py:190} INFO - [2025-11-14T21:55:42.742+0000] {dag.py:3239} INFO - Sync 3 DAGs
[2025-11-14T21:55:42.755+0000] {logging_mixin.py:190} INFO - [2025-11-14T21:55:42.755+0000] {dag.py:4180} INFO - Setting next_dagrun for example_branch_datetime_operator to 2025-11-13 00:00:00+00:00, run_after=2025-11-14 00:00:00+00:00
[2025-11-14T21:55:42.757+0000] {logging_mixin.py:190} INFO - [2025-11-14T21:55:42.757+0000] {dag.py:4180} INFO - Setting next_dagrun for example_branch_datetime_operator_2 to 2025-11-13 00:00:00+00:00, run_after=2025-11-14 00:00:00+00:00
[2025-11-14T21:55:42.758+0000] {logging_mixin.py:190} INFO - [2025-11-14T21:55:42.758+0000] {dag.py:4180} INFO - Setting next_dagrun for example_branch_datetime_operator_3 to 2025-11-13 00:00:00+00:00, run_after=2025-11-14 00:00:00+00:00
[2025-11-14T21:55:42.770+0000] {processor.py:208} INFO - Processing /home/airflow/.local/lib/python3.12/site-packages/airflow/example_dags/example_branch_datetime_operator.py took 0.058 seconds
[2025-11-14T21:56:13.257+0000] {processor.py:186} INFO - Started process (PID=4320) to work on /home/airflow/.local/lib/python3.12/site-packages/airflow/example_dags/example_branch_datetime_operator.py
[2025-11-14T21:56:13.258+0000] {processor.py:914} INFO - Processing file /home/airflow/.local/lib/python3.12/site-packages/airflow/example_dags/example_branch_datetime_operator.py for tasks to queue
[2025-11-14T21:56:13.262+0000] {logging_mixin.py:190} INFO - [2025-11-14T21:56:13.261+0000] {dagbag.py:588} INFO - Filling up the DagBag from /home/airflow/.local/lib/python3.12/site-packages/airflow/example_dags/example_branch_datetime_operator.py
[2025-11-14T21:56:13.267+0000] {processor.py:925} INFO - DAG(s) 'example_branch_datetime_operator', 'example_branch_datetime_operator_2', 'example_branch_datetime_operator_3' retrieved from /home/airflow/.local/lib/python3.12/site-packages/airflow/example_dags/example_branch_datetime_operator.py
[2025-11-14T21:56:13.282+0000] {logging_mixin.py:190} INFO - [2025-11-14T21:56:13.282+0000] {dag.py:3239} INFO - Sync 3 DAGs
[2025-11-14T21:56:13.291+0000] {logging_mixin.py:190} INFO - [2025-11-14T21:56:13.291+0000] {dag.py:4180} INFO - Setting next_dagrun for example_branch_datetime_operator to 2025-11-13 00:00:00+00:00, run_after=2025-11-14 00:00:00+00:00
[2025-11-14T21:56:13.293+0000] {logging_mixin.py:190} INFO - [2025-11-14T21:56:13.292+0000] {dag.py:4180} INFO - Setting next_dagrun for example_branch_datetime_operator_2 to 2025-11-13 00:00:00+00:00, run_after=2025-11-14 00:00:00+00:00
[2025-11-14T21:56:13.294+0000] {logging_mixin.py:190} INFO - [2025-11-14T21:56:13.294+0000] {dag.py:4180} INFO - Setting next_dagrun for example_branch_datetime_operator_3 to 2025-11-13 00:00:00+00:00, run_after=2025-11-14 00:00:00+00:00
[2025-11-14T21:56:13.303+0000] {processor.py:208} INFO - Processing /home/airflow/.local/lib/python3.12/site-packages/airflow/example_dags/example_branch_datetime_operator.py took 0.048 seconds
[2025-11-14T21:56:44.175+0000] {processor.py:186} INFO - Started process (PID=4382) to work on /home/airflow/.local/lib/python3.12/site-packages/airflow/example_dags/example_branch_datetime_operator.py
[2025-11-14T21:56:44.177+0000] {processor.py:914} INFO - Processing file /home/airflow/.local/lib/python3.12/site-packages/airflow/example_dags/example_branch_datetime_operator.py for tasks to queue
[2025-11-14T21:56:44.178+0000] {logging_mixin.py:190} INFO - [2025-11-14T21:56:44.178+0000] {dagbag.py:588} INFO - Filling up the DagBag from /home/airflow/.local/lib/python3.12/site-packages/airflow/example_dags/example_branch_datetime_operator.py
[2025-11-14T21:56:44.185+0000] {processor.py:925} INFO - DAG(s) 'example_branch_datetime_operator', 'example_branch_datetime_operator_2', 'example_branch_datetime_operator_3' retrieved from /home/airflow/.local/lib/python3.12/site-packages/airflow/example_dags/example_branch_datetime_operator.py
[2025-11-14T21:56:44.201+0000] {logging_mixin.py:190} INFO - [2025-11-14T21:56:44.201+0000] {dag.py:3239} INFO - Sync 3 DAGs
[2025-11-14T21:56:44.213+0000] {logging_mixin.py:190} INFO - [2025-11-14T21:56:44.213+0000] {dag.py:4180} INFO - Setting next_dagrun for example_branch_datetime_operator to 2025-11-13 00:00:00+00:00, run_after=2025-11-14 00:00:00+00:00
[2025-11-14T21:56:44.215+0000] {logging_mixin.py:190} INFO - [2025-11-14T21:56:44.215+0000] {dag.py:4180} INFO - Setting next_dagrun for example_branch_datetime_operator_2 to 2025-11-13 00:00:00+00:00, run_after=2025-11-14 00:00:00+00:00
[2025-11-14T21:56:44.216+0000] {logging_mixin.py:190} INFO - [2025-11-14T21:56:44.216+0000] {dag.py:4180} INFO - Setting next_dagrun for example_branch_datetime_operator_3 to 2025-11-13 00:00:00+00:00, run_after=2025-11-14 00:00:00+00:00
[2025-11-14T21:56:44.222+0000] {processor.py:208} INFO - Processing /home/airflow/.local/lib/python3.12/site-packages/airflow/example_dags/example_branch_datetime_operator.py took 0.049 seconds
[2025-11-14T21:57:14.629+0000] {processor.py:186} INFO - Started process (PID=4444) to work on /home/airflow/.local/lib/python3.12/site-packages/airflow/example_dags/example_branch_datetime_operator.py
[2025-11-14T21:57:14.632+0000] {processor.py:914} INFO - Processing file /home/airflow/.local/lib/python3.12/site-packages/airflow/example_dags/example_branch_datetime_operator.py for tasks to queue
[2025-11-14T21:57:14.633+0000] {logging_mixin.py:190} INFO - [2025-11-14T21:57:14.633+0000] {dagbag.py:588} INFO - Filling up the DagBag from /home/airflow/.local/lib/python3.12/site-packages/airflow/example_dags/example_branch_datetime_operator.py
[2025-11-14T21:57:14.638+0000] {processor.py:925} INFO - DAG(s) 'example_branch_datetime_operator_2', 'example_branch_datetime_operator', 'example_branch_datetime_operator_3' retrieved from /home/airflow/.local/lib/python3.12/site-packages/airflow/example_dags/example_branch_datetime_operator.py
[2025-11-14T21:57:14.655+0000] {logging_mixin.py:190} INFO - [2025-11-14T21:57:14.655+0000] {dag.py:3239} INFO - Sync 3 DAGs
[2025-11-14T21:57:14.664+0000] {logging_mixin.py:190} INFO - [2025-11-14T21:57:14.664+0000] {dag.py:4180} INFO - Setting next_dagrun for example_branch_datetime_operator to 2025-11-13 00:00:00+00:00, run_after=2025-11-14 00:00:00+00:00
[2025-11-14T21:57:14.665+0000] {logging_mixin.py:190} INFO - [2025-11-14T21:57:14.665+0000] {dag.py:4180} INFO - Setting next_dagrun for example_branch_datetime_operator_2 to 2025-11-13 00:00:00+00:00, run_after=2025-11-14 00:00:00+00:00
[2025-11-14T21:57:14.666+0000] {logging_mixin.py:190} INFO - [2025-11-14T21:57:14.666+0000] {dag.py:4180} INFO - Setting next_dagrun for example_branch_datetime_operator_3 to 2025-11-13 00:00:00+00:00, run_after=2025-11-14 00:00:00+00:00
[2025-11-14T21:57:14.676+0000] {processor.py:208} INFO - Processing /home/airflow/.local/lib/python3.12/site-packages/airflow/example_dags/example_branch_datetime_operator.py took 0.050 seconds
[2025-11-14T21:57:46.151+0000] {processor.py:186} INFO - Started process (PID=4506) to work on /home/airflow/.local/lib/python3.12/site-packages/airflow/example_dags/example_branch_datetime_operator.py
[2025-11-14T21:57:46.154+0000] {processor.py:914} INFO - Processing file /home/airflow/.local/lib/python3.12/site-packages/airflow/example_dags/example_branch_datetime_operator.py for tasks to queue
[2025-11-14T21:57:46.157+0000] {logging_mixin.py:190} INFO - [2025-11-14T21:57:46.157+0000] {dagbag.py:588} INFO - Filling up the DagBag from /home/airflow/.local/lib/python3.12/site-packages/airflow/example_dags/example_branch_datetime_operator.py
[2025-11-14T21:57:46.181+0000] {processor.py:925} INFO - DAG(s) 'example_branch_datetime_operator_3', 'example_branch_datetime_operator', 'example_branch_datetime_operator_2' retrieved from /home/airflow/.local/lib/python3.12/site-packages/airflow/example_dags/example_branch_datetime_operator.py
[2025-11-14T21:57:46.249+0000] {logging_mixin.py:190} INFO - [2025-11-14T21:57:46.248+0000] {dag.py:3239} INFO - Sync 3 DAGs
[2025-11-14T21:57:46.289+0000] {logging_mixin.py:190} INFO - [2025-11-14T21:57:46.289+0000] {dag.py:4180} INFO - Setting next_dagrun for example_branch_datetime_operator to 2025-11-13 00:00:00+00:00, run_after=2025-11-14 00:00:00+00:00
[2025-11-14T21:57:46.292+0000] {logging_mixin.py:190} INFO - [2025-11-14T21:57:46.291+0000] {dag.py:4180} INFO - Setting next_dagrun for example_branch_datetime_operator_2 to 2025-11-13 00:00:00+00:00, run_after=2025-11-14 00:00:00+00:00
[2025-11-14T21:57:46.294+0000] {logging_mixin.py:190} INFO - [2025-11-14T21:57:46.294+0000] {dag.py:4180} INFO - Setting next_dagrun for example_branch_datetime_operator_3 to 2025-11-13 00:00:00+00:00, run_after=2025-11-14 00:00:00+00:00
[2025-11-14T21:57:46.308+0000] {processor.py:208} INFO - Processing /home/airflow/.local/lib/python3.12/site-packages/airflow/example_dags/example_branch_datetime_operator.py took 0.171 seconds
[2025-11-14T21:58:17.194+0000] {processor.py:186} INFO - Started process (PID=4568) to work on /home/airflow/.local/lib/python3.12/site-packages/airflow/example_dags/example_branch_datetime_operator.py
[2025-11-14T21:58:17.196+0000] {processor.py:914} INFO - Processing file /home/airflow/.local/lib/python3.12/site-packages/airflow/example_dags/example_branch_datetime_operator.py for tasks to queue
[2025-11-14T21:58:17.198+0000] {logging_mixin.py:190} INFO - [2025-11-14T21:58:17.198+0000] {dagbag.py:588} INFO - Filling up the DagBag from /home/airflow/.local/lib/python3.12/site-packages/airflow/example_dags/example_branch_datetime_operator.py
[2025-11-14T21:58:17.208+0000] {processor.py:925} INFO - DAG(s) 'example_branch_datetime_operator_2', 'example_branch_datetime_operator', 'example_branch_datetime_operator_3' retrieved from /home/airflow/.local/lib/python3.12/site-packages/airflow/example_dags/example_branch_datetime_operator.py
[2025-11-14T21:58:17.235+0000] {logging_mixin.py:190} INFO - [2025-11-14T21:58:17.235+0000] {dag.py:3239} INFO - Sync 3 DAGs
[2025-11-14T21:58:17.250+0000] {logging_mixin.py:190} INFO - [2025-11-14T21:58:17.249+0000] {dag.py:4180} INFO - Setting next_dagrun for example_branch_datetime_operator to 2025-11-13 00:00:00+00:00, run_after=2025-11-14 00:00:00+00:00
[2025-11-14T21:58:17.254+0000] {logging_mixin.py:190} INFO - [2025-11-14T21:58:17.254+0000] {dag.py:4180} INFO - Setting next_dagrun for example_branch_datetime_operator_2 to 2025-11-13 00:00:00+00:00, run_after=2025-11-14 00:00:00+00:00
[2025-11-14T21:58:17.257+0000] {logging_mixin.py:190} INFO - [2025-11-14T21:58:17.257+0000] {dag.py:4180} INFO - Setting next_dagrun for example_branch_datetime_operator_3 to 2025-11-13 00:00:00+00:00, run_after=2025-11-14 00:00:00+00:00
[2025-11-14T21:58:17.265+0000] {processor.py:208} INFO - Processing /home/airflow/.local/lib/python3.12/site-packages/airflow/example_dags/example_branch_datetime_operator.py took 0.074 seconds
[2025-11-14T21:58:47.379+0000] {processor.py:186} INFO - Started process (PID=4630) to work on /home/airflow/.local/lib/python3.12/site-packages/airflow/example_dags/example_branch_datetime_operator.py
[2025-11-14T21:58:47.380+0000] {processor.py:914} INFO - Processing file /home/airflow/.local/lib/python3.12/site-packages/airflow/example_dags/example_branch_datetime_operator.py for tasks to queue
[2025-11-14T21:58:47.381+0000] {logging_mixin.py:190} INFO - [2025-11-14T21:58:47.381+0000] {dagbag.py:588} INFO - Filling up the DagBag from /home/airflow/.local/lib/python3.12/site-packages/airflow/example_dags/example_branch_datetime_operator.py
[2025-11-14T21:58:47.387+0000] {processor.py:925} INFO - DAG(s) 'example_branch_datetime_operator_2', 'example_branch_datetime_operator_3', 'example_branch_datetime_operator' retrieved from /home/airflow/.local/lib/python3.12/site-packages/airflow/example_dags/example_branch_datetime_operator.py
[2025-11-14T21:58:47.402+0000] {logging_mixin.py:190} INFO - [2025-11-14T21:58:47.402+0000] {dag.py:3239} INFO - Sync 3 DAGs
[2025-11-14T21:58:47.418+0000] {logging_mixin.py:190} INFO - [2025-11-14T21:58:47.417+0000] {dag.py:4180} INFO - Setting next_dagrun for example_branch_datetime_operator to 2025-11-13 00:00:00+00:00, run_after=2025-11-14 00:00:00+00:00
[2025-11-14T21:58:47.420+0000] {logging_mixin.py:190} INFO - [2025-11-14T21:58:47.420+0000] {dag.py:4180} INFO - Setting next_dagrun for example_branch_datetime_operator_2 to 2025-11-13 00:00:00+00:00, run_after=2025-11-14 00:00:00+00:00
[2025-11-14T21:58:47.422+0000] {logging_mixin.py:190} INFO - [2025-11-14T21:58:47.422+0000] {dag.py:4180} INFO - Setting next_dagrun for example_branch_datetime_operator_3 to 2025-11-13 00:00:00+00:00, run_after=2025-11-14 00:00:00+00:00
[2025-11-14T21:58:47.433+0000] {processor.py:208} INFO - Processing /home/airflow/.local/lib/python3.12/site-packages/airflow/example_dags/example_branch_datetime_operator.py took 0.058 seconds
[2025-11-14T21:59:17.975+0000] {processor.py:186} INFO - Started process (PID=4692) to work on /home/airflow/.local/lib/python3.12/site-packages/airflow/example_dags/example_branch_datetime_operator.py
[2025-11-14T21:59:17.976+0000] {processor.py:914} INFO - Processing file /home/airflow/.local/lib/python3.12/site-packages/airflow/example_dags/example_branch_datetime_operator.py for tasks to queue
[2025-11-14T21:59:17.977+0000] {logging_mixin.py:190} INFO - [2025-11-14T21:59:17.977+0000] {dagbag.py:588} INFO - Filling up the DagBag from /home/airflow/.local/lib/python3.12/site-packages/airflow/example_dags/example_branch_datetime_operator.py
[2025-11-14T21:59:17.982+0000] {processor.py:925} INFO - DAG(s) 'example_branch_datetime_operator_3', 'example_branch_datetime_operator', 'example_branch_datetime_operator_2' retrieved from /home/airflow/.local/lib/python3.12/site-packages/airflow/example_dags/example_branch_datetime_operator.py
[2025-11-14T21:59:17.993+0000] {logging_mixin.py:190} INFO - [2025-11-14T21:59:17.992+0000] {dag.py:3239} INFO - Sync 3 DAGs
[2025-11-14T21:59:18.003+0000] {logging_mixin.py:190} INFO - [2025-11-14T21:59:18.003+0000] {dag.py:4180} INFO - Setting next_dagrun for example_branch_datetime_operator to 2025-11-13 00:00:00+00:00, run_after=2025-11-14 00:00:00+00:00
[2025-11-14T21:59:18.006+0000] {logging_mixin.py:190} INFO - [2025-11-14T21:59:18.006+0000] {dag.py:4180} INFO - Setting next_dagrun for example_branch_datetime_operator_2 to 2025-11-13 00:00:00+00:00, run_after=2025-11-14 00:00:00+00:00
[2025-11-14T21:59:18.007+0000] {logging_mixin.py:190} INFO - [2025-11-14T21:59:18.007+0000] {dag.py:4180} INFO - Setting next_dagrun for example_branch_datetime_operator_3 to 2025-11-13 00:00:00+00:00, run_after=2025-11-14 00:00:00+00:00
[2025-11-14T21:59:18.020+0000] {processor.py:208} INFO - Processing /home/airflow/.local/lib/python3.12/site-packages/airflow/example_dags/example_branch_datetime_operator.py took 0.048 seconds
[2025-11-14T21:59:49.011+0000] {processor.py:186} INFO - Started process (PID=4754) to work on /home/airflow/.local/lib/python3.12/site-packages/airflow/example_dags/example_branch_datetime_operator.py
[2025-11-14T21:59:49.014+0000] {processor.py:914} INFO - Processing file /home/airflow/.local/lib/python3.12/site-packages/airflow/example_dags/example_branch_datetime_operator.py for tasks to queue
[2025-11-14T21:59:49.016+0000] {logging_mixin.py:190} INFO - [2025-11-14T21:59:49.016+0000] {dagbag.py:588} INFO - Filling up the DagBag from /home/airflow/.local/lib/python3.12/site-packages/airflow/example_dags/example_branch_datetime_operator.py
[2025-11-14T21:59:49.022+0000] {processor.py:925} INFO - DAG(s) 'example_branch_datetime_operator', 'example_branch_datetime_operator_2', 'example_branch_datetime_operator_3' retrieved from /home/airflow/.local/lib/python3.12/site-packages/airflow/example_dags/example_branch_datetime_operator.py
[2025-11-14T21:59:49.034+0000] {logging_mixin.py:190} INFO - [2025-11-14T21:59:49.033+0000] {dag.py:3239} INFO - Sync 3 DAGs
[2025-11-14T21:59:49.044+0000] {logging_mixin.py:190} INFO - [2025-11-14T21:59:49.044+0000] {dag.py:4180} INFO - Setting next_dagrun for example_branch_datetime_operator to 2025-11-13 00:00:00+00:00, run_after=2025-11-14 00:00:00+00:00
[2025-11-14T21:59:49.046+0000] {logging_mixin.py:190} INFO - [2025-11-14T21:59:49.046+0000] {dag.py:4180} INFO - Setting next_dagrun for example_branch_datetime_operator_2 to 2025-11-13 00:00:00+00:00, run_after=2025-11-14 00:00:00+00:00
[2025-11-14T21:59:49.048+0000] {logging_mixin.py:190} INFO - [2025-11-14T21:59:49.048+0000] {dag.py:4180} INFO - Setting next_dagrun for example_branch_datetime_operator_3 to 2025-11-13 00:00:00+00:00, run_after=2025-11-14 00:00:00+00:00
[2025-11-14T21:59:49.055+0000] {processor.py:208} INFO - Processing /home/airflow/.local/lib/python3.12/site-packages/airflow/example_dags/example_branch_datetime_operator.py took 0.047 seconds
[2025-11-14T22:00:19.430+0000] {processor.py:186} INFO - Started process (PID=4816) to work on /home/airflow/.local/lib/python3.12/site-packages/airflow/example_dags/example_branch_datetime_operator.py
[2025-11-14T22:00:19.431+0000] {processor.py:914} INFO - Processing file /home/airflow/.local/lib/python3.12/site-packages/airflow/example_dags/example_branch_datetime_operator.py for tasks to queue
[2025-11-14T22:00:19.432+0000] {logging_mixin.py:190} INFO - [2025-11-14T22:00:19.432+0000] {dagbag.py:588} INFO - Filling up the DagBag from /home/airflow/.local/lib/python3.12/site-packages/airflow/example_dags/example_branch_datetime_operator.py
[2025-11-14T22:00:19.441+0000] {processor.py:925} INFO - DAG(s) 'example_branch_datetime_operator', 'example_branch_datetime_operator_2', 'example_branch_datetime_operator_3' retrieved from /home/airflow/.local/lib/python3.12/site-packages/airflow/example_dags/example_branch_datetime_operator.py
[2025-11-14T22:00:19.459+0000] {logging_mixin.py:190} INFO - [2025-11-14T22:00:19.459+0000] {dag.py:3239} INFO - Sync 3 DAGs
[2025-11-14T22:00:19.469+0000] {logging_mixin.py:190} INFO - [2025-11-14T22:00:19.469+0000] {dag.py:4180} INFO - Setting next_dagrun for example_branch_datetime_operator to 2025-11-13 00:00:00+00:00, run_after=2025-11-14 00:00:00+00:00
[2025-11-14T22:00:19.471+0000] {logging_mixin.py:190} INFO - [2025-11-14T22:00:19.471+0000] {dag.py:4180} INFO - Setting next_dagrun for example_branch_datetime_operator_2 to 2025-11-13 00:00:00+00:00, run_after=2025-11-14 00:00:00+00:00
[2025-11-14T22:00:19.472+0000] {logging_mixin.py:190} INFO - [2025-11-14T22:00:19.472+0000] {dag.py:4180} INFO - Setting next_dagrun for example_branch_datetime_operator_3 to 2025-11-13 00:00:00+00:00, run_after=2025-11-14 00:00:00+00:00
[2025-11-14T22:00:19.477+0000] {processor.py:208} INFO - Processing /home/airflow/.local/lib/python3.12/site-packages/airflow/example_dags/example_branch_datetime_operator.py took 0.050 seconds
[2025-11-14T22:00:49.703+0000] {processor.py:186} INFO - Started process (PID=4878) to work on /home/airflow/.local/lib/python3.12/site-packages/airflow/example_dags/example_branch_datetime_operator.py
[2025-11-14T22:00:49.704+0000] {processor.py:914} INFO - Processing file /home/airflow/.local/lib/python3.12/site-packages/airflow/example_dags/example_branch_datetime_operator.py for tasks to queue
[2025-11-14T22:00:49.706+0000] {logging_mixin.py:190} INFO - [2025-11-14T22:00:49.706+0000] {dagbag.py:588} INFO - Filling up the DagBag from /home/airflow/.local/lib/python3.12/site-packages/airflow/example_dags/example_branch_datetime_operator.py
[2025-11-14T22:00:49.712+0000] {processor.py:925} INFO - DAG(s) 'example_branch_datetime_operator_3', 'example_branch_datetime_operator_2', 'example_branch_datetime_operator' retrieved from /home/airflow/.local/lib/python3.12/site-packages/airflow/example_dags/example_branch_datetime_operator.py
[2025-11-14T22:00:49.723+0000] {logging_mixin.py:190} INFO - [2025-11-14T22:00:49.723+0000] {dag.py:3239} INFO - Sync 3 DAGs
[2025-11-14T22:00:49.733+0000] {logging_mixin.py:190} INFO - [2025-11-14T22:00:49.733+0000] {dag.py:4180} INFO - Setting next_dagrun for example_branch_datetime_operator to 2025-11-13 00:00:00+00:00, run_after=2025-11-14 00:00:00+00:00
[2025-11-14T22:00:49.735+0000] {logging_mixin.py:190} INFO - [2025-11-14T22:00:49.735+0000] {dag.py:4180} INFO - Setting next_dagrun for example_branch_datetime_operator_2 to 2025-11-13 00:00:00+00:00, run_after=2025-11-14 00:00:00+00:00
[2025-11-14T22:00:49.736+0000] {logging_mixin.py:190} INFO - [2025-11-14T22:00:49.736+0000] {dag.py:4180} INFO - Setting next_dagrun for example_branch_datetime_operator_3 to 2025-11-13 00:00:00+00:00, run_after=2025-11-14 00:00:00+00:00
[2025-11-14T22:00:49.741+0000] {processor.py:208} INFO - Processing /home/airflow/.local/lib/python3.12/site-packages/airflow/example_dags/example_branch_datetime_operator.py took 0.041 seconds
[2025-11-14T22:01:20.082+0000] {processor.py:186} INFO - Started process (PID=4940) to work on /home/airflow/.local/lib/python3.12/site-packages/airflow/example_dags/example_branch_datetime_operator.py
[2025-11-14T22:01:20.084+0000] {processor.py:914} INFO - Processing file /home/airflow/.local/lib/python3.12/site-packages/airflow/example_dags/example_branch_datetime_operator.py for tasks to queue
[2025-11-14T22:01:20.085+0000] {logging_mixin.py:190} INFO - [2025-11-14T22:01:20.085+0000] {dagbag.py:588} INFO - Filling up the DagBag from /home/airflow/.local/lib/python3.12/site-packages/airflow/example_dags/example_branch_datetime_operator.py
[2025-11-14T22:01:20.091+0000] {processor.py:925} INFO - DAG(s) 'example_branch_datetime_operator', 'example_branch_datetime_operator_3', 'example_branch_datetime_operator_2' retrieved from /home/airflow/.local/lib/python3.12/site-packages/airflow/example_dags/example_branch_datetime_operator.py
[2025-11-14T22:01:20.105+0000] {logging_mixin.py:190} INFO - [2025-11-14T22:01:20.105+0000] {dag.py:3239} INFO - Sync 3 DAGs
[2025-11-14T22:01:20.115+0000] {logging_mixin.py:190} INFO - [2025-11-14T22:01:20.115+0000] {dag.py:4180} INFO - Setting next_dagrun for example_branch_datetime_operator to 2025-11-13 00:00:00+00:00, run_after=2025-11-14 00:00:00+00:00
[2025-11-14T22:01:20.117+0000] {logging_mixin.py:190} INFO - [2025-11-14T22:01:20.117+0000] {dag.py:4180} INFO - Setting next_dagrun for example_branch_datetime_operator_2 to 2025-11-13 00:00:00+00:00, run_after=2025-11-14 00:00:00+00:00
[2025-11-14T22:01:20.118+0000] {logging_mixin.py:190} INFO - [2025-11-14T22:01:20.118+0000] {dag.py:4180} INFO - Setting next_dagrun for example_branch_datetime_operator_3 to 2025-11-13 00:00:00+00:00, run_after=2025-11-14 00:00:00+00:00
[2025-11-14T22:01:20.124+0000] {processor.py:208} INFO - Processing /home/airflow/.local/lib/python3.12/site-packages/airflow/example_dags/example_branch_datetime_operator.py took 0.045 seconds
[2025-11-14T22:01:51.352+0000] {processor.py:186} INFO - Started process (PID=5002) to work on /home/airflow/.local/lib/python3.12/site-packages/airflow/example_dags/example_branch_datetime_operator.py
[2025-11-14T22:01:51.356+0000] {processor.py:914} INFO - Processing file /home/airflow/.local/lib/python3.12/site-packages/airflow/example_dags/example_branch_datetime_operator.py for tasks to queue
[2025-11-14T22:01:51.358+0000] {logging_mixin.py:190} INFO - [2025-11-14T22:01:51.358+0000] {dagbag.py:588} INFO - Filling up the DagBag from /home/airflow/.local/lib/python3.12/site-packages/airflow/example_dags/example_branch_datetime_operator.py
[2025-11-14T22:01:51.365+0000] {processor.py:925} INFO - DAG(s) 'example_branch_datetime_operator', 'example_branch_datetime_operator_3', 'example_branch_datetime_operator_2' retrieved from /home/airflow/.local/lib/python3.12/site-packages/airflow/example_dags/example_branch_datetime_operator.py
[2025-11-14T22:01:51.385+0000] {logging_mixin.py:190} INFO - [2025-11-14T22:01:51.385+0000] {dag.py:3239} INFO - Sync 3 DAGs
[2025-11-14T22:01:51.398+0000] {logging_mixin.py:190} INFO - [2025-11-14T22:01:51.398+0000] {dag.py:4180} INFO - Setting next_dagrun for example_branch_datetime_operator to 2025-11-13 00:00:00+00:00, run_after=2025-11-14 00:00:00+00:00
[2025-11-14T22:01:51.400+0000] {logging_mixin.py:190} INFO - [2025-11-14T22:01:51.400+0000] {dag.py:4180} INFO - Setting next_dagrun for example_branch_datetime_operator_2 to 2025-11-13 00:00:00+00:00, run_after=2025-11-14 00:00:00+00:00
[2025-11-14T22:01:51.402+0000] {logging_mixin.py:190} INFO - [2025-11-14T22:01:51.402+0000] {dag.py:4180} INFO - Setting next_dagrun for example_branch_datetime_operator_3 to 2025-11-13 00:00:00+00:00, run_after=2025-11-14 00:00:00+00:00
[2025-11-14T22:01:51.411+0000] {processor.py:208} INFO - Processing /home/airflow/.local/lib/python3.12/site-packages/airflow/example_dags/example_branch_datetime_operator.py took 0.063 seconds
[2025-11-14T22:02:22.182+0000] {processor.py:186} INFO - Started process (PID=5064) to work on /home/airflow/.local/lib/python3.12/site-packages/airflow/example_dags/example_branch_datetime_operator.py
[2025-11-14T22:02:22.184+0000] {processor.py:914} INFO - Processing file /home/airflow/.local/lib/python3.12/site-packages/airflow/example_dags/example_branch_datetime_operator.py for tasks to queue
[2025-11-14T22:02:22.187+0000] {logging_mixin.py:190} INFO - [2025-11-14T22:02:22.187+0000] {dagbag.py:588} INFO - Filling up the DagBag from /home/airflow/.local/lib/python3.12/site-packages/airflow/example_dags/example_branch_datetime_operator.py
[2025-11-14T22:02:22.192+0000] {processor.py:925} INFO - DAG(s) 'example_branch_datetime_operator_3', 'example_branch_datetime_operator_2', 'example_branch_datetime_operator' retrieved from /home/airflow/.local/lib/python3.12/site-packages/airflow/example_dags/example_branch_datetime_operator.py
[2025-11-14T22:02:22.205+0000] {logging_mixin.py:190} INFO - [2025-11-14T22:02:22.204+0000] {dag.py:3239} INFO - Sync 3 DAGs
[2025-11-14T22:02:22.221+0000] {logging_mixin.py:190} INFO - [2025-11-14T22:02:22.221+0000] {dag.py:4180} INFO - Setting next_dagrun for example_branch_datetime_operator to 2025-11-13 00:00:00+00:00, run_after=2025-11-14 00:00:00+00:00
[2025-11-14T22:02:22.226+0000] {logging_mixin.py:190} INFO - [2025-11-14T22:02:22.226+0000] {dag.py:4180} INFO - Setting next_dagrun for example_branch_datetime_operator_2 to 2025-11-13 00:00:00+00:00, run_after=2025-11-14 00:00:00+00:00
[2025-11-14T22:02:22.227+0000] {logging_mixin.py:190} INFO - [2025-11-14T22:02:22.227+0000] {dag.py:4180} INFO - Setting next_dagrun for example_branch_datetime_operator_3 to 2025-11-13 00:00:00+00:00, run_after=2025-11-14 00:00:00+00:00
[2025-11-14T22:02:22.238+0000] {processor.py:208} INFO - Processing /home/airflow/.local/lib/python3.12/site-packages/airflow/example_dags/example_branch_datetime_operator.py took 0.059 seconds
[2025-11-14T22:02:52.925+0000] {processor.py:186} INFO - Started process (PID=5126) to work on /home/airflow/.local/lib/python3.12/site-packages/airflow/example_dags/example_branch_datetime_operator.py
[2025-11-14T22:02:52.927+0000] {processor.py:914} INFO - Processing file /home/airflow/.local/lib/python3.12/site-packages/airflow/example_dags/example_branch_datetime_operator.py for tasks to queue
[2025-11-14T22:02:52.928+0000] {logging_mixin.py:190} INFO - [2025-11-14T22:02:52.928+0000] {dagbag.py:588} INFO - Filling up the DagBag from /home/airflow/.local/lib/python3.12/site-packages/airflow/example_dags/example_branch_datetime_operator.py
[2025-11-14T22:02:52.933+0000] {processor.py:925} INFO - DAG(s) 'example_branch_datetime_operator_2', 'example_branch_datetime_operator_3', 'example_branch_datetime_operator' retrieved from /home/airflow/.local/lib/python3.12/site-packages/airflow/example_dags/example_branch_datetime_operator.py
[2025-11-14T22:02:52.945+0000] {logging_mixin.py:190} INFO - [2025-11-14T22:02:52.945+0000] {dag.py:3239} INFO - Sync 3 DAGs
[2025-11-14T22:02:52.954+0000] {logging_mixin.py:190} INFO - [2025-11-14T22:02:52.954+0000] {dag.py:4180} INFO - Setting next_dagrun for example_branch_datetime_operator to 2025-11-13 00:00:00+00:00, run_after=2025-11-14 00:00:00+00:00
[2025-11-14T22:02:52.958+0000] {logging_mixin.py:190} INFO - [2025-11-14T22:02:52.957+0000] {dag.py:4180} INFO - Setting next_dagrun for example_branch_datetime_operator_2 to 2025-11-13 00:00:00+00:00, run_after=2025-11-14 00:00:00+00:00
[2025-11-14T22:02:52.959+0000] {logging_mixin.py:190} INFO - [2025-11-14T22:02:52.958+0000] {dag.py:4180} INFO - Setting next_dagrun for example_branch_datetime_operator_3 to 2025-11-13 00:00:00+00:00, run_after=2025-11-14 00:00:00+00:00
[2025-11-14T22:02:52.967+0000] {processor.py:208} INFO - Processing /home/airflow/.local/lib/python3.12/site-packages/airflow/example_dags/example_branch_datetime_operator.py took 0.046 seconds
[2025-11-14T22:03:23.508+0000] {processor.py:186} INFO - Started process (PID=5194) to work on /home/airflow/.local/lib/python3.12/site-packages/airflow/example_dags/example_branch_datetime_operator.py
[2025-11-14T22:03:23.510+0000] {processor.py:914} INFO - Processing file /home/airflow/.local/lib/python3.12/site-packages/airflow/example_dags/example_branch_datetime_operator.py for tasks to queue
[2025-11-14T22:03:23.511+0000] {logging_mixin.py:190} INFO - [2025-11-14T22:03:23.511+0000] {dagbag.py:588} INFO - Filling up the DagBag from /home/airflow/.local/lib/python3.12/site-packages/airflow/example_dags/example_branch_datetime_operator.py
[2025-11-14T22:03:23.517+0000] {processor.py:925} INFO - DAG(s) 'example_branch_datetime_operator_2', 'example_branch_datetime_operator_3', 'example_branch_datetime_operator' retrieved from /home/airflow/.local/lib/python3.12/site-packages/airflow/example_dags/example_branch_datetime_operator.py
[2025-11-14T22:03:23.527+0000] {logging_mixin.py:190} INFO - [2025-11-14T22:03:23.527+0000] {dag.py:3239} INFO - Sync 3 DAGs
[2025-11-14T22:03:23.539+0000] {logging_mixin.py:190} INFO - [2025-11-14T22:03:23.539+0000] {dag.py:4180} INFO - Setting next_dagrun for example_branch_datetime_operator to 2025-11-13 00:00:00+00:00, run_after=2025-11-14 00:00:00+00:00
[2025-11-14T22:03:23.544+0000] {logging_mixin.py:190} INFO - [2025-11-14T22:03:23.544+0000] {dag.py:4180} INFO - Setting next_dagrun for example_branch_datetime_operator_2 to 2025-11-13 00:00:00+00:00, run_after=2025-11-14 00:00:00+00:00
[2025-11-14T22:03:23.546+0000] {logging_mixin.py:190} INFO - [2025-11-14T22:03:23.546+0000] {dag.py:4180} INFO - Setting next_dagrun for example_branch_datetime_operator_3 to 2025-11-13 00:00:00+00:00, run_after=2025-11-14 00:00:00+00:00
[2025-11-14T22:03:23.554+0000] {processor.py:208} INFO - Processing /home/airflow/.local/lib/python3.12/site-packages/airflow/example_dags/example_branch_datetime_operator.py took 0.048 seconds
[2025-11-14T22:03:53.999+0000] {processor.py:186} INFO - Started process (PID=5256) to work on /home/airflow/.local/lib/python3.12/site-packages/airflow/example_dags/example_branch_datetime_operator.py
[2025-11-14T22:03:54.001+0000] {processor.py:914} INFO - Processing file /home/airflow/.local/lib/python3.12/site-packages/airflow/example_dags/example_branch_datetime_operator.py for tasks to queue
[2025-11-14T22:03:54.002+0000] {logging_mixin.py:190} INFO - [2025-11-14T22:03:54.002+0000] {dagbag.py:588} INFO - Filling up the DagBag from /home/airflow/.local/lib/python3.12/site-packages/airflow/example_dags/example_branch_datetime_operator.py
[2025-11-14T22:03:54.007+0000] {processor.py:925} INFO - DAG(s) 'example_branch_datetime_operator_3', 'example_branch_datetime_operator_2', 'example_branch_datetime_operator' retrieved from /home/airflow/.local/lib/python3.12/site-packages/airflow/example_dags/example_branch_datetime_operator.py
[2025-11-14T22:03:54.022+0000] {logging_mixin.py:190} INFO - [2025-11-14T22:03:54.022+0000] {dag.py:3239} INFO - Sync 3 DAGs
[2025-11-14T22:03:54.032+0000] {logging_mixin.py:190} INFO - [2025-11-14T22:03:54.032+0000] {dag.py:4180} INFO - Setting next_dagrun for example_branch_datetime_operator to 2025-11-13 00:00:00+00:00, run_after=2025-11-14 00:00:00+00:00
[2025-11-14T22:03:54.034+0000] {logging_mixin.py:190} INFO - [2025-11-14T22:03:54.034+0000] {dag.py:4180} INFO - Setting next_dagrun for example_branch_datetime_operator_2 to 2025-11-13 00:00:00+00:00, run_after=2025-11-14 00:00:00+00:00
[2025-11-14T22:03:54.035+0000] {logging_mixin.py:190} INFO - [2025-11-14T22:03:54.035+0000] {dag.py:4180} INFO - Setting next_dagrun for example_branch_datetime_operator_3 to 2025-11-13 00:00:00+00:00, run_after=2025-11-14 00:00:00+00:00
[2025-11-14T22:03:54.044+0000] {processor.py:208} INFO - Processing /home/airflow/.local/lib/python3.12/site-packages/airflow/example_dags/example_branch_datetime_operator.py took 0.049 seconds
[2025-11-14T22:04:24.402+0000] {processor.py:186} INFO - Started process (PID=5318) to work on /home/airflow/.local/lib/python3.12/site-packages/airflow/example_dags/example_branch_datetime_operator.py
[2025-11-14T22:04:24.402+0000] {processor.py:914} INFO - Processing file /home/airflow/.local/lib/python3.12/site-packages/airflow/example_dags/example_branch_datetime_operator.py for tasks to queue
[2025-11-14T22:04:24.404+0000] {logging_mixin.py:190} INFO - [2025-11-14T22:04:24.403+0000] {dagbag.py:588} INFO - Filling up the DagBag from /home/airflow/.local/lib/python3.12/site-packages/airflow/example_dags/example_branch_datetime_operator.py
[2025-11-14T22:04:24.410+0000] {processor.py:925} INFO - DAG(s) 'example_branch_datetime_operator_3', 'example_branch_datetime_operator_2', 'example_branch_datetime_operator' retrieved from /home/airflow/.local/lib/python3.12/site-packages/airflow/example_dags/example_branch_datetime_operator.py
[2025-11-14T22:04:24.420+0000] {logging_mixin.py:190} INFO - [2025-11-14T22:04:24.420+0000] {dag.py:3239} INFO - Sync 3 DAGs
[2025-11-14T22:04:24.430+0000] {logging_mixin.py:190} INFO - [2025-11-14T22:04:24.430+0000] {dag.py:4180} INFO - Setting next_dagrun for example_branch_datetime_operator to 2025-11-13 00:00:00+00:00, run_after=2025-11-14 00:00:00+00:00
[2025-11-14T22:04:24.432+0000] {logging_mixin.py:190} INFO - [2025-11-14T22:04:24.432+0000] {dag.py:4180} INFO - Setting next_dagrun for example_branch_datetime_operator_2 to 2025-11-13 00:00:00+00:00, run_after=2025-11-14 00:00:00+00:00
[2025-11-14T22:04:24.433+0000] {logging_mixin.py:190} INFO - [2025-11-14T22:04:24.433+0000] {dag.py:4180} INFO - Setting next_dagrun for example_branch_datetime_operator_3 to 2025-11-13 00:00:00+00:00, run_after=2025-11-14 00:00:00+00:00
[2025-11-14T22:04:24.442+0000] {processor.py:208} INFO - Processing /home/airflow/.local/lib/python3.12/site-packages/airflow/example_dags/example_branch_datetime_operator.py took 0.042 seconds
[2025-11-14T22:04:54.862+0000] {processor.py:186} INFO - Started process (PID=5380) to work on /home/airflow/.local/lib/python3.12/site-packages/airflow/example_dags/example_branch_datetime_operator.py
[2025-11-14T22:04:54.863+0000] {processor.py:914} INFO - Processing file /home/airflow/.local/lib/python3.12/site-packages/airflow/example_dags/example_branch_datetime_operator.py for tasks to queue
[2025-11-14T22:04:54.865+0000] {logging_mixin.py:190} INFO - [2025-11-14T22:04:54.864+0000] {dagbag.py:588} INFO - Filling up the DagBag from /home/airflow/.local/lib/python3.12/site-packages/airflow/example_dags/example_branch_datetime_operator.py
[2025-11-14T22:04:54.872+0000] {processor.py:925} INFO - DAG(s) 'example_branch_datetime_operator_2', 'example_branch_datetime_operator_3', 'example_branch_datetime_operator' retrieved from /home/airflow/.local/lib/python3.12/site-packages/airflow/example_dags/example_branch_datetime_operator.py
[2025-11-14T22:04:54.884+0000] {logging_mixin.py:190} INFO - [2025-11-14T22:04:54.884+0000] {dag.py:3239} INFO - Sync 3 DAGs
[2025-11-14T22:04:54.894+0000] {logging_mixin.py:190} INFO - [2025-11-14T22:04:54.894+0000] {dag.py:4180} INFO - Setting next_dagrun for example_branch_datetime_operator to 2025-11-13 00:00:00+00:00, run_after=2025-11-14 00:00:00+00:00
[2025-11-14T22:04:54.896+0000] {logging_mixin.py:190} INFO - [2025-11-14T22:04:54.896+0000] {dag.py:4180} INFO - Setting next_dagrun for example_branch_datetime_operator_2 to 2025-11-13 00:00:00+00:00, run_after=2025-11-14 00:00:00+00:00
[2025-11-14T22:04:54.896+0000] {logging_mixin.py:190} INFO - [2025-11-14T22:04:54.896+0000] {dag.py:4180} INFO - Setting next_dagrun for example_branch_datetime_operator_3 to 2025-11-13 00:00:00+00:00, run_after=2025-11-14 00:00:00+00:00
[2025-11-14T22:04:54.905+0000] {processor.py:208} INFO - Processing /home/airflow/.local/lib/python3.12/site-packages/airflow/example_dags/example_branch_datetime_operator.py took 0.046 seconds
[2025-11-14T22:05:25.814+0000] {processor.py:186} INFO - Started process (PID=5442) to work on /home/airflow/.local/lib/python3.12/site-packages/airflow/example_dags/example_branch_datetime_operator.py
[2025-11-14T22:05:25.820+0000] {processor.py:914} INFO - Processing file /home/airflow/.local/lib/python3.12/site-packages/airflow/example_dags/example_branch_datetime_operator.py for tasks to queue
[2025-11-14T22:05:25.822+0000] {logging_mixin.py:190} INFO - [2025-11-14T22:05:25.822+0000] {dagbag.py:588} INFO - Filling up the DagBag from /home/airflow/.local/lib/python3.12/site-packages/airflow/example_dags/example_branch_datetime_operator.py
[2025-11-14T22:05:25.833+0000] {processor.py:925} INFO - DAG(s) 'example_branch_datetime_operator_2', 'example_branch_datetime_operator', 'example_branch_datetime_operator_3' retrieved from /home/airflow/.local/lib/python3.12/site-packages/airflow/example_dags/example_branch_datetime_operator.py
[2025-11-14T22:05:25.852+0000] {logging_mixin.py:190} INFO - [2025-11-14T22:05:25.852+0000] {dag.py:3239} INFO - Sync 3 DAGs
[2025-11-14T22:05:25.874+0000] {logging_mixin.py:190} INFO - [2025-11-14T22:05:25.874+0000] {dag.py:4180} INFO - Setting next_dagrun for example_branch_datetime_operator to 2025-11-13 00:00:00+00:00, run_after=2025-11-14 00:00:00+00:00
[2025-11-14T22:05:25.878+0000] {logging_mixin.py:190} INFO - [2025-11-14T22:05:25.878+0000] {dag.py:4180} INFO - Setting next_dagrun for example_branch_datetime_operator_2 to 2025-11-13 00:00:00+00:00, run_after=2025-11-14 00:00:00+00:00
[2025-11-14T22:05:25.880+0000] {logging_mixin.py:190} INFO - [2025-11-14T22:05:25.880+0000] {dag.py:4180} INFO - Setting next_dagrun for example_branch_datetime_operator_3 to 2025-11-13 00:00:00+00:00, run_after=2025-11-14 00:00:00+00:00
[2025-11-14T22:05:25.893+0000] {processor.py:208} INFO - Processing /home/airflow/.local/lib/python3.12/site-packages/airflow/example_dags/example_branch_datetime_operator.py took 0.085 seconds
[2025-11-14T22:05:56.920+0000] {processor.py:186} INFO - Started process (PID=5504) to work on /home/airflow/.local/lib/python3.12/site-packages/airflow/example_dags/example_branch_datetime_operator.py
[2025-11-14T22:05:56.921+0000] {processor.py:914} INFO - Processing file /home/airflow/.local/lib/python3.12/site-packages/airflow/example_dags/example_branch_datetime_operator.py for tasks to queue
[2025-11-14T22:05:56.922+0000] {logging_mixin.py:190} INFO - [2025-11-14T22:05:56.922+0000] {dagbag.py:588} INFO - Filling up the DagBag from /home/airflow/.local/lib/python3.12/site-packages/airflow/example_dags/example_branch_datetime_operator.py
[2025-11-14T22:05:56.929+0000] {processor.py:925} INFO - DAG(s) 'example_branch_datetime_operator_2', 'example_branch_datetime_operator', 'example_branch_datetime_operator_3' retrieved from /home/airflow/.local/lib/python3.12/site-packages/airflow/example_dags/example_branch_datetime_operator.py
[2025-11-14T22:05:56.944+0000] {logging_mixin.py:190} INFO - [2025-11-14T22:05:56.944+0000] {dag.py:3239} INFO - Sync 3 DAGs
[2025-11-14T22:05:56.954+0000] {logging_mixin.py:190} INFO - [2025-11-14T22:05:56.954+0000] {dag.py:4180} INFO - Setting next_dagrun for example_branch_datetime_operator to 2025-11-13 00:00:00+00:00, run_after=2025-11-14 00:00:00+00:00
[2025-11-14T22:05:56.958+0000] {logging_mixin.py:190} INFO - [2025-11-14T22:05:56.957+0000] {dag.py:4180} INFO - Setting next_dagrun for example_branch_datetime_operator_2 to 2025-11-13 00:00:00+00:00, run_after=2025-11-14 00:00:00+00:00
[2025-11-14T22:05:56.959+0000] {logging_mixin.py:190} INFO - [2025-11-14T22:05:56.959+0000] {dag.py:4180} INFO - Setting next_dagrun for example_branch_datetime_operator_3 to 2025-11-13 00:00:00+00:00, run_after=2025-11-14 00:00:00+00:00
[2025-11-14T22:05:56.971+0000] {processor.py:208} INFO - Processing /home/airflow/.local/lib/python3.12/site-packages/airflow/example_dags/example_branch_datetime_operator.py took 0.055 seconds
[2025-11-14T22:06:27.405+0000] {processor.py:186} INFO - Started process (PID=5566) to work on /home/airflow/.local/lib/python3.12/site-packages/airflow/example_dags/example_branch_datetime_operator.py
[2025-11-14T22:06:27.408+0000] {processor.py:914} INFO - Processing file /home/airflow/.local/lib/python3.12/site-packages/airflow/example_dags/example_branch_datetime_operator.py for tasks to queue
[2025-11-14T22:06:27.409+0000] {logging_mixin.py:190} INFO - [2025-11-14T22:06:27.409+0000] {dagbag.py:588} INFO - Filling up the DagBag from /home/airflow/.local/lib/python3.12/site-packages/airflow/example_dags/example_branch_datetime_operator.py
[2025-11-14T22:06:27.414+0000] {processor.py:925} INFO - DAG(s) 'example_branch_datetime_operator', 'example_branch_datetime_operator_3', 'example_branch_datetime_operator_2' retrieved from /home/airflow/.local/lib/python3.12/site-packages/airflow/example_dags/example_branch_datetime_operator.py
[2025-11-14T22:06:27.430+0000] {logging_mixin.py:190} INFO - [2025-11-14T22:06:27.430+0000] {dag.py:3239} INFO - Sync 3 DAGs
[2025-11-14T22:06:27.446+0000] {logging_mixin.py:190} INFO - [2025-11-14T22:06:27.446+0000] {dag.py:4180} INFO - Setting next_dagrun for example_branch_datetime_operator to 2025-11-13 00:00:00+00:00, run_after=2025-11-14 00:00:00+00:00
[2025-11-14T22:06:27.449+0000] {logging_mixin.py:190} INFO - [2025-11-14T22:06:27.449+0000] {dag.py:4180} INFO - Setting next_dagrun for example_branch_datetime_operator_2 to 2025-11-13 00:00:00+00:00, run_after=2025-11-14 00:00:00+00:00
[2025-11-14T22:06:27.452+0000] {logging_mixin.py:190} INFO - [2025-11-14T22:06:27.452+0000] {dag.py:4180} INFO - Setting next_dagrun for example_branch_datetime_operator_3 to 2025-11-13 00:00:00+00:00, run_after=2025-11-14 00:00:00+00:00
[2025-11-14T22:06:27.459+0000] {processor.py:208} INFO - Processing /home/airflow/.local/lib/python3.12/site-packages/airflow/example_dags/example_branch_datetime_operator.py took 0.057 seconds
[2025-11-14T22:06:58.108+0000] {processor.py:186} INFO - Started process (PID=5627) to work on /home/airflow/.local/lib/python3.12/site-packages/airflow/example_dags/example_branch_datetime_operator.py
[2025-11-14T22:06:58.108+0000] {processor.py:914} INFO - Processing file /home/airflow/.local/lib/python3.12/site-packages/airflow/example_dags/example_branch_datetime_operator.py for tasks to queue
[2025-11-14T22:06:58.110+0000] {logging_mixin.py:190} INFO - [2025-11-14T22:06:58.109+0000] {dagbag.py:588} INFO - Filling up the DagBag from /home/airflow/.local/lib/python3.12/site-packages/airflow/example_dags/example_branch_datetime_operator.py
[2025-11-14T22:06:58.116+0000] {processor.py:925} INFO - DAG(s) 'example_branch_datetime_operator_3', 'example_branch_datetime_operator_2', 'example_branch_datetime_operator' retrieved from /home/airflow/.local/lib/python3.12/site-packages/airflow/example_dags/example_branch_datetime_operator.py
[2025-11-14T22:06:58.129+0000] {logging_mixin.py:190} INFO - [2025-11-14T22:06:58.129+0000] {dag.py:3239} INFO - Sync 3 DAGs
[2025-11-14T22:06:58.140+0000] {logging_mixin.py:190} INFO - [2025-11-14T22:06:58.139+0000] {dag.py:4180} INFO - Setting next_dagrun for example_branch_datetime_operator to 2025-11-13 00:00:00+00:00, run_after=2025-11-14 00:00:00+00:00
[2025-11-14T22:06:58.141+0000] {logging_mixin.py:190} INFO - [2025-11-14T22:06:58.141+0000] {dag.py:4180} INFO - Setting next_dagrun for example_branch_datetime_operator_2 to 2025-11-13 00:00:00+00:00, run_after=2025-11-14 00:00:00+00:00
[2025-11-14T22:06:58.143+0000] {logging_mixin.py:190} INFO - [2025-11-14T22:06:58.143+0000] {dag.py:4180} INFO - Setting next_dagrun for example_branch_datetime_operator_3 to 2025-11-13 00:00:00+00:00, run_after=2025-11-14 00:00:00+00:00
[2025-11-14T22:06:58.151+0000] {processor.py:208} INFO - Processing /home/airflow/.local/lib/python3.12/site-packages/airflow/example_dags/example_branch_datetime_operator.py took 0.048 seconds
[2025-11-14T22:07:28.417+0000] {processor.py:186} INFO - Started process (PID=5689) to work on /home/airflow/.local/lib/python3.12/site-packages/airflow/example_dags/example_branch_datetime_operator.py
[2025-11-14T22:07:28.418+0000] {processor.py:914} INFO - Processing file /home/airflow/.local/lib/python3.12/site-packages/airflow/example_dags/example_branch_datetime_operator.py for tasks to queue
[2025-11-14T22:07:28.420+0000] {logging_mixin.py:190} INFO - [2025-11-14T22:07:28.420+0000] {dagbag.py:588} INFO - Filling up the DagBag from /home/airflow/.local/lib/python3.12/site-packages/airflow/example_dags/example_branch_datetime_operator.py
[2025-11-14T22:07:28.427+0000] {processor.py:925} INFO - DAG(s) 'example_branch_datetime_operator', 'example_branch_datetime_operator_3', 'example_branch_datetime_operator_2' retrieved from /home/airflow/.local/lib/python3.12/site-packages/airflow/example_dags/example_branch_datetime_operator.py
[2025-11-14T22:07:28.438+0000] {logging_mixin.py:190} INFO - [2025-11-14T22:07:28.438+0000] {dag.py:3239} INFO - Sync 3 DAGs
[2025-11-14T22:07:28.448+0000] {logging_mixin.py:190} INFO - [2025-11-14T22:07:28.448+0000] {dag.py:4180} INFO - Setting next_dagrun for example_branch_datetime_operator to 2025-11-13 00:00:00+00:00, run_after=2025-11-14 00:00:00+00:00
[2025-11-14T22:07:28.451+0000] {logging_mixin.py:190} INFO - [2025-11-14T22:07:28.451+0000] {dag.py:4180} INFO - Setting next_dagrun for example_branch_datetime_operator_2 to 2025-11-13 00:00:00+00:00, run_after=2025-11-14 00:00:00+00:00
[2025-11-14T22:07:28.452+0000] {logging_mixin.py:190} INFO - [2025-11-14T22:07:28.451+0000] {dag.py:4180} INFO - Setting next_dagrun for example_branch_datetime_operator_3 to 2025-11-13 00:00:00+00:00, run_after=2025-11-14 00:00:00+00:00
[2025-11-14T22:07:28.457+0000] {processor.py:208} INFO - Processing /home/airflow/.local/lib/python3.12/site-packages/airflow/example_dags/example_branch_datetime_operator.py took 0.043 seconds
[2025-11-14T22:07:58.964+0000] {processor.py:186} INFO - Started process (PID=5751) to work on /home/airflow/.local/lib/python3.12/site-packages/airflow/example_dags/example_branch_datetime_operator.py
[2025-11-14T22:07:58.966+0000] {processor.py:914} INFO - Processing file /home/airflow/.local/lib/python3.12/site-packages/airflow/example_dags/example_branch_datetime_operator.py for tasks to queue
[2025-11-14T22:07:58.967+0000] {logging_mixin.py:190} INFO - [2025-11-14T22:07:58.967+0000] {dagbag.py:588} INFO - Filling up the DagBag from /home/airflow/.local/lib/python3.12/site-packages/airflow/example_dags/example_branch_datetime_operator.py
[2025-11-14T22:07:58.977+0000] {processor.py:925} INFO - DAG(s) 'example_branch_datetime_operator_3', 'example_branch_datetime_operator_2', 'example_branch_datetime_operator' retrieved from /home/airflow/.local/lib/python3.12/site-packages/airflow/example_dags/example_branch_datetime_operator.py
[2025-11-14T22:07:58.990+0000] {logging_mixin.py:190} INFO - [2025-11-14T22:07:58.990+0000] {dag.py:3239} INFO - Sync 3 DAGs
[2025-11-14T22:07:59.000+0000] {logging_mixin.py:190} INFO - [2025-11-14T22:07:59.000+0000] {dag.py:4180} INFO - Setting next_dagrun for example_branch_datetime_operator to 2025-11-13 00:00:00+00:00, run_after=2025-11-14 00:00:00+00:00
[2025-11-14T22:07:59.005+0000] {logging_mixin.py:190} INFO - [2025-11-14T22:07:59.004+0000] {dag.py:4180} INFO - Setting next_dagrun for example_branch_datetime_operator_2 to 2025-11-13 00:00:00+00:00, run_after=2025-11-14 00:00:00+00:00
[2025-11-14T22:07:59.005+0000] {logging_mixin.py:190} INFO - [2025-11-14T22:07:59.005+0000] {dag.py:4180} INFO - Setting next_dagrun for example_branch_datetime_operator_3 to 2025-11-13 00:00:00+00:00, run_after=2025-11-14 00:00:00+00:00
[2025-11-14T22:07:59.011+0000] {processor.py:208} INFO - Processing /home/airflow/.local/lib/python3.12/site-packages/airflow/example_dags/example_branch_datetime_operator.py took 0.051 seconds
[2025-11-14T22:08:29.156+0000] {processor.py:186} INFO - Started process (PID=5813) to work on /home/airflow/.local/lib/python3.12/site-packages/airflow/example_dags/example_branch_datetime_operator.py
[2025-11-14T22:08:29.158+0000] {processor.py:914} INFO - Processing file /home/airflow/.local/lib/python3.12/site-packages/airflow/example_dags/example_branch_datetime_operator.py for tasks to queue
[2025-11-14T22:08:29.159+0000] {logging_mixin.py:190} INFO - [2025-11-14T22:08:29.159+0000] {dagbag.py:588} INFO - Filling up the DagBag from /home/airflow/.local/lib/python3.12/site-packages/airflow/example_dags/example_branch_datetime_operator.py
[2025-11-14T22:08:29.166+0000] {processor.py:925} INFO - DAG(s) 'example_branch_datetime_operator_3', 'example_branch_datetime_operator_2', 'example_branch_datetime_operator' retrieved from /home/airflow/.local/lib/python3.12/site-packages/airflow/example_dags/example_branch_datetime_operator.py
[2025-11-14T22:08:29.176+0000] {logging_mixin.py:190} INFO - [2025-11-14T22:08:29.176+0000] {dag.py:3239} INFO - Sync 3 DAGs
[2025-11-14T22:08:29.188+0000] {logging_mixin.py:190} INFO - [2025-11-14T22:08:29.188+0000] {dag.py:4180} INFO - Setting next_dagrun for example_branch_datetime_operator to 2025-11-13 00:00:00+00:00, run_after=2025-11-14 00:00:00+00:00
[2025-11-14T22:08:29.191+0000] {logging_mixin.py:190} INFO - [2025-11-14T22:08:29.191+0000] {dag.py:4180} INFO - Setting next_dagrun for example_branch_datetime_operator_2 to 2025-11-13 00:00:00+00:00, run_after=2025-11-14 00:00:00+00:00
[2025-11-14T22:08:29.192+0000] {logging_mixin.py:190} INFO - [2025-11-14T22:08:29.192+0000] {dag.py:4180} INFO - Setting next_dagrun for example_branch_datetime_operator_3 to 2025-11-13 00:00:00+00:00, run_after=2025-11-14 00:00:00+00:00
[2025-11-14T22:08:29.199+0000] {processor.py:208} INFO - Processing /home/airflow/.local/lib/python3.12/site-packages/airflow/example_dags/example_branch_datetime_operator.py took 0.046 seconds
[2025-11-14T22:09:00.359+0000] {processor.py:186} INFO - Started process (PID=5875) to work on /home/airflow/.local/lib/python3.12/site-packages/airflow/example_dags/example_branch_datetime_operator.py
[2025-11-14T22:09:00.360+0000] {processor.py:914} INFO - Processing file /home/airflow/.local/lib/python3.12/site-packages/airflow/example_dags/example_branch_datetime_operator.py for tasks to queue
[2025-11-14T22:09:00.361+0000] {logging_mixin.py:190} INFO - [2025-11-14T22:09:00.361+0000] {dagbag.py:588} INFO - Filling up the DagBag from /home/airflow/.local/lib/python3.12/site-packages/airflow/example_dags/example_branch_datetime_operator.py
[2025-11-14T22:09:00.367+0000] {processor.py:925} INFO - DAG(s) 'example_branch_datetime_operator_3', 'example_branch_datetime_operator', 'example_branch_datetime_operator_2' retrieved from /home/airflow/.local/lib/python3.12/site-packages/airflow/example_dags/example_branch_datetime_operator.py
[2025-11-14T22:09:00.380+0000] {logging_mixin.py:190} INFO - [2025-11-14T22:09:00.380+0000] {dag.py:3239} INFO - Sync 3 DAGs
[2025-11-14T22:09:00.390+0000] {logging_mixin.py:190} INFO - [2025-11-14T22:09:00.389+0000] {dag.py:4180} INFO - Setting next_dagrun for example_branch_datetime_operator to 2025-11-13 00:00:00+00:00, run_after=2025-11-14 00:00:00+00:00
[2025-11-14T22:09:00.392+0000] {logging_mixin.py:190} INFO - [2025-11-14T22:09:00.392+0000] {dag.py:4180} INFO - Setting next_dagrun for example_branch_datetime_operator_2 to 2025-11-13 00:00:00+00:00, run_after=2025-11-14 00:00:00+00:00
[2025-11-14T22:09:00.392+0000] {logging_mixin.py:190} INFO - [2025-11-14T22:09:00.392+0000] {dag.py:4180} INFO - Setting next_dagrun for example_branch_datetime_operator_3 to 2025-11-13 00:00:00+00:00, run_after=2025-11-14 00:00:00+00:00
[2025-11-14T22:09:00.398+0000] {processor.py:208} INFO - Processing /home/airflow/.local/lib/python3.12/site-packages/airflow/example_dags/example_branch_datetime_operator.py took 0.041 seconds
[2025-11-14T22:09:30.741+0000] {processor.py:186} INFO - Started process (PID=5937) to work on /home/airflow/.local/lib/python3.12/site-packages/airflow/example_dags/example_branch_datetime_operator.py
[2025-11-14T22:09:30.742+0000] {processor.py:914} INFO - Processing file /home/airflow/.local/lib/python3.12/site-packages/airflow/example_dags/example_branch_datetime_operator.py for tasks to queue
[2025-11-14T22:09:30.743+0000] {logging_mixin.py:190} INFO - [2025-11-14T22:09:30.743+0000] {dagbag.py:588} INFO - Filling up the DagBag from /home/airflow/.local/lib/python3.12/site-packages/airflow/example_dags/example_branch_datetime_operator.py
[2025-11-14T22:09:30.749+0000] {processor.py:925} INFO - DAG(s) 'example_branch_datetime_operator_2', 'example_branch_datetime_operator', 'example_branch_datetime_operator_3' retrieved from /home/airflow/.local/lib/python3.12/site-packages/airflow/example_dags/example_branch_datetime_operator.py
[2025-11-14T22:09:30.760+0000] {logging_mixin.py:190} INFO - [2025-11-14T22:09:30.760+0000] {dag.py:3239} INFO - Sync 3 DAGs
[2025-11-14T22:09:30.770+0000] {logging_mixin.py:190} INFO - [2025-11-14T22:09:30.770+0000] {dag.py:4180} INFO - Setting next_dagrun for example_branch_datetime_operator to 2025-11-13 00:00:00+00:00, run_after=2025-11-14 00:00:00+00:00
[2025-11-14T22:09:30.772+0000] {logging_mixin.py:190} INFO - [2025-11-14T22:09:30.772+0000] {dag.py:4180} INFO - Setting next_dagrun for example_branch_datetime_operator_2 to 2025-11-13 00:00:00+00:00, run_after=2025-11-14 00:00:00+00:00
[2025-11-14T22:09:30.773+0000] {logging_mixin.py:190} INFO - [2025-11-14T22:09:30.773+0000] {dag.py:4180} INFO - Setting next_dagrun for example_branch_datetime_operator_3 to 2025-11-13 00:00:00+00:00, run_after=2025-11-14 00:00:00+00:00
[2025-11-14T22:09:30.778+0000] {processor.py:208} INFO - Processing /home/airflow/.local/lib/python3.12/site-packages/airflow/example_dags/example_branch_datetime_operator.py took 0.040 seconds
[2025-11-14T22:10:01.913+0000] {processor.py:186} INFO - Started process (PID=5999) to work on /home/airflow/.local/lib/python3.12/site-packages/airflow/example_dags/example_branch_datetime_operator.py
[2025-11-14T22:10:01.914+0000] {processor.py:914} INFO - Processing file /home/airflow/.local/lib/python3.12/site-packages/airflow/example_dags/example_branch_datetime_operator.py for tasks to queue
[2025-11-14T22:10:01.915+0000] {logging_mixin.py:190} INFO - [2025-11-14T22:10:01.915+0000] {dagbag.py:588} INFO - Filling up the DagBag from /home/airflow/.local/lib/python3.12/site-packages/airflow/example_dags/example_branch_datetime_operator.py
[2025-11-14T22:10:01.920+0000] {processor.py:925} INFO - DAG(s) 'example_branch_datetime_operator', 'example_branch_datetime_operator_3', 'example_branch_datetime_operator_2' retrieved from /home/airflow/.local/lib/python3.12/site-packages/airflow/example_dags/example_branch_datetime_operator.py
[2025-11-14T22:10:01.930+0000] {logging_mixin.py:190} INFO - [2025-11-14T22:10:01.930+0000] {dag.py:3239} INFO - Sync 3 DAGs
[2025-11-14T22:10:01.939+0000] {logging_mixin.py:190} INFO - [2025-11-14T22:10:01.939+0000] {dag.py:4180} INFO - Setting next_dagrun for example_branch_datetime_operator to 2025-11-13 00:00:00+00:00, run_after=2025-11-14 00:00:00+00:00
[2025-11-14T22:10:01.941+0000] {logging_mixin.py:190} INFO - [2025-11-14T22:10:01.941+0000] {dag.py:4180} INFO - Setting next_dagrun for example_branch_datetime_operator_2 to 2025-11-13 00:00:00+00:00, run_after=2025-11-14 00:00:00+00:00
[2025-11-14T22:10:01.942+0000] {logging_mixin.py:190} INFO - [2025-11-14T22:10:01.942+0000] {dag.py:4180} INFO - Setting next_dagrun for example_branch_datetime_operator_3 to 2025-11-13 00:00:00+00:00, run_after=2025-11-14 00:00:00+00:00
[2025-11-14T22:10:01.947+0000] {processor.py:208} INFO - Processing /home/airflow/.local/lib/python3.12/site-packages/airflow/example_dags/example_branch_datetime_operator.py took 0.037 seconds
[2025-11-14T22:10:32.272+0000] {processor.py:186} INFO - Started process (PID=6061) to work on /home/airflow/.local/lib/python3.12/site-packages/airflow/example_dags/example_branch_datetime_operator.py
[2025-11-14T22:10:32.273+0000] {processor.py:914} INFO - Processing file /home/airflow/.local/lib/python3.12/site-packages/airflow/example_dags/example_branch_datetime_operator.py for tasks to queue
[2025-11-14T22:10:32.274+0000] {logging_mixin.py:190} INFO - [2025-11-14T22:10:32.274+0000] {dagbag.py:588} INFO - Filling up the DagBag from /home/airflow/.local/lib/python3.12/site-packages/airflow/example_dags/example_branch_datetime_operator.py
[2025-11-14T22:10:32.281+0000] {processor.py:925} INFO - DAG(s) 'example_branch_datetime_operator_2', 'example_branch_datetime_operator_3', 'example_branch_datetime_operator' retrieved from /home/airflow/.local/lib/python3.12/site-packages/airflow/example_dags/example_branch_datetime_operator.py
[2025-11-14T22:10:32.291+0000] {logging_mixin.py:190} INFO - [2025-11-14T22:10:32.291+0000] {dag.py:3239} INFO - Sync 3 DAGs
[2025-11-14T22:10:32.300+0000] {logging_mixin.py:190} INFO - [2025-11-14T22:10:32.300+0000] {dag.py:4180} INFO - Setting next_dagrun for example_branch_datetime_operator to 2025-11-13 00:00:00+00:00, run_after=2025-11-14 00:00:00+00:00
[2025-11-14T22:10:32.302+0000] {logging_mixin.py:190} INFO - [2025-11-14T22:10:32.302+0000] {dag.py:4180} INFO - Setting next_dagrun for example_branch_datetime_operator_2 to 2025-11-13 00:00:00+00:00, run_after=2025-11-14 00:00:00+00:00
[2025-11-14T22:10:32.303+0000] {logging_mixin.py:190} INFO - [2025-11-14T22:10:32.303+0000] {dag.py:4180} INFO - Setting next_dagrun for example_branch_datetime_operator_3 to 2025-11-13 00:00:00+00:00, run_after=2025-11-14 00:00:00+00:00
[2025-11-14T22:10:32.308+0000] {processor.py:208} INFO - Processing /home/airflow/.local/lib/python3.12/site-packages/airflow/example_dags/example_branch_datetime_operator.py took 0.039 seconds
[2025-11-14T22:11:02.548+0000] {processor.py:186} INFO - Started process (PID=6123) to work on /home/airflow/.local/lib/python3.12/site-packages/airflow/example_dags/example_branch_datetime_operator.py
[2025-11-14T22:11:02.549+0000] {processor.py:914} INFO - Processing file /home/airflow/.local/lib/python3.12/site-packages/airflow/example_dags/example_branch_datetime_operator.py for tasks to queue
[2025-11-14T22:11:02.550+0000] {logging_mixin.py:190} INFO - [2025-11-14T22:11:02.550+0000] {dagbag.py:588} INFO - Filling up the DagBag from /home/airflow/.local/lib/python3.12/site-packages/airflow/example_dags/example_branch_datetime_operator.py
[2025-11-14T22:11:02.556+0000] {processor.py:925} INFO - DAG(s) 'example_branch_datetime_operator', 'example_branch_datetime_operator_3', 'example_branch_datetime_operator_2' retrieved from /home/airflow/.local/lib/python3.12/site-packages/airflow/example_dags/example_branch_datetime_operator.py
[2025-11-14T22:11:02.568+0000] {logging_mixin.py:190} INFO - [2025-11-14T22:11:02.568+0000] {dag.py:3239} INFO - Sync 3 DAGs
[2025-11-14T22:11:02.577+0000] {logging_mixin.py:190} INFO - [2025-11-14T22:11:02.577+0000] {dag.py:4180} INFO - Setting next_dagrun for example_branch_datetime_operator to 2025-11-13 00:00:00+00:00, run_after=2025-11-14 00:00:00+00:00
[2025-11-14T22:11:02.579+0000] {logging_mixin.py:190} INFO - [2025-11-14T22:11:02.579+0000] {dag.py:4180} INFO - Setting next_dagrun for example_branch_datetime_operator_2 to 2025-11-13 00:00:00+00:00, run_after=2025-11-14 00:00:00+00:00
[2025-11-14T22:11:02.582+0000] {logging_mixin.py:190} INFO - [2025-11-14T22:11:02.582+0000] {dag.py:4180} INFO - Setting next_dagrun for example_branch_datetime_operator_3 to 2025-11-13 00:00:00+00:00, run_after=2025-11-14 00:00:00+00:00
[2025-11-14T22:11:02.588+0000] {processor.py:208} INFO - Processing /home/airflow/.local/lib/python3.12/site-packages/airflow/example_dags/example_branch_datetime_operator.py took 0.043 seconds
[2025-11-14T22:11:33.733+0000] {processor.py:186} INFO - Started process (PID=6185) to work on /home/airflow/.local/lib/python3.12/site-packages/airflow/example_dags/example_branch_datetime_operator.py
[2025-11-14T22:11:33.734+0000] {processor.py:914} INFO - Processing file /home/airflow/.local/lib/python3.12/site-packages/airflow/example_dags/example_branch_datetime_operator.py for tasks to queue
[2025-11-14T22:11:33.735+0000] {logging_mixin.py:190} INFO - [2025-11-14T22:11:33.735+0000] {dagbag.py:588} INFO - Filling up the DagBag from /home/airflow/.local/lib/python3.12/site-packages/airflow/example_dags/example_branch_datetime_operator.py
[2025-11-14T22:11:33.740+0000] {processor.py:925} INFO - DAG(s) 'example_branch_datetime_operator_2', 'example_branch_datetime_operator_3', 'example_branch_datetime_operator' retrieved from /home/airflow/.local/lib/python3.12/site-packages/airflow/example_dags/example_branch_datetime_operator.py
[2025-11-14T22:11:33.751+0000] {logging_mixin.py:190} INFO - [2025-11-14T22:11:33.751+0000] {dag.py:3239} INFO - Sync 3 DAGs
[2025-11-14T22:11:33.762+0000] {logging_mixin.py:190} INFO - [2025-11-14T22:11:33.762+0000] {dag.py:4180} INFO - Setting next_dagrun for example_branch_datetime_operator to 2025-11-13 00:00:00+00:00, run_after=2025-11-14 00:00:00+00:00
[2025-11-14T22:11:33.765+0000] {logging_mixin.py:190} INFO - [2025-11-14T22:11:33.765+0000] {dag.py:4180} INFO - Setting next_dagrun for example_branch_datetime_operator_2 to 2025-11-13 00:00:00+00:00, run_after=2025-11-14 00:00:00+00:00
[2025-11-14T22:11:33.766+0000] {logging_mixin.py:190} INFO - [2025-11-14T22:11:33.766+0000] {dag.py:4180} INFO - Setting next_dagrun for example_branch_datetime_operator_3 to 2025-11-13 00:00:00+00:00, run_after=2025-11-14 00:00:00+00:00
[2025-11-14T22:11:33.772+0000] {processor.py:208} INFO - Processing /home/airflow/.local/lib/python3.12/site-packages/airflow/example_dags/example_branch_datetime_operator.py took 0.042 seconds
[2025-11-14T22:12:05.206+0000] {processor.py:186} INFO - Started process (PID=6247) to work on /home/airflow/.local/lib/python3.12/site-packages/airflow/example_dags/example_branch_datetime_operator.py
[2025-11-14T22:12:05.206+0000] {processor.py:914} INFO - Processing file /home/airflow/.local/lib/python3.12/site-packages/airflow/example_dags/example_branch_datetime_operator.py for tasks to queue
[2025-11-14T22:12:05.208+0000] {logging_mixin.py:190} INFO - [2025-11-14T22:12:05.207+0000] {dagbag.py:588} INFO - Filling up the DagBag from /home/airflow/.local/lib/python3.12/site-packages/airflow/example_dags/example_branch_datetime_operator.py
[2025-11-14T22:12:05.214+0000] {processor.py:925} INFO - DAG(s) 'example_branch_datetime_operator_2', 'example_branch_datetime_operator', 'example_branch_datetime_operator_3' retrieved from /home/airflow/.local/lib/python3.12/site-packages/airflow/example_dags/example_branch_datetime_operator.py
[2025-11-14T22:12:05.228+0000] {logging_mixin.py:190} INFO - [2025-11-14T22:12:05.228+0000] {dag.py:3239} INFO - Sync 3 DAGs
[2025-11-14T22:12:05.243+0000] {logging_mixin.py:190} INFO - [2025-11-14T22:12:05.242+0000] {dag.py:4180} INFO - Setting next_dagrun for example_branch_datetime_operator to 2025-11-13 00:00:00+00:00, run_after=2025-11-14 00:00:00+00:00
[2025-11-14T22:12:05.245+0000] {logging_mixin.py:190} INFO - [2025-11-14T22:12:05.245+0000] {dag.py:4180} INFO - Setting next_dagrun for example_branch_datetime_operator_2 to 2025-11-13 00:00:00+00:00, run_after=2025-11-14 00:00:00+00:00
[2025-11-14T22:12:05.245+0000] {logging_mixin.py:190} INFO - [2025-11-14T22:12:05.245+0000] {dag.py:4180} INFO - Setting next_dagrun for example_branch_datetime_operator_3 to 2025-11-13 00:00:00+00:00, run_after=2025-11-14 00:00:00+00:00
[2025-11-14T22:12:05.252+0000] {processor.py:208} INFO - Processing /home/airflow/.local/lib/python3.12/site-packages/airflow/example_dags/example_branch_datetime_operator.py took 0.049 seconds
[2025-11-14T22:12:35.346+0000] {processor.py:186} INFO - Started process (PID=6309) to work on /home/airflow/.local/lib/python3.12/site-packages/airflow/example_dags/example_branch_datetime_operator.py
[2025-11-14T22:12:35.347+0000] {processor.py:914} INFO - Processing file /home/airflow/.local/lib/python3.12/site-packages/airflow/example_dags/example_branch_datetime_operator.py for tasks to queue
[2025-11-14T22:12:35.348+0000] {logging_mixin.py:190} INFO - [2025-11-14T22:12:35.348+0000] {dagbag.py:588} INFO - Filling up the DagBag from /home/airflow/.local/lib/python3.12/site-packages/airflow/example_dags/example_branch_datetime_operator.py
[2025-11-14T22:12:35.353+0000] {processor.py:925} INFO - DAG(s) 'example_branch_datetime_operator_3', 'example_branch_datetime_operator', 'example_branch_datetime_operator_2' retrieved from /home/airflow/.local/lib/python3.12/site-packages/airflow/example_dags/example_branch_datetime_operator.py
[2025-11-14T22:12:35.363+0000] {logging_mixin.py:190} INFO - [2025-11-14T22:12:35.362+0000] {dag.py:3239} INFO - Sync 3 DAGs
[2025-11-14T22:12:35.372+0000] {logging_mixin.py:190} INFO - [2025-11-14T22:12:35.371+0000] {dag.py:4180} INFO - Setting next_dagrun for example_branch_datetime_operator to 2025-11-13 00:00:00+00:00, run_after=2025-11-14 00:00:00+00:00
[2025-11-14T22:12:35.373+0000] {logging_mixin.py:190} INFO - [2025-11-14T22:12:35.373+0000] {dag.py:4180} INFO - Setting next_dagrun for example_branch_datetime_operator_2 to 2025-11-13 00:00:00+00:00, run_after=2025-11-14 00:00:00+00:00
[2025-11-14T22:12:35.374+0000] {logging_mixin.py:190} INFO - [2025-11-14T22:12:35.374+0000] {dag.py:4180} INFO - Setting next_dagrun for example_branch_datetime_operator_3 to 2025-11-13 00:00:00+00:00, run_after=2025-11-14 00:00:00+00:00
[2025-11-14T22:12:35.382+0000] {processor.py:208} INFO - Processing /home/airflow/.local/lib/python3.12/site-packages/airflow/example_dags/example_branch_datetime_operator.py took 0.038 seconds
[2025-11-14T22:13:06.414+0000] {processor.py:186} INFO - Started process (PID=6371) to work on /home/airflow/.local/lib/python3.12/site-packages/airflow/example_dags/example_branch_datetime_operator.py
[2025-11-14T22:13:06.415+0000] {processor.py:914} INFO - Processing file /home/airflow/.local/lib/python3.12/site-packages/airflow/example_dags/example_branch_datetime_operator.py for tasks to queue
[2025-11-14T22:13:06.419+0000] {logging_mixin.py:190} INFO - [2025-11-14T22:13:06.418+0000] {dagbag.py:588} INFO - Filling up the DagBag from /home/airflow/.local/lib/python3.12/site-packages/airflow/example_dags/example_branch_datetime_operator.py
[2025-11-14T22:13:06.424+0000] {processor.py:925} INFO - DAG(s) 'example_branch_datetime_operator', 'example_branch_datetime_operator_2', 'example_branch_datetime_operator_3' retrieved from /home/airflow/.local/lib/python3.12/site-packages/airflow/example_dags/example_branch_datetime_operator.py
[2025-11-14T22:13:06.436+0000] {logging_mixin.py:190} INFO - [2025-11-14T22:13:06.436+0000] {dag.py:3239} INFO - Sync 3 DAGs
[2025-11-14T22:13:06.447+0000] {logging_mixin.py:190} INFO - [2025-11-14T22:13:06.447+0000] {dag.py:4180} INFO - Setting next_dagrun for example_branch_datetime_operator to 2025-11-13 00:00:00+00:00, run_after=2025-11-14 00:00:00+00:00
[2025-11-14T22:13:06.449+0000] {logging_mixin.py:190} INFO - [2025-11-14T22:13:06.449+0000] {dag.py:4180} INFO - Setting next_dagrun for example_branch_datetime_operator_2 to 2025-11-13 00:00:00+00:00, run_after=2025-11-14 00:00:00+00:00
[2025-11-14T22:13:06.450+0000] {logging_mixin.py:190} INFO - [2025-11-14T22:13:06.450+0000] {dag.py:4180} INFO - Setting next_dagrun for example_branch_datetime_operator_3 to 2025-11-13 00:00:00+00:00, run_after=2025-11-14 00:00:00+00:00
[2025-11-14T22:13:06.456+0000] {processor.py:208} INFO - Processing /home/airflow/.local/lib/python3.12/site-packages/airflow/example_dags/example_branch_datetime_operator.py took 0.044 seconds
[2025-11-14T22:13:36.620+0000] {processor.py:186} INFO - Started process (PID=6433) to work on /home/airflow/.local/lib/python3.12/site-packages/airflow/example_dags/example_branch_datetime_operator.py
[2025-11-14T22:13:36.625+0000] {processor.py:914} INFO - Processing file /home/airflow/.local/lib/python3.12/site-packages/airflow/example_dags/example_branch_datetime_operator.py for tasks to queue
[2025-11-14T22:13:36.626+0000] {logging_mixin.py:190} INFO - [2025-11-14T22:13:36.626+0000] {dagbag.py:588} INFO - Filling up the DagBag from /home/airflow/.local/lib/python3.12/site-packages/airflow/example_dags/example_branch_datetime_operator.py
[2025-11-14T22:13:36.632+0000] {processor.py:925} INFO - DAG(s) 'example_branch_datetime_operator_2', 'example_branch_datetime_operator', 'example_branch_datetime_operator_3' retrieved from /home/airflow/.local/lib/python3.12/site-packages/airflow/example_dags/example_branch_datetime_operator.py
[2025-11-14T22:13:36.642+0000] {logging_mixin.py:190} INFO - [2025-11-14T22:13:36.642+0000] {dag.py:3239} INFO - Sync 3 DAGs
[2025-11-14T22:13:36.652+0000] {logging_mixin.py:190} INFO - [2025-11-14T22:13:36.651+0000] {dag.py:4180} INFO - Setting next_dagrun for example_branch_datetime_operator to 2025-11-13 00:00:00+00:00, run_after=2025-11-14 00:00:00+00:00
[2025-11-14T22:13:36.653+0000] {logging_mixin.py:190} INFO - [2025-11-14T22:13:36.653+0000] {dag.py:4180} INFO - Setting next_dagrun for example_branch_datetime_operator_2 to 2025-11-13 00:00:00+00:00, run_after=2025-11-14 00:00:00+00:00
[2025-11-14T22:13:36.654+0000] {logging_mixin.py:190} INFO - [2025-11-14T22:13:36.654+0000] {dag.py:4180} INFO - Setting next_dagrun for example_branch_datetime_operator_3 to 2025-11-13 00:00:00+00:00, run_after=2025-11-14 00:00:00+00:00
[2025-11-14T22:13:36.660+0000] {processor.py:208} INFO - Processing /home/airflow/.local/lib/python3.12/site-packages/airflow/example_dags/example_branch_datetime_operator.py took 0.042 seconds
[2025-11-14T22:14:09.730+0000] {processor.py:186} INFO - Started process (PID=6489) to work on /home/airflow/.local/lib/python3.12/site-packages/airflow/example_dags/example_branch_datetime_operator.py
[2025-11-14T22:14:09.731+0000] {processor.py:914} INFO - Processing file /home/airflow/.local/lib/python3.12/site-packages/airflow/example_dags/example_branch_datetime_operator.py for tasks to queue
[2025-11-14T22:14:09.732+0000] {logging_mixin.py:190} INFO - [2025-11-14T22:14:09.732+0000] {dagbag.py:588} INFO - Filling up the DagBag from /home/airflow/.local/lib/python3.12/site-packages/airflow/example_dags/example_branch_datetime_operator.py
[2025-11-14T22:14:09.737+0000] {processor.py:925} INFO - DAG(s) 'example_branch_datetime_operator_3', 'example_branch_datetime_operator_2', 'example_branch_datetime_operator' retrieved from /home/airflow/.local/lib/python3.12/site-packages/airflow/example_dags/example_branch_datetime_operator.py
[2025-11-14T22:14:09.746+0000] {logging_mixin.py:190} INFO - [2025-11-14T22:14:09.746+0000] {dag.py:3239} INFO - Sync 3 DAGs
[2025-11-14T22:14:09.754+0000] {logging_mixin.py:190} INFO - [2025-11-14T22:14:09.754+0000] {dag.py:4180} INFO - Setting next_dagrun for example_branch_datetime_operator to 2025-11-13 00:00:00+00:00, run_after=2025-11-14 00:00:00+00:00
[2025-11-14T22:14:09.756+0000] {logging_mixin.py:190} INFO - [2025-11-14T22:14:09.756+0000] {dag.py:4180} INFO - Setting next_dagrun for example_branch_datetime_operator_2 to 2025-11-13 00:00:00+00:00, run_after=2025-11-14 00:00:00+00:00
[2025-11-14T22:14:09.757+0000] {logging_mixin.py:190} INFO - [2025-11-14T22:14:09.757+0000] {dag.py:4180} INFO - Setting next_dagrun for example_branch_datetime_operator_3 to 2025-11-13 00:00:00+00:00, run_after=2025-11-14 00:00:00+00:00
[2025-11-14T22:14:09.764+0000] {processor.py:208} INFO - Processing /home/airflow/.local/lib/python3.12/site-packages/airflow/example_dags/example_branch_datetime_operator.py took 0.036 seconds
[2025-11-14T22:16:34.932+0000] {processor.py:186} INFO - Started process (PID=6551) to work on /home/airflow/.local/lib/python3.12/site-packages/airflow/example_dags/example_branch_datetime_operator.py
[2025-11-14T22:16:34.933+0000] {processor.py:914} INFO - Processing file /home/airflow/.local/lib/python3.12/site-packages/airflow/example_dags/example_branch_datetime_operator.py for tasks to queue
[2025-11-14T22:16:34.935+0000] {logging_mixin.py:190} INFO - [2025-11-14T22:16:34.934+0000] {dagbag.py:588} INFO - Filling up the DagBag from /home/airflow/.local/lib/python3.12/site-packages/airflow/example_dags/example_branch_datetime_operator.py
[2025-11-14T22:16:34.941+0000] {processor.py:925} INFO - DAG(s) 'example_branch_datetime_operator_2', 'example_branch_datetime_operator_3', 'example_branch_datetime_operator' retrieved from /home/airflow/.local/lib/python3.12/site-packages/airflow/example_dags/example_branch_datetime_operator.py
[2025-11-14T22:16:34.960+0000] {logging_mixin.py:190} INFO - [2025-11-14T22:16:34.959+0000] {dag.py:3239} INFO - Sync 3 DAGs
[2025-11-14T22:16:34.976+0000] {logging_mixin.py:190} INFO - [2025-11-14T22:16:34.976+0000] {dag.py:4180} INFO - Setting next_dagrun for example_branch_datetime_operator to 2025-11-13 00:00:00+00:00, run_after=2025-11-14 00:00:00+00:00
[2025-11-14T22:16:34.979+0000] {logging_mixin.py:190} INFO - [2025-11-14T22:16:34.979+0000] {dag.py:4180} INFO - Setting next_dagrun for example_branch_datetime_operator_2 to 2025-11-13 00:00:00+00:00, run_after=2025-11-14 00:00:00+00:00
[2025-11-14T22:16:34.980+0000] {logging_mixin.py:190} INFO - [2025-11-14T22:16:34.980+0000] {dag.py:4180} INFO - Setting next_dagrun for example_branch_datetime_operator_3 to 2025-11-13 00:00:00+00:00, run_after=2025-11-14 00:00:00+00:00
[2025-11-14T22:16:34.993+0000] {processor.py:208} INFO - Processing /home/airflow/.local/lib/python3.12/site-packages/airflow/example_dags/example_branch_datetime_operator.py took 0.065 seconds
[2025-11-14T22:17:05.273+0000] {processor.py:186} INFO - Started process (PID=6613) to work on /home/airflow/.local/lib/python3.12/site-packages/airflow/example_dags/example_branch_datetime_operator.py
[2025-11-14T22:17:05.274+0000] {processor.py:914} INFO - Processing file /home/airflow/.local/lib/python3.12/site-packages/airflow/example_dags/example_branch_datetime_operator.py for tasks to queue
[2025-11-14T22:17:05.275+0000] {logging_mixin.py:190} INFO - [2025-11-14T22:17:05.275+0000] {dagbag.py:588} INFO - Filling up the DagBag from /home/airflow/.local/lib/python3.12/site-packages/airflow/example_dags/example_branch_datetime_operator.py
[2025-11-14T22:17:05.281+0000] {processor.py:925} INFO - DAG(s) 'example_branch_datetime_operator_2', 'example_branch_datetime_operator', 'example_branch_datetime_operator_3' retrieved from /home/airflow/.local/lib/python3.12/site-packages/airflow/example_dags/example_branch_datetime_operator.py
[2025-11-14T22:17:05.293+0000] {logging_mixin.py:190} INFO - [2025-11-14T22:17:05.293+0000] {dag.py:3239} INFO - Sync 3 DAGs
[2025-11-14T22:17:05.304+0000] {logging_mixin.py:190} INFO - [2025-11-14T22:17:05.304+0000] {dag.py:4180} INFO - Setting next_dagrun for example_branch_datetime_operator to 2025-11-13 00:00:00+00:00, run_after=2025-11-14 00:00:00+00:00
[2025-11-14T22:17:05.306+0000] {logging_mixin.py:190} INFO - [2025-11-14T22:17:05.306+0000] {dag.py:4180} INFO - Setting next_dagrun for example_branch_datetime_operator_2 to 2025-11-13 00:00:00+00:00, run_after=2025-11-14 00:00:00+00:00
[2025-11-14T22:17:05.306+0000] {logging_mixin.py:190} INFO - [2025-11-14T22:17:05.306+0000] {dag.py:4180} INFO - Setting next_dagrun for example_branch_datetime_operator_3 to 2025-11-13 00:00:00+00:00, run_after=2025-11-14 00:00:00+00:00
[2025-11-14T22:17:05.311+0000] {processor.py:208} INFO - Processing /home/airflow/.local/lib/python3.12/site-packages/airflow/example_dags/example_branch_datetime_operator.py took 0.041 seconds
[2025-11-14T22:18:01.952+0000] {processor.py:186} INFO - Started process (PID=6675) to work on /home/airflow/.local/lib/python3.12/site-packages/airflow/example_dags/example_branch_datetime_operator.py
[2025-11-14T22:18:01.953+0000] {processor.py:914} INFO - Processing file /home/airflow/.local/lib/python3.12/site-packages/airflow/example_dags/example_branch_datetime_operator.py for tasks to queue
[2025-11-14T22:18:01.954+0000] {logging_mixin.py:190} INFO - [2025-11-14T22:18:01.954+0000] {dagbag.py:588} INFO - Filling up the DagBag from /home/airflow/.local/lib/python3.12/site-packages/airflow/example_dags/example_branch_datetime_operator.py
[2025-11-14T22:18:01.959+0000] {processor.py:925} INFO - DAG(s) 'example_branch_datetime_operator_3', 'example_branch_datetime_operator', 'example_branch_datetime_operator_2' retrieved from /home/airflow/.local/lib/python3.12/site-packages/airflow/example_dags/example_branch_datetime_operator.py
[2025-11-14T22:18:01.973+0000] {logging_mixin.py:190} INFO - [2025-11-14T22:18:01.973+0000] {dag.py:3239} INFO - Sync 3 DAGs
[2025-11-14T22:18:01.985+0000] {logging_mixin.py:190} INFO - [2025-11-14T22:18:01.985+0000] {dag.py:4180} INFO - Setting next_dagrun for example_branch_datetime_operator to 2025-11-13 00:00:00+00:00, run_after=2025-11-14 00:00:00+00:00
[2025-11-14T22:18:01.988+0000] {logging_mixin.py:190} INFO - [2025-11-14T22:18:01.987+0000] {dag.py:4180} INFO - Setting next_dagrun for example_branch_datetime_operator_2 to 2025-11-13 00:00:00+00:00, run_after=2025-11-14 00:00:00+00:00
[2025-11-14T22:18:01.989+0000] {logging_mixin.py:190} INFO - [2025-11-14T22:18:01.989+0000] {dag.py:4180} INFO - Setting next_dagrun for example_branch_datetime_operator_3 to 2025-11-13 00:00:00+00:00, run_after=2025-11-14 00:00:00+00:00
[2025-11-14T22:18:01.997+0000] {processor.py:208} INFO - Processing /home/airflow/.local/lib/python3.12/site-packages/airflow/example_dags/example_branch_datetime_operator.py took 0.047 seconds
[2025-11-14T22:19:05.551+0000] {processor.py:186} INFO - Started process (PID=6737) to work on /home/airflow/.local/lib/python3.12/site-packages/airflow/example_dags/example_branch_datetime_operator.py
[2025-11-14T22:19:05.552+0000] {processor.py:914} INFO - Processing file /home/airflow/.local/lib/python3.12/site-packages/airflow/example_dags/example_branch_datetime_operator.py for tasks to queue
[2025-11-14T22:19:05.552+0000] {logging_mixin.py:190} INFO - [2025-11-14T22:19:05.552+0000] {dagbag.py:588} INFO - Filling up the DagBag from /home/airflow/.local/lib/python3.12/site-packages/airflow/example_dags/example_branch_datetime_operator.py
[2025-11-14T22:19:05.558+0000] {processor.py:925} INFO - DAG(s) 'example_branch_datetime_operator', 'example_branch_datetime_operator_2', 'example_branch_datetime_operator_3' retrieved from /home/airflow/.local/lib/python3.12/site-packages/airflow/example_dags/example_branch_datetime_operator.py
[2025-11-14T22:19:05.572+0000] {logging_mixin.py:190} INFO - [2025-11-14T22:19:05.572+0000] {dag.py:3239} INFO - Sync 3 DAGs
[2025-11-14T22:19:05.583+0000] {logging_mixin.py:190} INFO - [2025-11-14T22:19:05.583+0000] {dag.py:4180} INFO - Setting next_dagrun for example_branch_datetime_operator to 2025-11-13 00:00:00+00:00, run_after=2025-11-14 00:00:00+00:00
[2025-11-14T22:19:05.586+0000] {logging_mixin.py:190} INFO - [2025-11-14T22:19:05.586+0000] {dag.py:4180} INFO - Setting next_dagrun for example_branch_datetime_operator_2 to 2025-11-13 00:00:00+00:00, run_after=2025-11-14 00:00:00+00:00
[2025-11-14T22:19:05.586+0000] {logging_mixin.py:190} INFO - [2025-11-14T22:19:05.586+0000] {dag.py:4180} INFO - Setting next_dagrun for example_branch_datetime_operator_3 to 2025-11-13 00:00:00+00:00, run_after=2025-11-14 00:00:00+00:00
[2025-11-14T22:19:05.593+0000] {processor.py:208} INFO - Processing /home/airflow/.local/lib/python3.12/site-packages/airflow/example_dags/example_branch_datetime_operator.py took 0.044 seconds
[2025-11-14T22:19:35.768+0000] {processor.py:186} INFO - Started process (PID=6799) to work on /home/airflow/.local/lib/python3.12/site-packages/airflow/example_dags/example_branch_datetime_operator.py
[2025-11-14T22:19:35.768+0000] {processor.py:914} INFO - Processing file /home/airflow/.local/lib/python3.12/site-packages/airflow/example_dags/example_branch_datetime_operator.py for tasks to queue
[2025-11-14T22:19:35.769+0000] {logging_mixin.py:190} INFO - [2025-11-14T22:19:35.769+0000] {dagbag.py:588} INFO - Filling up the DagBag from /home/airflow/.local/lib/python3.12/site-packages/airflow/example_dags/example_branch_datetime_operator.py
[2025-11-14T22:19:35.773+0000] {processor.py:925} INFO - DAG(s) 'example_branch_datetime_operator_2', 'example_branch_datetime_operator', 'example_branch_datetime_operator_3' retrieved from /home/airflow/.local/lib/python3.12/site-packages/airflow/example_dags/example_branch_datetime_operator.py
[2025-11-14T22:19:35.782+0000] {logging_mixin.py:190} INFO - [2025-11-14T22:19:35.782+0000] {dag.py:3239} INFO - Sync 3 DAGs
[2025-11-14T22:19:35.790+0000] {logging_mixin.py:190} INFO - [2025-11-14T22:19:35.790+0000] {dag.py:4180} INFO - Setting next_dagrun for example_branch_datetime_operator to 2025-11-13 00:00:00+00:00, run_after=2025-11-14 00:00:00+00:00
[2025-11-14T22:19:35.792+0000] {logging_mixin.py:190} INFO - [2025-11-14T22:19:35.792+0000] {dag.py:4180} INFO - Setting next_dagrun for example_branch_datetime_operator_2 to 2025-11-13 00:00:00+00:00, run_after=2025-11-14 00:00:00+00:00
[2025-11-14T22:19:35.792+0000] {logging_mixin.py:190} INFO - [2025-11-14T22:19:35.792+0000] {dag.py:4180} INFO - Setting next_dagrun for example_branch_datetime_operator_3 to 2025-11-13 00:00:00+00:00, run_after=2025-11-14 00:00:00+00:00
[2025-11-14T22:19:35.797+0000] {processor.py:208} INFO - Processing /home/airflow/.local/lib/python3.12/site-packages/airflow/example_dags/example_branch_datetime_operator.py took 0.031 seconds
[2025-11-14T22:20:33.826+0000] {processor.py:186} INFO - Started process (PID=6861) to work on /home/airflow/.local/lib/python3.12/site-packages/airflow/example_dags/example_branch_datetime_operator.py
[2025-11-14T22:20:33.826+0000] {processor.py:914} INFO - Processing file /home/airflow/.local/lib/python3.12/site-packages/airflow/example_dags/example_branch_datetime_operator.py for tasks to queue
[2025-11-14T22:20:33.827+0000] {logging_mixin.py:190} INFO - [2025-11-14T22:20:33.827+0000] {dagbag.py:588} INFO - Filling up the DagBag from /home/airflow/.local/lib/python3.12/site-packages/airflow/example_dags/example_branch_datetime_operator.py
[2025-11-14T22:20:33.835+0000] {processor.py:925} INFO - DAG(s) 'example_branch_datetime_operator_3', 'example_branch_datetime_operator_2', 'example_branch_datetime_operator' retrieved from /home/airflow/.local/lib/python3.12/site-packages/airflow/example_dags/example_branch_datetime_operator.py
[2025-11-14T22:20:33.845+0000] {logging_mixin.py:190} INFO - [2025-11-14T22:20:33.845+0000] {dag.py:3239} INFO - Sync 3 DAGs
[2025-11-14T22:20:33.854+0000] {logging_mixin.py:190} INFO - [2025-11-14T22:20:33.854+0000] {dag.py:4180} INFO - Setting next_dagrun for example_branch_datetime_operator to 2025-11-13 00:00:00+00:00, run_after=2025-11-14 00:00:00+00:00
[2025-11-14T22:20:33.857+0000] {logging_mixin.py:190} INFO - [2025-11-14T22:20:33.857+0000] {dag.py:4180} INFO - Setting next_dagrun for example_branch_datetime_operator_2 to 2025-11-13 00:00:00+00:00, run_after=2025-11-14 00:00:00+00:00
[2025-11-14T22:20:33.857+0000] {logging_mixin.py:190} INFO - [2025-11-14T22:20:33.857+0000] {dag.py:4180} INFO - Setting next_dagrun for example_branch_datetime_operator_3 to 2025-11-13 00:00:00+00:00, run_after=2025-11-14 00:00:00+00:00
[2025-11-14T22:20:33.862+0000] {processor.py:208} INFO - Processing /home/airflow/.local/lib/python3.12/site-packages/airflow/example_dags/example_branch_datetime_operator.py took 0.039 seconds
[2025-11-14T22:21:11.298+0000] {processor.py:186} INFO - Started process (PID=6923) to work on /home/airflow/.local/lib/python3.12/site-packages/airflow/example_dags/example_branch_datetime_operator.py
[2025-11-14T22:21:11.302+0000] {processor.py:914} INFO - Processing file /home/airflow/.local/lib/python3.12/site-packages/airflow/example_dags/example_branch_datetime_operator.py for tasks to queue
[2025-11-14T22:21:11.303+0000] {logging_mixin.py:190} INFO - [2025-11-14T22:21:11.303+0000] {dagbag.py:588} INFO - Filling up the DagBag from /home/airflow/.local/lib/python3.12/site-packages/airflow/example_dags/example_branch_datetime_operator.py
[2025-11-14T22:21:11.309+0000] {processor.py:925} INFO - DAG(s) 'example_branch_datetime_operator_3', 'example_branch_datetime_operator', 'example_branch_datetime_operator_2' retrieved from /home/airflow/.local/lib/python3.12/site-packages/airflow/example_dags/example_branch_datetime_operator.py
[2025-11-14T22:21:11.327+0000] {logging_mixin.py:190} INFO - [2025-11-14T22:21:11.327+0000] {dag.py:3239} INFO - Sync 3 DAGs
[2025-11-14T22:21:11.337+0000] {logging_mixin.py:190} INFO - [2025-11-14T22:21:11.336+0000] {dag.py:4180} INFO - Setting next_dagrun for example_branch_datetime_operator to 2025-11-13 00:00:00+00:00, run_after=2025-11-14 00:00:00+00:00
[2025-11-14T22:21:11.338+0000] {logging_mixin.py:190} INFO - [2025-11-14T22:21:11.338+0000] {dag.py:4180} INFO - Setting next_dagrun for example_branch_datetime_operator_2 to 2025-11-13 00:00:00+00:00, run_after=2025-11-14 00:00:00+00:00
[2025-11-14T22:21:11.339+0000] {logging_mixin.py:190} INFO - [2025-11-14T22:21:11.339+0000] {dag.py:4180} INFO - Setting next_dagrun for example_branch_datetime_operator_3 to 2025-11-13 00:00:00+00:00, run_after=2025-11-14 00:00:00+00:00
[2025-11-14T22:21:11.349+0000] {processor.py:208} INFO - Processing /home/airflow/.local/lib/python3.12/site-packages/airflow/example_dags/example_branch_datetime_operator.py took 0.053 seconds
[2025-11-14T22:21:41.752+0000] {processor.py:186} INFO - Started process (PID=6985) to work on /home/airflow/.local/lib/python3.12/site-packages/airflow/example_dags/example_branch_datetime_operator.py
[2025-11-14T22:21:41.753+0000] {processor.py:914} INFO - Processing file /home/airflow/.local/lib/python3.12/site-packages/airflow/example_dags/example_branch_datetime_operator.py for tasks to queue
[2025-11-14T22:21:41.754+0000] {logging_mixin.py:190} INFO - [2025-11-14T22:21:41.754+0000] {dagbag.py:588} INFO - Filling up the DagBag from /home/airflow/.local/lib/python3.12/site-packages/airflow/example_dags/example_branch_datetime_operator.py
[2025-11-14T22:21:41.761+0000] {processor.py:925} INFO - DAG(s) 'example_branch_datetime_operator_3', 'example_branch_datetime_operator_2', 'example_branch_datetime_operator' retrieved from /home/airflow/.local/lib/python3.12/site-packages/airflow/example_dags/example_branch_datetime_operator.py
[2025-11-14T22:21:41.775+0000] {logging_mixin.py:190} INFO - [2025-11-14T22:21:41.775+0000] {dag.py:3239} INFO - Sync 3 DAGs
[2025-11-14T22:21:41.784+0000] {logging_mixin.py:190} INFO - [2025-11-14T22:21:41.783+0000] {dag.py:4180} INFO - Setting next_dagrun for example_branch_datetime_operator to 2025-11-13 00:00:00+00:00, run_after=2025-11-14 00:00:00+00:00
[2025-11-14T22:21:41.786+0000] {logging_mixin.py:190} INFO - [2025-11-14T22:21:41.786+0000] {dag.py:4180} INFO - Setting next_dagrun for example_branch_datetime_operator_2 to 2025-11-13 00:00:00+00:00, run_after=2025-11-14 00:00:00+00:00
[2025-11-14T22:21:41.787+0000] {logging_mixin.py:190} INFO - [2025-11-14T22:21:41.787+0000] {dag.py:4180} INFO - Setting next_dagrun for example_branch_datetime_operator_3 to 2025-11-13 00:00:00+00:00, run_after=2025-11-14 00:00:00+00:00
[2025-11-14T22:21:41.792+0000] {processor.py:208} INFO - Processing /home/airflow/.local/lib/python3.12/site-packages/airflow/example_dags/example_branch_datetime_operator.py took 0.043 seconds
[2025-11-14T22:23:03.391+0000] {processor.py:186} INFO - Started process (PID=7047) to work on /home/airflow/.local/lib/python3.12/site-packages/airflow/example_dags/example_branch_datetime_operator.py
[2025-11-14T22:23:03.392+0000] {processor.py:914} INFO - Processing file /home/airflow/.local/lib/python3.12/site-packages/airflow/example_dags/example_branch_datetime_operator.py for tasks to queue
[2025-11-14T22:23:03.393+0000] {logging_mixin.py:190} INFO - [2025-11-14T22:23:03.393+0000] {dagbag.py:588} INFO - Filling up the DagBag from /home/airflow/.local/lib/python3.12/site-packages/airflow/example_dags/example_branch_datetime_operator.py
[2025-11-14T22:23:03.398+0000] {processor.py:925} INFO - DAG(s) 'example_branch_datetime_operator_3', 'example_branch_datetime_operator_2', 'example_branch_datetime_operator' retrieved from /home/airflow/.local/lib/python3.12/site-packages/airflow/example_dags/example_branch_datetime_operator.py
[2025-11-14T22:23:03.408+0000] {logging_mixin.py:190} INFO - [2025-11-14T22:23:03.408+0000] {dag.py:3239} INFO - Sync 3 DAGs
[2025-11-14T22:23:03.417+0000] {logging_mixin.py:190} INFO - [2025-11-14T22:23:03.417+0000] {dag.py:4180} INFO - Setting next_dagrun for example_branch_datetime_operator to 2025-11-13 00:00:00+00:00, run_after=2025-11-14 00:00:00+00:00
[2025-11-14T22:23:03.420+0000] {logging_mixin.py:190} INFO - [2025-11-14T22:23:03.420+0000] {dag.py:4180} INFO - Setting next_dagrun for example_branch_datetime_operator_2 to 2025-11-13 00:00:00+00:00, run_after=2025-11-14 00:00:00+00:00
[2025-11-14T22:23:03.421+0000] {logging_mixin.py:190} INFO - [2025-11-14T22:23:03.421+0000] {dag.py:4180} INFO - Setting next_dagrun for example_branch_datetime_operator_3 to 2025-11-13 00:00:00+00:00, run_after=2025-11-14 00:00:00+00:00
[2025-11-14T22:23:03.430+0000] {processor.py:208} INFO - Processing /home/airflow/.local/lib/python3.12/site-packages/airflow/example_dags/example_branch_datetime_operator.py took 0.043 seconds
[2025-11-14T22:23:49.280+0000] {processor.py:186} INFO - Started process (PID=7115) to work on /home/airflow/.local/lib/python3.12/site-packages/airflow/example_dags/example_branch_datetime_operator.py
[2025-11-14T22:23:49.285+0000] {processor.py:914} INFO - Processing file /home/airflow/.local/lib/python3.12/site-packages/airflow/example_dags/example_branch_datetime_operator.py for tasks to queue
[2025-11-14T22:23:49.287+0000] {logging_mixin.py:190} INFO - [2025-11-14T22:23:49.287+0000] {dagbag.py:588} INFO - Filling up the DagBag from /home/airflow/.local/lib/python3.12/site-packages/airflow/example_dags/example_branch_datetime_operator.py
[2025-11-14T22:23:49.295+0000] {processor.py:925} INFO - DAG(s) 'example_branch_datetime_operator_3', 'example_branch_datetime_operator_2', 'example_branch_datetime_operator' retrieved from /home/airflow/.local/lib/python3.12/site-packages/airflow/example_dags/example_branch_datetime_operator.py
[2025-11-14T22:23:49.316+0000] {logging_mixin.py:190} INFO - [2025-11-14T22:23:49.315+0000] {dag.py:3239} INFO - Sync 3 DAGs
[2025-11-14T22:23:49.328+0000] {logging_mixin.py:190} INFO - [2025-11-14T22:23:49.328+0000] {dag.py:4180} INFO - Setting next_dagrun for example_branch_datetime_operator to 2025-11-13 00:00:00+00:00, run_after=2025-11-14 00:00:00+00:00
[2025-11-14T22:23:49.329+0000] {logging_mixin.py:190} INFO - [2025-11-14T22:23:49.329+0000] {dag.py:4180} INFO - Setting next_dagrun for example_branch_datetime_operator_2 to 2025-11-13 00:00:00+00:00, run_after=2025-11-14 00:00:00+00:00
[2025-11-14T22:23:49.330+0000] {logging_mixin.py:190} INFO - [2025-11-14T22:23:49.330+0000] {dag.py:4180} INFO - Setting next_dagrun for example_branch_datetime_operator_3 to 2025-11-13 00:00:00+00:00, run_after=2025-11-14 00:00:00+00:00
[2025-11-14T22:23:49.337+0000] {processor.py:208} INFO - Processing /home/airflow/.local/lib/python3.12/site-packages/airflow/example_dags/example_branch_datetime_operator.py took 0.063 seconds
[2025-11-14T22:33:30.286+0000] {processor.py:186} INFO - Started process (PID=7171) to work on /home/airflow/.local/lib/python3.12/site-packages/airflow/example_dags/example_branch_datetime_operator.py
[2025-11-14T22:33:30.293+0000] {processor.py:914} INFO - Processing file /home/airflow/.local/lib/python3.12/site-packages/airflow/example_dags/example_branch_datetime_operator.py for tasks to queue
[2025-11-14T22:33:30.296+0000] {logging_mixin.py:190} INFO - [2025-11-14T22:33:30.295+0000] {dagbag.py:588} INFO - Filling up the DagBag from /home/airflow/.local/lib/python3.12/site-packages/airflow/example_dags/example_branch_datetime_operator.py
[2025-11-14T22:33:30.305+0000] {processor.py:925} INFO - DAG(s) 'example_branch_datetime_operator_2', 'example_branch_datetime_operator', 'example_branch_datetime_operator_3' retrieved from /home/airflow/.local/lib/python3.12/site-packages/airflow/example_dags/example_branch_datetime_operator.py
[2025-11-14T22:33:30.329+0000] {logging_mixin.py:190} INFO - [2025-11-14T22:33:30.328+0000] {dag.py:3239} INFO - Sync 3 DAGs
[2025-11-14T22:33:30.345+0000] {logging_mixin.py:190} INFO - [2025-11-14T22:33:30.345+0000] {dag.py:4180} INFO - Setting next_dagrun for example_branch_datetime_operator to 2025-11-13 00:00:00+00:00, run_after=2025-11-14 00:00:00+00:00
[2025-11-14T22:33:30.349+0000] {logging_mixin.py:190} INFO - [2025-11-14T22:33:30.349+0000] {dag.py:4180} INFO - Setting next_dagrun for example_branch_datetime_operator_2 to 2025-11-13 00:00:00+00:00, run_after=2025-11-14 00:00:00+00:00
[2025-11-14T22:33:30.351+0000] {logging_mixin.py:190} INFO - [2025-11-14T22:33:30.350+0000] {dag.py:4180} INFO - Setting next_dagrun for example_branch_datetime_operator_3 to 2025-11-13 00:00:00+00:00, run_after=2025-11-14 00:00:00+00:00
[2025-11-14T22:33:30.360+0000] {processor.py:208} INFO - Processing /home/airflow/.local/lib/python3.12/site-packages/airflow/example_dags/example_branch_datetime_operator.py took 0.079 seconds
[2025-11-14T22:34:00.898+0000] {processor.py:186} INFO - Started process (PID=7233) to work on /home/airflow/.local/lib/python3.12/site-packages/airflow/example_dags/example_branch_datetime_operator.py
[2025-11-14T22:34:00.900+0000] {processor.py:914} INFO - Processing file /home/airflow/.local/lib/python3.12/site-packages/airflow/example_dags/example_branch_datetime_operator.py for tasks to queue
[2025-11-14T22:34:00.901+0000] {logging_mixin.py:190} INFO - [2025-11-14T22:34:00.901+0000] {dagbag.py:588} INFO - Filling up the DagBag from /home/airflow/.local/lib/python3.12/site-packages/airflow/example_dags/example_branch_datetime_operator.py
[2025-11-14T22:34:00.911+0000] {processor.py:925} INFO - DAG(s) 'example_branch_datetime_operator_3', 'example_branch_datetime_operator', 'example_branch_datetime_operator_2' retrieved from /home/airflow/.local/lib/python3.12/site-packages/airflow/example_dags/example_branch_datetime_operator.py
[2025-11-14T22:34:00.926+0000] {logging_mixin.py:190} INFO - [2025-11-14T22:34:00.926+0000] {dag.py:3239} INFO - Sync 3 DAGs
[2025-11-14T22:34:00.940+0000] {logging_mixin.py:190} INFO - [2025-11-14T22:34:00.940+0000] {dag.py:4180} INFO - Setting next_dagrun for example_branch_datetime_operator to 2025-11-13 00:00:00+00:00, run_after=2025-11-14 00:00:00+00:00
[2025-11-14T22:34:00.946+0000] {logging_mixin.py:190} INFO - [2025-11-14T22:34:00.946+0000] {dag.py:4180} INFO - Setting next_dagrun for example_branch_datetime_operator_2 to 2025-11-13 00:00:00+00:00, run_after=2025-11-14 00:00:00+00:00
[2025-11-14T22:34:00.947+0000] {logging_mixin.py:190} INFO - [2025-11-14T22:34:00.947+0000] {dag.py:4180} INFO - Setting next_dagrun for example_branch_datetime_operator_3 to 2025-11-13 00:00:00+00:00, run_after=2025-11-14 00:00:00+00:00
[2025-11-14T22:34:00.954+0000] {processor.py:208} INFO - Processing /home/airflow/.local/lib/python3.12/site-packages/airflow/example_dags/example_branch_datetime_operator.py took 0.060 seconds
[2025-11-14T22:34:31.217+0000] {processor.py:186} INFO - Started process (PID=7295) to work on /home/airflow/.local/lib/python3.12/site-packages/airflow/example_dags/example_branch_datetime_operator.py
[2025-11-14T22:34:31.217+0000] {processor.py:914} INFO - Processing file /home/airflow/.local/lib/python3.12/site-packages/airflow/example_dags/example_branch_datetime_operator.py for tasks to queue
[2025-11-14T22:34:31.221+0000] {logging_mixin.py:190} INFO - [2025-11-14T22:34:31.221+0000] {dagbag.py:588} INFO - Filling up the DagBag from /home/airflow/.local/lib/python3.12/site-packages/airflow/example_dags/example_branch_datetime_operator.py
[2025-11-14T22:34:31.229+0000] {processor.py:925} INFO - DAG(s) 'example_branch_datetime_operator_3', 'example_branch_datetime_operator', 'example_branch_datetime_operator_2' retrieved from /home/airflow/.local/lib/python3.12/site-packages/airflow/example_dags/example_branch_datetime_operator.py
[2025-11-14T22:34:31.247+0000] {logging_mixin.py:190} INFO - [2025-11-14T22:34:31.247+0000] {dag.py:3239} INFO - Sync 3 DAGs
[2025-11-14T22:34:31.257+0000] {logging_mixin.py:190} INFO - [2025-11-14T22:34:31.257+0000] {dag.py:4180} INFO - Setting next_dagrun for example_branch_datetime_operator to 2025-11-13 00:00:00+00:00, run_after=2025-11-14 00:00:00+00:00
[2025-11-14T22:34:31.259+0000] {logging_mixin.py:190} INFO - [2025-11-14T22:34:31.259+0000] {dag.py:4180} INFO - Setting next_dagrun for example_branch_datetime_operator_2 to 2025-11-13 00:00:00+00:00, run_after=2025-11-14 00:00:00+00:00
[2025-11-14T22:34:31.260+0000] {logging_mixin.py:190} INFO - [2025-11-14T22:34:31.260+0000] {dag.py:4180} INFO - Setting next_dagrun for example_branch_datetime_operator_3 to 2025-11-13 00:00:00+00:00, run_after=2025-11-14 00:00:00+00:00
[2025-11-14T22:34:31.266+0000] {processor.py:208} INFO - Processing /home/airflow/.local/lib/python3.12/site-packages/airflow/example_dags/example_branch_datetime_operator.py took 0.053 seconds
[2025-11-14T22:35:01.497+0000] {processor.py:186} INFO - Started process (PID=7357) to work on /home/airflow/.local/lib/python3.12/site-packages/airflow/example_dags/example_branch_datetime_operator.py
[2025-11-14T22:35:01.499+0000] {processor.py:914} INFO - Processing file /home/airflow/.local/lib/python3.12/site-packages/airflow/example_dags/example_branch_datetime_operator.py for tasks to queue
[2025-11-14T22:35:01.500+0000] {logging_mixin.py:190} INFO - [2025-11-14T22:35:01.500+0000] {dagbag.py:588} INFO - Filling up the DagBag from /home/airflow/.local/lib/python3.12/site-packages/airflow/example_dags/example_branch_datetime_operator.py
[2025-11-14T22:35:01.506+0000] {processor.py:925} INFO - DAG(s) 'example_branch_datetime_operator_2', 'example_branch_datetime_operator', 'example_branch_datetime_operator_3' retrieved from /home/airflow/.local/lib/python3.12/site-packages/airflow/example_dags/example_branch_datetime_operator.py
[2025-11-14T22:35:01.522+0000] {logging_mixin.py:190} INFO - [2025-11-14T22:35:01.522+0000] {dag.py:3239} INFO - Sync 3 DAGs
[2025-11-14T22:35:01.533+0000] {logging_mixin.py:190} INFO - [2025-11-14T22:35:01.533+0000] {dag.py:4180} INFO - Setting next_dagrun for example_branch_datetime_operator to 2025-11-13 00:00:00+00:00, run_after=2025-11-14 00:00:00+00:00
[2025-11-14T22:35:01.536+0000] {logging_mixin.py:190} INFO - [2025-11-14T22:35:01.536+0000] {dag.py:4180} INFO - Setting next_dagrun for example_branch_datetime_operator_2 to 2025-11-13 00:00:00+00:00, run_after=2025-11-14 00:00:00+00:00
[2025-11-14T22:35:01.538+0000] {logging_mixin.py:190} INFO - [2025-11-14T22:35:01.538+0000] {dag.py:4180} INFO - Setting next_dagrun for example_branch_datetime_operator_3 to 2025-11-13 00:00:00+00:00, run_after=2025-11-14 00:00:00+00:00
[2025-11-14T22:35:01.544+0000] {processor.py:208} INFO - Processing /home/airflow/.local/lib/python3.12/site-packages/airflow/example_dags/example_branch_datetime_operator.py took 0.050 seconds
[2025-11-14T22:35:31.614+0000] {processor.py:186} INFO - Started process (PID=7419) to work on /home/airflow/.local/lib/python3.12/site-packages/airflow/example_dags/example_branch_datetime_operator.py
[2025-11-14T22:35:31.615+0000] {processor.py:914} INFO - Processing file /home/airflow/.local/lib/python3.12/site-packages/airflow/example_dags/example_branch_datetime_operator.py for tasks to queue
[2025-11-14T22:35:31.616+0000] {logging_mixin.py:190} INFO - [2025-11-14T22:35:31.616+0000] {dagbag.py:588} INFO - Filling up the DagBag from /home/airflow/.local/lib/python3.12/site-packages/airflow/example_dags/example_branch_datetime_operator.py
[2025-11-14T22:35:31.625+0000] {processor.py:925} INFO - DAG(s) 'example_branch_datetime_operator_3', 'example_branch_datetime_operator_2', 'example_branch_datetime_operator' retrieved from /home/airflow/.local/lib/python3.12/site-packages/airflow/example_dags/example_branch_datetime_operator.py
[2025-11-14T22:35:31.637+0000] {logging_mixin.py:190} INFO - [2025-11-14T22:35:31.637+0000] {dag.py:3239} INFO - Sync 3 DAGs
[2025-11-14T22:35:31.647+0000] {logging_mixin.py:190} INFO - [2025-11-14T22:35:31.647+0000] {dag.py:4180} INFO - Setting next_dagrun for example_branch_datetime_operator to 2025-11-13 00:00:00+00:00, run_after=2025-11-14 00:00:00+00:00
[2025-11-14T22:35:31.649+0000] {logging_mixin.py:190} INFO - [2025-11-14T22:35:31.649+0000] {dag.py:4180} INFO - Setting next_dagrun for example_branch_datetime_operator_2 to 2025-11-13 00:00:00+00:00, run_after=2025-11-14 00:00:00+00:00
[2025-11-14T22:35:31.650+0000] {logging_mixin.py:190} INFO - [2025-11-14T22:35:31.650+0000] {dag.py:4180} INFO - Setting next_dagrun for example_branch_datetime_operator_3 to 2025-11-13 00:00:00+00:00, run_after=2025-11-14 00:00:00+00:00
[2025-11-14T22:35:31.656+0000] {processor.py:208} INFO - Processing /home/airflow/.local/lib/python3.12/site-packages/airflow/example_dags/example_branch_datetime_operator.py took 0.045 seconds
[2025-11-14T22:36:02.653+0000] {processor.py:186} INFO - Started process (PID=7481) to work on /home/airflow/.local/lib/python3.12/site-packages/airflow/example_dags/example_branch_datetime_operator.py
[2025-11-14T22:36:02.655+0000] {processor.py:914} INFO - Processing file /home/airflow/.local/lib/python3.12/site-packages/airflow/example_dags/example_branch_datetime_operator.py for tasks to queue
[2025-11-14T22:36:02.657+0000] {logging_mixin.py:190} INFO - [2025-11-14T22:36:02.656+0000] {dagbag.py:588} INFO - Filling up the DagBag from /home/airflow/.local/lib/python3.12/site-packages/airflow/example_dags/example_branch_datetime_operator.py
[2025-11-14T22:36:02.662+0000] {processor.py:925} INFO - DAG(s) 'example_branch_datetime_operator_2', 'example_branch_datetime_operator_3', 'example_branch_datetime_operator' retrieved from /home/airflow/.local/lib/python3.12/site-packages/airflow/example_dags/example_branch_datetime_operator.py
[2025-11-14T22:36:02.679+0000] {logging_mixin.py:190} INFO - [2025-11-14T22:36:02.679+0000] {dag.py:3239} INFO - Sync 3 DAGs
[2025-11-14T22:36:02.688+0000] {logging_mixin.py:190} INFO - [2025-11-14T22:36:02.688+0000] {dag.py:4180} INFO - Setting next_dagrun for example_branch_datetime_operator to 2025-11-13 00:00:00+00:00, run_after=2025-11-14 00:00:00+00:00
[2025-11-14T22:36:02.690+0000] {logging_mixin.py:190} INFO - [2025-11-14T22:36:02.690+0000] {dag.py:4180} INFO - Setting next_dagrun for example_branch_datetime_operator_2 to 2025-11-13 00:00:00+00:00, run_after=2025-11-14 00:00:00+00:00
[2025-11-14T22:36:02.691+0000] {logging_mixin.py:190} INFO - [2025-11-14T22:36:02.691+0000] {dag.py:4180} INFO - Setting next_dagrun for example_branch_datetime_operator_3 to 2025-11-13 00:00:00+00:00, run_after=2025-11-14 00:00:00+00:00
[2025-11-14T22:36:02.697+0000] {processor.py:208} INFO - Processing /home/airflow/.local/lib/python3.12/site-packages/airflow/example_dags/example_branch_datetime_operator.py took 0.047 seconds
[2025-11-14T22:36:33.402+0000] {processor.py:186} INFO - Started process (PID=7543) to work on /home/airflow/.local/lib/python3.12/site-packages/airflow/example_dags/example_branch_datetime_operator.py
[2025-11-14T22:36:33.404+0000] {processor.py:914} INFO - Processing file /home/airflow/.local/lib/python3.12/site-packages/airflow/example_dags/example_branch_datetime_operator.py for tasks to queue
[2025-11-14T22:36:33.406+0000] {logging_mixin.py:190} INFO - [2025-11-14T22:36:33.405+0000] {dagbag.py:588} INFO - Filling up the DagBag from /home/airflow/.local/lib/python3.12/site-packages/airflow/example_dags/example_branch_datetime_operator.py
[2025-11-14T22:36:33.411+0000] {processor.py:925} INFO - DAG(s) 'example_branch_datetime_operator_2', 'example_branch_datetime_operator_3', 'example_branch_datetime_operator' retrieved from /home/airflow/.local/lib/python3.12/site-packages/airflow/example_dags/example_branch_datetime_operator.py
[2025-11-14T22:36:33.426+0000] {logging_mixin.py:190} INFO - [2025-11-14T22:36:33.425+0000] {dag.py:3239} INFO - Sync 3 DAGs
[2025-11-14T22:36:33.435+0000] {logging_mixin.py:190} INFO - [2025-11-14T22:36:33.435+0000] {dag.py:4180} INFO - Setting next_dagrun for example_branch_datetime_operator to 2025-11-13 00:00:00+00:00, run_after=2025-11-14 00:00:00+00:00
[2025-11-14T22:36:33.438+0000] {logging_mixin.py:190} INFO - [2025-11-14T22:36:33.438+0000] {dag.py:4180} INFO - Setting next_dagrun for example_branch_datetime_operator_2 to 2025-11-13 00:00:00+00:00, run_after=2025-11-14 00:00:00+00:00
[2025-11-14T22:36:33.440+0000] {logging_mixin.py:190} INFO - [2025-11-14T22:36:33.440+0000] {dag.py:4180} INFO - Setting next_dagrun for example_branch_datetime_operator_3 to 2025-11-13 00:00:00+00:00, run_after=2025-11-14 00:00:00+00:00
[2025-11-14T22:36:33.450+0000] {processor.py:208} INFO - Processing /home/airflow/.local/lib/python3.12/site-packages/airflow/example_dags/example_branch_datetime_operator.py took 0.050 seconds
[2025-11-14T22:37:18.089+0000] {processor.py:186} INFO - Started process (PID=91) to work on /home/airflow/.local/lib/python3.12/site-packages/airflow/example_dags/example_branch_datetime_operator.py
[2025-11-14T22:37:18.089+0000] {processor.py:914} INFO - Processing file /home/airflow/.local/lib/python3.12/site-packages/airflow/example_dags/example_branch_datetime_operator.py for tasks to queue
[2025-11-14T22:37:18.091+0000] {logging_mixin.py:190} INFO - [2025-11-14T22:37:18.090+0000] {dagbag.py:588} INFO - Filling up the DagBag from /home/airflow/.local/lib/python3.12/site-packages/airflow/example_dags/example_branch_datetime_operator.py
[2025-11-14T22:37:18.096+0000] {processor.py:925} INFO - DAG(s) 'example_branch_datetime_operator', 'example_branch_datetime_operator_3', 'example_branch_datetime_operator_2' retrieved from /home/airflow/.local/lib/python3.12/site-packages/airflow/example_dags/example_branch_datetime_operator.py
[2025-11-14T22:37:18.107+0000] {logging_mixin.py:190} INFO - [2025-11-14T22:37:18.107+0000] {dag.py:3239} INFO - Sync 3 DAGs
[2025-11-14T22:37:18.120+0000] {logging_mixin.py:190} INFO - [2025-11-14T22:37:18.120+0000] {dag.py:4180} INFO - Setting next_dagrun for example_branch_datetime_operator to 2025-11-13 00:00:00+00:00, run_after=2025-11-14 00:00:00+00:00
[2025-11-14T22:37:18.123+0000] {logging_mixin.py:190} INFO - [2025-11-14T22:37:18.123+0000] {dag.py:4180} INFO - Setting next_dagrun for example_branch_datetime_operator_2 to 2025-11-13 00:00:00+00:00, run_after=2025-11-14 00:00:00+00:00
[2025-11-14T22:37:18.124+0000] {logging_mixin.py:190} INFO - [2025-11-14T22:37:18.124+0000] {dag.py:4180} INFO - Setting next_dagrun for example_branch_datetime_operator_3 to 2025-11-13 00:00:00+00:00, run_after=2025-11-14 00:00:00+00:00
[2025-11-14T22:37:18.133+0000] {processor.py:208} INFO - Processing /home/airflow/.local/lib/python3.12/site-packages/airflow/example_dags/example_branch_datetime_operator.py took 0.048 seconds
[2025-11-14T22:37:48.301+0000] {processor.py:186} INFO - Started process (PID=153) to work on /home/airflow/.local/lib/python3.12/site-packages/airflow/example_dags/example_branch_datetime_operator.py
[2025-11-14T22:37:48.303+0000] {processor.py:914} INFO - Processing file /home/airflow/.local/lib/python3.12/site-packages/airflow/example_dags/example_branch_datetime_operator.py for tasks to queue
[2025-11-14T22:37:48.305+0000] {logging_mixin.py:190} INFO - [2025-11-14T22:37:48.304+0000] {dagbag.py:588} INFO - Filling up the DagBag from /home/airflow/.local/lib/python3.12/site-packages/airflow/example_dags/example_branch_datetime_operator.py
[2025-11-14T22:37:48.312+0000] {processor.py:925} INFO - DAG(s) 'example_branch_datetime_operator_3', 'example_branch_datetime_operator', 'example_branch_datetime_operator_2' retrieved from /home/airflow/.local/lib/python3.12/site-packages/airflow/example_dags/example_branch_datetime_operator.py
[2025-11-14T22:37:48.327+0000] {logging_mixin.py:190} INFO - [2025-11-14T22:37:48.327+0000] {dag.py:3239} INFO - Sync 3 DAGs
[2025-11-14T22:37:48.338+0000] {logging_mixin.py:190} INFO - [2025-11-14T22:37:48.338+0000] {dag.py:4180} INFO - Setting next_dagrun for example_branch_datetime_operator to 2025-11-13 00:00:00+00:00, run_after=2025-11-14 00:00:00+00:00
[2025-11-14T22:37:48.340+0000] {logging_mixin.py:190} INFO - [2025-11-14T22:37:48.340+0000] {dag.py:4180} INFO - Setting next_dagrun for example_branch_datetime_operator_2 to 2025-11-13 00:00:00+00:00, run_after=2025-11-14 00:00:00+00:00
[2025-11-14T22:37:48.344+0000] {logging_mixin.py:190} INFO - [2025-11-14T22:37:48.344+0000] {dag.py:4180} INFO - Setting next_dagrun for example_branch_datetime_operator_3 to 2025-11-13 00:00:00+00:00, run_after=2025-11-14 00:00:00+00:00
[2025-11-14T22:37:48.351+0000] {processor.py:208} INFO - Processing /home/airflow/.local/lib/python3.12/site-packages/airflow/example_dags/example_branch_datetime_operator.py took 0.054 seconds
