[2025-11-14T21:21:17.876+0000] {processor.py:186} INFO - Started process (PID=106) to work on /home/airflow/.local/lib/python3.12/site-packages/airflow/example_dags/example_sla_dag.py
[2025-11-14T21:21:17.877+0000] {processor.py:914} INFO - Processing file /home/airflow/.local/lib/python3.12/site-packages/airflow/example_dags/example_sla_dag.py for tasks to queue
[2025-11-14T21:21:17.879+0000] {logging_mixin.py:190} INFO - [2025-11-14T21:21:17.878+0000] {dagbag.py:588} INFO - Filling up the DagBag from /home/airflow/.local/lib/python3.12/site-packages/airflow/example_dags/example_sla_dag.py
[2025-11-14T21:21:17.884+0000] {processor.py:925} INFO - DAG(s) 'example_sla_dag' retrieved from /home/airflow/.local/lib/python3.12/site-packages/airflow/example_dags/example_sla_dag.py
[2025-11-14T21:21:17.929+0000] {logging_mixin.py:190} INFO - [2025-11-14T21:21:17.928+0000] {override.py:1900} INFO - Created Permission View: can edit on DAG:example_sla_dag
[2025-11-14T21:21:17.932+0000] {logging_mixin.py:190} INFO - [2025-11-14T21:21:17.932+0000] {override.py:1900} INFO - Created Permission View: can read on DAG:example_sla_dag
[2025-11-14T21:21:17.934+0000] {logging_mixin.py:190} INFO - [2025-11-14T21:21:17.934+0000] {override.py:1900} INFO - Created Permission View: can delete on DAG:example_sla_dag
[2025-11-14T21:21:17.936+0000] {logging_mixin.py:190} INFO - [2025-11-14T21:21:17.936+0000] {override.py:1900} INFO - Created Permission View: menu access on DAG Run:example_sla_dag
[2025-11-14T21:21:17.937+0000] {logging_mixin.py:190} INFO - [2025-11-14T21:21:17.937+0000] {override.py:1900} INFO - Created Permission View: can delete on DAG Run:example_sla_dag
[2025-11-14T21:21:17.939+0000] {logging_mixin.py:190} INFO - [2025-11-14T21:21:17.939+0000] {override.py:1900} INFO - Created Permission View: can read on DAG Run:example_sla_dag
[2025-11-14T21:21:17.941+0000] {logging_mixin.py:190} INFO - [2025-11-14T21:21:17.941+0000] {override.py:1900} INFO - Created Permission View: can create on DAG Run:example_sla_dag
[2025-11-14T21:21:17.941+0000] {logging_mixin.py:190} INFO - [2025-11-14T21:21:17.941+0000] {dag.py:3239} INFO - Sync 1 DAGs
[2025-11-14T21:21:17.954+0000] {logging_mixin.py:190} INFO - [2025-11-14T21:21:17.953+0000] {dag.py:3262} INFO - Creating ORM DAG for example_sla_dag
[2025-11-14T21:21:17.962+0000] {logging_mixin.py:190} INFO - [2025-11-14T21:21:17.962+0000] {dag.py:4180} INFO - Setting next_dagrun for example_sla_dag to 2025-11-14 21:18:00+00:00, run_after=2025-11-14 21:20:00+00:00
[2025-11-14T21:21:17.973+0000] {processor.py:208} INFO - Processing /home/airflow/.local/lib/python3.12/site-packages/airflow/example_dags/example_sla_dag.py took 0.101 seconds
[2025-11-14T21:21:48.472+0000] {processor.py:186} INFO - Started process (PID=168) to work on /home/airflow/.local/lib/python3.12/site-packages/airflow/example_dags/example_sla_dag.py
[2025-11-14T21:21:48.474+0000] {processor.py:914} INFO - Processing file /home/airflow/.local/lib/python3.12/site-packages/airflow/example_dags/example_sla_dag.py for tasks to queue
[2025-11-14T21:21:48.475+0000] {logging_mixin.py:190} INFO - [2025-11-14T21:21:48.475+0000] {dagbag.py:588} INFO - Filling up the DagBag from /home/airflow/.local/lib/python3.12/site-packages/airflow/example_dags/example_sla_dag.py
[2025-11-14T21:21:48.481+0000] {processor.py:925} INFO - DAG(s) 'example_sla_dag' retrieved from /home/airflow/.local/lib/python3.12/site-packages/airflow/example_dags/example_sla_dag.py
[2025-11-14T21:21:48.496+0000] {logging_mixin.py:190} INFO - [2025-11-14T21:21:48.496+0000] {dag.py:3239} INFO - Sync 1 DAGs
[2025-11-14T21:21:48.517+0000] {logging_mixin.py:190} INFO - [2025-11-14T21:21:48.517+0000] {dag.py:4180} INFO - Setting next_dagrun for example_sla_dag to 2025-11-14 21:18:00+00:00, run_after=2025-11-14 21:20:00+00:00
[2025-11-14T21:21:48.525+0000] {processor.py:208} INFO - Processing /home/airflow/.local/lib/python3.12/site-packages/airflow/example_dags/example_sla_dag.py took 0.056 seconds
[2025-11-14T21:22:18.611+0000] {processor.py:186} INFO - Started process (PID=230) to work on /home/airflow/.local/lib/python3.12/site-packages/airflow/example_dags/example_sla_dag.py
[2025-11-14T21:22:18.614+0000] {processor.py:914} INFO - Processing file /home/airflow/.local/lib/python3.12/site-packages/airflow/example_dags/example_sla_dag.py for tasks to queue
[2025-11-14T21:22:18.615+0000] {logging_mixin.py:190} INFO - [2025-11-14T21:22:18.615+0000] {dagbag.py:588} INFO - Filling up the DagBag from /home/airflow/.local/lib/python3.12/site-packages/airflow/example_dags/example_sla_dag.py
[2025-11-14T21:22:18.620+0000] {processor.py:925} INFO - DAG(s) 'example_sla_dag' retrieved from /home/airflow/.local/lib/python3.12/site-packages/airflow/example_dags/example_sla_dag.py
[2025-11-14T21:22:18.633+0000] {logging_mixin.py:190} INFO - [2025-11-14T21:22:18.633+0000] {dag.py:3239} INFO - Sync 1 DAGs
[2025-11-14T21:22:18.650+0000] {logging_mixin.py:190} INFO - [2025-11-14T21:22:18.650+0000] {dag.py:4180} INFO - Setting next_dagrun for example_sla_dag to 2025-11-14 21:20:00+00:00, run_after=2025-11-14 21:22:00+00:00
[2025-11-14T21:22:18.662+0000] {processor.py:208} INFO - Processing /home/airflow/.local/lib/python3.12/site-packages/airflow/example_dags/example_sla_dag.py took 0.053 seconds
[2025-11-14T21:22:49.056+0000] {processor.py:186} INFO - Started process (PID=292) to work on /home/airflow/.local/lib/python3.12/site-packages/airflow/example_dags/example_sla_dag.py
[2025-11-14T21:22:49.057+0000] {processor.py:914} INFO - Processing file /home/airflow/.local/lib/python3.12/site-packages/airflow/example_dags/example_sla_dag.py for tasks to queue
[2025-11-14T21:22:49.058+0000] {logging_mixin.py:190} INFO - [2025-11-14T21:22:49.058+0000] {dagbag.py:588} INFO - Filling up the DagBag from /home/airflow/.local/lib/python3.12/site-packages/airflow/example_dags/example_sla_dag.py
[2025-11-14T21:22:49.062+0000] {processor.py:925} INFO - DAG(s) 'example_sla_dag' retrieved from /home/airflow/.local/lib/python3.12/site-packages/airflow/example_dags/example_sla_dag.py
[2025-11-14T21:22:49.070+0000] {logging_mixin.py:190} INFO - [2025-11-14T21:22:49.069+0000] {dag.py:3239} INFO - Sync 1 DAGs
[2025-11-14T21:22:49.080+0000] {logging_mixin.py:190} INFO - [2025-11-14T21:22:49.080+0000] {dag.py:4180} INFO - Setting next_dagrun for example_sla_dag to 2025-11-14 21:20:00+00:00, run_after=2025-11-14 21:22:00+00:00
[2025-11-14T21:22:49.086+0000] {processor.py:208} INFO - Processing /home/airflow/.local/lib/python3.12/site-packages/airflow/example_dags/example_sla_dag.py took 0.032 seconds
[2025-11-14T21:23:19.187+0000] {processor.py:186} INFO - Started process (PID=354) to work on /home/airflow/.local/lib/python3.12/site-packages/airflow/example_dags/example_sla_dag.py
[2025-11-14T21:23:19.187+0000] {processor.py:914} INFO - Processing file /home/airflow/.local/lib/python3.12/site-packages/airflow/example_dags/example_sla_dag.py for tasks to queue
[2025-11-14T21:23:19.189+0000] {logging_mixin.py:190} INFO - [2025-11-14T21:23:19.189+0000] {dagbag.py:588} INFO - Filling up the DagBag from /home/airflow/.local/lib/python3.12/site-packages/airflow/example_dags/example_sla_dag.py
[2025-11-14T21:23:19.193+0000] {processor.py:925} INFO - DAG(s) 'example_sla_dag' retrieved from /home/airflow/.local/lib/python3.12/site-packages/airflow/example_dags/example_sla_dag.py
[2025-11-14T21:23:19.201+0000] {logging_mixin.py:190} INFO - [2025-11-14T21:23:19.201+0000] {dag.py:3239} INFO - Sync 1 DAGs
[2025-11-14T21:23:19.211+0000] {logging_mixin.py:190} INFO - [2025-11-14T21:23:19.210+0000] {dag.py:4180} INFO - Setting next_dagrun for example_sla_dag to 2025-11-14 21:20:00+00:00, run_after=2025-11-14 21:22:00+00:00
[2025-11-14T21:23:19.216+0000] {processor.py:208} INFO - Processing /home/airflow/.local/lib/python3.12/site-packages/airflow/example_dags/example_sla_dag.py took 0.032 seconds
[2025-11-14T21:23:49.618+0000] {processor.py:186} INFO - Started process (PID=415) to work on /home/airflow/.local/lib/python3.12/site-packages/airflow/example_dags/example_sla_dag.py
[2025-11-14T21:23:49.619+0000] {processor.py:914} INFO - Processing file /home/airflow/.local/lib/python3.12/site-packages/airflow/example_dags/example_sla_dag.py for tasks to queue
[2025-11-14T21:23:49.621+0000] {logging_mixin.py:190} INFO - [2025-11-14T21:23:49.621+0000] {dagbag.py:588} INFO - Filling up the DagBag from /home/airflow/.local/lib/python3.12/site-packages/airflow/example_dags/example_sla_dag.py
[2025-11-14T21:23:49.627+0000] {processor.py:925} INFO - DAG(s) 'example_sla_dag' retrieved from /home/airflow/.local/lib/python3.12/site-packages/airflow/example_dags/example_sla_dag.py
[2025-11-14T21:23:49.635+0000] {logging_mixin.py:190} INFO - [2025-11-14T21:23:49.635+0000] {dag.py:3239} INFO - Sync 1 DAGs
[2025-11-14T21:23:49.648+0000] {logging_mixin.py:190} INFO - [2025-11-14T21:23:49.647+0000] {dag.py:4180} INFO - Setting next_dagrun for example_sla_dag to 2025-11-14 21:20:00+00:00, run_after=2025-11-14 21:22:00+00:00
[2025-11-14T21:23:49.654+0000] {processor.py:208} INFO - Processing /home/airflow/.local/lib/python3.12/site-packages/airflow/example_dags/example_sla_dag.py took 0.040 seconds
[2025-11-14T21:24:20.045+0000] {processor.py:186} INFO - Started process (PID=477) to work on /home/airflow/.local/lib/python3.12/site-packages/airflow/example_dags/example_sla_dag.py
[2025-11-14T21:24:20.047+0000] {processor.py:914} INFO - Processing file /home/airflow/.local/lib/python3.12/site-packages/airflow/example_dags/example_sla_dag.py for tasks to queue
[2025-11-14T21:24:20.049+0000] {logging_mixin.py:190} INFO - [2025-11-14T21:24:20.048+0000] {dagbag.py:588} INFO - Filling up the DagBag from /home/airflow/.local/lib/python3.12/site-packages/airflow/example_dags/example_sla_dag.py
[2025-11-14T21:24:20.053+0000] {processor.py:925} INFO - DAG(s) 'example_sla_dag' retrieved from /home/airflow/.local/lib/python3.12/site-packages/airflow/example_dags/example_sla_dag.py
[2025-11-14T21:24:20.061+0000] {logging_mixin.py:190} INFO - [2025-11-14T21:24:20.060+0000] {dag.py:3239} INFO - Sync 1 DAGs
[2025-11-14T21:24:20.070+0000] {logging_mixin.py:190} INFO - [2025-11-14T21:24:20.070+0000] {dag.py:4180} INFO - Setting next_dagrun for example_sla_dag to 2025-11-14 21:22:00+00:00, run_after=2025-11-14 21:24:00+00:00
[2025-11-14T21:24:20.076+0000] {processor.py:208} INFO - Processing /home/airflow/.local/lib/python3.12/site-packages/airflow/example_dags/example_sla_dag.py took 0.033 seconds
[2025-11-14T21:24:50.520+0000] {processor.py:186} INFO - Started process (PID=539) to work on /home/airflow/.local/lib/python3.12/site-packages/airflow/example_dags/example_sla_dag.py
[2025-11-14T21:24:50.523+0000] {processor.py:914} INFO - Processing file /home/airflow/.local/lib/python3.12/site-packages/airflow/example_dags/example_sla_dag.py for tasks to queue
[2025-11-14T21:24:50.525+0000] {logging_mixin.py:190} INFO - [2025-11-14T21:24:50.525+0000] {dagbag.py:588} INFO - Filling up the DagBag from /home/airflow/.local/lib/python3.12/site-packages/airflow/example_dags/example_sla_dag.py
[2025-11-14T21:24:50.533+0000] {processor.py:925} INFO - DAG(s) 'example_sla_dag' retrieved from /home/airflow/.local/lib/python3.12/site-packages/airflow/example_dags/example_sla_dag.py
[2025-11-14T21:24:50.542+0000] {logging_mixin.py:190} INFO - [2025-11-14T21:24:50.542+0000] {dag.py:3239} INFO - Sync 1 DAGs
[2025-11-14T21:24:50.553+0000] {logging_mixin.py:190} INFO - [2025-11-14T21:24:50.553+0000] {dag.py:4180} INFO - Setting next_dagrun for example_sla_dag to 2025-11-14 21:22:00+00:00, run_after=2025-11-14 21:24:00+00:00
[2025-11-14T21:24:50.562+0000] {processor.py:208} INFO - Processing /home/airflow/.local/lib/python3.12/site-packages/airflow/example_dags/example_sla_dag.py took 0.051 seconds
[2025-11-14T21:25:21.480+0000] {processor.py:186} INFO - Started process (PID=601) to work on /home/airflow/.local/lib/python3.12/site-packages/airflow/example_dags/example_sla_dag.py
[2025-11-14T21:25:21.481+0000] {processor.py:914} INFO - Processing file /home/airflow/.local/lib/python3.12/site-packages/airflow/example_dags/example_sla_dag.py for tasks to queue
[2025-11-14T21:25:21.482+0000] {logging_mixin.py:190} INFO - [2025-11-14T21:25:21.482+0000] {dagbag.py:588} INFO - Filling up the DagBag from /home/airflow/.local/lib/python3.12/site-packages/airflow/example_dags/example_sla_dag.py
[2025-11-14T21:25:21.486+0000] {processor.py:925} INFO - DAG(s) 'example_sla_dag' retrieved from /home/airflow/.local/lib/python3.12/site-packages/airflow/example_dags/example_sla_dag.py
[2025-11-14T21:25:21.495+0000] {logging_mixin.py:190} INFO - [2025-11-14T21:25:21.494+0000] {dag.py:3239} INFO - Sync 1 DAGs
[2025-11-14T21:25:21.507+0000] {logging_mixin.py:190} INFO - [2025-11-14T21:25:21.507+0000] {dag.py:4180} INFO - Setting next_dagrun for example_sla_dag to 2025-11-14 21:22:00+00:00, run_after=2025-11-14 21:24:00+00:00
[2025-11-14T21:25:21.515+0000] {processor.py:208} INFO - Processing /home/airflow/.local/lib/python3.12/site-packages/airflow/example_dags/example_sla_dag.py took 0.037 seconds
[2025-11-14T21:25:51.635+0000] {processor.py:186} INFO - Started process (PID=663) to work on /home/airflow/.local/lib/python3.12/site-packages/airflow/example_dags/example_sla_dag.py
[2025-11-14T21:25:51.637+0000] {processor.py:914} INFO - Processing file /home/airflow/.local/lib/python3.12/site-packages/airflow/example_dags/example_sla_dag.py for tasks to queue
[2025-11-14T21:25:51.638+0000] {logging_mixin.py:190} INFO - [2025-11-14T21:25:51.638+0000] {dagbag.py:588} INFO - Filling up the DagBag from /home/airflow/.local/lib/python3.12/site-packages/airflow/example_dags/example_sla_dag.py
[2025-11-14T21:25:51.643+0000] {processor.py:925} INFO - DAG(s) 'example_sla_dag' retrieved from /home/airflow/.local/lib/python3.12/site-packages/airflow/example_dags/example_sla_dag.py
[2025-11-14T21:25:51.651+0000] {logging_mixin.py:190} INFO - [2025-11-14T21:25:51.650+0000] {dag.py:3239} INFO - Sync 1 DAGs
[2025-11-14T21:25:51.659+0000] {logging_mixin.py:190} INFO - [2025-11-14T21:25:51.659+0000] {dag.py:4180} INFO - Setting next_dagrun for example_sla_dag to 2025-11-14 21:22:00+00:00, run_after=2025-11-14 21:24:00+00:00
[2025-11-14T21:25:51.666+0000] {processor.py:208} INFO - Processing /home/airflow/.local/lib/python3.12/site-packages/airflow/example_dags/example_sla_dag.py took 0.034 seconds
[2025-11-14T21:26:21.691+0000] {processor.py:186} INFO - Started process (PID=725) to work on /home/airflow/.local/lib/python3.12/site-packages/airflow/example_dags/example_sla_dag.py
[2025-11-14T21:26:21.692+0000] {processor.py:914} INFO - Processing file /home/airflow/.local/lib/python3.12/site-packages/airflow/example_dags/example_sla_dag.py for tasks to queue
[2025-11-14T21:26:21.693+0000] {logging_mixin.py:190} INFO - [2025-11-14T21:26:21.693+0000] {dagbag.py:588} INFO - Filling up the DagBag from /home/airflow/.local/lib/python3.12/site-packages/airflow/example_dags/example_sla_dag.py
[2025-11-14T21:26:21.697+0000] {processor.py:925} INFO - DAG(s) 'example_sla_dag' retrieved from /home/airflow/.local/lib/python3.12/site-packages/airflow/example_dags/example_sla_dag.py
[2025-11-14T21:26:21.705+0000] {logging_mixin.py:190} INFO - [2025-11-14T21:26:21.705+0000] {dag.py:3239} INFO - Sync 1 DAGs
[2025-11-14T21:26:21.715+0000] {logging_mixin.py:190} INFO - [2025-11-14T21:26:21.715+0000] {dag.py:4180} INFO - Setting next_dagrun for example_sla_dag to 2025-11-14 21:24:00+00:00, run_after=2025-11-14 21:26:00+00:00
[2025-11-14T21:26:21.722+0000] {processor.py:208} INFO - Processing /home/airflow/.local/lib/python3.12/site-packages/airflow/example_dags/example_sla_dag.py took 0.033 seconds
[2025-11-14T21:26:51.860+0000] {processor.py:186} INFO - Started process (PID=787) to work on /home/airflow/.local/lib/python3.12/site-packages/airflow/example_dags/example_sla_dag.py
[2025-11-14T21:26:51.860+0000] {processor.py:914} INFO - Processing file /home/airflow/.local/lib/python3.12/site-packages/airflow/example_dags/example_sla_dag.py for tasks to queue
[2025-11-14T21:26:51.861+0000] {logging_mixin.py:190} INFO - [2025-11-14T21:26:51.861+0000] {dagbag.py:588} INFO - Filling up the DagBag from /home/airflow/.local/lib/python3.12/site-packages/airflow/example_dags/example_sla_dag.py
[2025-11-14T21:26:51.866+0000] {processor.py:925} INFO - DAG(s) 'example_sla_dag' retrieved from /home/airflow/.local/lib/python3.12/site-packages/airflow/example_dags/example_sla_dag.py
[2025-11-14T21:26:51.874+0000] {logging_mixin.py:190} INFO - [2025-11-14T21:26:51.874+0000] {dag.py:3239} INFO - Sync 1 DAGs
[2025-11-14T21:26:51.885+0000] {logging_mixin.py:190} INFO - [2025-11-14T21:26:51.885+0000] {dag.py:4180} INFO - Setting next_dagrun for example_sla_dag to 2025-11-14 21:24:00+00:00, run_after=2025-11-14 21:26:00+00:00
[2025-11-14T21:26:51.893+0000] {processor.py:208} INFO - Processing /home/airflow/.local/lib/python3.12/site-packages/airflow/example_dags/example_sla_dag.py took 0.035 seconds
[2025-11-14T21:27:22.864+0000] {processor.py:186} INFO - Started process (PID=849) to work on /home/airflow/.local/lib/python3.12/site-packages/airflow/example_dags/example_sla_dag.py
[2025-11-14T21:27:22.864+0000] {processor.py:914} INFO - Processing file /home/airflow/.local/lib/python3.12/site-packages/airflow/example_dags/example_sla_dag.py for tasks to queue
[2025-11-14T21:27:22.865+0000] {logging_mixin.py:190} INFO - [2025-11-14T21:27:22.865+0000] {dagbag.py:588} INFO - Filling up the DagBag from /home/airflow/.local/lib/python3.12/site-packages/airflow/example_dags/example_sla_dag.py
[2025-11-14T21:27:22.869+0000] {processor.py:925} INFO - DAG(s) 'example_sla_dag' retrieved from /home/airflow/.local/lib/python3.12/site-packages/airflow/example_dags/example_sla_dag.py
[2025-11-14T21:27:22.877+0000] {logging_mixin.py:190} INFO - [2025-11-14T21:27:22.877+0000] {dag.py:3239} INFO - Sync 1 DAGs
[2025-11-14T21:27:22.887+0000] {logging_mixin.py:190} INFO - [2025-11-14T21:27:22.886+0000] {dag.py:4180} INFO - Setting next_dagrun for example_sla_dag to 2025-11-14 21:24:00+00:00, run_after=2025-11-14 21:26:00+00:00
[2025-11-14T21:27:22.892+0000] {processor.py:208} INFO - Processing /home/airflow/.local/lib/python3.12/site-packages/airflow/example_dags/example_sla_dag.py took 0.031 seconds
[2025-11-14T21:27:53.731+0000] {processor.py:186} INFO - Started process (PID=911) to work on /home/airflow/.local/lib/python3.12/site-packages/airflow/example_dags/example_sla_dag.py
[2025-11-14T21:27:53.732+0000] {processor.py:914} INFO - Processing file /home/airflow/.local/lib/python3.12/site-packages/airflow/example_dags/example_sla_dag.py for tasks to queue
[2025-11-14T21:27:53.735+0000] {logging_mixin.py:190} INFO - [2025-11-14T21:27:53.735+0000] {dagbag.py:588} INFO - Filling up the DagBag from /home/airflow/.local/lib/python3.12/site-packages/airflow/example_dags/example_sla_dag.py
[2025-11-14T21:27:53.742+0000] {processor.py:925} INFO - DAG(s) 'example_sla_dag' retrieved from /home/airflow/.local/lib/python3.12/site-packages/airflow/example_dags/example_sla_dag.py
[2025-11-14T21:27:53.753+0000] {logging_mixin.py:190} INFO - [2025-11-14T21:27:53.753+0000] {dag.py:3239} INFO - Sync 1 DAGs
[2025-11-14T21:27:53.762+0000] {logging_mixin.py:190} INFO - [2025-11-14T21:27:53.762+0000] {dag.py:4180} INFO - Setting next_dagrun for example_sla_dag to 2025-11-14 21:24:00+00:00, run_after=2025-11-14 21:26:00+00:00
[2025-11-14T21:27:53.767+0000] {processor.py:208} INFO - Processing /home/airflow/.local/lib/python3.12/site-packages/airflow/example_dags/example_sla_dag.py took 0.039 seconds
[2025-11-14T21:28:24.638+0000] {processor.py:186} INFO - Started process (PID=973) to work on /home/airflow/.local/lib/python3.12/site-packages/airflow/example_dags/example_sla_dag.py
[2025-11-14T21:28:24.640+0000] {processor.py:914} INFO - Processing file /home/airflow/.local/lib/python3.12/site-packages/airflow/example_dags/example_sla_dag.py for tasks to queue
[2025-11-14T21:28:24.641+0000] {logging_mixin.py:190} INFO - [2025-11-14T21:28:24.641+0000] {dagbag.py:588} INFO - Filling up the DagBag from /home/airflow/.local/lib/python3.12/site-packages/airflow/example_dags/example_sla_dag.py
[2025-11-14T21:28:24.647+0000] {processor.py:925} INFO - DAG(s) 'example_sla_dag' retrieved from /home/airflow/.local/lib/python3.12/site-packages/airflow/example_dags/example_sla_dag.py
[2025-11-14T21:28:24.655+0000] {logging_mixin.py:190} INFO - [2025-11-14T21:28:24.654+0000] {dag.py:3239} INFO - Sync 1 DAGs
[2025-11-14T21:28:24.664+0000] {logging_mixin.py:190} INFO - [2025-11-14T21:28:24.664+0000] {dag.py:4180} INFO - Setting next_dagrun for example_sla_dag to 2025-11-14 21:26:00+00:00, run_after=2025-11-14 21:28:00+00:00
[2025-11-14T21:28:24.671+0000] {processor.py:208} INFO - Processing /home/airflow/.local/lib/python3.12/site-packages/airflow/example_dags/example_sla_dag.py took 0.036 seconds
[2025-11-14T21:28:55.637+0000] {processor.py:186} INFO - Started process (PID=1035) to work on /home/airflow/.local/lib/python3.12/site-packages/airflow/example_dags/example_sla_dag.py
[2025-11-14T21:28:55.637+0000] {processor.py:914} INFO - Processing file /home/airflow/.local/lib/python3.12/site-packages/airflow/example_dags/example_sla_dag.py for tasks to queue
[2025-11-14T21:28:55.638+0000] {logging_mixin.py:190} INFO - [2025-11-14T21:28:55.638+0000] {dagbag.py:588} INFO - Filling up the DagBag from /home/airflow/.local/lib/python3.12/site-packages/airflow/example_dags/example_sla_dag.py
[2025-11-14T21:28:55.642+0000] {processor.py:925} INFO - DAG(s) 'example_sla_dag' retrieved from /home/airflow/.local/lib/python3.12/site-packages/airflow/example_dags/example_sla_dag.py
[2025-11-14T21:28:55.649+0000] {logging_mixin.py:190} INFO - [2025-11-14T21:28:55.649+0000] {dag.py:3239} INFO - Sync 1 DAGs
[2025-11-14T21:28:55.663+0000] {logging_mixin.py:190} INFO - [2025-11-14T21:28:55.662+0000] {dag.py:4180} INFO - Setting next_dagrun for example_sla_dag to 2025-11-14 21:26:00+00:00, run_after=2025-11-14 21:28:00+00:00
[2025-11-14T21:28:55.671+0000] {processor.py:208} INFO - Processing /home/airflow/.local/lib/python3.12/site-packages/airflow/example_dags/example_sla_dag.py took 0.036 seconds
[2025-11-14T21:29:26.562+0000] {processor.py:186} INFO - Started process (PID=1097) to work on /home/airflow/.local/lib/python3.12/site-packages/airflow/example_dags/example_sla_dag.py
[2025-11-14T21:29:26.563+0000] {processor.py:914} INFO - Processing file /home/airflow/.local/lib/python3.12/site-packages/airflow/example_dags/example_sla_dag.py for tasks to queue
[2025-11-14T21:29:26.564+0000] {logging_mixin.py:190} INFO - [2025-11-14T21:29:26.564+0000] {dagbag.py:588} INFO - Filling up the DagBag from /home/airflow/.local/lib/python3.12/site-packages/airflow/example_dags/example_sla_dag.py
[2025-11-14T21:29:26.569+0000] {processor.py:925} INFO - DAG(s) 'example_sla_dag' retrieved from /home/airflow/.local/lib/python3.12/site-packages/airflow/example_dags/example_sla_dag.py
[2025-11-14T21:29:26.577+0000] {logging_mixin.py:190} INFO - [2025-11-14T21:29:26.577+0000] {dag.py:3239} INFO - Sync 1 DAGs
[2025-11-14T21:29:26.587+0000] {logging_mixin.py:190} INFO - [2025-11-14T21:29:26.587+0000] {dag.py:4180} INFO - Setting next_dagrun for example_sla_dag to 2025-11-14 21:26:00+00:00, run_after=2025-11-14 21:28:00+00:00
[2025-11-14T21:29:26.594+0000] {processor.py:208} INFO - Processing /home/airflow/.local/lib/python3.12/site-packages/airflow/example_dags/example_sla_dag.py took 0.034 seconds
[2025-11-14T21:29:57.864+0000] {processor.py:186} INFO - Started process (PID=1159) to work on /home/airflow/.local/lib/python3.12/site-packages/airflow/example_dags/example_sla_dag.py
[2025-11-14T21:29:57.867+0000] {processor.py:914} INFO - Processing file /home/airflow/.local/lib/python3.12/site-packages/airflow/example_dags/example_sla_dag.py for tasks to queue
[2025-11-14T21:29:57.873+0000] {logging_mixin.py:190} INFO - [2025-11-14T21:29:57.873+0000] {dagbag.py:588} INFO - Filling up the DagBag from /home/airflow/.local/lib/python3.12/site-packages/airflow/example_dags/example_sla_dag.py
[2025-11-14T21:29:57.878+0000] {processor.py:925} INFO - DAG(s) 'example_sla_dag' retrieved from /home/airflow/.local/lib/python3.12/site-packages/airflow/example_dags/example_sla_dag.py
[2025-11-14T21:29:57.888+0000] {logging_mixin.py:190} INFO - [2025-11-14T21:29:57.888+0000] {dag.py:3239} INFO - Sync 1 DAGs
[2025-11-14T21:29:57.899+0000] {logging_mixin.py:190} INFO - [2025-11-14T21:29:57.899+0000] {dag.py:4180} INFO - Setting next_dagrun for example_sla_dag to 2025-11-14 21:26:00+00:00, run_after=2025-11-14 21:28:00+00:00
[2025-11-14T21:29:57.905+0000] {processor.py:208} INFO - Processing /home/airflow/.local/lib/python3.12/site-packages/airflow/example_dags/example_sla_dag.py took 0.049 seconds
[2025-11-14T21:30:28.874+0000] {processor.py:186} INFO - Started process (PID=1221) to work on /home/airflow/.local/lib/python3.12/site-packages/airflow/example_dags/example_sla_dag.py
[2025-11-14T21:30:28.875+0000] {processor.py:914} INFO - Processing file /home/airflow/.local/lib/python3.12/site-packages/airflow/example_dags/example_sla_dag.py for tasks to queue
[2025-11-14T21:30:28.875+0000] {logging_mixin.py:190} INFO - [2025-11-14T21:30:28.875+0000] {dagbag.py:588} INFO - Filling up the DagBag from /home/airflow/.local/lib/python3.12/site-packages/airflow/example_dags/example_sla_dag.py
[2025-11-14T21:30:28.879+0000] {processor.py:925} INFO - DAG(s) 'example_sla_dag' retrieved from /home/airflow/.local/lib/python3.12/site-packages/airflow/example_dags/example_sla_dag.py
[2025-11-14T21:30:28.888+0000] {logging_mixin.py:190} INFO - [2025-11-14T21:30:28.888+0000] {dag.py:3239} INFO - Sync 1 DAGs
[2025-11-14T21:30:28.897+0000] {logging_mixin.py:190} INFO - [2025-11-14T21:30:28.897+0000] {dag.py:4180} INFO - Setting next_dagrun for example_sla_dag to 2025-11-14 21:28:00+00:00, run_after=2025-11-14 21:30:00+00:00
[2025-11-14T21:30:28.903+0000] {processor.py:208} INFO - Processing /home/airflow/.local/lib/python3.12/site-packages/airflow/example_dags/example_sla_dag.py took 0.031 seconds
[2025-11-14T21:30:59.841+0000] {processor.py:186} INFO - Started process (PID=1283) to work on /home/airflow/.local/lib/python3.12/site-packages/airflow/example_dags/example_sla_dag.py
[2025-11-14T21:30:59.841+0000] {processor.py:914} INFO - Processing file /home/airflow/.local/lib/python3.12/site-packages/airflow/example_dags/example_sla_dag.py for tasks to queue
[2025-11-14T21:30:59.843+0000] {logging_mixin.py:190} INFO - [2025-11-14T21:30:59.843+0000] {dagbag.py:588} INFO - Filling up the DagBag from /home/airflow/.local/lib/python3.12/site-packages/airflow/example_dags/example_sla_dag.py
[2025-11-14T21:30:59.847+0000] {processor.py:925} INFO - DAG(s) 'example_sla_dag' retrieved from /home/airflow/.local/lib/python3.12/site-packages/airflow/example_dags/example_sla_dag.py
[2025-11-14T21:30:59.857+0000] {logging_mixin.py:190} INFO - [2025-11-14T21:30:59.857+0000] {dag.py:3239} INFO - Sync 1 DAGs
[2025-11-14T21:30:59.869+0000] {logging_mixin.py:190} INFO - [2025-11-14T21:30:59.869+0000] {dag.py:4180} INFO - Setting next_dagrun for example_sla_dag to 2025-11-14 21:28:00+00:00, run_after=2025-11-14 21:30:00+00:00
[2025-11-14T21:30:59.876+0000] {processor.py:208} INFO - Processing /home/airflow/.local/lib/python3.12/site-packages/airflow/example_dags/example_sla_dag.py took 0.037 seconds
[2025-11-14T21:31:30.727+0000] {processor.py:186} INFO - Started process (PID=1345) to work on /home/airflow/.local/lib/python3.12/site-packages/airflow/example_dags/example_sla_dag.py
[2025-11-14T21:31:30.728+0000] {processor.py:914} INFO - Processing file /home/airflow/.local/lib/python3.12/site-packages/airflow/example_dags/example_sla_dag.py for tasks to queue
[2025-11-14T21:31:30.729+0000] {logging_mixin.py:190} INFO - [2025-11-14T21:31:30.729+0000] {dagbag.py:588} INFO - Filling up the DagBag from /home/airflow/.local/lib/python3.12/site-packages/airflow/example_dags/example_sla_dag.py
[2025-11-14T21:31:30.733+0000] {processor.py:925} INFO - DAG(s) 'example_sla_dag' retrieved from /home/airflow/.local/lib/python3.12/site-packages/airflow/example_dags/example_sla_dag.py
[2025-11-14T21:31:30.741+0000] {logging_mixin.py:190} INFO - [2025-11-14T21:31:30.741+0000] {dag.py:3239} INFO - Sync 1 DAGs
[2025-11-14T21:31:30.751+0000] {logging_mixin.py:190} INFO - [2025-11-14T21:31:30.751+0000] {dag.py:4180} INFO - Setting next_dagrun for example_sla_dag to 2025-11-14 21:28:00+00:00, run_after=2025-11-14 21:30:00+00:00
[2025-11-14T21:31:30.757+0000] {processor.py:208} INFO - Processing /home/airflow/.local/lib/python3.12/site-packages/airflow/example_dags/example_sla_dag.py took 0.032 seconds
[2025-11-14T21:32:01.707+0000] {processor.py:186} INFO - Started process (PID=1407) to work on /home/airflow/.local/lib/python3.12/site-packages/airflow/example_dags/example_sla_dag.py
[2025-11-14T21:32:01.708+0000] {processor.py:914} INFO - Processing file /home/airflow/.local/lib/python3.12/site-packages/airflow/example_dags/example_sla_dag.py for tasks to queue
[2025-11-14T21:32:01.709+0000] {logging_mixin.py:190} INFO - [2025-11-14T21:32:01.709+0000] {dagbag.py:588} INFO - Filling up the DagBag from /home/airflow/.local/lib/python3.12/site-packages/airflow/example_dags/example_sla_dag.py
[2025-11-14T21:32:01.713+0000] {processor.py:925} INFO - DAG(s) 'example_sla_dag' retrieved from /home/airflow/.local/lib/python3.12/site-packages/airflow/example_dags/example_sla_dag.py
[2025-11-14T21:32:01.721+0000] {logging_mixin.py:190} INFO - [2025-11-14T21:32:01.721+0000] {dag.py:3239} INFO - Sync 1 DAGs
[2025-11-14T21:32:01.731+0000] {logging_mixin.py:190} INFO - [2025-11-14T21:32:01.731+0000] {dag.py:4180} INFO - Setting next_dagrun for example_sla_dag to 2025-11-14 21:30:00+00:00, run_after=2025-11-14 21:32:00+00:00
[2025-11-14T21:32:01.737+0000] {processor.py:208} INFO - Processing /home/airflow/.local/lib/python3.12/site-packages/airflow/example_dags/example_sla_dag.py took 0.031 seconds
[2025-11-14T21:32:31.853+0000] {processor.py:186} INFO - Started process (PID=1469) to work on /home/airflow/.local/lib/python3.12/site-packages/airflow/example_dags/example_sla_dag.py
[2025-11-14T21:32:31.855+0000] {processor.py:914} INFO - Processing file /home/airflow/.local/lib/python3.12/site-packages/airflow/example_dags/example_sla_dag.py for tasks to queue
[2025-11-14T21:32:31.857+0000] {logging_mixin.py:190} INFO - [2025-11-14T21:32:31.856+0000] {dagbag.py:588} INFO - Filling up the DagBag from /home/airflow/.local/lib/python3.12/site-packages/airflow/example_dags/example_sla_dag.py
[2025-11-14T21:32:31.861+0000] {processor.py:925} INFO - DAG(s) 'example_sla_dag' retrieved from /home/airflow/.local/lib/python3.12/site-packages/airflow/example_dags/example_sla_dag.py
[2025-11-14T21:32:31.868+0000] {logging_mixin.py:190} INFO - [2025-11-14T21:32:31.868+0000] {dag.py:3239} INFO - Sync 1 DAGs
[2025-11-14T21:32:31.879+0000] {logging_mixin.py:190} INFO - [2025-11-14T21:32:31.878+0000] {dag.py:4180} INFO - Setting next_dagrun for example_sla_dag to 2025-11-14 21:30:00+00:00, run_after=2025-11-14 21:32:00+00:00
[2025-11-14T21:32:31.886+0000] {processor.py:208} INFO - Processing /home/airflow/.local/lib/python3.12/site-packages/airflow/example_dags/example_sla_dag.py took 0.035 seconds
[2025-11-14T21:33:03.037+0000] {processor.py:186} INFO - Started process (PID=1531) to work on /home/airflow/.local/lib/python3.12/site-packages/airflow/example_dags/example_sla_dag.py
[2025-11-14T21:33:03.037+0000] {processor.py:914} INFO - Processing file /home/airflow/.local/lib/python3.12/site-packages/airflow/example_dags/example_sla_dag.py for tasks to queue
[2025-11-14T21:33:03.039+0000] {logging_mixin.py:190} INFO - [2025-11-14T21:33:03.038+0000] {dagbag.py:588} INFO - Filling up the DagBag from /home/airflow/.local/lib/python3.12/site-packages/airflow/example_dags/example_sla_dag.py
[2025-11-14T21:33:03.044+0000] {processor.py:925} INFO - DAG(s) 'example_sla_dag' retrieved from /home/airflow/.local/lib/python3.12/site-packages/airflow/example_dags/example_sla_dag.py
[2025-11-14T21:33:03.052+0000] {logging_mixin.py:190} INFO - [2025-11-14T21:33:03.051+0000] {dag.py:3239} INFO - Sync 1 DAGs
[2025-11-14T21:33:03.061+0000] {logging_mixin.py:190} INFO - [2025-11-14T21:33:03.061+0000] {dag.py:4180} INFO - Setting next_dagrun for example_sla_dag to 2025-11-14 21:30:00+00:00, run_after=2025-11-14 21:32:00+00:00
[2025-11-14T21:33:03.067+0000] {processor.py:208} INFO - Processing /home/airflow/.local/lib/python3.12/site-packages/airflow/example_dags/example_sla_dag.py took 0.032 seconds
[2025-11-14T21:33:34.890+0000] {processor.py:186} INFO - Started process (PID=1593) to work on /home/airflow/.local/lib/python3.12/site-packages/airflow/example_dags/example_sla_dag.py
[2025-11-14T21:33:34.890+0000] {processor.py:914} INFO - Processing file /home/airflow/.local/lib/python3.12/site-packages/airflow/example_dags/example_sla_dag.py for tasks to queue
[2025-11-14T21:33:34.891+0000] {logging_mixin.py:190} INFO - [2025-11-14T21:33:34.891+0000] {dagbag.py:588} INFO - Filling up the DagBag from /home/airflow/.local/lib/python3.12/site-packages/airflow/example_dags/example_sla_dag.py
[2025-11-14T21:33:34.895+0000] {processor.py:925} INFO - DAG(s) 'example_sla_dag' retrieved from /home/airflow/.local/lib/python3.12/site-packages/airflow/example_dags/example_sla_dag.py
[2025-11-14T21:33:34.908+0000] {logging_mixin.py:190} INFO - [2025-11-14T21:33:34.908+0000] {dag.py:3239} INFO - Sync 1 DAGs
[2025-11-14T21:33:34.937+0000] {logging_mixin.py:190} INFO - [2025-11-14T21:33:34.937+0000] {dag.py:4180} INFO - Setting next_dagrun for example_sla_dag to 2025-11-14 21:30:00+00:00, run_after=2025-11-14 21:32:00+00:00
[2025-11-14T21:33:34.952+0000] {processor.py:208} INFO - Processing /home/airflow/.local/lib/python3.12/site-packages/airflow/example_dags/example_sla_dag.py took 0.066 seconds
[2025-11-14T21:34:05.221+0000] {processor.py:186} INFO - Started process (PID=1655) to work on /home/airflow/.local/lib/python3.12/site-packages/airflow/example_dags/example_sla_dag.py
[2025-11-14T21:34:05.225+0000] {processor.py:914} INFO - Processing file /home/airflow/.local/lib/python3.12/site-packages/airflow/example_dags/example_sla_dag.py for tasks to queue
[2025-11-14T21:34:05.226+0000] {logging_mixin.py:190} INFO - [2025-11-14T21:34:05.226+0000] {dagbag.py:588} INFO - Filling up the DagBag from /home/airflow/.local/lib/python3.12/site-packages/airflow/example_dags/example_sla_dag.py
[2025-11-14T21:34:05.232+0000] {processor.py:925} INFO - DAG(s) 'example_sla_dag' retrieved from /home/airflow/.local/lib/python3.12/site-packages/airflow/example_dags/example_sla_dag.py
[2025-11-14T21:34:05.241+0000] {logging_mixin.py:190} INFO - [2025-11-14T21:34:05.241+0000] {dag.py:3239} INFO - Sync 1 DAGs
[2025-11-14T21:34:05.251+0000] {logging_mixin.py:190} INFO - [2025-11-14T21:34:05.251+0000] {dag.py:4180} INFO - Setting next_dagrun for example_sla_dag to 2025-11-14 21:32:00+00:00, run_after=2025-11-14 21:34:00+00:00
[2025-11-14T21:34:05.260+0000] {processor.py:208} INFO - Processing /home/airflow/.local/lib/python3.12/site-packages/airflow/example_dags/example_sla_dag.py took 0.043 seconds
[2025-11-14T21:34:35.691+0000] {processor.py:186} INFO - Started process (PID=1717) to work on /home/airflow/.local/lib/python3.12/site-packages/airflow/example_dags/example_sla_dag.py
[2025-11-14T21:34:35.691+0000] {processor.py:914} INFO - Processing file /home/airflow/.local/lib/python3.12/site-packages/airflow/example_dags/example_sla_dag.py for tasks to queue
[2025-11-14T21:34:35.692+0000] {logging_mixin.py:190} INFO - [2025-11-14T21:34:35.692+0000] {dagbag.py:588} INFO - Filling up the DagBag from /home/airflow/.local/lib/python3.12/site-packages/airflow/example_dags/example_sla_dag.py
[2025-11-14T21:34:35.697+0000] {processor.py:925} INFO - DAG(s) 'example_sla_dag' retrieved from /home/airflow/.local/lib/python3.12/site-packages/airflow/example_dags/example_sla_dag.py
[2025-11-14T21:34:35.704+0000] {logging_mixin.py:190} INFO - [2025-11-14T21:34:35.704+0000] {dag.py:3239} INFO - Sync 1 DAGs
[2025-11-14T21:34:35.714+0000] {logging_mixin.py:190} INFO - [2025-11-14T21:34:35.714+0000] {dag.py:4180} INFO - Setting next_dagrun for example_sla_dag to 2025-11-14 21:32:00+00:00, run_after=2025-11-14 21:34:00+00:00
[2025-11-14T21:34:35.722+0000] {processor.py:208} INFO - Processing /home/airflow/.local/lib/python3.12/site-packages/airflow/example_dags/example_sla_dag.py took 0.033 seconds
[2025-11-14T21:35:05.822+0000] {processor.py:186} INFO - Started process (PID=1779) to work on /home/airflow/.local/lib/python3.12/site-packages/airflow/example_dags/example_sla_dag.py
[2025-11-14T21:35:05.823+0000] {processor.py:914} INFO - Processing file /home/airflow/.local/lib/python3.12/site-packages/airflow/example_dags/example_sla_dag.py for tasks to queue
[2025-11-14T21:35:05.824+0000] {logging_mixin.py:190} INFO - [2025-11-14T21:35:05.824+0000] {dagbag.py:588} INFO - Filling up the DagBag from /home/airflow/.local/lib/python3.12/site-packages/airflow/example_dags/example_sla_dag.py
[2025-11-14T21:35:05.828+0000] {processor.py:925} INFO - DAG(s) 'example_sla_dag' retrieved from /home/airflow/.local/lib/python3.12/site-packages/airflow/example_dags/example_sla_dag.py
[2025-11-14T21:35:05.836+0000] {logging_mixin.py:190} INFO - [2025-11-14T21:35:05.836+0000] {dag.py:3239} INFO - Sync 1 DAGs
[2025-11-14T21:35:05.846+0000] {logging_mixin.py:190} INFO - [2025-11-14T21:35:05.846+0000] {dag.py:4180} INFO - Setting next_dagrun for example_sla_dag to 2025-11-14 21:32:00+00:00, run_after=2025-11-14 21:34:00+00:00
[2025-11-14T21:35:05.852+0000] {processor.py:208} INFO - Processing /home/airflow/.local/lib/python3.12/site-packages/airflow/example_dags/example_sla_dag.py took 0.032 seconds
[2025-11-14T21:35:36.736+0000] {processor.py:186} INFO - Started process (PID=1841) to work on /home/airflow/.local/lib/python3.12/site-packages/airflow/example_dags/example_sla_dag.py
[2025-11-14T21:35:36.737+0000] {processor.py:914} INFO - Processing file /home/airflow/.local/lib/python3.12/site-packages/airflow/example_dags/example_sla_dag.py for tasks to queue
[2025-11-14T21:35:36.738+0000] {logging_mixin.py:190} INFO - [2025-11-14T21:35:36.738+0000] {dagbag.py:588} INFO - Filling up the DagBag from /home/airflow/.local/lib/python3.12/site-packages/airflow/example_dags/example_sla_dag.py
[2025-11-14T21:35:36.742+0000] {processor.py:925} INFO - DAG(s) 'example_sla_dag' retrieved from /home/airflow/.local/lib/python3.12/site-packages/airflow/example_dags/example_sla_dag.py
[2025-11-14T21:35:36.750+0000] {logging_mixin.py:190} INFO - [2025-11-14T21:35:36.750+0000] {dag.py:3239} INFO - Sync 1 DAGs
[2025-11-14T21:35:36.760+0000] {logging_mixin.py:190} INFO - [2025-11-14T21:35:36.760+0000] {dag.py:4180} INFO - Setting next_dagrun for example_sla_dag to 2025-11-14 21:32:00+00:00, run_after=2025-11-14 21:34:00+00:00
[2025-11-14T21:35:36.766+0000] {processor.py:208} INFO - Processing /home/airflow/.local/lib/python3.12/site-packages/airflow/example_dags/example_sla_dag.py took 0.032 seconds
[2025-11-14T21:36:08.311+0000] {processor.py:186} INFO - Started process (PID=1903) to work on /home/airflow/.local/lib/python3.12/site-packages/airflow/example_dags/example_sla_dag.py
[2025-11-14T21:36:08.314+0000] {processor.py:914} INFO - Processing file /home/airflow/.local/lib/python3.12/site-packages/airflow/example_dags/example_sla_dag.py for tasks to queue
[2025-11-14T21:36:08.316+0000] {logging_mixin.py:190} INFO - [2025-11-14T21:36:08.316+0000] {dagbag.py:588} INFO - Filling up the DagBag from /home/airflow/.local/lib/python3.12/site-packages/airflow/example_dags/example_sla_dag.py
[2025-11-14T21:36:08.322+0000] {processor.py:925} INFO - DAG(s) 'example_sla_dag' retrieved from /home/airflow/.local/lib/python3.12/site-packages/airflow/example_dags/example_sla_dag.py
[2025-11-14T21:36:08.329+0000] {logging_mixin.py:190} INFO - [2025-11-14T21:36:08.329+0000] {dag.py:3239} INFO - Sync 1 DAGs
[2025-11-14T21:36:08.339+0000] {logging_mixin.py:190} INFO - [2025-11-14T21:36:08.339+0000] {dag.py:4180} INFO - Setting next_dagrun for example_sla_dag to 2025-11-14 21:34:00+00:00, run_after=2025-11-14 21:36:00+00:00
[2025-11-14T21:36:08.345+0000] {processor.py:208} INFO - Processing /home/airflow/.local/lib/python3.12/site-packages/airflow/example_dags/example_sla_dag.py took 0.037 seconds
[2025-11-14T21:36:38.789+0000] {processor.py:186} INFO - Started process (PID=1965) to work on /home/airflow/.local/lib/python3.12/site-packages/airflow/example_dags/example_sla_dag.py
[2025-11-14T21:36:38.789+0000] {processor.py:914} INFO - Processing file /home/airflow/.local/lib/python3.12/site-packages/airflow/example_dags/example_sla_dag.py for tasks to queue
[2025-11-14T21:36:38.792+0000] {logging_mixin.py:190} INFO - [2025-11-14T21:36:38.792+0000] {dagbag.py:588} INFO - Filling up the DagBag from /home/airflow/.local/lib/python3.12/site-packages/airflow/example_dags/example_sla_dag.py
[2025-11-14T21:36:38.797+0000] {processor.py:925} INFO - DAG(s) 'example_sla_dag' retrieved from /home/airflow/.local/lib/python3.12/site-packages/airflow/example_dags/example_sla_dag.py
[2025-11-14T21:36:38.805+0000] {logging_mixin.py:190} INFO - [2025-11-14T21:36:38.805+0000] {dag.py:3239} INFO - Sync 1 DAGs
[2025-11-14T21:36:38.818+0000] {logging_mixin.py:190} INFO - [2025-11-14T21:36:38.818+0000] {dag.py:4180} INFO - Setting next_dagrun for example_sla_dag to 2025-11-14 21:34:00+00:00, run_after=2025-11-14 21:36:00+00:00
[2025-11-14T21:36:38.825+0000] {processor.py:208} INFO - Processing /home/airflow/.local/lib/python3.12/site-packages/airflow/example_dags/example_sla_dag.py took 0.039 seconds
[2025-11-14T21:37:10.464+0000] {processor.py:186} INFO - Started process (PID=2027) to work on /home/airflow/.local/lib/python3.12/site-packages/airflow/example_dags/example_sla_dag.py
[2025-11-14T21:37:10.464+0000] {processor.py:914} INFO - Processing file /home/airflow/.local/lib/python3.12/site-packages/airflow/example_dags/example_sla_dag.py for tasks to queue
[2025-11-14T21:37:10.465+0000] {logging_mixin.py:190} INFO - [2025-11-14T21:37:10.465+0000] {dagbag.py:588} INFO - Filling up the DagBag from /home/airflow/.local/lib/python3.12/site-packages/airflow/example_dags/example_sla_dag.py
[2025-11-14T21:37:10.470+0000] {processor.py:925} INFO - DAG(s) 'example_sla_dag' retrieved from /home/airflow/.local/lib/python3.12/site-packages/airflow/example_dags/example_sla_dag.py
[2025-11-14T21:37:10.477+0000] {logging_mixin.py:190} INFO - [2025-11-14T21:37:10.477+0000] {dag.py:3239} INFO - Sync 1 DAGs
[2025-11-14T21:37:10.486+0000] {logging_mixin.py:190} INFO - [2025-11-14T21:37:10.486+0000] {dag.py:4180} INFO - Setting next_dagrun for example_sla_dag to 2025-11-14 21:34:00+00:00, run_after=2025-11-14 21:36:00+00:00
[2025-11-14T21:37:10.492+0000] {processor.py:208} INFO - Processing /home/airflow/.local/lib/python3.12/site-packages/airflow/example_dags/example_sla_dag.py took 0.031 seconds
[2025-11-14T21:37:40.601+0000] {processor.py:186} INFO - Started process (PID=2089) to work on /home/airflow/.local/lib/python3.12/site-packages/airflow/example_dags/example_sla_dag.py
[2025-11-14T21:37:40.602+0000] {processor.py:914} INFO - Processing file /home/airflow/.local/lib/python3.12/site-packages/airflow/example_dags/example_sla_dag.py for tasks to queue
[2025-11-14T21:37:40.603+0000] {logging_mixin.py:190} INFO - [2025-11-14T21:37:40.603+0000] {dagbag.py:588} INFO - Filling up the DagBag from /home/airflow/.local/lib/python3.12/site-packages/airflow/example_dags/example_sla_dag.py
[2025-11-14T21:37:40.610+0000] {processor.py:925} INFO - DAG(s) 'example_sla_dag' retrieved from /home/airflow/.local/lib/python3.12/site-packages/airflow/example_dags/example_sla_dag.py
[2025-11-14T21:37:40.620+0000] {logging_mixin.py:190} INFO - [2025-11-14T21:37:40.620+0000] {dag.py:3239} INFO - Sync 1 DAGs
[2025-11-14T21:37:40.630+0000] {logging_mixin.py:190} INFO - [2025-11-14T21:37:40.630+0000] {dag.py:4180} INFO - Setting next_dagrun for example_sla_dag to 2025-11-14 21:34:00+00:00, run_after=2025-11-14 21:36:00+00:00
[2025-11-14T21:37:40.636+0000] {processor.py:208} INFO - Processing /home/airflow/.local/lib/python3.12/site-packages/airflow/example_dags/example_sla_dag.py took 0.038 seconds
[2025-11-14T21:38:10.991+0000] {processor.py:186} INFO - Started process (PID=2151) to work on /home/airflow/.local/lib/python3.12/site-packages/airflow/example_dags/example_sla_dag.py
[2025-11-14T21:38:10.993+0000] {processor.py:914} INFO - Processing file /home/airflow/.local/lib/python3.12/site-packages/airflow/example_dags/example_sla_dag.py for tasks to queue
[2025-11-14T21:38:10.994+0000] {logging_mixin.py:190} INFO - [2025-11-14T21:38:10.994+0000] {dagbag.py:588} INFO - Filling up the DagBag from /home/airflow/.local/lib/python3.12/site-packages/airflow/example_dags/example_sla_dag.py
[2025-11-14T21:38:10.998+0000] {processor.py:925} INFO - DAG(s) 'example_sla_dag' retrieved from /home/airflow/.local/lib/python3.12/site-packages/airflow/example_dags/example_sla_dag.py
[2025-11-14T21:38:11.005+0000] {logging_mixin.py:190} INFO - [2025-11-14T21:38:11.005+0000] {dag.py:3239} INFO - Sync 1 DAGs
[2025-11-14T21:38:11.015+0000] {logging_mixin.py:190} INFO - [2025-11-14T21:38:11.015+0000] {dag.py:4180} INFO - Setting next_dagrun for example_sla_dag to 2025-11-14 21:36:00+00:00, run_after=2025-11-14 21:38:00+00:00
[2025-11-14T21:38:11.020+0000] {processor.py:208} INFO - Processing /home/airflow/.local/lib/python3.12/site-packages/airflow/example_dags/example_sla_dag.py took 0.032 seconds
[2025-11-14T21:38:42.358+0000] {processor.py:186} INFO - Started process (PID=2213) to work on /home/airflow/.local/lib/python3.12/site-packages/airflow/example_dags/example_sla_dag.py
[2025-11-14T21:38:42.359+0000] {processor.py:914} INFO - Processing file /home/airflow/.local/lib/python3.12/site-packages/airflow/example_dags/example_sla_dag.py for tasks to queue
[2025-11-14T21:38:42.360+0000] {logging_mixin.py:190} INFO - [2025-11-14T21:38:42.360+0000] {dagbag.py:588} INFO - Filling up the DagBag from /home/airflow/.local/lib/python3.12/site-packages/airflow/example_dags/example_sla_dag.py
[2025-11-14T21:38:42.368+0000] {processor.py:925} INFO - DAG(s) 'example_sla_dag' retrieved from /home/airflow/.local/lib/python3.12/site-packages/airflow/example_dags/example_sla_dag.py
[2025-11-14T21:38:42.376+0000] {logging_mixin.py:190} INFO - [2025-11-14T21:38:42.376+0000] {dag.py:3239} INFO - Sync 1 DAGs
[2025-11-14T21:38:42.386+0000] {logging_mixin.py:190} INFO - [2025-11-14T21:38:42.386+0000] {dag.py:4180} INFO - Setting next_dagrun for example_sla_dag to 2025-11-14 21:36:00+00:00, run_after=2025-11-14 21:38:00+00:00
[2025-11-14T21:38:42.391+0000] {processor.py:208} INFO - Processing /home/airflow/.local/lib/python3.12/site-packages/airflow/example_dags/example_sla_dag.py took 0.036 seconds
[2025-11-14T21:39:12.808+0000] {processor.py:186} INFO - Started process (PID=2275) to work on /home/airflow/.local/lib/python3.12/site-packages/airflow/example_dags/example_sla_dag.py
[2025-11-14T21:39:12.808+0000] {processor.py:914} INFO - Processing file /home/airflow/.local/lib/python3.12/site-packages/airflow/example_dags/example_sla_dag.py for tasks to queue
[2025-11-14T21:39:12.810+0000] {logging_mixin.py:190} INFO - [2025-11-14T21:39:12.809+0000] {dagbag.py:588} INFO - Filling up the DagBag from /home/airflow/.local/lib/python3.12/site-packages/airflow/example_dags/example_sla_dag.py
[2025-11-14T21:39:12.814+0000] {processor.py:925} INFO - DAG(s) 'example_sla_dag' retrieved from /home/airflow/.local/lib/python3.12/site-packages/airflow/example_dags/example_sla_dag.py
[2025-11-14T21:39:12.822+0000] {logging_mixin.py:190} INFO - [2025-11-14T21:39:12.822+0000] {dag.py:3239} INFO - Sync 1 DAGs
[2025-11-14T21:39:12.831+0000] {logging_mixin.py:190} INFO - [2025-11-14T21:39:12.831+0000] {dag.py:4180} INFO - Setting next_dagrun for example_sla_dag to 2025-11-14 21:36:00+00:00, run_after=2025-11-14 21:38:00+00:00
[2025-11-14T21:39:12.838+0000] {processor.py:208} INFO - Processing /home/airflow/.local/lib/python3.12/site-packages/airflow/example_dags/example_sla_dag.py took 0.033 seconds
[2025-11-14T21:39:44.145+0000] {processor.py:186} INFO - Started process (PID=2337) to work on /home/airflow/.local/lib/python3.12/site-packages/airflow/example_dags/example_sla_dag.py
[2025-11-14T21:39:44.146+0000] {processor.py:914} INFO - Processing file /home/airflow/.local/lib/python3.12/site-packages/airflow/example_dags/example_sla_dag.py for tasks to queue
[2025-11-14T21:39:44.147+0000] {logging_mixin.py:190} INFO - [2025-11-14T21:39:44.147+0000] {dagbag.py:588} INFO - Filling up the DagBag from /home/airflow/.local/lib/python3.12/site-packages/airflow/example_dags/example_sla_dag.py
[2025-11-14T21:39:44.153+0000] {processor.py:925} INFO - DAG(s) 'example_sla_dag' retrieved from /home/airflow/.local/lib/python3.12/site-packages/airflow/example_dags/example_sla_dag.py
[2025-11-14T21:39:44.164+0000] {logging_mixin.py:190} INFO - [2025-11-14T21:39:44.164+0000] {dag.py:3239} INFO - Sync 1 DAGs
[2025-11-14T21:39:44.177+0000] {logging_mixin.py:190} INFO - [2025-11-14T21:39:44.176+0000] {dag.py:4180} INFO - Setting next_dagrun for example_sla_dag to 2025-11-14 21:36:00+00:00, run_after=2025-11-14 21:38:00+00:00
[2025-11-14T21:39:44.185+0000] {processor.py:208} INFO - Processing /home/airflow/.local/lib/python3.12/site-packages/airflow/example_dags/example_sla_dag.py took 0.043 seconds
[2025-11-14T21:40:14.584+0000] {processor.py:186} INFO - Started process (PID=2399) to work on /home/airflow/.local/lib/python3.12/site-packages/airflow/example_dags/example_sla_dag.py
[2025-11-14T21:40:14.584+0000] {processor.py:914} INFO - Processing file /home/airflow/.local/lib/python3.12/site-packages/airflow/example_dags/example_sla_dag.py for tasks to queue
[2025-11-14T21:40:14.585+0000] {logging_mixin.py:190} INFO - [2025-11-14T21:40:14.585+0000] {dagbag.py:588} INFO - Filling up the DagBag from /home/airflow/.local/lib/python3.12/site-packages/airflow/example_dags/example_sla_dag.py
[2025-11-14T21:40:14.591+0000] {processor.py:925} INFO - DAG(s) 'example_sla_dag' retrieved from /home/airflow/.local/lib/python3.12/site-packages/airflow/example_dags/example_sla_dag.py
[2025-11-14T21:40:14.599+0000] {logging_mixin.py:190} INFO - [2025-11-14T21:40:14.599+0000] {dag.py:3239} INFO - Sync 1 DAGs
[2025-11-14T21:40:14.613+0000] {logging_mixin.py:190} INFO - [2025-11-14T21:40:14.613+0000] {dag.py:4180} INFO - Setting next_dagrun for example_sla_dag to 2025-11-14 21:38:00+00:00, run_after=2025-11-14 21:40:00+00:00
[2025-11-14T21:40:14.620+0000] {processor.py:208} INFO - Processing /home/airflow/.local/lib/python3.12/site-packages/airflow/example_dags/example_sla_dag.py took 0.040 seconds
[2025-11-14T21:40:45.946+0000] {processor.py:186} INFO - Started process (PID=2461) to work on /home/airflow/.local/lib/python3.12/site-packages/airflow/example_dags/example_sla_dag.py
[2025-11-14T21:40:45.947+0000] {processor.py:914} INFO - Processing file /home/airflow/.local/lib/python3.12/site-packages/airflow/example_dags/example_sla_dag.py for tasks to queue
[2025-11-14T21:40:45.948+0000] {logging_mixin.py:190} INFO - [2025-11-14T21:40:45.948+0000] {dagbag.py:588} INFO - Filling up the DagBag from /home/airflow/.local/lib/python3.12/site-packages/airflow/example_dags/example_sla_dag.py
[2025-11-14T21:40:45.952+0000] {processor.py:925} INFO - DAG(s) 'example_sla_dag' retrieved from /home/airflow/.local/lib/python3.12/site-packages/airflow/example_dags/example_sla_dag.py
[2025-11-14T21:40:45.959+0000] {logging_mixin.py:190} INFO - [2025-11-14T21:40:45.958+0000] {dag.py:3239} INFO - Sync 1 DAGs
[2025-11-14T21:40:45.967+0000] {logging_mixin.py:190} INFO - [2025-11-14T21:40:45.967+0000] {dag.py:4180} INFO - Setting next_dagrun for example_sla_dag to 2025-11-14 21:38:00+00:00, run_after=2025-11-14 21:40:00+00:00
[2025-11-14T21:40:45.973+0000] {processor.py:208} INFO - Processing /home/airflow/.local/lib/python3.12/site-packages/airflow/example_dags/example_sla_dag.py took 0.029 seconds
[2025-11-14T21:41:17.386+0000] {processor.py:186} INFO - Started process (PID=2523) to work on /home/airflow/.local/lib/python3.12/site-packages/airflow/example_dags/example_sla_dag.py
[2025-11-14T21:41:17.387+0000] {processor.py:914} INFO - Processing file /home/airflow/.local/lib/python3.12/site-packages/airflow/example_dags/example_sla_dag.py for tasks to queue
[2025-11-14T21:41:17.388+0000] {logging_mixin.py:190} INFO - [2025-11-14T21:41:17.387+0000] {dagbag.py:588} INFO - Filling up the DagBag from /home/airflow/.local/lib/python3.12/site-packages/airflow/example_dags/example_sla_dag.py
[2025-11-14T21:41:17.392+0000] {processor.py:925} INFO - DAG(s) 'example_sla_dag' retrieved from /home/airflow/.local/lib/python3.12/site-packages/airflow/example_dags/example_sla_dag.py
[2025-11-14T21:41:17.400+0000] {logging_mixin.py:190} INFO - [2025-11-14T21:41:17.400+0000] {dag.py:3239} INFO - Sync 1 DAGs
[2025-11-14T21:41:17.409+0000] {logging_mixin.py:190} INFO - [2025-11-14T21:41:17.409+0000] {dag.py:4180} INFO - Setting next_dagrun for example_sla_dag to 2025-11-14 21:38:00+00:00, run_after=2025-11-14 21:40:00+00:00
[2025-11-14T21:41:17.414+0000] {processor.py:208} INFO - Processing /home/airflow/.local/lib/python3.12/site-packages/airflow/example_dags/example_sla_dag.py took 0.031 seconds
[2025-11-14T21:41:48.748+0000] {processor.py:186} INFO - Started process (PID=2585) to work on /home/airflow/.local/lib/python3.12/site-packages/airflow/example_dags/example_sla_dag.py
[2025-11-14T21:41:48.751+0000] {processor.py:914} INFO - Processing file /home/airflow/.local/lib/python3.12/site-packages/airflow/example_dags/example_sla_dag.py for tasks to queue
[2025-11-14T21:41:48.753+0000] {logging_mixin.py:190} INFO - [2025-11-14T21:41:48.752+0000] {dagbag.py:588} INFO - Filling up the DagBag from /home/airflow/.local/lib/python3.12/site-packages/airflow/example_dags/example_sla_dag.py
[2025-11-14T21:41:48.759+0000] {processor.py:925} INFO - DAG(s) 'example_sla_dag' retrieved from /home/airflow/.local/lib/python3.12/site-packages/airflow/example_dags/example_sla_dag.py
[2025-11-14T21:41:48.775+0000] {logging_mixin.py:190} INFO - [2025-11-14T21:41:48.775+0000] {dag.py:3239} INFO - Sync 1 DAGs
[2025-11-14T21:41:48.790+0000] {logging_mixin.py:190} INFO - [2025-11-14T21:41:48.790+0000] {dag.py:4180} INFO - Setting next_dagrun for example_sla_dag to 2025-11-14 21:38:00+00:00, run_after=2025-11-14 21:40:00+00:00
[2025-11-14T21:41:48.804+0000] {processor.py:208} INFO - Processing /home/airflow/.local/lib/python3.12/site-packages/airflow/example_dags/example_sla_dag.py took 0.058 seconds
[2025-11-14T21:42:19.742+0000] {processor.py:186} INFO - Started process (PID=2653) to work on /home/airflow/.local/lib/python3.12/site-packages/airflow/example_dags/example_sla_dag.py
[2025-11-14T21:42:19.742+0000] {processor.py:914} INFO - Processing file /home/airflow/.local/lib/python3.12/site-packages/airflow/example_dags/example_sla_dag.py for tasks to queue
[2025-11-14T21:42:19.743+0000] {logging_mixin.py:190} INFO - [2025-11-14T21:42:19.743+0000] {dagbag.py:588} INFO - Filling up the DagBag from /home/airflow/.local/lib/python3.12/site-packages/airflow/example_dags/example_sla_dag.py
[2025-11-14T21:42:19.748+0000] {processor.py:925} INFO - DAG(s) 'example_sla_dag' retrieved from /home/airflow/.local/lib/python3.12/site-packages/airflow/example_dags/example_sla_dag.py
[2025-11-14T21:42:19.756+0000] {logging_mixin.py:190} INFO - [2025-11-14T21:42:19.756+0000] {dag.py:3239} INFO - Sync 1 DAGs
[2025-11-14T21:42:19.766+0000] {logging_mixin.py:190} INFO - [2025-11-14T21:42:19.766+0000] {dag.py:4180} INFO - Setting next_dagrun for example_sla_dag to 2025-11-14 21:40:00+00:00, run_after=2025-11-14 21:42:00+00:00
[2025-11-14T21:42:19.775+0000] {processor.py:208} INFO - Processing /home/airflow/.local/lib/python3.12/site-packages/airflow/example_dags/example_sla_dag.py took 0.036 seconds
[2025-11-14T21:42:51.716+0000] {processor.py:186} INFO - Started process (PID=2715) to work on /home/airflow/.local/lib/python3.12/site-packages/airflow/example_dags/example_sla_dag.py
[2025-11-14T21:42:51.718+0000] {processor.py:914} INFO - Processing file /home/airflow/.local/lib/python3.12/site-packages/airflow/example_dags/example_sla_dag.py for tasks to queue
[2025-11-14T21:42:51.726+0000] {logging_mixin.py:190} INFO - [2025-11-14T21:42:51.725+0000] {dagbag.py:588} INFO - Filling up the DagBag from /home/airflow/.local/lib/python3.12/site-packages/airflow/example_dags/example_sla_dag.py
[2025-11-14T21:42:51.736+0000] {processor.py:925} INFO - DAG(s) 'example_sla_dag' retrieved from /home/airflow/.local/lib/python3.12/site-packages/airflow/example_dags/example_sla_dag.py
[2025-11-14T21:42:51.756+0000] {logging_mixin.py:190} INFO - [2025-11-14T21:42:51.756+0000] {dag.py:3239} INFO - Sync 1 DAGs
[2025-11-14T21:42:51.776+0000] {logging_mixin.py:190} INFO - [2025-11-14T21:42:51.776+0000] {dag.py:4180} INFO - Setting next_dagrun for example_sla_dag to 2025-11-14 21:40:00+00:00, run_after=2025-11-14 21:42:00+00:00
[2025-11-14T21:42:51.784+0000] {processor.py:208} INFO - Processing /home/airflow/.local/lib/python3.12/site-packages/airflow/example_dags/example_sla_dag.py took 0.072 seconds
[2025-11-14T21:43:22.427+0000] {processor.py:186} INFO - Started process (PID=2777) to work on /home/airflow/.local/lib/python3.12/site-packages/airflow/example_dags/example_sla_dag.py
[2025-11-14T21:43:22.428+0000] {processor.py:914} INFO - Processing file /home/airflow/.local/lib/python3.12/site-packages/airflow/example_dags/example_sla_dag.py for tasks to queue
[2025-11-14T21:43:22.428+0000] {logging_mixin.py:190} INFO - [2025-11-14T21:43:22.428+0000] {dagbag.py:588} INFO - Filling up the DagBag from /home/airflow/.local/lib/python3.12/site-packages/airflow/example_dags/example_sla_dag.py
[2025-11-14T21:43:22.433+0000] {processor.py:925} INFO - DAG(s) 'example_sla_dag' retrieved from /home/airflow/.local/lib/python3.12/site-packages/airflow/example_dags/example_sla_dag.py
[2025-11-14T21:43:22.440+0000] {logging_mixin.py:190} INFO - [2025-11-14T21:43:22.440+0000] {dag.py:3239} INFO - Sync 1 DAGs
[2025-11-14T21:43:22.449+0000] {logging_mixin.py:190} INFO - [2025-11-14T21:43:22.449+0000] {dag.py:4180} INFO - Setting next_dagrun for example_sla_dag to 2025-11-14 21:40:00+00:00, run_after=2025-11-14 21:42:00+00:00
[2025-11-14T21:43:22.454+0000] {processor.py:208} INFO - Processing /home/airflow/.local/lib/python3.12/site-packages/airflow/example_dags/example_sla_dag.py took 0.029 seconds
[2025-11-14T21:43:53.185+0000] {processor.py:186} INFO - Started process (PID=2839) to work on /home/airflow/.local/lib/python3.12/site-packages/airflow/example_dags/example_sla_dag.py
[2025-11-14T21:43:53.185+0000] {processor.py:914} INFO - Processing file /home/airflow/.local/lib/python3.12/site-packages/airflow/example_dags/example_sla_dag.py for tasks to queue
[2025-11-14T21:43:53.186+0000] {logging_mixin.py:190} INFO - [2025-11-14T21:43:53.186+0000] {dagbag.py:588} INFO - Filling up the DagBag from /home/airflow/.local/lib/python3.12/site-packages/airflow/example_dags/example_sla_dag.py
[2025-11-14T21:43:53.192+0000] {processor.py:925} INFO - DAG(s) 'example_sla_dag' retrieved from /home/airflow/.local/lib/python3.12/site-packages/airflow/example_dags/example_sla_dag.py
[2025-11-14T21:43:53.203+0000] {logging_mixin.py:190} INFO - [2025-11-14T21:43:53.203+0000] {dag.py:3239} INFO - Sync 1 DAGs
[2025-11-14T21:43:53.213+0000] {logging_mixin.py:190} INFO - [2025-11-14T21:43:53.212+0000] {dag.py:4180} INFO - Setting next_dagrun for example_sla_dag to 2025-11-14 21:40:00+00:00, run_after=2025-11-14 21:42:00+00:00
[2025-11-14T21:43:53.222+0000] {processor.py:208} INFO - Processing /home/airflow/.local/lib/python3.12/site-packages/airflow/example_dags/example_sla_dag.py took 0.040 seconds
[2025-11-14T21:44:24.263+0000] {processor.py:186} INFO - Started process (PID=2901) to work on /home/airflow/.local/lib/python3.12/site-packages/airflow/example_dags/example_sla_dag.py
[2025-11-14T21:44:24.264+0000] {processor.py:914} INFO - Processing file /home/airflow/.local/lib/python3.12/site-packages/airflow/example_dags/example_sla_dag.py for tasks to queue
[2025-11-14T21:44:24.265+0000] {logging_mixin.py:190} INFO - [2025-11-14T21:44:24.265+0000] {dagbag.py:588} INFO - Filling up the DagBag from /home/airflow/.local/lib/python3.12/site-packages/airflow/example_dags/example_sla_dag.py
[2025-11-14T21:44:24.269+0000] {processor.py:925} INFO - DAG(s) 'example_sla_dag' retrieved from /home/airflow/.local/lib/python3.12/site-packages/airflow/example_dags/example_sla_dag.py
[2025-11-14T21:44:24.277+0000] {logging_mixin.py:190} INFO - [2025-11-14T21:44:24.277+0000] {dag.py:3239} INFO - Sync 1 DAGs
[2025-11-14T21:44:24.286+0000] {logging_mixin.py:190} INFO - [2025-11-14T21:44:24.286+0000] {dag.py:4180} INFO - Setting next_dagrun for example_sla_dag to 2025-11-14 21:42:00+00:00, run_after=2025-11-14 21:44:00+00:00
[2025-11-14T21:44:24.295+0000] {processor.py:208} INFO - Processing /home/airflow/.local/lib/python3.12/site-packages/airflow/example_dags/example_sla_dag.py took 0.035 seconds
[2025-11-14T21:44:55.989+0000] {processor.py:186} INFO - Started process (PID=2963) to work on /home/airflow/.local/lib/python3.12/site-packages/airflow/example_dags/example_sla_dag.py
[2025-11-14T21:44:55.991+0000] {processor.py:914} INFO - Processing file /home/airflow/.local/lib/python3.12/site-packages/airflow/example_dags/example_sla_dag.py for tasks to queue
[2025-11-14T21:44:55.993+0000] {logging_mixin.py:190} INFO - [2025-11-14T21:44:55.993+0000] {dagbag.py:588} INFO - Filling up the DagBag from /home/airflow/.local/lib/python3.12/site-packages/airflow/example_dags/example_sla_dag.py
[2025-11-14T21:44:55.998+0000] {processor.py:925} INFO - DAG(s) 'example_sla_dag' retrieved from /home/airflow/.local/lib/python3.12/site-packages/airflow/example_dags/example_sla_dag.py
[2025-11-14T21:44:56.006+0000] {logging_mixin.py:190} INFO - [2025-11-14T21:44:56.006+0000] {dag.py:3239} INFO - Sync 1 DAGs
[2025-11-14T21:44:56.018+0000] {logging_mixin.py:190} INFO - [2025-11-14T21:44:56.018+0000] {dag.py:4180} INFO - Setting next_dagrun for example_sla_dag to 2025-11-14 21:42:00+00:00, run_after=2025-11-14 21:44:00+00:00
[2025-11-14T21:44:56.031+0000] {processor.py:208} INFO - Processing /home/airflow/.local/lib/python3.12/site-packages/airflow/example_dags/example_sla_dag.py took 0.044 seconds
[2025-11-14T21:45:26.607+0000] {processor.py:186} INFO - Started process (PID=3025) to work on /home/airflow/.local/lib/python3.12/site-packages/airflow/example_dags/example_sla_dag.py
[2025-11-14T21:45:26.608+0000] {processor.py:914} INFO - Processing file /home/airflow/.local/lib/python3.12/site-packages/airflow/example_dags/example_sla_dag.py for tasks to queue
[2025-11-14T21:45:26.609+0000] {logging_mixin.py:190} INFO - [2025-11-14T21:45:26.608+0000] {dagbag.py:588} INFO - Filling up the DagBag from /home/airflow/.local/lib/python3.12/site-packages/airflow/example_dags/example_sla_dag.py
[2025-11-14T21:45:26.613+0000] {processor.py:925} INFO - DAG(s) 'example_sla_dag' retrieved from /home/airflow/.local/lib/python3.12/site-packages/airflow/example_dags/example_sla_dag.py
[2025-11-14T21:45:26.623+0000] {logging_mixin.py:190} INFO - [2025-11-14T21:45:26.622+0000] {dag.py:3239} INFO - Sync 1 DAGs
[2025-11-14T21:45:26.633+0000] {logging_mixin.py:190} INFO - [2025-11-14T21:45:26.633+0000] {dag.py:4180} INFO - Setting next_dagrun for example_sla_dag to 2025-11-14 21:42:00+00:00, run_after=2025-11-14 21:44:00+00:00
[2025-11-14T21:45:26.642+0000] {processor.py:208} INFO - Processing /home/airflow/.local/lib/python3.12/site-packages/airflow/example_dags/example_sla_dag.py took 0.037 seconds
[2025-11-14T21:45:58.136+0000] {processor.py:186} INFO - Started process (PID=3087) to work on /home/airflow/.local/lib/python3.12/site-packages/airflow/example_dags/example_sla_dag.py
[2025-11-14T21:45:58.137+0000] {processor.py:914} INFO - Processing file /home/airflow/.local/lib/python3.12/site-packages/airflow/example_dags/example_sla_dag.py for tasks to queue
[2025-11-14T21:45:58.141+0000] {logging_mixin.py:190} INFO - [2025-11-14T21:45:58.140+0000] {dagbag.py:588} INFO - Filling up the DagBag from /home/airflow/.local/lib/python3.12/site-packages/airflow/example_dags/example_sla_dag.py
[2025-11-14T21:45:58.152+0000] {processor.py:925} INFO - DAG(s) 'example_sla_dag' retrieved from /home/airflow/.local/lib/python3.12/site-packages/airflow/example_dags/example_sla_dag.py
[2025-11-14T21:45:58.170+0000] {logging_mixin.py:190} INFO - [2025-11-14T21:45:58.170+0000] {dag.py:3239} INFO - Sync 1 DAGs
[2025-11-14T21:45:58.183+0000] {logging_mixin.py:190} INFO - [2025-11-14T21:45:58.183+0000] {dag.py:4180} INFO - Setting next_dagrun for example_sla_dag to 2025-11-14 21:42:00+00:00, run_after=2025-11-14 21:44:00+00:00
[2025-11-14T21:45:58.350+0000] {processor.py:208} INFO - Processing /home/airflow/.local/lib/python3.12/site-packages/airflow/example_dags/example_sla_dag.py took 0.218 seconds
[2025-11-14T21:46:29.239+0000] {processor.py:186} INFO - Started process (PID=3149) to work on /home/airflow/.local/lib/python3.12/site-packages/airflow/example_dags/example_sla_dag.py
[2025-11-14T21:46:29.241+0000] {processor.py:914} INFO - Processing file /home/airflow/.local/lib/python3.12/site-packages/airflow/example_dags/example_sla_dag.py for tasks to queue
[2025-11-14T21:46:29.243+0000] {logging_mixin.py:190} INFO - [2025-11-14T21:46:29.243+0000] {dagbag.py:588} INFO - Filling up the DagBag from /home/airflow/.local/lib/python3.12/site-packages/airflow/example_dags/example_sla_dag.py
[2025-11-14T21:46:29.251+0000] {processor.py:925} INFO - DAG(s) 'example_sla_dag' retrieved from /home/airflow/.local/lib/python3.12/site-packages/airflow/example_dags/example_sla_dag.py
[2025-11-14T21:46:29.265+0000] {logging_mixin.py:190} INFO - [2025-11-14T21:46:29.264+0000] {dag.py:3239} INFO - Sync 1 DAGs
[2025-11-14T21:46:29.278+0000] {logging_mixin.py:190} INFO - [2025-11-14T21:46:29.278+0000] {dag.py:4180} INFO - Setting next_dagrun for example_sla_dag to 2025-11-14 21:44:00+00:00, run_after=2025-11-14 21:46:00+00:00
[2025-11-14T21:46:29.286+0000] {processor.py:208} INFO - Processing /home/airflow/.local/lib/python3.12/site-packages/airflow/example_dags/example_sla_dag.py took 0.052 seconds
[2025-11-14T21:46:59.583+0000] {processor.py:186} INFO - Started process (PID=3211) to work on /home/airflow/.local/lib/python3.12/site-packages/airflow/example_dags/example_sla_dag.py
[2025-11-14T21:46:59.584+0000] {processor.py:914} INFO - Processing file /home/airflow/.local/lib/python3.12/site-packages/airflow/example_dags/example_sla_dag.py for tasks to queue
[2025-11-14T21:46:59.586+0000] {logging_mixin.py:190} INFO - [2025-11-14T21:46:59.586+0000] {dagbag.py:588} INFO - Filling up the DagBag from /home/airflow/.local/lib/python3.12/site-packages/airflow/example_dags/example_sla_dag.py
[2025-11-14T21:46:59.593+0000] {processor.py:925} INFO - DAG(s) 'example_sla_dag' retrieved from /home/airflow/.local/lib/python3.12/site-packages/airflow/example_dags/example_sla_dag.py
[2025-11-14T21:46:59.605+0000] {logging_mixin.py:190} INFO - [2025-11-14T21:46:59.605+0000] {dag.py:3239} INFO - Sync 1 DAGs
[2025-11-14T21:46:59.616+0000] {logging_mixin.py:190} INFO - [2025-11-14T21:46:59.615+0000] {dag.py:4180} INFO - Setting next_dagrun for example_sla_dag to 2025-11-14 21:44:00+00:00, run_after=2025-11-14 21:46:00+00:00
[2025-11-14T21:46:59.623+0000] {processor.py:208} INFO - Processing /home/airflow/.local/lib/python3.12/site-packages/airflow/example_dags/example_sla_dag.py took 0.045 seconds
[2025-11-14T21:47:33.196+0000] {processor.py:186} INFO - Started process (PID=3273) to work on /home/airflow/.local/lib/python3.12/site-packages/airflow/example_dags/example_sla_dag.py
[2025-11-14T21:47:33.197+0000] {processor.py:914} INFO - Processing file /home/airflow/.local/lib/python3.12/site-packages/airflow/example_dags/example_sla_dag.py for tasks to queue
[2025-11-14T21:47:33.198+0000] {logging_mixin.py:190} INFO - [2025-11-14T21:47:33.198+0000] {dagbag.py:588} INFO - Filling up the DagBag from /home/airflow/.local/lib/python3.12/site-packages/airflow/example_dags/example_sla_dag.py
[2025-11-14T21:47:33.203+0000] {processor.py:925} INFO - DAG(s) 'example_sla_dag' retrieved from /home/airflow/.local/lib/python3.12/site-packages/airflow/example_dags/example_sla_dag.py
[2025-11-14T21:47:33.214+0000] {logging_mixin.py:190} INFO - [2025-11-14T21:47:33.214+0000] {dag.py:3239} INFO - Sync 1 DAGs
[2025-11-14T21:47:33.225+0000] {logging_mixin.py:190} INFO - [2025-11-14T21:47:33.225+0000] {dag.py:4180} INFO - Setting next_dagrun for example_sla_dag to 2025-11-14 21:44:00+00:00, run_after=2025-11-14 21:46:00+00:00
[2025-11-14T21:47:33.232+0000] {processor.py:208} INFO - Processing /home/airflow/.local/lib/python3.12/site-packages/airflow/example_dags/example_sla_dag.py took 0.038 seconds
[2025-11-14T21:48:04.297+0000] {processor.py:186} INFO - Started process (PID=3335) to work on /home/airflow/.local/lib/python3.12/site-packages/airflow/example_dags/example_sla_dag.py
[2025-11-14T21:48:04.298+0000] {processor.py:914} INFO - Processing file /home/airflow/.local/lib/python3.12/site-packages/airflow/example_dags/example_sla_dag.py for tasks to queue
[2025-11-14T21:48:04.299+0000] {logging_mixin.py:190} INFO - [2025-11-14T21:48:04.299+0000] {dagbag.py:588} INFO - Filling up the DagBag from /home/airflow/.local/lib/python3.12/site-packages/airflow/example_dags/example_sla_dag.py
[2025-11-14T21:48:04.305+0000] {processor.py:925} INFO - DAG(s) 'example_sla_dag' retrieved from /home/airflow/.local/lib/python3.12/site-packages/airflow/example_dags/example_sla_dag.py
[2025-11-14T21:48:04.440+0000] {logging_mixin.py:190} INFO - [2025-11-14T21:48:04.440+0000] {dag.py:3239} INFO - Sync 1 DAGs
[2025-11-14T21:48:04.450+0000] {logging_mixin.py:190} INFO - [2025-11-14T21:48:04.450+0000] {dag.py:4180} INFO - Setting next_dagrun for example_sla_dag to 2025-11-14 21:46:00+00:00, run_after=2025-11-14 21:48:00+00:00
[2025-11-14T21:48:04.459+0000] {processor.py:208} INFO - Processing /home/airflow/.local/lib/python3.12/site-packages/airflow/example_dags/example_sla_dag.py took 0.165 seconds
[2025-11-14T21:48:34.504+0000] {processor.py:186} INFO - Started process (PID=3399) to work on /home/airflow/.local/lib/python3.12/site-packages/airflow/example_dags/example_sla_dag.py
[2025-11-14T21:48:34.505+0000] {processor.py:914} INFO - Processing file /home/airflow/.local/lib/python3.12/site-packages/airflow/example_dags/example_sla_dag.py for tasks to queue
[2025-11-14T21:48:34.506+0000] {logging_mixin.py:190} INFO - [2025-11-14T21:48:34.506+0000] {dagbag.py:588} INFO - Filling up the DagBag from /home/airflow/.local/lib/python3.12/site-packages/airflow/example_dags/example_sla_dag.py
[2025-11-14T21:48:34.510+0000] {processor.py:925} INFO - DAG(s) 'example_sla_dag' retrieved from /home/airflow/.local/lib/python3.12/site-packages/airflow/example_dags/example_sla_dag.py
[2025-11-14T21:48:34.519+0000] {logging_mixin.py:190} INFO - [2025-11-14T21:48:34.519+0000] {dag.py:3239} INFO - Sync 1 DAGs
[2025-11-14T21:48:34.529+0000] {logging_mixin.py:190} INFO - [2025-11-14T21:48:34.529+0000] {dag.py:4180} INFO - Setting next_dagrun for example_sla_dag to 2025-11-14 21:46:00+00:00, run_after=2025-11-14 21:48:00+00:00
[2025-11-14T21:48:34.534+0000] {processor.py:208} INFO - Processing /home/airflow/.local/lib/python3.12/site-packages/airflow/example_dags/example_sla_dag.py took 0.033 seconds
[2025-11-14T21:49:05.499+0000] {processor.py:186} INFO - Started process (PID=3459) to work on /home/airflow/.local/lib/python3.12/site-packages/airflow/example_dags/example_sla_dag.py
[2025-11-14T21:49:05.499+0000] {processor.py:914} INFO - Processing file /home/airflow/.local/lib/python3.12/site-packages/airflow/example_dags/example_sla_dag.py for tasks to queue
[2025-11-14T21:49:05.500+0000] {logging_mixin.py:190} INFO - [2025-11-14T21:49:05.500+0000] {dagbag.py:588} INFO - Filling up the DagBag from /home/airflow/.local/lib/python3.12/site-packages/airflow/example_dags/example_sla_dag.py
[2025-11-14T21:49:05.505+0000] {processor.py:925} INFO - DAG(s) 'example_sla_dag' retrieved from /home/airflow/.local/lib/python3.12/site-packages/airflow/example_dags/example_sla_dag.py
[2025-11-14T21:49:05.517+0000] {logging_mixin.py:190} INFO - [2025-11-14T21:49:05.517+0000] {dag.py:3239} INFO - Sync 1 DAGs
[2025-11-14T21:49:05.525+0000] {logging_mixin.py:190} INFO - [2025-11-14T21:49:05.525+0000] {dag.py:4180} INFO - Setting next_dagrun for example_sla_dag to 2025-11-14 21:46:00+00:00, run_after=2025-11-14 21:48:00+00:00
[2025-11-14T21:49:05.534+0000] {processor.py:208} INFO - Processing /home/airflow/.local/lib/python3.12/site-packages/airflow/example_dags/example_sla_dag.py took 0.037 seconds
[2025-11-14T21:49:35.694+0000] {processor.py:186} INFO - Started process (PID=3521) to work on /home/airflow/.local/lib/python3.12/site-packages/airflow/example_dags/example_sla_dag.py
[2025-11-14T21:49:35.694+0000] {processor.py:914} INFO - Processing file /home/airflow/.local/lib/python3.12/site-packages/airflow/example_dags/example_sla_dag.py for tasks to queue
[2025-11-14T21:49:35.695+0000] {logging_mixin.py:190} INFO - [2025-11-14T21:49:35.695+0000] {dagbag.py:588} INFO - Filling up the DagBag from /home/airflow/.local/lib/python3.12/site-packages/airflow/example_dags/example_sla_dag.py
[2025-11-14T21:49:35.701+0000] {processor.py:925} INFO - DAG(s) 'example_sla_dag' retrieved from /home/airflow/.local/lib/python3.12/site-packages/airflow/example_dags/example_sla_dag.py
[2025-11-14T21:49:35.708+0000] {logging_mixin.py:190} INFO - [2025-11-14T21:49:35.708+0000] {dag.py:3239} INFO - Sync 1 DAGs
[2025-11-14T21:49:35.718+0000] {logging_mixin.py:190} INFO - [2025-11-14T21:49:35.718+0000] {dag.py:4180} INFO - Setting next_dagrun for example_sla_dag to 2025-11-14 21:46:00+00:00, run_after=2025-11-14 21:48:00+00:00
[2025-11-14T21:49:35.727+0000] {processor.py:208} INFO - Processing /home/airflow/.local/lib/python3.12/site-packages/airflow/example_dags/example_sla_dag.py took 0.035 seconds
[2025-11-14T21:50:05.956+0000] {processor.py:186} INFO - Started process (PID=3583) to work on /home/airflow/.local/lib/python3.12/site-packages/airflow/example_dags/example_sla_dag.py
[2025-11-14T21:50:05.957+0000] {processor.py:914} INFO - Processing file /home/airflow/.local/lib/python3.12/site-packages/airflow/example_dags/example_sla_dag.py for tasks to queue
[2025-11-14T21:50:05.958+0000] {logging_mixin.py:190} INFO - [2025-11-14T21:50:05.957+0000] {dagbag.py:588} INFO - Filling up the DagBag from /home/airflow/.local/lib/python3.12/site-packages/airflow/example_dags/example_sla_dag.py
[2025-11-14T21:50:05.962+0000] {processor.py:925} INFO - DAG(s) 'example_sla_dag' retrieved from /home/airflow/.local/lib/python3.12/site-packages/airflow/example_dags/example_sla_dag.py
[2025-11-14T21:50:05.969+0000] {logging_mixin.py:190} INFO - [2025-11-14T21:50:05.969+0000] {dag.py:3239} INFO - Sync 1 DAGs
[2025-11-14T21:50:05.979+0000] {logging_mixin.py:190} INFO - [2025-11-14T21:50:05.978+0000] {dag.py:4180} INFO - Setting next_dagrun for example_sla_dag to 2025-11-14 21:48:00+00:00, run_after=2025-11-14 21:50:00+00:00
[2025-11-14T21:50:05.985+0000] {processor.py:208} INFO - Processing /home/airflow/.local/lib/python3.12/site-packages/airflow/example_dags/example_sla_dag.py took 0.032 seconds
[2025-11-14T21:50:36.578+0000] {processor.py:186} INFO - Started process (PID=3645) to work on /home/airflow/.local/lib/python3.12/site-packages/airflow/example_dags/example_sla_dag.py
[2025-11-14T21:50:36.579+0000] {processor.py:914} INFO - Processing file /home/airflow/.local/lib/python3.12/site-packages/airflow/example_dags/example_sla_dag.py for tasks to queue
[2025-11-14T21:50:36.589+0000] {logging_mixin.py:190} INFO - [2025-11-14T21:50:36.587+0000] {dagbag.py:588} INFO - Filling up the DagBag from /home/airflow/.local/lib/python3.12/site-packages/airflow/example_dags/example_sla_dag.py
[2025-11-14T21:50:36.599+0000] {processor.py:925} INFO - DAG(s) 'example_sla_dag' retrieved from /home/airflow/.local/lib/python3.12/site-packages/airflow/example_dags/example_sla_dag.py
[2025-11-14T21:50:36.620+0000] {logging_mixin.py:190} INFO - [2025-11-14T21:50:36.620+0000] {dag.py:3239} INFO - Sync 1 DAGs
[2025-11-14T21:50:36.635+0000] {logging_mixin.py:190} INFO - [2025-11-14T21:50:36.634+0000] {dag.py:4180} INFO - Setting next_dagrun for example_sla_dag to 2025-11-14 21:48:00+00:00, run_after=2025-11-14 21:50:00+00:00
[2025-11-14T21:50:36.646+0000] {processor.py:208} INFO - Processing /home/airflow/.local/lib/python3.12/site-packages/airflow/example_dags/example_sla_dag.py took 0.071 seconds
[2025-11-14T21:51:06.944+0000] {processor.py:186} INFO - Started process (PID=3707) to work on /home/airflow/.local/lib/python3.12/site-packages/airflow/example_dags/example_sla_dag.py
[2025-11-14T21:51:06.946+0000] {processor.py:914} INFO - Processing file /home/airflow/.local/lib/python3.12/site-packages/airflow/example_dags/example_sla_dag.py for tasks to queue
[2025-11-14T21:51:06.948+0000] {logging_mixin.py:190} INFO - [2025-11-14T21:51:06.948+0000] {dagbag.py:588} INFO - Filling up the DagBag from /home/airflow/.local/lib/python3.12/site-packages/airflow/example_dags/example_sla_dag.py
[2025-11-14T21:51:06.954+0000] {processor.py:925} INFO - DAG(s) 'example_sla_dag' retrieved from /home/airflow/.local/lib/python3.12/site-packages/airflow/example_dags/example_sla_dag.py
[2025-11-14T21:51:06.965+0000] {logging_mixin.py:190} INFO - [2025-11-14T21:51:06.964+0000] {dag.py:3239} INFO - Sync 1 DAGs
[2025-11-14T21:51:06.975+0000] {logging_mixin.py:190} INFO - [2025-11-14T21:51:06.975+0000] {dag.py:4180} INFO - Setting next_dagrun for example_sla_dag to 2025-11-14 21:48:00+00:00, run_after=2025-11-14 21:50:00+00:00
[2025-11-14T21:51:06.982+0000] {processor.py:208} INFO - Processing /home/airflow/.local/lib/python3.12/site-packages/airflow/example_dags/example_sla_dag.py took 0.043 seconds
[2025-11-14T21:51:37.498+0000] {processor.py:186} INFO - Started process (PID=3769) to work on /home/airflow/.local/lib/python3.12/site-packages/airflow/example_dags/example_sla_dag.py
[2025-11-14T21:51:37.499+0000] {processor.py:914} INFO - Processing file /home/airflow/.local/lib/python3.12/site-packages/airflow/example_dags/example_sla_dag.py for tasks to queue
[2025-11-14T21:51:37.501+0000] {logging_mixin.py:190} INFO - [2025-11-14T21:51:37.501+0000] {dagbag.py:588} INFO - Filling up the DagBag from /home/airflow/.local/lib/python3.12/site-packages/airflow/example_dags/example_sla_dag.py
[2025-11-14T21:51:37.507+0000] {processor.py:925} INFO - DAG(s) 'example_sla_dag' retrieved from /home/airflow/.local/lib/python3.12/site-packages/airflow/example_dags/example_sla_dag.py
[2025-11-14T21:51:37.519+0000] {logging_mixin.py:190} INFO - [2025-11-14T21:51:37.519+0000] {dag.py:3239} INFO - Sync 1 DAGs
[2025-11-14T21:51:37.532+0000] {logging_mixin.py:190} INFO - [2025-11-14T21:51:37.532+0000] {dag.py:4180} INFO - Setting next_dagrun for example_sla_dag to 2025-11-14 21:48:00+00:00, run_after=2025-11-14 21:50:00+00:00
[2025-11-14T21:51:37.539+0000] {processor.py:208} INFO - Processing /home/airflow/.local/lib/python3.12/site-packages/airflow/example_dags/example_sla_dag.py took 0.044 seconds
[2025-11-14T21:52:08.348+0000] {processor.py:186} INFO - Started process (PID=3831) to work on /home/airflow/.local/lib/python3.12/site-packages/airflow/example_dags/example_sla_dag.py
[2025-11-14T21:52:08.349+0000] {processor.py:914} INFO - Processing file /home/airflow/.local/lib/python3.12/site-packages/airflow/example_dags/example_sla_dag.py for tasks to queue
[2025-11-14T21:52:08.350+0000] {logging_mixin.py:190} INFO - [2025-11-14T21:52:08.350+0000] {dagbag.py:588} INFO - Filling up the DagBag from /home/airflow/.local/lib/python3.12/site-packages/airflow/example_dags/example_sla_dag.py
[2025-11-14T21:52:08.355+0000] {processor.py:925} INFO - DAG(s) 'example_sla_dag' retrieved from /home/airflow/.local/lib/python3.12/site-packages/airflow/example_dags/example_sla_dag.py
[2025-11-14T21:52:08.363+0000] {logging_mixin.py:190} INFO - [2025-11-14T21:52:08.363+0000] {dag.py:3239} INFO - Sync 1 DAGs
[2025-11-14T21:52:08.373+0000] {logging_mixin.py:190} INFO - [2025-11-14T21:52:08.373+0000] {dag.py:4180} INFO - Setting next_dagrun for example_sla_dag to 2025-11-14 21:50:00+00:00, run_after=2025-11-14 21:52:00+00:00
[2025-11-14T21:52:08.380+0000] {processor.py:208} INFO - Processing /home/airflow/.local/lib/python3.12/site-packages/airflow/example_dags/example_sla_dag.py took 0.034 seconds
[2025-11-14T21:52:40.538+0000] {processor.py:186} INFO - Started process (PID=3893) to work on /home/airflow/.local/lib/python3.12/site-packages/airflow/example_dags/example_sla_dag.py
[2025-11-14T21:52:40.539+0000] {processor.py:914} INFO - Processing file /home/airflow/.local/lib/python3.12/site-packages/airflow/example_dags/example_sla_dag.py for tasks to queue
[2025-11-14T21:52:40.544+0000] {logging_mixin.py:190} INFO - [2025-11-14T21:52:40.544+0000] {dagbag.py:588} INFO - Filling up the DagBag from /home/airflow/.local/lib/python3.12/site-packages/airflow/example_dags/example_sla_dag.py
[2025-11-14T21:52:40.562+0000] {processor.py:925} INFO - DAG(s) 'example_sla_dag' retrieved from /home/airflow/.local/lib/python3.12/site-packages/airflow/example_dags/example_sla_dag.py
[2025-11-14T21:52:40.594+0000] {logging_mixin.py:190} INFO - [2025-11-14T21:52:40.594+0000] {dag.py:3239} INFO - Sync 1 DAGs
[2025-11-14T21:52:40.618+0000] {logging_mixin.py:190} INFO - [2025-11-14T21:52:40.617+0000] {dag.py:4180} INFO - Setting next_dagrun for example_sla_dag to 2025-11-14 21:50:00+00:00, run_after=2025-11-14 21:52:00+00:00
[2025-11-14T21:52:40.630+0000] {processor.py:208} INFO - Processing /home/airflow/.local/lib/python3.12/site-packages/airflow/example_dags/example_sla_dag.py took 0.098 seconds
[2025-11-14T21:53:11.495+0000] {processor.py:186} INFO - Started process (PID=3955) to work on /home/airflow/.local/lib/python3.12/site-packages/airflow/example_dags/example_sla_dag.py
[2025-11-14T21:53:11.496+0000] {processor.py:914} INFO - Processing file /home/airflow/.local/lib/python3.12/site-packages/airflow/example_dags/example_sla_dag.py for tasks to queue
[2025-11-14T21:53:11.497+0000] {logging_mixin.py:190} INFO - [2025-11-14T21:53:11.497+0000] {dagbag.py:588} INFO - Filling up the DagBag from /home/airflow/.local/lib/python3.12/site-packages/airflow/example_dags/example_sla_dag.py
[2025-11-14T21:53:11.502+0000] {processor.py:925} INFO - DAG(s) 'example_sla_dag' retrieved from /home/airflow/.local/lib/python3.12/site-packages/airflow/example_dags/example_sla_dag.py
[2025-11-14T21:53:11.510+0000] {logging_mixin.py:190} INFO - [2025-11-14T21:53:11.510+0000] {dag.py:3239} INFO - Sync 1 DAGs
[2025-11-14T21:53:11.523+0000] {logging_mixin.py:190} INFO - [2025-11-14T21:53:11.523+0000] {dag.py:4180} INFO - Setting next_dagrun for example_sla_dag to 2025-11-14 21:50:00+00:00, run_after=2025-11-14 21:52:00+00:00
[2025-11-14T21:53:11.529+0000] {processor.py:208} INFO - Processing /home/airflow/.local/lib/python3.12/site-packages/airflow/example_dags/example_sla_dag.py took 0.038 seconds
[2025-11-14T21:53:42.073+0000] {processor.py:186} INFO - Started process (PID=4017) to work on /home/airflow/.local/lib/python3.12/site-packages/airflow/example_dags/example_sla_dag.py
[2025-11-14T21:53:42.076+0000] {processor.py:914} INFO - Processing file /home/airflow/.local/lib/python3.12/site-packages/airflow/example_dags/example_sla_dag.py for tasks to queue
[2025-11-14T21:53:42.078+0000] {logging_mixin.py:190} INFO - [2025-11-14T21:53:42.078+0000] {dagbag.py:588} INFO - Filling up the DagBag from /home/airflow/.local/lib/python3.12/site-packages/airflow/example_dags/example_sla_dag.py
[2025-11-14T21:53:42.085+0000] {processor.py:925} INFO - DAG(s) 'example_sla_dag' retrieved from /home/airflow/.local/lib/python3.12/site-packages/airflow/example_dags/example_sla_dag.py
[2025-11-14T21:53:42.101+0000] {logging_mixin.py:190} INFO - [2025-11-14T21:53:42.101+0000] {dag.py:3239} INFO - Sync 1 DAGs
[2025-11-14T21:53:42.116+0000] {logging_mixin.py:190} INFO - [2025-11-14T21:53:42.116+0000] {dag.py:4180} INFO - Setting next_dagrun for example_sla_dag to 2025-11-14 21:50:00+00:00, run_after=2025-11-14 21:52:00+00:00
[2025-11-14T21:53:42.127+0000] {processor.py:208} INFO - Processing /home/airflow/.local/lib/python3.12/site-packages/airflow/example_dags/example_sla_dag.py took 0.058 seconds
[2025-11-14T21:54:12.825+0000] {processor.py:186} INFO - Started process (PID=4079) to work on /home/airflow/.local/lib/python3.12/site-packages/airflow/example_dags/example_sla_dag.py
[2025-11-14T21:54:12.827+0000] {processor.py:914} INFO - Processing file /home/airflow/.local/lib/python3.12/site-packages/airflow/example_dags/example_sla_dag.py for tasks to queue
[2025-11-14T21:54:12.828+0000] {logging_mixin.py:190} INFO - [2025-11-14T21:54:12.828+0000] {dagbag.py:588} INFO - Filling up the DagBag from /home/airflow/.local/lib/python3.12/site-packages/airflow/example_dags/example_sla_dag.py
[2025-11-14T21:54:12.834+0000] {processor.py:925} INFO - DAG(s) 'example_sla_dag' retrieved from /home/airflow/.local/lib/python3.12/site-packages/airflow/example_dags/example_sla_dag.py
[2025-11-14T21:54:12.846+0000] {logging_mixin.py:190} INFO - [2025-11-14T21:54:12.846+0000] {dag.py:3239} INFO - Sync 1 DAGs
[2025-11-14T21:54:12.857+0000] {logging_mixin.py:190} INFO - [2025-11-14T21:54:12.857+0000] {dag.py:4180} INFO - Setting next_dagrun for example_sla_dag to 2025-11-14 21:52:00+00:00, run_after=2025-11-14 21:54:00+00:00
[2025-11-14T21:54:12.869+0000] {processor.py:208} INFO - Processing /home/airflow/.local/lib/python3.12/site-packages/airflow/example_dags/example_sla_dag.py took 0.047 seconds
[2025-11-14T21:54:43.183+0000] {processor.py:186} INFO - Started process (PID=4141) to work on /home/airflow/.local/lib/python3.12/site-packages/airflow/example_dags/example_sla_dag.py
[2025-11-14T21:54:43.185+0000] {processor.py:914} INFO - Processing file /home/airflow/.local/lib/python3.12/site-packages/airflow/example_dags/example_sla_dag.py for tasks to queue
[2025-11-14T21:54:43.186+0000] {logging_mixin.py:190} INFO - [2025-11-14T21:54:43.186+0000] {dagbag.py:588} INFO - Filling up the DagBag from /home/airflow/.local/lib/python3.12/site-packages/airflow/example_dags/example_sla_dag.py
[2025-11-14T21:54:43.192+0000] {processor.py:925} INFO - DAG(s) 'example_sla_dag' retrieved from /home/airflow/.local/lib/python3.12/site-packages/airflow/example_dags/example_sla_dag.py
[2025-11-14T21:54:43.203+0000] {logging_mixin.py:190} INFO - [2025-11-14T21:54:43.203+0000] {dag.py:3239} INFO - Sync 1 DAGs
[2025-11-14T21:54:43.214+0000] {logging_mixin.py:190} INFO - [2025-11-14T21:54:43.214+0000] {dag.py:4180} INFO - Setting next_dagrun for example_sla_dag to 2025-11-14 21:52:00+00:00, run_after=2025-11-14 21:54:00+00:00
[2025-11-14T21:54:43.227+0000] {processor.py:208} INFO - Processing /home/airflow/.local/lib/python3.12/site-packages/airflow/example_dags/example_sla_dag.py took 0.046 seconds
[2025-11-14T21:55:13.562+0000] {processor.py:186} INFO - Started process (PID=4203) to work on /home/airflow/.local/lib/python3.12/site-packages/airflow/example_dags/example_sla_dag.py
[2025-11-14T21:55:13.564+0000] {processor.py:914} INFO - Processing file /home/airflow/.local/lib/python3.12/site-packages/airflow/example_dags/example_sla_dag.py for tasks to queue
[2025-11-14T21:55:13.565+0000] {logging_mixin.py:190} INFO - [2025-11-14T21:55:13.565+0000] {dagbag.py:588} INFO - Filling up the DagBag from /home/airflow/.local/lib/python3.12/site-packages/airflow/example_dags/example_sla_dag.py
[2025-11-14T21:55:13.570+0000] {processor.py:925} INFO - DAG(s) 'example_sla_dag' retrieved from /home/airflow/.local/lib/python3.12/site-packages/airflow/example_dags/example_sla_dag.py
[2025-11-14T21:55:13.580+0000] {logging_mixin.py:190} INFO - [2025-11-14T21:55:13.580+0000] {dag.py:3239} INFO - Sync 1 DAGs
[2025-11-14T21:55:13.593+0000] {logging_mixin.py:190} INFO - [2025-11-14T21:55:13.593+0000] {dag.py:4180} INFO - Setting next_dagrun for example_sla_dag to 2025-11-14 21:52:00+00:00, run_after=2025-11-14 21:54:00+00:00
[2025-11-14T21:55:13.605+0000] {processor.py:208} INFO - Processing /home/airflow/.local/lib/python3.12/site-packages/airflow/example_dags/example_sla_dag.py took 0.047 seconds
[2025-11-14T21:55:43.944+0000] {processor.py:186} INFO - Started process (PID=4265) to work on /home/airflow/.local/lib/python3.12/site-packages/airflow/example_dags/example_sla_dag.py
[2025-11-14T21:55:43.945+0000] {processor.py:914} INFO - Processing file /home/airflow/.local/lib/python3.12/site-packages/airflow/example_dags/example_sla_dag.py for tasks to queue
[2025-11-14T21:55:43.946+0000] {logging_mixin.py:190} INFO - [2025-11-14T21:55:43.946+0000] {dagbag.py:588} INFO - Filling up the DagBag from /home/airflow/.local/lib/python3.12/site-packages/airflow/example_dags/example_sla_dag.py
[2025-11-14T21:55:43.953+0000] {processor.py:925} INFO - DAG(s) 'example_sla_dag' retrieved from /home/airflow/.local/lib/python3.12/site-packages/airflow/example_dags/example_sla_dag.py
[2025-11-14T21:55:43.963+0000] {logging_mixin.py:190} INFO - [2025-11-14T21:55:43.963+0000] {dag.py:3239} INFO - Sync 1 DAGs
[2025-11-14T21:55:43.976+0000] {logging_mixin.py:190} INFO - [2025-11-14T21:55:43.976+0000] {dag.py:4180} INFO - Setting next_dagrun for example_sla_dag to 2025-11-14 21:52:00+00:00, run_after=2025-11-14 21:54:00+00:00
[2025-11-14T21:55:43.986+0000] {processor.py:208} INFO - Processing /home/airflow/.local/lib/python3.12/site-packages/airflow/example_dags/example_sla_dag.py took 0.046 seconds
[2025-11-14T21:56:14.487+0000] {processor.py:186} INFO - Started process (PID=4327) to work on /home/airflow/.local/lib/python3.12/site-packages/airflow/example_dags/example_sla_dag.py
[2025-11-14T21:56:14.488+0000] {processor.py:914} INFO - Processing file /home/airflow/.local/lib/python3.12/site-packages/airflow/example_dags/example_sla_dag.py for tasks to queue
[2025-11-14T21:56:14.490+0000] {logging_mixin.py:190} INFO - [2025-11-14T21:56:14.489+0000] {dagbag.py:588} INFO - Filling up the DagBag from /home/airflow/.local/lib/python3.12/site-packages/airflow/example_dags/example_sla_dag.py
[2025-11-14T21:56:14.496+0000] {processor.py:925} INFO - DAG(s) 'example_sla_dag' retrieved from /home/airflow/.local/lib/python3.12/site-packages/airflow/example_dags/example_sla_dag.py
[2025-11-14T21:56:14.517+0000] {logging_mixin.py:190} INFO - [2025-11-14T21:56:14.517+0000] {dag.py:3239} INFO - Sync 1 DAGs
[2025-11-14T21:56:14.532+0000] {logging_mixin.py:190} INFO - [2025-11-14T21:56:14.532+0000] {dag.py:4180} INFO - Setting next_dagrun for example_sla_dag to 2025-11-14 21:54:00+00:00, run_after=2025-11-14 21:56:00+00:00
[2025-11-14T21:56:14.545+0000] {processor.py:208} INFO - Processing /home/airflow/.local/lib/python3.12/site-packages/airflow/example_dags/example_sla_dag.py took 0.060 seconds
[2025-11-14T21:56:45.485+0000] {processor.py:186} INFO - Started process (PID=4389) to work on /home/airflow/.local/lib/python3.12/site-packages/airflow/example_dags/example_sla_dag.py
[2025-11-14T21:56:45.485+0000] {processor.py:914} INFO - Processing file /home/airflow/.local/lib/python3.12/site-packages/airflow/example_dags/example_sla_dag.py for tasks to queue
[2025-11-14T21:56:45.487+0000] {logging_mixin.py:190} INFO - [2025-11-14T21:56:45.486+0000] {dagbag.py:588} INFO - Filling up the DagBag from /home/airflow/.local/lib/python3.12/site-packages/airflow/example_dags/example_sla_dag.py
[2025-11-14T21:56:45.491+0000] {processor.py:925} INFO - DAG(s) 'example_sla_dag' retrieved from /home/airflow/.local/lib/python3.12/site-packages/airflow/example_dags/example_sla_dag.py
[2025-11-14T21:56:45.500+0000] {logging_mixin.py:190} INFO - [2025-11-14T21:56:45.500+0000] {dag.py:3239} INFO - Sync 1 DAGs
[2025-11-14T21:56:45.510+0000] {logging_mixin.py:190} INFO - [2025-11-14T21:56:45.510+0000] {dag.py:4180} INFO - Setting next_dagrun for example_sla_dag to 2025-11-14 21:54:00+00:00, run_after=2025-11-14 21:56:00+00:00
[2025-11-14T21:56:45.516+0000] {processor.py:208} INFO - Processing /home/airflow/.local/lib/python3.12/site-packages/airflow/example_dags/example_sla_dag.py took 0.035 seconds
[2025-11-14T21:57:15.877+0000] {processor.py:186} INFO - Started process (PID=4451) to work on /home/airflow/.local/lib/python3.12/site-packages/airflow/example_dags/example_sla_dag.py
[2025-11-14T21:57:15.880+0000] {processor.py:914} INFO - Processing file /home/airflow/.local/lib/python3.12/site-packages/airflow/example_dags/example_sla_dag.py for tasks to queue
[2025-11-14T21:57:15.882+0000] {logging_mixin.py:190} INFO - [2025-11-14T21:57:15.882+0000] {dagbag.py:588} INFO - Filling up the DagBag from /home/airflow/.local/lib/python3.12/site-packages/airflow/example_dags/example_sla_dag.py
[2025-11-14T21:57:15.888+0000] {processor.py:925} INFO - DAG(s) 'example_sla_dag' retrieved from /home/airflow/.local/lib/python3.12/site-packages/airflow/example_dags/example_sla_dag.py
[2025-11-14T21:57:15.903+0000] {logging_mixin.py:190} INFO - [2025-11-14T21:57:15.903+0000] {dag.py:3239} INFO - Sync 1 DAGs
[2025-11-14T21:57:15.914+0000] {logging_mixin.py:190} INFO - [2025-11-14T21:57:15.914+0000] {dag.py:4180} INFO - Setting next_dagrun for example_sla_dag to 2025-11-14 21:54:00+00:00, run_after=2025-11-14 21:56:00+00:00
[2025-11-14T21:57:15.924+0000] {processor.py:208} INFO - Processing /home/airflow/.local/lib/python3.12/site-packages/airflow/example_dags/example_sla_dag.py took 0.050 seconds
[2025-11-14T21:57:46.643+0000] {processor.py:186} INFO - Started process (PID=4513) to work on /home/airflow/.local/lib/python3.12/site-packages/airflow/example_dags/example_sla_dag.py
[2025-11-14T21:57:46.644+0000] {processor.py:914} INFO - Processing file /home/airflow/.local/lib/python3.12/site-packages/airflow/example_dags/example_sla_dag.py for tasks to queue
[2025-11-14T21:57:46.647+0000] {logging_mixin.py:190} INFO - [2025-11-14T21:57:46.647+0000] {dagbag.py:588} INFO - Filling up the DagBag from /home/airflow/.local/lib/python3.12/site-packages/airflow/example_dags/example_sla_dag.py
[2025-11-14T21:57:46.655+0000] {processor.py:925} INFO - DAG(s) 'example_sla_dag' retrieved from /home/airflow/.local/lib/python3.12/site-packages/airflow/example_dags/example_sla_dag.py
[2025-11-14T21:57:46.665+0000] {logging_mixin.py:190} INFO - [2025-11-14T21:57:46.665+0000] {dag.py:3239} INFO - Sync 1 DAGs
[2025-11-14T21:57:46.677+0000] {logging_mixin.py:190} INFO - [2025-11-14T21:57:46.676+0000] {dag.py:4180} INFO - Setting next_dagrun for example_sla_dag to 2025-11-14 21:54:00+00:00, run_after=2025-11-14 21:56:00+00:00
[2025-11-14T21:57:46.686+0000] {processor.py:208} INFO - Processing /home/airflow/.local/lib/python3.12/site-packages/airflow/example_dags/example_sla_dag.py took 0.046 seconds
[2025-11-14T21:58:17.441+0000] {processor.py:186} INFO - Started process (PID=4575) to work on /home/airflow/.local/lib/python3.12/site-packages/airflow/example_dags/example_sla_dag.py
[2025-11-14T21:58:17.442+0000] {processor.py:914} INFO - Processing file /home/airflow/.local/lib/python3.12/site-packages/airflow/example_dags/example_sla_dag.py for tasks to queue
[2025-11-14T21:58:17.443+0000] {logging_mixin.py:190} INFO - [2025-11-14T21:58:17.442+0000] {dagbag.py:588} INFO - Filling up the DagBag from /home/airflow/.local/lib/python3.12/site-packages/airflow/example_dags/example_sla_dag.py
[2025-11-14T21:58:17.448+0000] {processor.py:925} INFO - DAG(s) 'example_sla_dag' retrieved from /home/airflow/.local/lib/python3.12/site-packages/airflow/example_dags/example_sla_dag.py
[2025-11-14T21:58:17.459+0000] {logging_mixin.py:190} INFO - [2025-11-14T21:58:17.459+0000] {dag.py:3239} INFO - Sync 1 DAGs
[2025-11-14T21:58:17.471+0000] {logging_mixin.py:190} INFO - [2025-11-14T21:58:17.471+0000] {dag.py:4180} INFO - Setting next_dagrun for example_sla_dag to 2025-11-14 21:56:00+00:00, run_after=2025-11-14 21:58:00+00:00
[2025-11-14T21:58:17.481+0000] {processor.py:208} INFO - Processing /home/airflow/.local/lib/python3.12/site-packages/airflow/example_dags/example_sla_dag.py took 0.042 seconds
[2025-11-14T21:58:47.628+0000] {processor.py:186} INFO - Started process (PID=4637) to work on /home/airflow/.local/lib/python3.12/site-packages/airflow/example_dags/example_sla_dag.py
[2025-11-14T21:58:47.629+0000] {processor.py:914} INFO - Processing file /home/airflow/.local/lib/python3.12/site-packages/airflow/example_dags/example_sla_dag.py for tasks to queue
[2025-11-14T21:58:47.630+0000] {logging_mixin.py:190} INFO - [2025-11-14T21:58:47.630+0000] {dagbag.py:588} INFO - Filling up the DagBag from /home/airflow/.local/lib/python3.12/site-packages/airflow/example_dags/example_sla_dag.py
[2025-11-14T21:58:47.636+0000] {processor.py:925} INFO - DAG(s) 'example_sla_dag' retrieved from /home/airflow/.local/lib/python3.12/site-packages/airflow/example_dags/example_sla_dag.py
[2025-11-14T21:58:47.647+0000] {logging_mixin.py:190} INFO - [2025-11-14T21:58:47.646+0000] {dag.py:3239} INFO - Sync 1 DAGs
[2025-11-14T21:58:47.664+0000] {logging_mixin.py:190} INFO - [2025-11-14T21:58:47.664+0000] {dag.py:4180} INFO - Setting next_dagrun for example_sla_dag to 2025-11-14 21:56:00+00:00, run_after=2025-11-14 21:58:00+00:00
[2025-11-14T21:58:47.686+0000] {processor.py:208} INFO - Processing /home/airflow/.local/lib/python3.12/site-packages/airflow/example_dags/example_sla_dag.py took 0.061 seconds
[2025-11-14T21:59:18.159+0000] {processor.py:186} INFO - Started process (PID=4699) to work on /home/airflow/.local/lib/python3.12/site-packages/airflow/example_dags/example_sla_dag.py
[2025-11-14T21:59:18.159+0000] {processor.py:914} INFO - Processing file /home/airflow/.local/lib/python3.12/site-packages/airflow/example_dags/example_sla_dag.py for tasks to queue
[2025-11-14T21:59:18.161+0000] {logging_mixin.py:190} INFO - [2025-11-14T21:59:18.161+0000] {dagbag.py:588} INFO - Filling up the DagBag from /home/airflow/.local/lib/python3.12/site-packages/airflow/example_dags/example_sla_dag.py
[2025-11-14T21:59:18.168+0000] {processor.py:925} INFO - DAG(s) 'example_sla_dag' retrieved from /home/airflow/.local/lib/python3.12/site-packages/airflow/example_dags/example_sla_dag.py
[2025-11-14T21:59:18.183+0000] {logging_mixin.py:190} INFO - [2025-11-14T21:59:18.183+0000] {dag.py:3239} INFO - Sync 1 DAGs
[2025-11-14T21:59:18.193+0000] {logging_mixin.py:190} INFO - [2025-11-14T21:59:18.193+0000] {dag.py:4180} INFO - Setting next_dagrun for example_sla_dag to 2025-11-14 21:56:00+00:00, run_after=2025-11-14 21:58:00+00:00
[2025-11-14T21:59:18.199+0000] {processor.py:208} INFO - Processing /home/airflow/.local/lib/python3.12/site-packages/airflow/example_dags/example_sla_dag.py took 0.044 seconds
[2025-11-14T21:59:49.211+0000] {processor.py:186} INFO - Started process (PID=4761) to work on /home/airflow/.local/lib/python3.12/site-packages/airflow/example_dags/example_sla_dag.py
[2025-11-14T21:59:49.212+0000] {processor.py:914} INFO - Processing file /home/airflow/.local/lib/python3.12/site-packages/airflow/example_dags/example_sla_dag.py for tasks to queue
[2025-11-14T21:59:49.213+0000] {logging_mixin.py:190} INFO - [2025-11-14T21:59:49.213+0000] {dagbag.py:588} INFO - Filling up the DagBag from /home/airflow/.local/lib/python3.12/site-packages/airflow/example_dags/example_sla_dag.py
[2025-11-14T21:59:49.218+0000] {processor.py:925} INFO - DAG(s) 'example_sla_dag' retrieved from /home/airflow/.local/lib/python3.12/site-packages/airflow/example_dags/example_sla_dag.py
[2025-11-14T21:59:49.230+0000] {logging_mixin.py:190} INFO - [2025-11-14T21:59:49.230+0000] {dag.py:3239} INFO - Sync 1 DAGs
[2025-11-14T21:59:49.241+0000] {logging_mixin.py:190} INFO - [2025-11-14T21:59:49.241+0000] {dag.py:4180} INFO - Setting next_dagrun for example_sla_dag to 2025-11-14 21:56:00+00:00, run_after=2025-11-14 21:58:00+00:00
[2025-11-14T21:59:49.249+0000] {processor.py:208} INFO - Processing /home/airflow/.local/lib/python3.12/site-packages/airflow/example_dags/example_sla_dag.py took 0.041 seconds
[2025-11-14T22:00:19.603+0000] {processor.py:186} INFO - Started process (PID=4823) to work on /home/airflow/.local/lib/python3.12/site-packages/airflow/example_dags/example_sla_dag.py
[2025-11-14T22:00:19.604+0000] {processor.py:914} INFO - Processing file /home/airflow/.local/lib/python3.12/site-packages/airflow/example_dags/example_sla_dag.py for tasks to queue
[2025-11-14T22:00:19.605+0000] {logging_mixin.py:190} INFO - [2025-11-14T22:00:19.605+0000] {dagbag.py:588} INFO - Filling up the DagBag from /home/airflow/.local/lib/python3.12/site-packages/airflow/example_dags/example_sla_dag.py
[2025-11-14T22:00:19.609+0000] {processor.py:925} INFO - DAG(s) 'example_sla_dag' retrieved from /home/airflow/.local/lib/python3.12/site-packages/airflow/example_dags/example_sla_dag.py
[2025-11-14T22:00:19.617+0000] {logging_mixin.py:190} INFO - [2025-11-14T22:00:19.617+0000] {dag.py:3239} INFO - Sync 1 DAGs
[2025-11-14T22:00:19.627+0000] {logging_mixin.py:190} INFO - [2025-11-14T22:00:19.627+0000] {dag.py:4180} INFO - Setting next_dagrun for example_sla_dag to 2025-11-14 21:58:00+00:00, run_after=2025-11-14 22:00:00+00:00
[2025-11-14T22:00:19.633+0000] {processor.py:208} INFO - Processing /home/airflow/.local/lib/python3.12/site-packages/airflow/example_dags/example_sla_dag.py took 0.032 seconds
[2025-11-14T22:00:49.869+0000] {processor.py:186} INFO - Started process (PID=4885) to work on /home/airflow/.local/lib/python3.12/site-packages/airflow/example_dags/example_sla_dag.py
[2025-11-14T22:00:49.871+0000] {processor.py:914} INFO - Processing file /home/airflow/.local/lib/python3.12/site-packages/airflow/example_dags/example_sla_dag.py for tasks to queue
[2025-11-14T22:00:49.872+0000] {logging_mixin.py:190} INFO - [2025-11-14T22:00:49.872+0000] {dagbag.py:588} INFO - Filling up the DagBag from /home/airflow/.local/lib/python3.12/site-packages/airflow/example_dags/example_sla_dag.py
[2025-11-14T22:00:49.877+0000] {processor.py:925} INFO - DAG(s) 'example_sla_dag' retrieved from /home/airflow/.local/lib/python3.12/site-packages/airflow/example_dags/example_sla_dag.py
[2025-11-14T22:00:49.887+0000] {logging_mixin.py:190} INFO - [2025-11-14T22:00:49.887+0000] {dag.py:3239} INFO - Sync 1 DAGs
[2025-11-14T22:00:49.898+0000] {logging_mixin.py:190} INFO - [2025-11-14T22:00:49.898+0000] {dag.py:4180} INFO - Setting next_dagrun for example_sla_dag to 2025-11-14 21:58:00+00:00, run_after=2025-11-14 22:00:00+00:00
[2025-11-14T22:00:49.906+0000] {processor.py:208} INFO - Processing /home/airflow/.local/lib/python3.12/site-packages/airflow/example_dags/example_sla_dag.py took 0.041 seconds
[2025-11-14T22:01:20.272+0000] {processor.py:186} INFO - Started process (PID=4947) to work on /home/airflow/.local/lib/python3.12/site-packages/airflow/example_dags/example_sla_dag.py
[2025-11-14T22:01:20.273+0000] {processor.py:914} INFO - Processing file /home/airflow/.local/lib/python3.12/site-packages/airflow/example_dags/example_sla_dag.py for tasks to queue
[2025-11-14T22:01:20.274+0000] {logging_mixin.py:190} INFO - [2025-11-14T22:01:20.274+0000] {dagbag.py:588} INFO - Filling up the DagBag from /home/airflow/.local/lib/python3.12/site-packages/airflow/example_dags/example_sla_dag.py
[2025-11-14T22:01:20.278+0000] {processor.py:925} INFO - DAG(s) 'example_sla_dag' retrieved from /home/airflow/.local/lib/python3.12/site-packages/airflow/example_dags/example_sla_dag.py
[2025-11-14T22:01:20.285+0000] {logging_mixin.py:190} INFO - [2025-11-14T22:01:20.285+0000] {dag.py:3239} INFO - Sync 1 DAGs
[2025-11-14T22:01:20.293+0000] {logging_mixin.py:190} INFO - [2025-11-14T22:01:20.293+0000] {dag.py:4180} INFO - Setting next_dagrun for example_sla_dag to 2025-11-14 21:58:00+00:00, run_after=2025-11-14 22:00:00+00:00
[2025-11-14T22:01:20.298+0000] {processor.py:208} INFO - Processing /home/airflow/.local/lib/python3.12/site-packages/airflow/example_dags/example_sla_dag.py took 0.028 seconds
[2025-11-14T22:01:51.644+0000] {processor.py:186} INFO - Started process (PID=5009) to work on /home/airflow/.local/lib/python3.12/site-packages/airflow/example_dags/example_sla_dag.py
[2025-11-14T22:01:51.648+0000] {processor.py:914} INFO - Processing file /home/airflow/.local/lib/python3.12/site-packages/airflow/example_dags/example_sla_dag.py for tasks to queue
[2025-11-14T22:01:51.651+0000] {logging_mixin.py:190} INFO - [2025-11-14T22:01:51.651+0000] {dagbag.py:588} INFO - Filling up the DagBag from /home/airflow/.local/lib/python3.12/site-packages/airflow/example_dags/example_sla_dag.py
[2025-11-14T22:01:51.655+0000] {processor.py:925} INFO - DAG(s) 'example_sla_dag' retrieved from /home/airflow/.local/lib/python3.12/site-packages/airflow/example_dags/example_sla_dag.py
[2025-11-14T22:01:51.667+0000] {logging_mixin.py:190} INFO - [2025-11-14T22:01:51.667+0000] {dag.py:3239} INFO - Sync 1 DAGs
[2025-11-14T22:01:51.683+0000] {logging_mixin.py:190} INFO - [2025-11-14T22:01:51.683+0000] {dag.py:4180} INFO - Setting next_dagrun for example_sla_dag to 2025-11-14 21:58:00+00:00, run_after=2025-11-14 22:00:00+00:00
[2025-11-14T22:01:51.695+0000] {processor.py:208} INFO - Processing /home/airflow/.local/lib/python3.12/site-packages/airflow/example_dags/example_sla_dag.py took 0.054 seconds
[2025-11-14T22:02:22.453+0000] {processor.py:186} INFO - Started process (PID=5071) to work on /home/airflow/.local/lib/python3.12/site-packages/airflow/example_dags/example_sla_dag.py
[2025-11-14T22:02:22.453+0000] {processor.py:914} INFO - Processing file /home/airflow/.local/lib/python3.12/site-packages/airflow/example_dags/example_sla_dag.py for tasks to queue
[2025-11-14T22:02:22.454+0000] {logging_mixin.py:190} INFO - [2025-11-14T22:02:22.454+0000] {dagbag.py:588} INFO - Filling up the DagBag from /home/airflow/.local/lib/python3.12/site-packages/airflow/example_dags/example_sla_dag.py
[2025-11-14T22:02:22.459+0000] {processor.py:925} INFO - DAG(s) 'example_sla_dag' retrieved from /home/airflow/.local/lib/python3.12/site-packages/airflow/example_dags/example_sla_dag.py
[2025-11-14T22:02:22.470+0000] {logging_mixin.py:190} INFO - [2025-11-14T22:02:22.470+0000] {dag.py:3239} INFO - Sync 1 DAGs
[2025-11-14T22:02:22.482+0000] {logging_mixin.py:190} INFO - [2025-11-14T22:02:22.482+0000] {dag.py:4180} INFO - Setting next_dagrun for example_sla_dag to 2025-11-14 22:00:00+00:00, run_after=2025-11-14 22:02:00+00:00
[2025-11-14T22:02:22.489+0000] {processor.py:208} INFO - Processing /home/airflow/.local/lib/python3.12/site-packages/airflow/example_dags/example_sla_dag.py took 0.038 seconds
[2025-11-14T22:02:53.164+0000] {processor.py:186} INFO - Started process (PID=5139) to work on /home/airflow/.local/lib/python3.12/site-packages/airflow/example_dags/example_sla_dag.py
[2025-11-14T22:02:53.165+0000] {processor.py:914} INFO - Processing file /home/airflow/.local/lib/python3.12/site-packages/airflow/example_dags/example_sla_dag.py for tasks to queue
[2025-11-14T22:02:53.167+0000] {logging_mixin.py:190} INFO - [2025-11-14T22:02:53.166+0000] {dagbag.py:588} INFO - Filling up the DagBag from /home/airflow/.local/lib/python3.12/site-packages/airflow/example_dags/example_sla_dag.py
[2025-11-14T22:02:53.172+0000] {processor.py:925} INFO - DAG(s) 'example_sla_dag' retrieved from /home/airflow/.local/lib/python3.12/site-packages/airflow/example_dags/example_sla_dag.py
[2025-11-14T22:02:53.189+0000] {logging_mixin.py:190} INFO - [2025-11-14T22:02:53.189+0000] {dag.py:3239} INFO - Sync 1 DAGs
[2025-11-14T22:02:53.208+0000] {logging_mixin.py:190} INFO - [2025-11-14T22:02:53.208+0000] {dag.py:4180} INFO - Setting next_dagrun for example_sla_dag to 2025-11-14 22:00:00+00:00, run_after=2025-11-14 22:02:00+00:00
[2025-11-14T22:02:53.219+0000] {processor.py:208} INFO - Processing /home/airflow/.local/lib/python3.12/site-packages/airflow/example_dags/example_sla_dag.py took 0.059 seconds
[2025-11-14T22:03:23.672+0000] {processor.py:186} INFO - Started process (PID=5201) to work on /home/airflow/.local/lib/python3.12/site-packages/airflow/example_dags/example_sla_dag.py
[2025-11-14T22:03:23.673+0000] {processor.py:914} INFO - Processing file /home/airflow/.local/lib/python3.12/site-packages/airflow/example_dags/example_sla_dag.py for tasks to queue
[2025-11-14T22:03:23.675+0000] {logging_mixin.py:190} INFO - [2025-11-14T22:03:23.675+0000] {dagbag.py:588} INFO - Filling up the DagBag from /home/airflow/.local/lib/python3.12/site-packages/airflow/example_dags/example_sla_dag.py
[2025-11-14T22:03:23.679+0000] {processor.py:925} INFO - DAG(s) 'example_sla_dag' retrieved from /home/airflow/.local/lib/python3.12/site-packages/airflow/example_dags/example_sla_dag.py
[2025-11-14T22:03:23.694+0000] {logging_mixin.py:190} INFO - [2025-11-14T22:03:23.694+0000] {dag.py:3239} INFO - Sync 1 DAGs
[2025-11-14T22:03:23.706+0000] {logging_mixin.py:190} INFO - [2025-11-14T22:03:23.706+0000] {dag.py:4180} INFO - Setting next_dagrun for example_sla_dag to 2025-11-14 22:00:00+00:00, run_after=2025-11-14 22:02:00+00:00
[2025-11-14T22:03:23.715+0000] {processor.py:208} INFO - Processing /home/airflow/.local/lib/python3.12/site-packages/airflow/example_dags/example_sla_dag.py took 0.046 seconds
[2025-11-14T22:03:54.214+0000] {processor.py:186} INFO - Started process (PID=5263) to work on /home/airflow/.local/lib/python3.12/site-packages/airflow/example_dags/example_sla_dag.py
[2025-11-14T22:03:54.214+0000] {processor.py:914} INFO - Processing file /home/airflow/.local/lib/python3.12/site-packages/airflow/example_dags/example_sla_dag.py for tasks to queue
[2025-11-14T22:03:54.216+0000] {logging_mixin.py:190} INFO - [2025-11-14T22:03:54.216+0000] {dagbag.py:588} INFO - Filling up the DagBag from /home/airflow/.local/lib/python3.12/site-packages/airflow/example_dags/example_sla_dag.py
[2025-11-14T22:03:54.222+0000] {processor.py:925} INFO - DAG(s) 'example_sla_dag' retrieved from /home/airflow/.local/lib/python3.12/site-packages/airflow/example_dags/example_sla_dag.py
[2025-11-14T22:03:54.238+0000] {logging_mixin.py:190} INFO - [2025-11-14T22:03:54.238+0000] {dag.py:3239} INFO - Sync 1 DAGs
[2025-11-14T22:03:54.249+0000] {logging_mixin.py:190} INFO - [2025-11-14T22:03:54.249+0000] {dag.py:4180} INFO - Setting next_dagrun for example_sla_dag to 2025-11-14 22:00:00+00:00, run_after=2025-11-14 22:02:00+00:00
[2025-11-14T22:03:54.255+0000] {processor.py:208} INFO - Processing /home/airflow/.local/lib/python3.12/site-packages/airflow/example_dags/example_sla_dag.py took 0.044 seconds
[2025-11-14T22:04:24.634+0000] {processor.py:186} INFO - Started process (PID=5325) to work on /home/airflow/.local/lib/python3.12/site-packages/airflow/example_dags/example_sla_dag.py
[2025-11-14T22:04:24.634+0000] {processor.py:914} INFO - Processing file /home/airflow/.local/lib/python3.12/site-packages/airflow/example_dags/example_sla_dag.py for tasks to queue
[2025-11-14T22:04:24.635+0000] {logging_mixin.py:190} INFO - [2025-11-14T22:04:24.635+0000] {dagbag.py:588} INFO - Filling up the DagBag from /home/airflow/.local/lib/python3.12/site-packages/airflow/example_dags/example_sla_dag.py
[2025-11-14T22:04:24.640+0000] {processor.py:925} INFO - DAG(s) 'example_sla_dag' retrieved from /home/airflow/.local/lib/python3.12/site-packages/airflow/example_dags/example_sla_dag.py
[2025-11-14T22:04:24.650+0000] {logging_mixin.py:190} INFO - [2025-11-14T22:04:24.650+0000] {dag.py:3239} INFO - Sync 1 DAGs
[2025-11-14T22:04:24.660+0000] {logging_mixin.py:190} INFO - [2025-11-14T22:04:24.660+0000] {dag.py:4180} INFO - Setting next_dagrun for example_sla_dag to 2025-11-14 22:02:00+00:00, run_after=2025-11-14 22:04:00+00:00
[2025-11-14T22:04:24.669+0000] {processor.py:208} INFO - Processing /home/airflow/.local/lib/python3.12/site-packages/airflow/example_dags/example_sla_dag.py took 0.038 seconds
[2025-11-14T22:04:55.057+0000] {processor.py:186} INFO - Started process (PID=5387) to work on /home/airflow/.local/lib/python3.12/site-packages/airflow/example_dags/example_sla_dag.py
[2025-11-14T22:04:55.059+0000] {processor.py:914} INFO - Processing file /home/airflow/.local/lib/python3.12/site-packages/airflow/example_dags/example_sla_dag.py for tasks to queue
[2025-11-14T22:04:55.060+0000] {logging_mixin.py:190} INFO - [2025-11-14T22:04:55.060+0000] {dagbag.py:588} INFO - Filling up the DagBag from /home/airflow/.local/lib/python3.12/site-packages/airflow/example_dags/example_sla_dag.py
[2025-11-14T22:04:55.066+0000] {processor.py:925} INFO - DAG(s) 'example_sla_dag' retrieved from /home/airflow/.local/lib/python3.12/site-packages/airflow/example_dags/example_sla_dag.py
[2025-11-14T22:04:55.079+0000] {logging_mixin.py:190} INFO - [2025-11-14T22:04:55.079+0000] {dag.py:3239} INFO - Sync 1 DAGs
[2025-11-14T22:04:55.091+0000] {logging_mixin.py:190} INFO - [2025-11-14T22:04:55.091+0000] {dag.py:4180} INFO - Setting next_dagrun for example_sla_dag to 2025-11-14 22:02:00+00:00, run_after=2025-11-14 22:04:00+00:00
[2025-11-14T22:04:55.101+0000] {processor.py:208} INFO - Processing /home/airflow/.local/lib/python3.12/site-packages/airflow/example_dags/example_sla_dag.py took 0.046 seconds
[2025-11-14T22:05:26.140+0000] {processor.py:186} INFO - Started process (PID=5449) to work on /home/airflow/.local/lib/python3.12/site-packages/airflow/example_dags/example_sla_dag.py
[2025-11-14T22:05:26.141+0000] {processor.py:914} INFO - Processing file /home/airflow/.local/lib/python3.12/site-packages/airflow/example_dags/example_sla_dag.py for tasks to queue
[2025-11-14T22:05:26.142+0000] {logging_mixin.py:190} INFO - [2025-11-14T22:05:26.142+0000] {dagbag.py:588} INFO - Filling up the DagBag from /home/airflow/.local/lib/python3.12/site-packages/airflow/example_dags/example_sla_dag.py
[2025-11-14T22:05:26.147+0000] {processor.py:925} INFO - DAG(s) 'example_sla_dag' retrieved from /home/airflow/.local/lib/python3.12/site-packages/airflow/example_dags/example_sla_dag.py
[2025-11-14T22:05:26.158+0000] {logging_mixin.py:190} INFO - [2025-11-14T22:05:26.158+0000] {dag.py:3239} INFO - Sync 1 DAGs
[2025-11-14T22:05:26.171+0000] {logging_mixin.py:190} INFO - [2025-11-14T22:05:26.171+0000] {dag.py:4180} INFO - Setting next_dagrun for example_sla_dag to 2025-11-14 22:02:00+00:00, run_after=2025-11-14 22:04:00+00:00
[2025-11-14T22:05:26.177+0000] {processor.py:208} INFO - Processing /home/airflow/.local/lib/python3.12/site-packages/airflow/example_dags/example_sla_dag.py took 0.040 seconds
[2025-11-14T22:05:57.190+0000] {processor.py:186} INFO - Started process (PID=5511) to work on /home/airflow/.local/lib/python3.12/site-packages/airflow/example_dags/example_sla_dag.py
[2025-11-14T22:05:57.190+0000] {processor.py:914} INFO - Processing file /home/airflow/.local/lib/python3.12/site-packages/airflow/example_dags/example_sla_dag.py for tasks to queue
[2025-11-14T22:05:57.191+0000] {logging_mixin.py:190} INFO - [2025-11-14T22:05:57.191+0000] {dagbag.py:588} INFO - Filling up the DagBag from /home/airflow/.local/lib/python3.12/site-packages/airflow/example_dags/example_sla_dag.py
[2025-11-14T22:05:57.197+0000] {processor.py:925} INFO - DAG(s) 'example_sla_dag' retrieved from /home/airflow/.local/lib/python3.12/site-packages/airflow/example_dags/example_sla_dag.py
[2025-11-14T22:05:57.206+0000] {logging_mixin.py:190} INFO - [2025-11-14T22:05:57.206+0000] {dag.py:3239} INFO - Sync 1 DAGs
[2025-11-14T22:05:57.219+0000] {logging_mixin.py:190} INFO - [2025-11-14T22:05:57.219+0000] {dag.py:4180} INFO - Setting next_dagrun for example_sla_dag to 2025-11-14 22:02:00+00:00, run_after=2025-11-14 22:04:00+00:00
[2025-11-14T22:05:57.227+0000] {processor.py:208} INFO - Processing /home/airflow/.local/lib/python3.12/site-packages/airflow/example_dags/example_sla_dag.py took 0.040 seconds
[2025-11-14T22:06:27.960+0000] {processor.py:186} INFO - Started process (PID=5573) to work on /home/airflow/.local/lib/python3.12/site-packages/airflow/example_dags/example_sla_dag.py
[2025-11-14T22:06:27.961+0000] {processor.py:914} INFO - Processing file /home/airflow/.local/lib/python3.12/site-packages/airflow/example_dags/example_sla_dag.py for tasks to queue
[2025-11-14T22:06:27.966+0000] {logging_mixin.py:190} INFO - [2025-11-14T22:06:27.965+0000] {dagbag.py:588} INFO - Filling up the DagBag from /home/airflow/.local/lib/python3.12/site-packages/airflow/example_dags/example_sla_dag.py
[2025-11-14T22:06:27.976+0000] {processor.py:925} INFO - DAG(s) 'example_sla_dag' retrieved from /home/airflow/.local/lib/python3.12/site-packages/airflow/example_dags/example_sla_dag.py
[2025-11-14T22:06:27.999+0000] {logging_mixin.py:190} INFO - [2025-11-14T22:06:27.998+0000] {dag.py:3239} INFO - Sync 1 DAGs
[2025-11-14T22:06:28.019+0000] {logging_mixin.py:190} INFO - [2025-11-14T22:06:28.019+0000] {dag.py:4180} INFO - Setting next_dagrun for example_sla_dag to 2025-11-14 22:04:00+00:00, run_after=2025-11-14 22:06:00+00:00
[2025-11-14T22:06:28.035+0000] {processor.py:208} INFO - Processing /home/airflow/.local/lib/python3.12/site-packages/airflow/example_dags/example_sla_dag.py took 0.080 seconds
[2025-11-14T22:06:58.329+0000] {processor.py:186} INFO - Started process (PID=5634) to work on /home/airflow/.local/lib/python3.12/site-packages/airflow/example_dags/example_sla_dag.py
[2025-11-14T22:06:58.329+0000] {processor.py:914} INFO - Processing file /home/airflow/.local/lib/python3.12/site-packages/airflow/example_dags/example_sla_dag.py for tasks to queue
[2025-11-14T22:06:58.331+0000] {logging_mixin.py:190} INFO - [2025-11-14T22:06:58.330+0000] {dagbag.py:588} INFO - Filling up the DagBag from /home/airflow/.local/lib/python3.12/site-packages/airflow/example_dags/example_sla_dag.py
[2025-11-14T22:06:58.335+0000] {processor.py:925} INFO - DAG(s) 'example_sla_dag' retrieved from /home/airflow/.local/lib/python3.12/site-packages/airflow/example_dags/example_sla_dag.py
[2025-11-14T22:06:58.345+0000] {logging_mixin.py:190} INFO - [2025-11-14T22:06:58.345+0000] {dag.py:3239} INFO - Sync 1 DAGs
[2025-11-14T22:06:58.357+0000] {logging_mixin.py:190} INFO - [2025-11-14T22:06:58.357+0000] {dag.py:4180} INFO - Setting next_dagrun for example_sla_dag to 2025-11-14 22:04:00+00:00, run_after=2025-11-14 22:06:00+00:00
[2025-11-14T22:06:58.363+0000] {processor.py:208} INFO - Processing /home/airflow/.local/lib/python3.12/site-packages/airflow/example_dags/example_sla_dag.py took 0.038 seconds
[2025-11-14T22:07:28.588+0000] {processor.py:186} INFO - Started process (PID=5696) to work on /home/airflow/.local/lib/python3.12/site-packages/airflow/example_dags/example_sla_dag.py
[2025-11-14T22:07:28.589+0000] {processor.py:914} INFO - Processing file /home/airflow/.local/lib/python3.12/site-packages/airflow/example_dags/example_sla_dag.py for tasks to queue
[2025-11-14T22:07:28.590+0000] {logging_mixin.py:190} INFO - [2025-11-14T22:07:28.590+0000] {dagbag.py:588} INFO - Filling up the DagBag from /home/airflow/.local/lib/python3.12/site-packages/airflow/example_dags/example_sla_dag.py
[2025-11-14T22:07:28.595+0000] {processor.py:925} INFO - DAG(s) 'example_sla_dag' retrieved from /home/airflow/.local/lib/python3.12/site-packages/airflow/example_dags/example_sla_dag.py
[2025-11-14T22:07:28.603+0000] {logging_mixin.py:190} INFO - [2025-11-14T22:07:28.603+0000] {dag.py:3239} INFO - Sync 1 DAGs
[2025-11-14T22:07:28.612+0000] {logging_mixin.py:190} INFO - [2025-11-14T22:07:28.612+0000] {dag.py:4180} INFO - Setting next_dagrun for example_sla_dag to 2025-11-14 22:04:00+00:00, run_after=2025-11-14 22:06:00+00:00
[2025-11-14T22:07:28.621+0000] {processor.py:208} INFO - Processing /home/airflow/.local/lib/python3.12/site-packages/airflow/example_dags/example_sla_dag.py took 0.036 seconds
[2025-11-14T22:07:59.151+0000] {processor.py:186} INFO - Started process (PID=5758) to work on /home/airflow/.local/lib/python3.12/site-packages/airflow/example_dags/example_sla_dag.py
[2025-11-14T22:07:59.152+0000] {processor.py:914} INFO - Processing file /home/airflow/.local/lib/python3.12/site-packages/airflow/example_dags/example_sla_dag.py for tasks to queue
[2025-11-14T22:07:59.153+0000] {logging_mixin.py:190} INFO - [2025-11-14T22:07:59.153+0000] {dagbag.py:588} INFO - Filling up the DagBag from /home/airflow/.local/lib/python3.12/site-packages/airflow/example_dags/example_sla_dag.py
[2025-11-14T22:07:59.158+0000] {processor.py:925} INFO - DAG(s) 'example_sla_dag' retrieved from /home/airflow/.local/lib/python3.12/site-packages/airflow/example_dags/example_sla_dag.py
[2025-11-14T22:07:59.171+0000] {logging_mixin.py:190} INFO - [2025-11-14T22:07:59.171+0000] {dag.py:3239} INFO - Sync 1 DAGs
[2025-11-14T22:07:59.188+0000] {logging_mixin.py:190} INFO - [2025-11-14T22:07:59.187+0000] {dag.py:4180} INFO - Setting next_dagrun for example_sla_dag to 2025-11-14 22:04:00+00:00, run_after=2025-11-14 22:06:00+00:00
[2025-11-14T22:07:59.198+0000] {processor.py:208} INFO - Processing /home/airflow/.local/lib/python3.12/site-packages/airflow/example_dags/example_sla_dag.py took 0.050 seconds
[2025-11-14T22:08:29.324+0000] {processor.py:186} INFO - Started process (PID=5820) to work on /home/airflow/.local/lib/python3.12/site-packages/airflow/example_dags/example_sla_dag.py
[2025-11-14T22:08:29.325+0000] {processor.py:914} INFO - Processing file /home/airflow/.local/lib/python3.12/site-packages/airflow/example_dags/example_sla_dag.py for tasks to queue
[2025-11-14T22:08:29.326+0000] {logging_mixin.py:190} INFO - [2025-11-14T22:08:29.326+0000] {dagbag.py:588} INFO - Filling up the DagBag from /home/airflow/.local/lib/python3.12/site-packages/airflow/example_dags/example_sla_dag.py
[2025-11-14T22:08:29.334+0000] {processor.py:925} INFO - DAG(s) 'example_sla_dag' retrieved from /home/airflow/.local/lib/python3.12/site-packages/airflow/example_dags/example_sla_dag.py
[2025-11-14T22:08:29.342+0000] {logging_mixin.py:190} INFO - [2025-11-14T22:08:29.342+0000] {dag.py:3239} INFO - Sync 1 DAGs
[2025-11-14T22:08:29.352+0000] {logging_mixin.py:190} INFO - [2025-11-14T22:08:29.352+0000] {dag.py:4180} INFO - Setting next_dagrun for example_sla_dag to 2025-11-14 22:06:00+00:00, run_after=2025-11-14 22:08:00+00:00
[2025-11-14T22:08:29.358+0000] {processor.py:208} INFO - Processing /home/airflow/.local/lib/python3.12/site-packages/airflow/example_dags/example_sla_dag.py took 0.037 seconds
[2025-11-14T22:09:00.520+0000] {processor.py:186} INFO - Started process (PID=5882) to work on /home/airflow/.local/lib/python3.12/site-packages/airflow/example_dags/example_sla_dag.py
[2025-11-14T22:09:00.520+0000] {processor.py:914} INFO - Processing file /home/airflow/.local/lib/python3.12/site-packages/airflow/example_dags/example_sla_dag.py for tasks to queue
[2025-11-14T22:09:00.522+0000] {logging_mixin.py:190} INFO - [2025-11-14T22:09:00.521+0000] {dagbag.py:588} INFO - Filling up the DagBag from /home/airflow/.local/lib/python3.12/site-packages/airflow/example_dags/example_sla_dag.py
[2025-11-14T22:09:00.526+0000] {processor.py:925} INFO - DAG(s) 'example_sla_dag' retrieved from /home/airflow/.local/lib/python3.12/site-packages/airflow/example_dags/example_sla_dag.py
[2025-11-14T22:09:00.537+0000] {logging_mixin.py:190} INFO - [2025-11-14T22:09:00.537+0000] {dag.py:3239} INFO - Sync 1 DAGs
[2025-11-14T22:09:00.551+0000] {logging_mixin.py:190} INFO - [2025-11-14T22:09:00.551+0000] {dag.py:4180} INFO - Setting next_dagrun for example_sla_dag to 2025-11-14 22:06:00+00:00, run_after=2025-11-14 22:08:00+00:00
[2025-11-14T22:09:00.559+0000] {processor.py:208} INFO - Processing /home/airflow/.local/lib/python3.12/site-packages/airflow/example_dags/example_sla_dag.py took 0.042 seconds
[2025-11-14T22:09:30.911+0000] {processor.py:186} INFO - Started process (PID=5944) to work on /home/airflow/.local/lib/python3.12/site-packages/airflow/example_dags/example_sla_dag.py
[2025-11-14T22:09:30.912+0000] {processor.py:914} INFO - Processing file /home/airflow/.local/lib/python3.12/site-packages/airflow/example_dags/example_sla_dag.py for tasks to queue
[2025-11-14T22:09:30.913+0000] {logging_mixin.py:190} INFO - [2025-11-14T22:09:30.913+0000] {dagbag.py:588} INFO - Filling up the DagBag from /home/airflow/.local/lib/python3.12/site-packages/airflow/example_dags/example_sla_dag.py
[2025-11-14T22:09:30.918+0000] {processor.py:925} INFO - DAG(s) 'example_sla_dag' retrieved from /home/airflow/.local/lib/python3.12/site-packages/airflow/example_dags/example_sla_dag.py
[2025-11-14T22:09:30.926+0000] {logging_mixin.py:190} INFO - [2025-11-14T22:09:30.925+0000] {dag.py:3239} INFO - Sync 1 DAGs
[2025-11-14T22:09:30.935+0000] {logging_mixin.py:190} INFO - [2025-11-14T22:09:30.935+0000] {dag.py:4180} INFO - Setting next_dagrun for example_sla_dag to 2025-11-14 22:06:00+00:00, run_after=2025-11-14 22:08:00+00:00
[2025-11-14T22:09:30.942+0000] {processor.py:208} INFO - Processing /home/airflow/.local/lib/python3.12/site-packages/airflow/example_dags/example_sla_dag.py took 0.034 seconds
[2025-11-14T22:10:02.080+0000] {processor.py:186} INFO - Started process (PID=6006) to work on /home/airflow/.local/lib/python3.12/site-packages/airflow/example_dags/example_sla_dag.py
[2025-11-14T22:10:02.080+0000] {processor.py:914} INFO - Processing file /home/airflow/.local/lib/python3.12/site-packages/airflow/example_dags/example_sla_dag.py for tasks to queue
[2025-11-14T22:10:02.081+0000] {logging_mixin.py:190} INFO - [2025-11-14T22:10:02.081+0000] {dagbag.py:588} INFO - Filling up the DagBag from /home/airflow/.local/lib/python3.12/site-packages/airflow/example_dags/example_sla_dag.py
[2025-11-14T22:10:02.087+0000] {processor.py:925} INFO - DAG(s) 'example_sla_dag' retrieved from /home/airflow/.local/lib/python3.12/site-packages/airflow/example_dags/example_sla_dag.py
[2025-11-14T22:10:02.094+0000] {logging_mixin.py:190} INFO - [2025-11-14T22:10:02.094+0000] {dag.py:3239} INFO - Sync 1 DAGs
[2025-11-14T22:10:02.107+0000] {logging_mixin.py:190} INFO - [2025-11-14T22:10:02.107+0000] {dag.py:4180} INFO - Setting next_dagrun for example_sla_dag to 2025-11-14 22:08:00+00:00, run_after=2025-11-14 22:10:00+00:00
[2025-11-14T22:10:02.114+0000] {processor.py:208} INFO - Processing /home/airflow/.local/lib/python3.12/site-packages/airflow/example_dags/example_sla_dag.py took 0.037 seconds
[2025-11-14T22:10:32.437+0000] {processor.py:186} INFO - Started process (PID=6068) to work on /home/airflow/.local/lib/python3.12/site-packages/airflow/example_dags/example_sla_dag.py
[2025-11-14T22:10:32.438+0000] {processor.py:914} INFO - Processing file /home/airflow/.local/lib/python3.12/site-packages/airflow/example_dags/example_sla_dag.py for tasks to queue
[2025-11-14T22:10:32.439+0000] {logging_mixin.py:190} INFO - [2025-11-14T22:10:32.438+0000] {dagbag.py:588} INFO - Filling up the DagBag from /home/airflow/.local/lib/python3.12/site-packages/airflow/example_dags/example_sla_dag.py
[2025-11-14T22:10:32.443+0000] {processor.py:925} INFO - DAG(s) 'example_sla_dag' retrieved from /home/airflow/.local/lib/python3.12/site-packages/airflow/example_dags/example_sla_dag.py
[2025-11-14T22:10:32.451+0000] {logging_mixin.py:190} INFO - [2025-11-14T22:10:32.451+0000] {dag.py:3239} INFO - Sync 1 DAGs
[2025-11-14T22:10:32.461+0000] {logging_mixin.py:190} INFO - [2025-11-14T22:10:32.461+0000] {dag.py:4180} INFO - Setting next_dagrun for example_sla_dag to 2025-11-14 22:08:00+00:00, run_after=2025-11-14 22:10:00+00:00
[2025-11-14T22:10:32.467+0000] {processor.py:208} INFO - Processing /home/airflow/.local/lib/python3.12/site-packages/airflow/example_dags/example_sla_dag.py took 0.033 seconds
[2025-11-14T22:11:02.729+0000] {processor.py:186} INFO - Started process (PID=6130) to work on /home/airflow/.local/lib/python3.12/site-packages/airflow/example_dags/example_sla_dag.py
[2025-11-14T22:11:02.730+0000] {processor.py:914} INFO - Processing file /home/airflow/.local/lib/python3.12/site-packages/airflow/example_dags/example_sla_dag.py for tasks to queue
[2025-11-14T22:11:02.731+0000] {logging_mixin.py:190} INFO - [2025-11-14T22:11:02.731+0000] {dagbag.py:588} INFO - Filling up the DagBag from /home/airflow/.local/lib/python3.12/site-packages/airflow/example_dags/example_sla_dag.py
[2025-11-14T22:11:02.736+0000] {processor.py:925} INFO - DAG(s) 'example_sla_dag' retrieved from /home/airflow/.local/lib/python3.12/site-packages/airflow/example_dags/example_sla_dag.py
[2025-11-14T22:11:02.744+0000] {logging_mixin.py:190} INFO - [2025-11-14T22:11:02.744+0000] {dag.py:3239} INFO - Sync 1 DAGs
[2025-11-14T22:11:02.754+0000] {logging_mixin.py:190} INFO - [2025-11-14T22:11:02.754+0000] {dag.py:4180} INFO - Setting next_dagrun for example_sla_dag to 2025-11-14 22:08:00+00:00, run_after=2025-11-14 22:10:00+00:00
[2025-11-14T22:11:02.761+0000] {processor.py:208} INFO - Processing /home/airflow/.local/lib/python3.12/site-packages/airflow/example_dags/example_sla_dag.py took 0.034 seconds
[2025-11-14T22:11:33.907+0000] {processor.py:186} INFO - Started process (PID=6192) to work on /home/airflow/.local/lib/python3.12/site-packages/airflow/example_dags/example_sla_dag.py
[2025-11-14T22:11:33.910+0000] {processor.py:914} INFO - Processing file /home/airflow/.local/lib/python3.12/site-packages/airflow/example_dags/example_sla_dag.py for tasks to queue
[2025-11-14T22:11:33.911+0000] {logging_mixin.py:190} INFO - [2025-11-14T22:11:33.911+0000] {dagbag.py:588} INFO - Filling up the DagBag from /home/airflow/.local/lib/python3.12/site-packages/airflow/example_dags/example_sla_dag.py
[2025-11-14T22:11:33.916+0000] {processor.py:925} INFO - DAG(s) 'example_sla_dag' retrieved from /home/airflow/.local/lib/python3.12/site-packages/airflow/example_dags/example_sla_dag.py
[2025-11-14T22:11:33.923+0000] {logging_mixin.py:190} INFO - [2025-11-14T22:11:33.923+0000] {dag.py:3239} INFO - Sync 1 DAGs
[2025-11-14T22:11:33.934+0000] {logging_mixin.py:190} INFO - [2025-11-14T22:11:33.933+0000] {dag.py:4180} INFO - Setting next_dagrun for example_sla_dag to 2025-11-14 22:08:00+00:00, run_after=2025-11-14 22:10:00+00:00
[2025-11-14T22:11:33.940+0000] {processor.py:208} INFO - Processing /home/airflow/.local/lib/python3.12/site-packages/airflow/example_dags/example_sla_dag.py took 0.036 seconds
[2025-11-14T22:12:05.420+0000] {processor.py:186} INFO - Started process (PID=6254) to work on /home/airflow/.local/lib/python3.12/site-packages/airflow/example_dags/example_sla_dag.py
[2025-11-14T22:12:05.421+0000] {processor.py:914} INFO - Processing file /home/airflow/.local/lib/python3.12/site-packages/airflow/example_dags/example_sla_dag.py for tasks to queue
[2025-11-14T22:12:05.423+0000] {logging_mixin.py:190} INFO - [2025-11-14T22:12:05.422+0000] {dagbag.py:588} INFO - Filling up the DagBag from /home/airflow/.local/lib/python3.12/site-packages/airflow/example_dags/example_sla_dag.py
[2025-11-14T22:12:05.428+0000] {processor.py:925} INFO - DAG(s) 'example_sla_dag' retrieved from /home/airflow/.local/lib/python3.12/site-packages/airflow/example_dags/example_sla_dag.py
[2025-11-14T22:12:05.436+0000] {logging_mixin.py:190} INFO - [2025-11-14T22:12:05.436+0000] {dag.py:3239} INFO - Sync 1 DAGs
[2025-11-14T22:12:05.446+0000] {logging_mixin.py:190} INFO - [2025-11-14T22:12:05.446+0000] {dag.py:4180} INFO - Setting next_dagrun for example_sla_dag to 2025-11-14 22:10:00+00:00, run_after=2025-11-14 22:12:00+00:00
[2025-11-14T22:12:05.454+0000] {processor.py:208} INFO - Processing /home/airflow/.local/lib/python3.12/site-packages/airflow/example_dags/example_sla_dag.py took 0.037 seconds
[2025-11-14T22:12:35.573+0000] {processor.py:186} INFO - Started process (PID=6317) to work on /home/airflow/.local/lib/python3.12/site-packages/airflow/example_dags/example_sla_dag.py
[2025-11-14T22:12:35.573+0000] {processor.py:914} INFO - Processing file /home/airflow/.local/lib/python3.12/site-packages/airflow/example_dags/example_sla_dag.py for tasks to queue
[2025-11-14T22:12:35.574+0000] {logging_mixin.py:190} INFO - [2025-11-14T22:12:35.574+0000] {dagbag.py:588} INFO - Filling up the DagBag from /home/airflow/.local/lib/python3.12/site-packages/airflow/example_dags/example_sla_dag.py
[2025-11-14T22:12:35.579+0000] {processor.py:925} INFO - DAG(s) 'example_sla_dag' retrieved from /home/airflow/.local/lib/python3.12/site-packages/airflow/example_dags/example_sla_dag.py
[2025-11-14T22:12:35.587+0000] {logging_mixin.py:190} INFO - [2025-11-14T22:12:35.587+0000] {dag.py:3239} INFO - Sync 1 DAGs
[2025-11-14T22:12:35.597+0000] {logging_mixin.py:190} INFO - [2025-11-14T22:12:35.597+0000] {dag.py:4180} INFO - Setting next_dagrun for example_sla_dag to 2025-11-14 22:10:00+00:00, run_after=2025-11-14 22:12:00+00:00
[2025-11-14T22:12:35.604+0000] {processor.py:208} INFO - Processing /home/airflow/.local/lib/python3.12/site-packages/airflow/example_dags/example_sla_dag.py took 0.034 seconds
[2025-11-14T22:13:06.658+0000] {processor.py:186} INFO - Started process (PID=6378) to work on /home/airflow/.local/lib/python3.12/site-packages/airflow/example_dags/example_sla_dag.py
[2025-11-14T22:13:06.659+0000] {processor.py:914} INFO - Processing file /home/airflow/.local/lib/python3.12/site-packages/airflow/example_dags/example_sla_dag.py for tasks to queue
[2025-11-14T22:13:06.660+0000] {logging_mixin.py:190} INFO - [2025-11-14T22:13:06.660+0000] {dagbag.py:588} INFO - Filling up the DagBag from /home/airflow/.local/lib/python3.12/site-packages/airflow/example_dags/example_sla_dag.py
[2025-11-14T22:13:06.665+0000] {processor.py:925} INFO - DAG(s) 'example_sla_dag' retrieved from /home/airflow/.local/lib/python3.12/site-packages/airflow/example_dags/example_sla_dag.py
[2025-11-14T22:13:06.676+0000] {logging_mixin.py:190} INFO - [2025-11-14T22:13:06.676+0000] {dag.py:3239} INFO - Sync 1 DAGs
[2025-11-14T22:13:06.686+0000] {logging_mixin.py:190} INFO - [2025-11-14T22:13:06.686+0000] {dag.py:4180} INFO - Setting next_dagrun for example_sla_dag to 2025-11-14 22:10:00+00:00, run_after=2025-11-14 22:12:00+00:00
[2025-11-14T22:13:06.696+0000] {processor.py:208} INFO - Processing /home/airflow/.local/lib/python3.12/site-packages/airflow/example_dags/example_sla_dag.py took 0.041 seconds
[2025-11-14T22:13:36.790+0000] {processor.py:186} INFO - Started process (PID=6440) to work on /home/airflow/.local/lib/python3.12/site-packages/airflow/example_dags/example_sla_dag.py
[2025-11-14T22:13:36.790+0000] {processor.py:914} INFO - Processing file /home/airflow/.local/lib/python3.12/site-packages/airflow/example_dags/example_sla_dag.py for tasks to queue
[2025-11-14T22:13:36.791+0000] {logging_mixin.py:190} INFO - [2025-11-14T22:13:36.791+0000] {dagbag.py:588} INFO - Filling up the DagBag from /home/airflow/.local/lib/python3.12/site-packages/airflow/example_dags/example_sla_dag.py
[2025-11-14T22:13:36.795+0000] {processor.py:925} INFO - DAG(s) 'example_sla_dag' retrieved from /home/airflow/.local/lib/python3.12/site-packages/airflow/example_dags/example_sla_dag.py
[2025-11-14T22:13:36.803+0000] {logging_mixin.py:190} INFO - [2025-11-14T22:13:36.803+0000] {dag.py:3239} INFO - Sync 1 DAGs
[2025-11-14T22:13:36.812+0000] {logging_mixin.py:190} INFO - [2025-11-14T22:13:36.812+0000] {dag.py:4180} INFO - Setting next_dagrun for example_sla_dag to 2025-11-14 22:10:00+00:00, run_after=2025-11-14 22:12:00+00:00
[2025-11-14T22:13:36.818+0000] {processor.py:208} INFO - Processing /home/airflow/.local/lib/python3.12/site-packages/airflow/example_dags/example_sla_dag.py took 0.031 seconds
[2025-11-14T22:14:09.906+0000] {processor.py:186} INFO - Started process (PID=6496) to work on /home/airflow/.local/lib/python3.12/site-packages/airflow/example_dags/example_sla_dag.py
[2025-11-14T22:14:09.907+0000] {processor.py:914} INFO - Processing file /home/airflow/.local/lib/python3.12/site-packages/airflow/example_dags/example_sla_dag.py for tasks to queue
[2025-11-14T22:14:09.908+0000] {logging_mixin.py:190} INFO - [2025-11-14T22:14:09.908+0000] {dagbag.py:588} INFO - Filling up the DagBag from /home/airflow/.local/lib/python3.12/site-packages/airflow/example_dags/example_sla_dag.py
[2025-11-14T22:14:09.912+0000] {processor.py:925} INFO - DAG(s) 'example_sla_dag' retrieved from /home/airflow/.local/lib/python3.12/site-packages/airflow/example_dags/example_sla_dag.py
[2025-11-14T22:14:09.921+0000] {logging_mixin.py:190} INFO - [2025-11-14T22:14:09.921+0000] {dag.py:3239} INFO - Sync 1 DAGs
[2025-11-14T22:14:09.931+0000] {logging_mixin.py:190} INFO - [2025-11-14T22:14:09.931+0000] {dag.py:4180} INFO - Setting next_dagrun for example_sla_dag to 2025-11-14 22:12:00+00:00, run_after=2025-11-14 22:14:00+00:00
[2025-11-14T22:14:09.939+0000] {processor.py:208} INFO - Processing /home/airflow/.local/lib/python3.12/site-packages/airflow/example_dags/example_sla_dag.py took 0.035 seconds
[2025-11-14T22:16:35.200+0000] {processor.py:186} INFO - Started process (PID=6558) to work on /home/airflow/.local/lib/python3.12/site-packages/airflow/example_dags/example_sla_dag.py
[2025-11-14T22:16:35.201+0000] {processor.py:914} INFO - Processing file /home/airflow/.local/lib/python3.12/site-packages/airflow/example_dags/example_sla_dag.py for tasks to queue
[2025-11-14T22:16:35.202+0000] {logging_mixin.py:190} INFO - [2025-11-14T22:16:35.202+0000] {dagbag.py:588} INFO - Filling up the DagBag from /home/airflow/.local/lib/python3.12/site-packages/airflow/example_dags/example_sla_dag.py
[2025-11-14T22:16:35.209+0000] {processor.py:925} INFO - DAG(s) 'example_sla_dag' retrieved from /home/airflow/.local/lib/python3.12/site-packages/airflow/example_dags/example_sla_dag.py
[2025-11-14T22:16:35.226+0000] {logging_mixin.py:190} INFO - [2025-11-14T22:16:35.226+0000] {dag.py:3239} INFO - Sync 1 DAGs
[2025-11-14T22:16:35.240+0000] {logging_mixin.py:190} INFO - [2025-11-14T22:16:35.239+0000] {dag.py:4180} INFO - Setting next_dagrun for example_sla_dag to 2025-11-14 22:14:00+00:00, run_after=2025-11-14 22:16:00+00:00
[2025-11-14T22:16:35.249+0000] {processor.py:208} INFO - Processing /home/airflow/.local/lib/python3.12/site-packages/airflow/example_dags/example_sla_dag.py took 0.052 seconds
[2025-11-14T22:17:05.452+0000] {processor.py:186} INFO - Started process (PID=6620) to work on /home/airflow/.local/lib/python3.12/site-packages/airflow/example_dags/example_sla_dag.py
[2025-11-14T22:17:05.452+0000] {processor.py:914} INFO - Processing file /home/airflow/.local/lib/python3.12/site-packages/airflow/example_dags/example_sla_dag.py for tasks to queue
[2025-11-14T22:17:05.453+0000] {logging_mixin.py:190} INFO - [2025-11-14T22:17:05.453+0000] {dagbag.py:588} INFO - Filling up the DagBag from /home/airflow/.local/lib/python3.12/site-packages/airflow/example_dags/example_sla_dag.py
[2025-11-14T22:17:05.458+0000] {processor.py:925} INFO - DAG(s) 'example_sla_dag' retrieved from /home/airflow/.local/lib/python3.12/site-packages/airflow/example_dags/example_sla_dag.py
[2025-11-14T22:17:05.468+0000] {logging_mixin.py:190} INFO - [2025-11-14T22:17:05.468+0000] {dag.py:3239} INFO - Sync 1 DAGs
[2025-11-14T22:17:05.477+0000] {logging_mixin.py:190} INFO - [2025-11-14T22:17:05.477+0000] {dag.py:4180} INFO - Setting next_dagrun for example_sla_dag to 2025-11-14 22:14:00+00:00, run_after=2025-11-14 22:16:00+00:00
[2025-11-14T22:17:05.484+0000] {processor.py:208} INFO - Processing /home/airflow/.local/lib/python3.12/site-packages/airflow/example_dags/example_sla_dag.py took 0.035 seconds
[2025-11-14T22:18:02.141+0000] {processor.py:186} INFO - Started process (PID=6682) to work on /home/airflow/.local/lib/python3.12/site-packages/airflow/example_dags/example_sla_dag.py
[2025-11-14T22:18:02.142+0000] {processor.py:914} INFO - Processing file /home/airflow/.local/lib/python3.12/site-packages/airflow/example_dags/example_sla_dag.py for tasks to queue
[2025-11-14T22:18:02.143+0000] {logging_mixin.py:190} INFO - [2025-11-14T22:18:02.143+0000] {dagbag.py:588} INFO - Filling up the DagBag from /home/airflow/.local/lib/python3.12/site-packages/airflow/example_dags/example_sla_dag.py
[2025-11-14T22:18:02.148+0000] {processor.py:925} INFO - DAG(s) 'example_sla_dag' retrieved from /home/airflow/.local/lib/python3.12/site-packages/airflow/example_dags/example_sla_dag.py
[2025-11-14T22:18:02.156+0000] {logging_mixin.py:190} INFO - [2025-11-14T22:18:02.156+0000] {dag.py:3239} INFO - Sync 1 DAGs
[2025-11-14T22:18:02.168+0000] {logging_mixin.py:190} INFO - [2025-11-14T22:18:02.168+0000] {dag.py:4180} INFO - Setting next_dagrun for example_sla_dag to 2025-11-14 22:16:00+00:00, run_after=2025-11-14 22:18:00+00:00
[2025-11-14T22:18:02.174+0000] {processor.py:208} INFO - Processing /home/airflow/.local/lib/python3.12/site-packages/airflow/example_dags/example_sla_dag.py took 0.036 seconds
[2025-11-14T22:19:05.762+0000] {processor.py:186} INFO - Started process (PID=6744) to work on /home/airflow/.local/lib/python3.12/site-packages/airflow/example_dags/example_sla_dag.py
[2025-11-14T22:19:05.763+0000] {processor.py:914} INFO - Processing file /home/airflow/.local/lib/python3.12/site-packages/airflow/example_dags/example_sla_dag.py for tasks to queue
[2025-11-14T22:19:05.764+0000] {logging_mixin.py:190} INFO - [2025-11-14T22:19:05.764+0000] {dagbag.py:588} INFO - Filling up the DagBag from /home/airflow/.local/lib/python3.12/site-packages/airflow/example_dags/example_sla_dag.py
[2025-11-14T22:19:05.769+0000] {processor.py:925} INFO - DAG(s) 'example_sla_dag' retrieved from /home/airflow/.local/lib/python3.12/site-packages/airflow/example_dags/example_sla_dag.py
[2025-11-14T22:19:05.777+0000] {logging_mixin.py:190} INFO - [2025-11-14T22:19:05.776+0000] {dag.py:3239} INFO - Sync 1 DAGs
[2025-11-14T22:19:05.787+0000] {logging_mixin.py:190} INFO - [2025-11-14T22:19:05.787+0000] {dag.py:4180} INFO - Setting next_dagrun for example_sla_dag to 2025-11-14 22:16:00+00:00, run_after=2025-11-14 22:18:00+00:00
[2025-11-14T22:19:05.795+0000] {processor.py:208} INFO - Processing /home/airflow/.local/lib/python3.12/site-packages/airflow/example_dags/example_sla_dag.py took 0.035 seconds
[2025-11-14T22:19:35.942+0000] {processor.py:186} INFO - Started process (PID=6806) to work on /home/airflow/.local/lib/python3.12/site-packages/airflow/example_dags/example_sla_dag.py
[2025-11-14T22:19:35.943+0000] {processor.py:914} INFO - Processing file /home/airflow/.local/lib/python3.12/site-packages/airflow/example_dags/example_sla_dag.py for tasks to queue
[2025-11-14T22:19:35.944+0000] {logging_mixin.py:190} INFO - [2025-11-14T22:19:35.944+0000] {dagbag.py:588} INFO - Filling up the DagBag from /home/airflow/.local/lib/python3.12/site-packages/airflow/example_dags/example_sla_dag.py
[2025-11-14T22:19:35.949+0000] {processor.py:925} INFO - DAG(s) 'example_sla_dag' retrieved from /home/airflow/.local/lib/python3.12/site-packages/airflow/example_dags/example_sla_dag.py
[2025-11-14T22:19:35.960+0000] {logging_mixin.py:190} INFO - [2025-11-14T22:19:35.960+0000] {dag.py:3239} INFO - Sync 1 DAGs
[2025-11-14T22:19:35.971+0000] {logging_mixin.py:190} INFO - [2025-11-14T22:19:35.971+0000] {dag.py:4180} INFO - Setting next_dagrun for example_sla_dag to 2025-11-14 22:16:00+00:00, run_after=2025-11-14 22:18:00+00:00
[2025-11-14T22:19:35.977+0000] {processor.py:208} INFO - Processing /home/airflow/.local/lib/python3.12/site-packages/airflow/example_dags/example_sla_dag.py took 0.038 seconds
[2025-11-14T22:20:34.015+0000] {processor.py:186} INFO - Started process (PID=6868) to work on /home/airflow/.local/lib/python3.12/site-packages/airflow/example_dags/example_sla_dag.py
[2025-11-14T22:20:34.015+0000] {processor.py:914} INFO - Processing file /home/airflow/.local/lib/python3.12/site-packages/airflow/example_dags/example_sla_dag.py for tasks to queue
[2025-11-14T22:20:34.016+0000] {logging_mixin.py:190} INFO - [2025-11-14T22:20:34.016+0000] {dagbag.py:588} INFO - Filling up the DagBag from /home/airflow/.local/lib/python3.12/site-packages/airflow/example_dags/example_sla_dag.py
[2025-11-14T22:20:34.021+0000] {processor.py:925} INFO - DAG(s) 'example_sla_dag' retrieved from /home/airflow/.local/lib/python3.12/site-packages/airflow/example_dags/example_sla_dag.py
[2025-11-14T22:20:34.030+0000] {logging_mixin.py:190} INFO - [2025-11-14T22:20:34.030+0000] {dag.py:3239} INFO - Sync 1 DAGs
[2025-11-14T22:20:34.040+0000] {logging_mixin.py:190} INFO - [2025-11-14T22:20:34.040+0000] {dag.py:4180} INFO - Setting next_dagrun for example_sla_dag to 2025-11-14 22:18:00+00:00, run_after=2025-11-14 22:20:00+00:00
[2025-11-14T22:20:34.048+0000] {processor.py:208} INFO - Processing /home/airflow/.local/lib/python3.12/site-packages/airflow/example_dags/example_sla_dag.py took 0.036 seconds
[2025-11-14T22:21:11.491+0000] {processor.py:186} INFO - Started process (PID=6930) to work on /home/airflow/.local/lib/python3.12/site-packages/airflow/example_dags/example_sla_dag.py
[2025-11-14T22:21:11.494+0000] {processor.py:914} INFO - Processing file /home/airflow/.local/lib/python3.12/site-packages/airflow/example_dags/example_sla_dag.py for tasks to queue
[2025-11-14T22:21:11.495+0000] {logging_mixin.py:190} INFO - [2025-11-14T22:21:11.495+0000] {dagbag.py:588} INFO - Filling up the DagBag from /home/airflow/.local/lib/python3.12/site-packages/airflow/example_dags/example_sla_dag.py
[2025-11-14T22:21:11.499+0000] {processor.py:925} INFO - DAG(s) 'example_sla_dag' retrieved from /home/airflow/.local/lib/python3.12/site-packages/airflow/example_dags/example_sla_dag.py
[2025-11-14T22:21:11.507+0000] {logging_mixin.py:190} INFO - [2025-11-14T22:21:11.507+0000] {dag.py:3239} INFO - Sync 1 DAGs
[2025-11-14T22:21:11.516+0000] {logging_mixin.py:190} INFO - [2025-11-14T22:21:11.516+0000] {dag.py:4180} INFO - Setting next_dagrun for example_sla_dag to 2025-11-14 22:18:00+00:00, run_after=2025-11-14 22:20:00+00:00
[2025-11-14T22:21:11.528+0000] {processor.py:208} INFO - Processing /home/airflow/.local/lib/python3.12/site-packages/airflow/example_dags/example_sla_dag.py took 0.039 seconds
[2025-11-14T22:21:41.942+0000] {processor.py:186} INFO - Started process (PID=6992) to work on /home/airflow/.local/lib/python3.12/site-packages/airflow/example_dags/example_sla_dag.py
[2025-11-14T22:21:41.944+0000] {processor.py:914} INFO - Processing file /home/airflow/.local/lib/python3.12/site-packages/airflow/example_dags/example_sla_dag.py for tasks to queue
[2025-11-14T22:21:41.946+0000] {logging_mixin.py:190} INFO - [2025-11-14T22:21:41.946+0000] {dagbag.py:588} INFO - Filling up the DagBag from /home/airflow/.local/lib/python3.12/site-packages/airflow/example_dags/example_sla_dag.py
[2025-11-14T22:21:41.952+0000] {processor.py:925} INFO - DAG(s) 'example_sla_dag' retrieved from /home/airflow/.local/lib/python3.12/site-packages/airflow/example_dags/example_sla_dag.py
[2025-11-14T22:21:41.962+0000] {logging_mixin.py:190} INFO - [2025-11-14T22:21:41.962+0000] {dag.py:3239} INFO - Sync 1 DAGs
[2025-11-14T22:21:41.973+0000] {logging_mixin.py:190} INFO - [2025-11-14T22:21:41.973+0000] {dag.py:4180} INFO - Setting next_dagrun for example_sla_dag to 2025-11-14 22:18:00+00:00, run_after=2025-11-14 22:20:00+00:00
[2025-11-14T22:21:41.981+0000] {processor.py:208} INFO - Processing /home/airflow/.local/lib/python3.12/site-packages/airflow/example_dags/example_sla_dag.py took 0.042 seconds
[2025-11-14T22:23:03.579+0000] {processor.py:186} INFO - Started process (PID=7054) to work on /home/airflow/.local/lib/python3.12/site-packages/airflow/example_dags/example_sla_dag.py
[2025-11-14T22:23:03.581+0000] {processor.py:914} INFO - Processing file /home/airflow/.local/lib/python3.12/site-packages/airflow/example_dags/example_sla_dag.py for tasks to queue
[2025-11-14T22:23:03.582+0000] {logging_mixin.py:190} INFO - [2025-11-14T22:23:03.582+0000] {dagbag.py:588} INFO - Filling up the DagBag from /home/airflow/.local/lib/python3.12/site-packages/airflow/example_dags/example_sla_dag.py
[2025-11-14T22:23:03.587+0000] {processor.py:925} INFO - DAG(s) 'example_sla_dag' retrieved from /home/airflow/.local/lib/python3.12/site-packages/airflow/example_dags/example_sla_dag.py
[2025-11-14T22:23:03.595+0000] {logging_mixin.py:190} INFO - [2025-11-14T22:23:03.595+0000] {dag.py:3239} INFO - Sync 1 DAGs
[2025-11-14T22:23:03.605+0000] {logging_mixin.py:190} INFO - [2025-11-14T22:23:03.605+0000] {dag.py:4180} INFO - Setting next_dagrun for example_sla_dag to 2025-11-14 22:20:00+00:00, run_after=2025-11-14 22:22:00+00:00
[2025-11-14T22:23:03.614+0000] {processor.py:208} INFO - Processing /home/airflow/.local/lib/python3.12/site-packages/airflow/example_dags/example_sla_dag.py took 0.037 seconds
[2025-11-14T22:23:49.553+0000] {processor.py:186} INFO - Started process (PID=7122) to work on /home/airflow/.local/lib/python3.12/site-packages/airflow/example_dags/example_sla_dag.py
[2025-11-14T22:23:49.554+0000] {processor.py:914} INFO - Processing file /home/airflow/.local/lib/python3.12/site-packages/airflow/example_dags/example_sla_dag.py for tasks to queue
[2025-11-14T22:23:49.555+0000] {logging_mixin.py:190} INFO - [2025-11-14T22:23:49.555+0000] {dagbag.py:588} INFO - Filling up the DagBag from /home/airflow/.local/lib/python3.12/site-packages/airflow/example_dags/example_sla_dag.py
[2025-11-14T22:23:49.562+0000] {processor.py:925} INFO - DAG(s) 'example_sla_dag' retrieved from /home/airflow/.local/lib/python3.12/site-packages/airflow/example_dags/example_sla_dag.py
[2025-11-14T22:23:49.581+0000] {logging_mixin.py:190} INFO - [2025-11-14T22:23:49.580+0000] {dag.py:3239} INFO - Sync 1 DAGs
[2025-11-14T22:23:49.597+0000] {logging_mixin.py:190} INFO - [2025-11-14T22:23:49.597+0000] {dag.py:4180} INFO - Setting next_dagrun for example_sla_dag to 2025-11-14 22:20:00+00:00, run_after=2025-11-14 22:22:00+00:00
[2025-11-14T22:23:49.607+0000] {processor.py:208} INFO - Processing /home/airflow/.local/lib/python3.12/site-packages/airflow/example_dags/example_sla_dag.py took 0.058 seconds
[2025-11-14T22:33:30.639+0000] {processor.py:186} INFO - Started process (PID=7178) to work on /home/airflow/.local/lib/python3.12/site-packages/airflow/example_dags/example_sla_dag.py
[2025-11-14T22:33:30.640+0000] {processor.py:914} INFO - Processing file /home/airflow/.local/lib/python3.12/site-packages/airflow/example_dags/example_sla_dag.py for tasks to queue
[2025-11-14T22:33:30.641+0000] {logging_mixin.py:190} INFO - [2025-11-14T22:33:30.641+0000] {dagbag.py:588} INFO - Filling up the DagBag from /home/airflow/.local/lib/python3.12/site-packages/airflow/example_dags/example_sla_dag.py
[2025-11-14T22:33:30.646+0000] {processor.py:925} INFO - DAG(s) 'example_sla_dag' retrieved from /home/airflow/.local/lib/python3.12/site-packages/airflow/example_dags/example_sla_dag.py
[2025-11-14T22:33:30.657+0000] {logging_mixin.py:190} INFO - [2025-11-14T22:33:30.657+0000] {dag.py:3239} INFO - Sync 1 DAGs
[2025-11-14T22:33:30.669+0000] {logging_mixin.py:190} INFO - [2025-11-14T22:33:30.669+0000] {dag.py:4180} INFO - Setting next_dagrun for example_sla_dag to 2025-11-14 22:30:00+00:00, run_after=2025-11-14 22:32:00+00:00
[2025-11-14T22:33:30.676+0000] {processor.py:208} INFO - Processing /home/airflow/.local/lib/python3.12/site-packages/airflow/example_dags/example_sla_dag.py took 0.040 seconds
[2025-11-14T22:34:01.173+0000] {processor.py:186} INFO - Started process (PID=7240) to work on /home/airflow/.local/lib/python3.12/site-packages/airflow/example_dags/example_sla_dag.py
[2025-11-14T22:34:01.174+0000] {processor.py:914} INFO - Processing file /home/airflow/.local/lib/python3.12/site-packages/airflow/example_dags/example_sla_dag.py for tasks to queue
[2025-11-14T22:34:01.175+0000] {logging_mixin.py:190} INFO - [2025-11-14T22:34:01.175+0000] {dagbag.py:588} INFO - Filling up the DagBag from /home/airflow/.local/lib/python3.12/site-packages/airflow/example_dags/example_sla_dag.py
[2025-11-14T22:34:01.181+0000] {processor.py:925} INFO - DAG(s) 'example_sla_dag' retrieved from /home/airflow/.local/lib/python3.12/site-packages/airflow/example_dags/example_sla_dag.py
[2025-11-14T22:34:01.194+0000] {logging_mixin.py:190} INFO - [2025-11-14T22:34:01.194+0000] {dag.py:3239} INFO - Sync 1 DAGs
[2025-11-14T22:34:01.210+0000] {logging_mixin.py:190} INFO - [2025-11-14T22:34:01.210+0000] {dag.py:4180} INFO - Setting next_dagrun for example_sla_dag to 2025-11-14 22:32:00+00:00, run_after=2025-11-14 22:34:00+00:00
[2025-11-14T22:34:01.223+0000] {processor.py:208} INFO - Processing /home/airflow/.local/lib/python3.12/site-packages/airflow/example_dags/example_sla_dag.py took 0.052 seconds
[2025-11-14T22:34:31.437+0000] {processor.py:186} INFO - Started process (PID=7302) to work on /home/airflow/.local/lib/python3.12/site-packages/airflow/example_dags/example_sla_dag.py
[2025-11-14T22:34:31.438+0000] {processor.py:914} INFO - Processing file /home/airflow/.local/lib/python3.12/site-packages/airflow/example_dags/example_sla_dag.py for tasks to queue
[2025-11-14T22:34:31.440+0000] {logging_mixin.py:190} INFO - [2025-11-14T22:34:31.440+0000] {dagbag.py:588} INFO - Filling up the DagBag from /home/airflow/.local/lib/python3.12/site-packages/airflow/example_dags/example_sla_dag.py
[2025-11-14T22:34:31.446+0000] {processor.py:925} INFO - DAG(s) 'example_sla_dag' retrieved from /home/airflow/.local/lib/python3.12/site-packages/airflow/example_dags/example_sla_dag.py
[2025-11-14T22:34:31.458+0000] {logging_mixin.py:190} INFO - [2025-11-14T22:34:31.458+0000] {dag.py:3239} INFO - Sync 1 DAGs
[2025-11-14T22:34:31.471+0000] {logging_mixin.py:190} INFO - [2025-11-14T22:34:31.471+0000] {dag.py:4180} INFO - Setting next_dagrun for example_sla_dag to 2025-11-14 22:32:00+00:00, run_after=2025-11-14 22:34:00+00:00
[2025-11-14T22:34:31.482+0000] {processor.py:208} INFO - Processing /home/airflow/.local/lib/python3.12/site-packages/airflow/example_dags/example_sla_dag.py took 0.049 seconds
[2025-11-14T22:35:01.659+0000] {processor.py:186} INFO - Started process (PID=7364) to work on /home/airflow/.local/lib/python3.12/site-packages/airflow/example_dags/example_sla_dag.py
[2025-11-14T22:35:01.660+0000] {processor.py:914} INFO - Processing file /home/airflow/.local/lib/python3.12/site-packages/airflow/example_dags/example_sla_dag.py for tasks to queue
[2025-11-14T22:35:01.662+0000] {logging_mixin.py:190} INFO - [2025-11-14T22:35:01.662+0000] {dagbag.py:588} INFO - Filling up the DagBag from /home/airflow/.local/lib/python3.12/site-packages/airflow/example_dags/example_sla_dag.py
[2025-11-14T22:35:01.666+0000] {processor.py:925} INFO - DAG(s) 'example_sla_dag' retrieved from /home/airflow/.local/lib/python3.12/site-packages/airflow/example_dags/example_sla_dag.py
[2025-11-14T22:35:01.678+0000] {logging_mixin.py:190} INFO - [2025-11-14T22:35:01.678+0000] {dag.py:3239} INFO - Sync 1 DAGs
[2025-11-14T22:35:01.688+0000] {logging_mixin.py:190} INFO - [2025-11-14T22:35:01.688+0000] {dag.py:4180} INFO - Setting next_dagrun for example_sla_dag to 2025-11-14 22:32:00+00:00, run_after=2025-11-14 22:34:00+00:00
[2025-11-14T22:35:01.696+0000] {processor.py:208} INFO - Processing /home/airflow/.local/lib/python3.12/site-packages/airflow/example_dags/example_sla_dag.py took 0.040 seconds
[2025-11-14T22:35:31.788+0000] {processor.py:186} INFO - Started process (PID=7426) to work on /home/airflow/.local/lib/python3.12/site-packages/airflow/example_dags/example_sla_dag.py
[2025-11-14T22:35:31.789+0000] {processor.py:914} INFO - Processing file /home/airflow/.local/lib/python3.12/site-packages/airflow/example_dags/example_sla_dag.py for tasks to queue
[2025-11-14T22:35:31.790+0000] {logging_mixin.py:190} INFO - [2025-11-14T22:35:31.790+0000] {dagbag.py:588} INFO - Filling up the DagBag from /home/airflow/.local/lib/python3.12/site-packages/airflow/example_dags/example_sla_dag.py
[2025-11-14T22:35:31.794+0000] {processor.py:925} INFO - DAG(s) 'example_sla_dag' retrieved from /home/airflow/.local/lib/python3.12/site-packages/airflow/example_dags/example_sla_dag.py
[2025-11-14T22:35:31.805+0000] {logging_mixin.py:190} INFO - [2025-11-14T22:35:31.804+0000] {dag.py:3239} INFO - Sync 1 DAGs
[2025-11-14T22:35:31.814+0000] {logging_mixin.py:190} INFO - [2025-11-14T22:35:31.814+0000] {dag.py:4180} INFO - Setting next_dagrun for example_sla_dag to 2025-11-14 22:32:00+00:00, run_after=2025-11-14 22:34:00+00:00
[2025-11-14T22:35:31.823+0000] {processor.py:208} INFO - Processing /home/airflow/.local/lib/python3.12/site-packages/airflow/example_dags/example_sla_dag.py took 0.038 seconds
[2025-11-14T22:36:02.881+0000] {processor.py:186} INFO - Started process (PID=7488) to work on /home/airflow/.local/lib/python3.12/site-packages/airflow/example_dags/example_sla_dag.py
[2025-11-14T22:36:02.882+0000] {processor.py:914} INFO - Processing file /home/airflow/.local/lib/python3.12/site-packages/airflow/example_dags/example_sla_dag.py for tasks to queue
[2025-11-14T22:36:02.884+0000] {logging_mixin.py:190} INFO - [2025-11-14T22:36:02.883+0000] {dagbag.py:588} INFO - Filling up the DagBag from /home/airflow/.local/lib/python3.12/site-packages/airflow/example_dags/example_sla_dag.py
[2025-11-14T22:36:02.889+0000] {processor.py:925} INFO - DAG(s) 'example_sla_dag' retrieved from /home/airflow/.local/lib/python3.12/site-packages/airflow/example_dags/example_sla_dag.py
[2025-11-14T22:36:02.900+0000] {logging_mixin.py:190} INFO - [2025-11-14T22:36:02.900+0000] {dag.py:3239} INFO - Sync 1 DAGs
[2025-11-14T22:36:02.911+0000] {logging_mixin.py:190} INFO - [2025-11-14T22:36:02.911+0000] {dag.py:4180} INFO - Setting next_dagrun for example_sla_dag to 2025-11-14 22:34:00+00:00, run_after=2025-11-14 22:36:00+00:00
[2025-11-14T22:36:02.919+0000] {processor.py:208} INFO - Processing /home/airflow/.local/lib/python3.12/site-packages/airflow/example_dags/example_sla_dag.py took 0.041 seconds
[2025-11-14T22:36:33.636+0000] {processor.py:186} INFO - Started process (PID=7550) to work on /home/airflow/.local/lib/python3.12/site-packages/airflow/example_dags/example_sla_dag.py
[2025-11-14T22:36:33.637+0000] {processor.py:914} INFO - Processing file /home/airflow/.local/lib/python3.12/site-packages/airflow/example_dags/example_sla_dag.py for tasks to queue
[2025-11-14T22:36:33.639+0000] {logging_mixin.py:190} INFO - [2025-11-14T22:36:33.639+0000] {dagbag.py:588} INFO - Filling up the DagBag from /home/airflow/.local/lib/python3.12/site-packages/airflow/example_dags/example_sla_dag.py
[2025-11-14T22:36:33.644+0000] {processor.py:925} INFO - DAG(s) 'example_sla_dag' retrieved from /home/airflow/.local/lib/python3.12/site-packages/airflow/example_dags/example_sla_dag.py
[2025-11-14T22:36:33.655+0000] {logging_mixin.py:190} INFO - [2025-11-14T22:36:33.655+0000] {dag.py:3239} INFO - Sync 1 DAGs
[2025-11-14T22:36:33.666+0000] {logging_mixin.py:190} INFO - [2025-11-14T22:36:33.666+0000] {dag.py:4180} INFO - Setting next_dagrun for example_sla_dag to 2025-11-14 22:34:00+00:00, run_after=2025-11-14 22:36:00+00:00
[2025-11-14T22:36:33.676+0000] {processor.py:208} INFO - Processing /home/airflow/.local/lib/python3.12/site-packages/airflow/example_dags/example_sla_dag.py took 0.044 seconds
[2025-11-14T22:37:18.505+0000] {processor.py:186} INFO - Started process (PID=98) to work on /home/airflow/.local/lib/python3.12/site-packages/airflow/example_dags/example_sla_dag.py
[2025-11-14T22:37:18.506+0000] {processor.py:914} INFO - Processing file /home/airflow/.local/lib/python3.12/site-packages/airflow/example_dags/example_sla_dag.py for tasks to queue
[2025-11-14T22:37:18.509+0000] {logging_mixin.py:190} INFO - [2025-11-14T22:37:18.509+0000] {dagbag.py:588} INFO - Filling up the DagBag from /home/airflow/.local/lib/python3.12/site-packages/airflow/example_dags/example_sla_dag.py
[2025-11-14T22:37:18.522+0000] {processor.py:925} INFO - DAG(s) 'example_sla_dag' retrieved from /home/airflow/.local/lib/python3.12/site-packages/airflow/example_dags/example_sla_dag.py
[2025-11-14T22:37:18.568+0000] {logging_mixin.py:190} INFO - [2025-11-14T22:37:18.567+0000] {dag.py:3239} INFO - Sync 1 DAGs
[2025-11-14T22:37:18.614+0000] {logging_mixin.py:190} INFO - [2025-11-14T22:37:18.614+0000] {dag.py:4180} INFO - Setting next_dagrun for example_sla_dag to 2025-11-14 22:34:00+00:00, run_after=2025-11-14 22:36:00+00:00
[2025-11-14T22:37:18.636+0000] {processor.py:208} INFO - Processing /home/airflow/.local/lib/python3.12/site-packages/airflow/example_dags/example_sla_dag.py took 0.136 seconds
[2025-11-14T22:37:49.585+0000] {processor.py:186} INFO - Started process (PID=160) to work on /home/airflow/.local/lib/python3.12/site-packages/airflow/example_dags/example_sla_dag.py
[2025-11-14T22:37:49.586+0000] {processor.py:914} INFO - Processing file /home/airflow/.local/lib/python3.12/site-packages/airflow/example_dags/example_sla_dag.py for tasks to queue
[2025-11-14T22:37:49.588+0000] {logging_mixin.py:190} INFO - [2025-11-14T22:37:49.587+0000] {dagbag.py:588} INFO - Filling up the DagBag from /home/airflow/.local/lib/python3.12/site-packages/airflow/example_dags/example_sla_dag.py
[2025-11-14T22:37:49.595+0000] {processor.py:925} INFO - DAG(s) 'example_sla_dag' retrieved from /home/airflow/.local/lib/python3.12/site-packages/airflow/example_dags/example_sla_dag.py
[2025-11-14T22:37:49.607+0000] {logging_mixin.py:190} INFO - [2025-11-14T22:37:49.607+0000] {dag.py:3239} INFO - Sync 1 DAGs
[2025-11-14T22:37:49.622+0000] {logging_mixin.py:190} INFO - [2025-11-14T22:37:49.622+0000] {dag.py:4180} INFO - Setting next_dagrun for example_sla_dag to 2025-11-14 22:34:00+00:00, run_after=2025-11-14 22:36:00+00:00
[2025-11-14T22:37:49.632+0000] {processor.py:208} INFO - Processing /home/airflow/.local/lib/python3.12/site-packages/airflow/example_dags/example_sla_dag.py took 0.052 seconds
