[2025-11-14T21:21:15.454+0000] {processor.py:186} INFO - Started process (PID=80) to work on /home/airflow/.local/lib/python3.12/site-packages/airflow/example_dags/example_params_ui_tutorial.py
[2025-11-14T21:21:15.455+0000] {processor.py:914} INFO - Processing file /home/airflow/.local/lib/python3.12/site-packages/airflow/example_dags/example_params_ui_tutorial.py for tasks to queue
[2025-11-14T21:21:15.461+0000] {logging_mixin.py:190} INFO - [2025-11-14T21:21:15.461+0000] {dagbag.py:588} INFO - Filling up the DagBag from /home/airflow/.local/lib/python3.12/site-packages/airflow/example_dags/example_params_ui_tutorial.py
[2025-11-14T21:21:15.481+0000] {processor.py:925} INFO - DAG(s) 'example_params_ui_tutorial' retrieved from /home/airflow/.local/lib/python3.12/site-packages/airflow/example_dags/example_params_ui_tutorial.py
[2025-11-14T21:21:15.603+0000] {logging_mixin.py:190} INFO - [2025-11-14T21:21:15.603+0000] {override.py:1900} INFO - Created Permission View: can edit on DAG:example_params_ui_tutorial
[2025-11-14T21:21:15.608+0000] {logging_mixin.py:190} INFO - [2025-11-14T21:21:15.608+0000] {override.py:1900} INFO - Created Permission View: can read on DAG:example_params_ui_tutorial
[2025-11-14T21:21:15.611+0000] {logging_mixin.py:190} INFO - [2025-11-14T21:21:15.610+0000] {override.py:1900} INFO - Created Permission View: can delete on DAG:example_params_ui_tutorial
[2025-11-14T21:21:15.613+0000] {logging_mixin.py:190} INFO - [2025-11-14T21:21:15.613+0000] {override.py:1900} INFO - Created Permission View: menu access on DAG Run:example_params_ui_tutorial
[2025-11-14T21:21:15.616+0000] {logging_mixin.py:190} INFO - [2025-11-14T21:21:15.616+0000] {override.py:1900} INFO - Created Permission View: can delete on DAG Run:example_params_ui_tutorial
[2025-11-14T21:21:15.618+0000] {logging_mixin.py:190} INFO - [2025-11-14T21:21:15.618+0000] {override.py:1900} INFO - Created Permission View: can read on DAG Run:example_params_ui_tutorial
[2025-11-14T21:21:15.620+0000] {logging_mixin.py:190} INFO - [2025-11-14T21:21:15.620+0000] {override.py:1900} INFO - Created Permission View: can create on DAG Run:example_params_ui_tutorial
[2025-11-14T21:21:15.620+0000] {logging_mixin.py:190} INFO - [2025-11-14T21:21:15.620+0000] {dag.py:3239} INFO - Sync 1 DAGs
[2025-11-14T21:21:15.631+0000] {logging_mixin.py:190} INFO - [2025-11-14T21:21:15.631+0000] {dag.py:3262} INFO - Creating ORM DAG for example_params_ui_tutorial
[2025-11-14T21:21:15.632+0000] {logging_mixin.py:190} INFO - [2025-11-14T21:21:15.632+0000] {dag.py:4180} INFO - Setting next_dagrun for example_params_ui_tutorial to None, run_after=None
[2025-11-14T21:21:15.643+0000] {processor.py:208} INFO - Processing /home/airflow/.local/lib/python3.12/site-packages/airflow/example_dags/example_params_ui_tutorial.py took 0.201 seconds
[2025-11-14T21:21:46.412+0000] {processor.py:186} INFO - Started process (PID=142) to work on /home/airflow/.local/lib/python3.12/site-packages/airflow/example_dags/example_params_ui_tutorial.py
[2025-11-14T21:21:46.413+0000] {processor.py:914} INFO - Processing file /home/airflow/.local/lib/python3.12/site-packages/airflow/example_dags/example_params_ui_tutorial.py for tasks to queue
[2025-11-14T21:21:46.414+0000] {logging_mixin.py:190} INFO - [2025-11-14T21:21:46.414+0000] {dagbag.py:588} INFO - Filling up the DagBag from /home/airflow/.local/lib/python3.12/site-packages/airflow/example_dags/example_params_ui_tutorial.py
[2025-11-14T21:21:46.422+0000] {processor.py:925} INFO - DAG(s) 'example_params_ui_tutorial' retrieved from /home/airflow/.local/lib/python3.12/site-packages/airflow/example_dags/example_params_ui_tutorial.py
[2025-11-14T21:21:46.445+0000] {logging_mixin.py:190} INFO - [2025-11-14T21:21:46.445+0000] {dag.py:3239} INFO - Sync 1 DAGs
[2025-11-14T21:21:46.452+0000] {logging_mixin.py:190} INFO - [2025-11-14T21:21:46.452+0000] {dag.py:4180} INFO - Setting next_dagrun for example_params_ui_tutorial to None, run_after=None
[2025-11-14T21:21:46.460+0000] {processor.py:208} INFO - Processing /home/airflow/.local/lib/python3.12/site-packages/airflow/example_dags/example_params_ui_tutorial.py took 0.052 seconds
[2025-11-14T21:22:16.844+0000] {processor.py:186} INFO - Started process (PID=204) to work on /home/airflow/.local/lib/python3.12/site-packages/airflow/example_dags/example_params_ui_tutorial.py
[2025-11-14T21:22:16.844+0000] {processor.py:914} INFO - Processing file /home/airflow/.local/lib/python3.12/site-packages/airflow/example_dags/example_params_ui_tutorial.py for tasks to queue
[2025-11-14T21:22:16.845+0000] {logging_mixin.py:190} INFO - [2025-11-14T21:22:16.845+0000] {dagbag.py:588} INFO - Filling up the DagBag from /home/airflow/.local/lib/python3.12/site-packages/airflow/example_dags/example_params_ui_tutorial.py
[2025-11-14T21:22:16.850+0000] {processor.py:925} INFO - DAG(s) 'example_params_ui_tutorial' retrieved from /home/airflow/.local/lib/python3.12/site-packages/airflow/example_dags/example_params_ui_tutorial.py
[2025-11-14T21:22:16.874+0000] {logging_mixin.py:190} INFO - [2025-11-14T21:22:16.873+0000] {dag.py:3239} INFO - Sync 1 DAGs
[2025-11-14T21:22:16.881+0000] {logging_mixin.py:190} INFO - [2025-11-14T21:22:16.881+0000] {dag.py:4180} INFO - Setting next_dagrun for example_params_ui_tutorial to None, run_after=None
[2025-11-14T21:22:16.892+0000] {processor.py:208} INFO - Processing /home/airflow/.local/lib/python3.12/site-packages/airflow/example_dags/example_params_ui_tutorial.py took 0.050 seconds
[2025-11-14T21:22:47.157+0000] {processor.py:186} INFO - Started process (PID=266) to work on /home/airflow/.local/lib/python3.12/site-packages/airflow/example_dags/example_params_ui_tutorial.py
[2025-11-14T21:22:47.158+0000] {processor.py:914} INFO - Processing file /home/airflow/.local/lib/python3.12/site-packages/airflow/example_dags/example_params_ui_tutorial.py for tasks to queue
[2025-11-14T21:22:47.160+0000] {logging_mixin.py:190} INFO - [2025-11-14T21:22:47.159+0000] {dagbag.py:588} INFO - Filling up the DagBag from /home/airflow/.local/lib/python3.12/site-packages/airflow/example_dags/example_params_ui_tutorial.py
[2025-11-14T21:22:47.175+0000] {processor.py:925} INFO - DAG(s) 'example_params_ui_tutorial' retrieved from /home/airflow/.local/lib/python3.12/site-packages/airflow/example_dags/example_params_ui_tutorial.py
[2025-11-14T21:22:47.220+0000] {logging_mixin.py:190} INFO - [2025-11-14T21:22:47.219+0000] {dag.py:3239} INFO - Sync 1 DAGs
[2025-11-14T21:22:47.226+0000] {logging_mixin.py:190} INFO - [2025-11-14T21:22:47.226+0000] {dag.py:4180} INFO - Setting next_dagrun for example_params_ui_tutorial to None, run_after=None
[2025-11-14T21:22:47.248+0000] {processor.py:208} INFO - Processing /home/airflow/.local/lib/python3.12/site-packages/airflow/example_dags/example_params_ui_tutorial.py took 0.093 seconds
[2025-11-14T21:23:17.414+0000] {processor.py:186} INFO - Started process (PID=328) to work on /home/airflow/.local/lib/python3.12/site-packages/airflow/example_dags/example_params_ui_tutorial.py
[2025-11-14T21:23:17.415+0000] {processor.py:914} INFO - Processing file /home/airflow/.local/lib/python3.12/site-packages/airflow/example_dags/example_params_ui_tutorial.py for tasks to queue
[2025-11-14T21:23:17.416+0000] {logging_mixin.py:190} INFO - [2025-11-14T21:23:17.416+0000] {dagbag.py:588} INFO - Filling up the DagBag from /home/airflow/.local/lib/python3.12/site-packages/airflow/example_dags/example_params_ui_tutorial.py
[2025-11-14T21:23:17.421+0000] {processor.py:925} INFO - DAG(s) 'example_params_ui_tutorial' retrieved from /home/airflow/.local/lib/python3.12/site-packages/airflow/example_dags/example_params_ui_tutorial.py
[2025-11-14T21:23:17.442+0000] {logging_mixin.py:190} INFO - [2025-11-14T21:23:17.442+0000] {dag.py:3239} INFO - Sync 1 DAGs
[2025-11-14T21:23:17.448+0000] {logging_mixin.py:190} INFO - [2025-11-14T21:23:17.448+0000] {dag.py:4180} INFO - Setting next_dagrun for example_params_ui_tutorial to None, run_after=None
[2025-11-14T21:23:17.455+0000] {processor.py:208} INFO - Processing /home/airflow/.local/lib/python3.12/site-packages/airflow/example_dags/example_params_ui_tutorial.py took 0.045 seconds
[2025-11-14T21:23:47.801+0000] {processor.py:186} INFO - Started process (PID=389) to work on /home/airflow/.local/lib/python3.12/site-packages/airflow/example_dags/example_params_ui_tutorial.py
[2025-11-14T21:23:47.803+0000] {processor.py:914} INFO - Processing file /home/airflow/.local/lib/python3.12/site-packages/airflow/example_dags/example_params_ui_tutorial.py for tasks to queue
[2025-11-14T21:23:47.805+0000] {logging_mixin.py:190} INFO - [2025-11-14T21:23:47.805+0000] {dagbag.py:588} INFO - Filling up the DagBag from /home/airflow/.local/lib/python3.12/site-packages/airflow/example_dags/example_params_ui_tutorial.py
[2025-11-14T21:23:47.810+0000] {processor.py:925} INFO - DAG(s) 'example_params_ui_tutorial' retrieved from /home/airflow/.local/lib/python3.12/site-packages/airflow/example_dags/example_params_ui_tutorial.py
[2025-11-14T21:23:47.836+0000] {logging_mixin.py:190} INFO - [2025-11-14T21:23:47.836+0000] {dag.py:3239} INFO - Sync 1 DAGs
[2025-11-14T21:23:47.844+0000] {logging_mixin.py:190} INFO - [2025-11-14T21:23:47.844+0000] {dag.py:4180} INFO - Setting next_dagrun for example_params_ui_tutorial to None, run_after=None
[2025-11-14T21:23:47.855+0000] {processor.py:208} INFO - Processing /home/airflow/.local/lib/python3.12/site-packages/airflow/example_dags/example_params_ui_tutorial.py took 0.057 seconds
[2025-11-14T21:24:18.279+0000] {processor.py:186} INFO - Started process (PID=451) to work on /home/airflow/.local/lib/python3.12/site-packages/airflow/example_dags/example_params_ui_tutorial.py
[2025-11-14T21:24:18.279+0000] {processor.py:914} INFO - Processing file /home/airflow/.local/lib/python3.12/site-packages/airflow/example_dags/example_params_ui_tutorial.py for tasks to queue
[2025-11-14T21:24:18.280+0000] {logging_mixin.py:190} INFO - [2025-11-14T21:24:18.280+0000] {dagbag.py:588} INFO - Filling up the DagBag from /home/airflow/.local/lib/python3.12/site-packages/airflow/example_dags/example_params_ui_tutorial.py
[2025-11-14T21:24:18.285+0000] {processor.py:925} INFO - DAG(s) 'example_params_ui_tutorial' retrieved from /home/airflow/.local/lib/python3.12/site-packages/airflow/example_dags/example_params_ui_tutorial.py
[2025-11-14T21:24:18.302+0000] {logging_mixin.py:190} INFO - [2025-11-14T21:24:18.302+0000] {dag.py:3239} INFO - Sync 1 DAGs
[2025-11-14T21:24:18.308+0000] {logging_mixin.py:190} INFO - [2025-11-14T21:24:18.308+0000] {dag.py:4180} INFO - Setting next_dagrun for example_params_ui_tutorial to None, run_after=None
[2025-11-14T21:24:18.315+0000] {processor.py:208} INFO - Processing /home/airflow/.local/lib/python3.12/site-packages/airflow/example_dags/example_params_ui_tutorial.py took 0.039 seconds
[2025-11-14T21:24:48.720+0000] {processor.py:186} INFO - Started process (PID=513) to work on /home/airflow/.local/lib/python3.12/site-packages/airflow/example_dags/example_params_ui_tutorial.py
[2025-11-14T21:24:48.721+0000] {processor.py:914} INFO - Processing file /home/airflow/.local/lib/python3.12/site-packages/airflow/example_dags/example_params_ui_tutorial.py for tasks to queue
[2025-11-14T21:24:48.722+0000] {logging_mixin.py:190} INFO - [2025-11-14T21:24:48.722+0000] {dagbag.py:588} INFO - Filling up the DagBag from /home/airflow/.local/lib/python3.12/site-packages/airflow/example_dags/example_params_ui_tutorial.py
[2025-11-14T21:24:48.726+0000] {processor.py:925} INFO - DAG(s) 'example_params_ui_tutorial' retrieved from /home/airflow/.local/lib/python3.12/site-packages/airflow/example_dags/example_params_ui_tutorial.py
[2025-11-14T21:24:48.746+0000] {logging_mixin.py:190} INFO - [2025-11-14T21:24:48.746+0000] {dag.py:3239} INFO - Sync 1 DAGs
[2025-11-14T21:24:48.753+0000] {logging_mixin.py:190} INFO - [2025-11-14T21:24:48.753+0000] {dag.py:4180} INFO - Setting next_dagrun for example_params_ui_tutorial to None, run_after=None
[2025-11-14T21:24:48.763+0000] {processor.py:208} INFO - Processing /home/airflow/.local/lib/python3.12/site-packages/airflow/example_dags/example_params_ui_tutorial.py took 0.046 seconds
[2025-11-14T21:25:19.745+0000] {processor.py:186} INFO - Started process (PID=575) to work on /home/airflow/.local/lib/python3.12/site-packages/airflow/example_dags/example_params_ui_tutorial.py
[2025-11-14T21:25:19.745+0000] {processor.py:914} INFO - Processing file /home/airflow/.local/lib/python3.12/site-packages/airflow/example_dags/example_params_ui_tutorial.py for tasks to queue
[2025-11-14T21:25:19.746+0000] {logging_mixin.py:190} INFO - [2025-11-14T21:25:19.746+0000] {dagbag.py:588} INFO - Filling up the DagBag from /home/airflow/.local/lib/python3.12/site-packages/airflow/example_dags/example_params_ui_tutorial.py
[2025-11-14T21:25:19.750+0000] {processor.py:925} INFO - DAG(s) 'example_params_ui_tutorial' retrieved from /home/airflow/.local/lib/python3.12/site-packages/airflow/example_dags/example_params_ui_tutorial.py
[2025-11-14T21:25:19.766+0000] {logging_mixin.py:190} INFO - [2025-11-14T21:25:19.766+0000] {dag.py:3239} INFO - Sync 1 DAGs
[2025-11-14T21:25:19.772+0000] {logging_mixin.py:190} INFO - [2025-11-14T21:25:19.771+0000] {dag.py:4180} INFO - Setting next_dagrun for example_params_ui_tutorial to None, run_after=None
[2025-11-14T21:25:19.778+0000] {processor.py:208} INFO - Processing /home/airflow/.local/lib/python3.12/site-packages/airflow/example_dags/example_params_ui_tutorial.py took 0.035 seconds
[2025-11-14T21:25:50.814+0000] {processor.py:186} INFO - Started process (PID=637) to work on /home/airflow/.local/lib/python3.12/site-packages/airflow/example_dags/example_params_ui_tutorial.py
[2025-11-14T21:25:50.814+0000] {processor.py:914} INFO - Processing file /home/airflow/.local/lib/python3.12/site-packages/airflow/example_dags/example_params_ui_tutorial.py for tasks to queue
[2025-11-14T21:25:50.816+0000] {logging_mixin.py:190} INFO - [2025-11-14T21:25:50.816+0000] {dagbag.py:588} INFO - Filling up the DagBag from /home/airflow/.local/lib/python3.12/site-packages/airflow/example_dags/example_params_ui_tutorial.py
[2025-11-14T21:25:50.820+0000] {processor.py:925} INFO - DAG(s) 'example_params_ui_tutorial' retrieved from /home/airflow/.local/lib/python3.12/site-packages/airflow/example_dags/example_params_ui_tutorial.py
[2025-11-14T21:25:50.838+0000] {logging_mixin.py:190} INFO - [2025-11-14T21:25:50.838+0000] {dag.py:3239} INFO - Sync 1 DAGs
[2025-11-14T21:25:50.843+0000] {logging_mixin.py:190} INFO - [2025-11-14T21:25:50.843+0000] {dag.py:4180} INFO - Setting next_dagrun for example_params_ui_tutorial to None, run_after=None
[2025-11-14T21:25:50.850+0000] {processor.py:208} INFO - Processing /home/airflow/.local/lib/python3.12/site-packages/airflow/example_dags/example_params_ui_tutorial.py took 0.040 seconds
[2025-11-14T21:26:20.886+0000] {processor.py:186} INFO - Started process (PID=698) to work on /home/airflow/.local/lib/python3.12/site-packages/airflow/example_dags/example_params_ui_tutorial.py
[2025-11-14T21:26:20.887+0000] {processor.py:914} INFO - Processing file /home/airflow/.local/lib/python3.12/site-packages/airflow/example_dags/example_params_ui_tutorial.py for tasks to queue
[2025-11-14T21:26:20.888+0000] {logging_mixin.py:190} INFO - [2025-11-14T21:26:20.888+0000] {dagbag.py:588} INFO - Filling up the DagBag from /home/airflow/.local/lib/python3.12/site-packages/airflow/example_dags/example_params_ui_tutorial.py
[2025-11-14T21:26:20.891+0000] {processor.py:925} INFO - DAG(s) 'example_params_ui_tutorial' retrieved from /home/airflow/.local/lib/python3.12/site-packages/airflow/example_dags/example_params_ui_tutorial.py
[2025-11-14T21:26:20.905+0000] {logging_mixin.py:190} INFO - [2025-11-14T21:26:20.905+0000] {dag.py:3239} INFO - Sync 1 DAGs
[2025-11-14T21:26:20.909+0000] {logging_mixin.py:190} INFO - [2025-11-14T21:26:20.909+0000] {dag.py:4180} INFO - Setting next_dagrun for example_params_ui_tutorial to None, run_after=None
[2025-11-14T21:26:20.916+0000] {processor.py:208} INFO - Processing /home/airflow/.local/lib/python3.12/site-packages/airflow/example_dags/example_params_ui_tutorial.py took 0.032 seconds
[2025-11-14T21:26:51.140+0000] {processor.py:186} INFO - Started process (PID=761) to work on /home/airflow/.local/lib/python3.12/site-packages/airflow/example_dags/example_params_ui_tutorial.py
[2025-11-14T21:26:51.141+0000] {processor.py:914} INFO - Processing file /home/airflow/.local/lib/python3.12/site-packages/airflow/example_dags/example_params_ui_tutorial.py for tasks to queue
[2025-11-14T21:26:51.142+0000] {logging_mixin.py:190} INFO - [2025-11-14T21:26:51.142+0000] {dagbag.py:588} INFO - Filling up the DagBag from /home/airflow/.local/lib/python3.12/site-packages/airflow/example_dags/example_params_ui_tutorial.py
[2025-11-14T21:26:51.146+0000] {processor.py:925} INFO - DAG(s) 'example_params_ui_tutorial' retrieved from /home/airflow/.local/lib/python3.12/site-packages/airflow/example_dags/example_params_ui_tutorial.py
[2025-11-14T21:26:51.161+0000] {logging_mixin.py:190} INFO - [2025-11-14T21:26:51.161+0000] {dag.py:3239} INFO - Sync 1 DAGs
[2025-11-14T21:26:51.166+0000] {logging_mixin.py:190} INFO - [2025-11-14T21:26:51.166+0000] {dag.py:4180} INFO - Setting next_dagrun for example_params_ui_tutorial to None, run_after=None
[2025-11-14T21:26:51.172+0000] {processor.py:208} INFO - Processing /home/airflow/.local/lib/python3.12/site-packages/airflow/example_dags/example_params_ui_tutorial.py took 0.035 seconds
[2025-11-14T21:27:22.146+0000] {processor.py:186} INFO - Started process (PID=823) to work on /home/airflow/.local/lib/python3.12/site-packages/airflow/example_dags/example_params_ui_tutorial.py
[2025-11-14T21:27:22.147+0000] {processor.py:914} INFO - Processing file /home/airflow/.local/lib/python3.12/site-packages/airflow/example_dags/example_params_ui_tutorial.py for tasks to queue
[2025-11-14T21:27:22.148+0000] {logging_mixin.py:190} INFO - [2025-11-14T21:27:22.148+0000] {dagbag.py:588} INFO - Filling up the DagBag from /home/airflow/.local/lib/python3.12/site-packages/airflow/example_dags/example_params_ui_tutorial.py
[2025-11-14T21:27:22.153+0000] {processor.py:925} INFO - DAG(s) 'example_params_ui_tutorial' retrieved from /home/airflow/.local/lib/python3.12/site-packages/airflow/example_dags/example_params_ui_tutorial.py
[2025-11-14T21:27:22.172+0000] {logging_mixin.py:190} INFO - [2025-11-14T21:27:22.172+0000] {dag.py:3239} INFO - Sync 1 DAGs
[2025-11-14T21:27:22.179+0000] {logging_mixin.py:190} INFO - [2025-11-14T21:27:22.179+0000] {dag.py:4180} INFO - Setting next_dagrun for example_params_ui_tutorial to None, run_after=None
[2025-11-14T21:27:22.185+0000] {processor.py:208} INFO - Processing /home/airflow/.local/lib/python3.12/site-packages/airflow/example_dags/example_params_ui_tutorial.py took 0.041 seconds
[2025-11-14T21:27:53.077+0000] {processor.py:186} INFO - Started process (PID=885) to work on /home/airflow/.local/lib/python3.12/site-packages/airflow/example_dags/example_params_ui_tutorial.py
[2025-11-14T21:27:53.077+0000] {processor.py:914} INFO - Processing file /home/airflow/.local/lib/python3.12/site-packages/airflow/example_dags/example_params_ui_tutorial.py for tasks to queue
[2025-11-14T21:27:53.078+0000] {logging_mixin.py:190} INFO - [2025-11-14T21:27:53.078+0000] {dagbag.py:588} INFO - Filling up the DagBag from /home/airflow/.local/lib/python3.12/site-packages/airflow/example_dags/example_params_ui_tutorial.py
[2025-11-14T21:27:53.083+0000] {processor.py:925} INFO - DAG(s) 'example_params_ui_tutorial' retrieved from /home/airflow/.local/lib/python3.12/site-packages/airflow/example_dags/example_params_ui_tutorial.py
[2025-11-14T21:27:53.115+0000] {logging_mixin.py:190} INFO - [2025-11-14T21:27:53.114+0000] {dag.py:3239} INFO - Sync 1 DAGs
[2025-11-14T21:27:53.121+0000] {logging_mixin.py:190} INFO - [2025-11-14T21:27:53.121+0000] {dag.py:4180} INFO - Setting next_dagrun for example_params_ui_tutorial to None, run_after=None
[2025-11-14T21:27:53.128+0000] {processor.py:208} INFO - Processing /home/airflow/.local/lib/python3.12/site-packages/airflow/example_dags/example_params_ui_tutorial.py took 0.054 seconds
[2025-11-14T21:28:23.971+0000] {processor.py:186} INFO - Started process (PID=947) to work on /home/airflow/.local/lib/python3.12/site-packages/airflow/example_dags/example_params_ui_tutorial.py
[2025-11-14T21:28:23.975+0000] {processor.py:914} INFO - Processing file /home/airflow/.local/lib/python3.12/site-packages/airflow/example_dags/example_params_ui_tutorial.py for tasks to queue
[2025-11-14T21:28:23.978+0000] {logging_mixin.py:190} INFO - [2025-11-14T21:28:23.978+0000] {dagbag.py:588} INFO - Filling up the DagBag from /home/airflow/.local/lib/python3.12/site-packages/airflow/example_dags/example_params_ui_tutorial.py
[2025-11-14T21:28:23.984+0000] {processor.py:925} INFO - DAG(s) 'example_params_ui_tutorial' retrieved from /home/airflow/.local/lib/python3.12/site-packages/airflow/example_dags/example_params_ui_tutorial.py
[2025-11-14T21:28:24.005+0000] {logging_mixin.py:190} INFO - [2025-11-14T21:28:24.005+0000] {dag.py:3239} INFO - Sync 1 DAGs
[2025-11-14T21:28:24.010+0000] {logging_mixin.py:190} INFO - [2025-11-14T21:28:24.009+0000] {dag.py:4180} INFO - Setting next_dagrun for example_params_ui_tutorial to None, run_after=None
[2025-11-14T21:28:24.016+0000] {processor.py:208} INFO - Processing /home/airflow/.local/lib/python3.12/site-packages/airflow/example_dags/example_params_ui_tutorial.py took 0.049 seconds
[2025-11-14T21:28:54.966+0000] {processor.py:186} INFO - Started process (PID=1009) to work on /home/airflow/.local/lib/python3.12/site-packages/airflow/example_dags/example_params_ui_tutorial.py
[2025-11-14T21:28:54.966+0000] {processor.py:914} INFO - Processing file /home/airflow/.local/lib/python3.12/site-packages/airflow/example_dags/example_params_ui_tutorial.py for tasks to queue
[2025-11-14T21:28:54.969+0000] {logging_mixin.py:190} INFO - [2025-11-14T21:28:54.969+0000] {dagbag.py:588} INFO - Filling up the DagBag from /home/airflow/.local/lib/python3.12/site-packages/airflow/example_dags/example_params_ui_tutorial.py
[2025-11-14T21:28:54.973+0000] {processor.py:925} INFO - DAG(s) 'example_params_ui_tutorial' retrieved from /home/airflow/.local/lib/python3.12/site-packages/airflow/example_dags/example_params_ui_tutorial.py
[2025-11-14T21:28:54.988+0000] {logging_mixin.py:190} INFO - [2025-11-14T21:28:54.988+0000] {dag.py:3239} INFO - Sync 1 DAGs
[2025-11-14T21:28:54.994+0000] {logging_mixin.py:190} INFO - [2025-11-14T21:28:54.994+0000] {dag.py:4180} INFO - Setting next_dagrun for example_params_ui_tutorial to None, run_after=None
[2025-11-14T21:28:55.000+0000] {processor.py:208} INFO - Processing /home/airflow/.local/lib/python3.12/site-packages/airflow/example_dags/example_params_ui_tutorial.py took 0.037 seconds
[2025-11-14T21:29:25.921+0000] {processor.py:186} INFO - Started process (PID=1071) to work on /home/airflow/.local/lib/python3.12/site-packages/airflow/example_dags/example_params_ui_tutorial.py
[2025-11-14T21:29:25.922+0000] {processor.py:914} INFO - Processing file /home/airflow/.local/lib/python3.12/site-packages/airflow/example_dags/example_params_ui_tutorial.py for tasks to queue
[2025-11-14T21:29:25.923+0000] {logging_mixin.py:190} INFO - [2025-11-14T21:29:25.923+0000] {dagbag.py:588} INFO - Filling up the DagBag from /home/airflow/.local/lib/python3.12/site-packages/airflow/example_dags/example_params_ui_tutorial.py
[2025-11-14T21:29:25.927+0000] {processor.py:925} INFO - DAG(s) 'example_params_ui_tutorial' retrieved from /home/airflow/.local/lib/python3.12/site-packages/airflow/example_dags/example_params_ui_tutorial.py
[2025-11-14T21:29:25.942+0000] {logging_mixin.py:190} INFO - [2025-11-14T21:29:25.942+0000] {dag.py:3239} INFO - Sync 1 DAGs
[2025-11-14T21:29:25.947+0000] {logging_mixin.py:190} INFO - [2025-11-14T21:29:25.947+0000] {dag.py:4180} INFO - Setting next_dagrun for example_params_ui_tutorial to None, run_after=None
[2025-11-14T21:29:25.953+0000] {processor.py:208} INFO - Processing /home/airflow/.local/lib/python3.12/site-packages/airflow/example_dags/example_params_ui_tutorial.py took 0.034 seconds
[2025-11-14T21:29:56.947+0000] {processor.py:186} INFO - Started process (PID=1133) to work on /home/airflow/.local/lib/python3.12/site-packages/airflow/example_dags/example_params_ui_tutorial.py
[2025-11-14T21:29:56.948+0000] {processor.py:914} INFO - Processing file /home/airflow/.local/lib/python3.12/site-packages/airflow/example_dags/example_params_ui_tutorial.py for tasks to queue
[2025-11-14T21:29:56.955+0000] {logging_mixin.py:190} INFO - [2025-11-14T21:29:56.955+0000] {dagbag.py:588} INFO - Filling up the DagBag from /home/airflow/.local/lib/python3.12/site-packages/airflow/example_dags/example_params_ui_tutorial.py
[2025-11-14T21:29:56.965+0000] {processor.py:925} INFO - DAG(s) 'example_params_ui_tutorial' retrieved from /home/airflow/.local/lib/python3.12/site-packages/airflow/example_dags/example_params_ui_tutorial.py
[2025-11-14T21:29:57.005+0000] {logging_mixin.py:190} INFO - [2025-11-14T21:29:57.005+0000] {dag.py:3239} INFO - Sync 1 DAGs
[2025-11-14T21:29:57.015+0000] {logging_mixin.py:190} INFO - [2025-11-14T21:29:57.015+0000] {dag.py:4180} INFO - Setting next_dagrun for example_params_ui_tutorial to None, run_after=None
[2025-11-14T21:29:57.042+0000] {processor.py:208} INFO - Processing /home/airflow/.local/lib/python3.12/site-packages/airflow/example_dags/example_params_ui_tutorial.py took 0.099 seconds
[2025-11-14T21:30:27.061+0000] {processor.py:186} INFO - Started process (PID=1194) to work on /home/airflow/.local/lib/python3.12/site-packages/airflow/example_dags/example_params_ui_tutorial.py
[2025-11-14T21:30:27.065+0000] {processor.py:914} INFO - Processing file /home/airflow/.local/lib/python3.12/site-packages/airflow/example_dags/example_params_ui_tutorial.py for tasks to queue
[2025-11-14T21:30:27.066+0000] {logging_mixin.py:190} INFO - [2025-11-14T21:30:27.066+0000] {dagbag.py:588} INFO - Filling up the DagBag from /home/airflow/.local/lib/python3.12/site-packages/airflow/example_dags/example_params_ui_tutorial.py
[2025-11-14T21:30:27.070+0000] {processor.py:925} INFO - DAG(s) 'example_params_ui_tutorial' retrieved from /home/airflow/.local/lib/python3.12/site-packages/airflow/example_dags/example_params_ui_tutorial.py
[2025-11-14T21:30:27.093+0000] {logging_mixin.py:190} INFO - [2025-11-14T21:30:27.093+0000] {dag.py:3239} INFO - Sync 1 DAGs
[2025-11-14T21:30:27.101+0000] {logging_mixin.py:190} INFO - [2025-11-14T21:30:27.101+0000] {dag.py:4180} INFO - Setting next_dagrun for example_params_ui_tutorial to None, run_after=None
[2025-11-14T21:30:27.116+0000] {processor.py:208} INFO - Processing /home/airflow/.local/lib/python3.12/site-packages/airflow/example_dags/example_params_ui_tutorial.py took 0.059 seconds
[2025-11-14T21:30:58.061+0000] {processor.py:186} INFO - Started process (PID=1257) to work on /home/airflow/.local/lib/python3.12/site-packages/airflow/example_dags/example_params_ui_tutorial.py
[2025-11-14T21:30:58.062+0000] {processor.py:914} INFO - Processing file /home/airflow/.local/lib/python3.12/site-packages/airflow/example_dags/example_params_ui_tutorial.py for tasks to queue
[2025-11-14T21:30:58.063+0000] {logging_mixin.py:190} INFO - [2025-11-14T21:30:58.063+0000] {dagbag.py:588} INFO - Filling up the DagBag from /home/airflow/.local/lib/python3.12/site-packages/airflow/example_dags/example_params_ui_tutorial.py
[2025-11-14T21:30:58.067+0000] {processor.py:925} INFO - DAG(s) 'example_params_ui_tutorial' retrieved from /home/airflow/.local/lib/python3.12/site-packages/airflow/example_dags/example_params_ui_tutorial.py
[2025-11-14T21:30:58.088+0000] {logging_mixin.py:190} INFO - [2025-11-14T21:30:58.088+0000] {dag.py:3239} INFO - Sync 1 DAGs
[2025-11-14T21:30:58.095+0000] {logging_mixin.py:190} INFO - [2025-11-14T21:30:58.095+0000] {dag.py:4180} INFO - Setting next_dagrun for example_params_ui_tutorial to None, run_after=None
[2025-11-14T21:30:58.102+0000] {processor.py:208} INFO - Processing /home/airflow/.local/lib/python3.12/site-packages/airflow/example_dags/example_params_ui_tutorial.py took 0.044 seconds
[2025-11-14T21:31:28.997+0000] {processor.py:186} INFO - Started process (PID=1319) to work on /home/airflow/.local/lib/python3.12/site-packages/airflow/example_dags/example_params_ui_tutorial.py
[2025-11-14T21:31:28.997+0000] {processor.py:914} INFO - Processing file /home/airflow/.local/lib/python3.12/site-packages/airflow/example_dags/example_params_ui_tutorial.py for tasks to queue
[2025-11-14T21:31:28.998+0000] {logging_mixin.py:190} INFO - [2025-11-14T21:31:28.998+0000] {dagbag.py:588} INFO - Filling up the DagBag from /home/airflow/.local/lib/python3.12/site-packages/airflow/example_dags/example_params_ui_tutorial.py
[2025-11-14T21:31:29.003+0000] {processor.py:925} INFO - DAG(s) 'example_params_ui_tutorial' retrieved from /home/airflow/.local/lib/python3.12/site-packages/airflow/example_dags/example_params_ui_tutorial.py
[2025-11-14T21:31:29.017+0000] {logging_mixin.py:190} INFO - [2025-11-14T21:31:29.017+0000] {dag.py:3239} INFO - Sync 1 DAGs
[2025-11-14T21:31:29.023+0000] {logging_mixin.py:190} INFO - [2025-11-14T21:31:29.022+0000] {dag.py:4180} INFO - Setting next_dagrun for example_params_ui_tutorial to None, run_after=None
[2025-11-14T21:31:29.028+0000] {processor.py:208} INFO - Processing /home/airflow/.local/lib/python3.12/site-packages/airflow/example_dags/example_params_ui_tutorial.py took 0.034 seconds
[2025-11-14T21:31:59.954+0000] {processor.py:186} INFO - Started process (PID=1381) to work on /home/airflow/.local/lib/python3.12/site-packages/airflow/example_dags/example_params_ui_tutorial.py
[2025-11-14T21:31:59.955+0000] {processor.py:914} INFO - Processing file /home/airflow/.local/lib/python3.12/site-packages/airflow/example_dags/example_params_ui_tutorial.py for tasks to queue
[2025-11-14T21:31:59.956+0000] {logging_mixin.py:190} INFO - [2025-11-14T21:31:59.956+0000] {dagbag.py:588} INFO - Filling up the DagBag from /home/airflow/.local/lib/python3.12/site-packages/airflow/example_dags/example_params_ui_tutorial.py
[2025-11-14T21:31:59.960+0000] {processor.py:925} INFO - DAG(s) 'example_params_ui_tutorial' retrieved from /home/airflow/.local/lib/python3.12/site-packages/airflow/example_dags/example_params_ui_tutorial.py
[2025-11-14T21:31:59.975+0000] {logging_mixin.py:190} INFO - [2025-11-14T21:31:59.975+0000] {dag.py:3239} INFO - Sync 1 DAGs
[2025-11-14T21:31:59.981+0000] {logging_mixin.py:190} INFO - [2025-11-14T21:31:59.981+0000] {dag.py:4180} INFO - Setting next_dagrun for example_params_ui_tutorial to None, run_after=None
[2025-11-14T21:31:59.991+0000] {processor.py:208} INFO - Processing /home/airflow/.local/lib/python3.12/site-packages/airflow/example_dags/example_params_ui_tutorial.py took 0.039 seconds
[2025-11-14T21:32:31.109+0000] {processor.py:186} INFO - Started process (PID=1443) to work on /home/airflow/.local/lib/python3.12/site-packages/airflow/example_dags/example_params_ui_tutorial.py
[2025-11-14T21:32:31.110+0000] {processor.py:914} INFO - Processing file /home/airflow/.local/lib/python3.12/site-packages/airflow/example_dags/example_params_ui_tutorial.py for tasks to queue
[2025-11-14T21:32:31.111+0000] {logging_mixin.py:190} INFO - [2025-11-14T21:32:31.111+0000] {dagbag.py:588} INFO - Filling up the DagBag from /home/airflow/.local/lib/python3.12/site-packages/airflow/example_dags/example_params_ui_tutorial.py
[2025-11-14T21:32:31.115+0000] {processor.py:925} INFO - DAG(s) 'example_params_ui_tutorial' retrieved from /home/airflow/.local/lib/python3.12/site-packages/airflow/example_dags/example_params_ui_tutorial.py
[2025-11-14T21:32:31.131+0000] {logging_mixin.py:190} INFO - [2025-11-14T21:32:31.131+0000] {dag.py:3239} INFO - Sync 1 DAGs
[2025-11-14T21:32:31.136+0000] {logging_mixin.py:190} INFO - [2025-11-14T21:32:31.136+0000] {dag.py:4180} INFO - Setting next_dagrun for example_params_ui_tutorial to None, run_after=None
[2025-11-14T21:32:31.145+0000] {processor.py:208} INFO - Processing /home/airflow/.local/lib/python3.12/site-packages/airflow/example_dags/example_params_ui_tutorial.py took 0.043 seconds
[2025-11-14T21:33:02.313+0000] {processor.py:186} INFO - Started process (PID=1505) to work on /home/airflow/.local/lib/python3.12/site-packages/airflow/example_dags/example_params_ui_tutorial.py
[2025-11-14T21:33:02.314+0000] {processor.py:914} INFO - Processing file /home/airflow/.local/lib/python3.12/site-packages/airflow/example_dags/example_params_ui_tutorial.py for tasks to queue
[2025-11-14T21:33:02.316+0000] {logging_mixin.py:190} INFO - [2025-11-14T21:33:02.316+0000] {dagbag.py:588} INFO - Filling up the DagBag from /home/airflow/.local/lib/python3.12/site-packages/airflow/example_dags/example_params_ui_tutorial.py
[2025-11-14T21:33:02.322+0000] {processor.py:925} INFO - DAG(s) 'example_params_ui_tutorial' retrieved from /home/airflow/.local/lib/python3.12/site-packages/airflow/example_dags/example_params_ui_tutorial.py
[2025-11-14T21:33:02.338+0000] {logging_mixin.py:190} INFO - [2025-11-14T21:33:02.338+0000] {dag.py:3239} INFO - Sync 1 DAGs
[2025-11-14T21:33:02.344+0000] {logging_mixin.py:190} INFO - [2025-11-14T21:33:02.344+0000] {dag.py:4180} INFO - Setting next_dagrun for example_params_ui_tutorial to None, run_after=None
[2025-11-14T21:33:02.351+0000] {processor.py:208} INFO - Processing /home/airflow/.local/lib/python3.12/site-packages/airflow/example_dags/example_params_ui_tutorial.py took 0.041 seconds
[2025-11-14T21:33:33.810+0000] {processor.py:186} INFO - Started process (PID=1567) to work on /home/airflow/.local/lib/python3.12/site-packages/airflow/example_dags/example_params_ui_tutorial.py
[2025-11-14T21:33:33.811+0000] {processor.py:914} INFO - Processing file /home/airflow/.local/lib/python3.12/site-packages/airflow/example_dags/example_params_ui_tutorial.py for tasks to queue
[2025-11-14T21:33:33.812+0000] {logging_mixin.py:190} INFO - [2025-11-14T21:33:33.812+0000] {dagbag.py:588} INFO - Filling up the DagBag from /home/airflow/.local/lib/python3.12/site-packages/airflow/example_dags/example_params_ui_tutorial.py
[2025-11-14T21:33:33.817+0000] {processor.py:925} INFO - DAG(s) 'example_params_ui_tutorial' retrieved from /home/airflow/.local/lib/python3.12/site-packages/airflow/example_dags/example_params_ui_tutorial.py
[2025-11-14T21:33:33.834+0000] {logging_mixin.py:190} INFO - [2025-11-14T21:33:33.834+0000] {dag.py:3239} INFO - Sync 1 DAGs
[2025-11-14T21:33:33.841+0000] {logging_mixin.py:190} INFO - [2025-11-14T21:33:33.841+0000] {dag.py:4180} INFO - Setting next_dagrun for example_params_ui_tutorial to None, run_after=None
[2025-11-14T21:33:33.848+0000] {processor.py:208} INFO - Processing /home/airflow/.local/lib/python3.12/site-packages/airflow/example_dags/example_params_ui_tutorial.py took 0.040 seconds
[2025-11-14T21:34:04.462+0000] {processor.py:186} INFO - Started process (PID=1628) to work on /home/airflow/.local/lib/python3.12/site-packages/airflow/example_dags/example_params_ui_tutorial.py
[2025-11-14T21:34:04.463+0000] {processor.py:914} INFO - Processing file /home/airflow/.local/lib/python3.12/site-packages/airflow/example_dags/example_params_ui_tutorial.py for tasks to queue
[2025-11-14T21:34:04.464+0000] {logging_mixin.py:190} INFO - [2025-11-14T21:34:04.464+0000] {dagbag.py:588} INFO - Filling up the DagBag from /home/airflow/.local/lib/python3.12/site-packages/airflow/example_dags/example_params_ui_tutorial.py
[2025-11-14T21:34:04.468+0000] {processor.py:925} INFO - DAG(s) 'example_params_ui_tutorial' retrieved from /home/airflow/.local/lib/python3.12/site-packages/airflow/example_dags/example_params_ui_tutorial.py
[2025-11-14T21:34:04.483+0000] {logging_mixin.py:190} INFO - [2025-11-14T21:34:04.483+0000] {dag.py:3239} INFO - Sync 1 DAGs
[2025-11-14T21:34:04.488+0000] {logging_mixin.py:190} INFO - [2025-11-14T21:34:04.488+0000] {dag.py:4180} INFO - Setting next_dagrun for example_params_ui_tutorial to None, run_after=None
[2025-11-14T21:34:04.495+0000] {processor.py:208} INFO - Processing /home/airflow/.local/lib/python3.12/site-packages/airflow/example_dags/example_params_ui_tutorial.py took 0.035 seconds
[2025-11-14T21:34:34.775+0000] {processor.py:186} INFO - Started process (PID=1690) to work on /home/airflow/.local/lib/python3.12/site-packages/airflow/example_dags/example_params_ui_tutorial.py
[2025-11-14T21:34:34.775+0000] {processor.py:914} INFO - Processing file /home/airflow/.local/lib/python3.12/site-packages/airflow/example_dags/example_params_ui_tutorial.py for tasks to queue
[2025-11-14T21:34:34.777+0000] {logging_mixin.py:190} INFO - [2025-11-14T21:34:34.777+0000] {dagbag.py:588} INFO - Filling up the DagBag from /home/airflow/.local/lib/python3.12/site-packages/airflow/example_dags/example_params_ui_tutorial.py
[2025-11-14T21:34:34.786+0000] {processor.py:925} INFO - DAG(s) 'example_params_ui_tutorial' retrieved from /home/airflow/.local/lib/python3.12/site-packages/airflow/example_dags/example_params_ui_tutorial.py
[2025-11-14T21:34:34.804+0000] {logging_mixin.py:190} INFO - [2025-11-14T21:34:34.804+0000] {dag.py:3239} INFO - Sync 1 DAGs
[2025-11-14T21:34:34.812+0000] {logging_mixin.py:190} INFO - [2025-11-14T21:34:34.812+0000] {dag.py:4180} INFO - Setting next_dagrun for example_params_ui_tutorial to None, run_after=None
[2025-11-14T21:34:34.818+0000] {processor.py:208} INFO - Processing /home/airflow/.local/lib/python3.12/site-packages/airflow/example_dags/example_params_ui_tutorial.py took 0.046 seconds
[2025-11-14T21:35:04.996+0000] {processor.py:186} INFO - Started process (PID=1752) to work on /home/airflow/.local/lib/python3.12/site-packages/airflow/example_dags/example_params_ui_tutorial.py
[2025-11-14T21:35:04.997+0000] {processor.py:914} INFO - Processing file /home/airflow/.local/lib/python3.12/site-packages/airflow/example_dags/example_params_ui_tutorial.py for tasks to queue
[2025-11-14T21:35:05.002+0000] {logging_mixin.py:190} INFO - [2025-11-14T21:35:05.001+0000] {dagbag.py:588} INFO - Filling up the DagBag from /home/airflow/.local/lib/python3.12/site-packages/airflow/example_dags/example_params_ui_tutorial.py
[2025-11-14T21:35:05.010+0000] {processor.py:925} INFO - DAG(s) 'example_params_ui_tutorial' retrieved from /home/airflow/.local/lib/python3.12/site-packages/airflow/example_dags/example_params_ui_tutorial.py
[2025-11-14T21:35:05.026+0000] {logging_mixin.py:190} INFO - [2025-11-14T21:35:05.026+0000] {dag.py:3239} INFO - Sync 1 DAGs
[2025-11-14T21:35:05.032+0000] {logging_mixin.py:190} INFO - [2025-11-14T21:35:05.032+0000] {dag.py:4180} INFO - Setting next_dagrun for example_params_ui_tutorial to None, run_after=None
[2025-11-14T21:35:05.040+0000] {processor.py:208} INFO - Processing /home/airflow/.local/lib/python3.12/site-packages/airflow/example_dags/example_params_ui_tutorial.py took 0.050 seconds
[2025-11-14T21:35:36.083+0000] {processor.py:186} INFO - Started process (PID=1815) to work on /home/airflow/.local/lib/python3.12/site-packages/airflow/example_dags/example_params_ui_tutorial.py
[2025-11-14T21:35:36.083+0000] {processor.py:914} INFO - Processing file /home/airflow/.local/lib/python3.12/site-packages/airflow/example_dags/example_params_ui_tutorial.py for tasks to queue
[2025-11-14T21:35:36.084+0000] {logging_mixin.py:190} INFO - [2025-11-14T21:35:36.084+0000] {dagbag.py:588} INFO - Filling up the DagBag from /home/airflow/.local/lib/python3.12/site-packages/airflow/example_dags/example_params_ui_tutorial.py
[2025-11-14T21:35:36.088+0000] {processor.py:925} INFO - DAG(s) 'example_params_ui_tutorial' retrieved from /home/airflow/.local/lib/python3.12/site-packages/airflow/example_dags/example_params_ui_tutorial.py
[2025-11-14T21:35:36.103+0000] {logging_mixin.py:190} INFO - [2025-11-14T21:35:36.103+0000] {dag.py:3239} INFO - Sync 1 DAGs
[2025-11-14T21:35:36.108+0000] {logging_mixin.py:190} INFO - [2025-11-14T21:35:36.108+0000] {dag.py:4180} INFO - Setting next_dagrun for example_params_ui_tutorial to None, run_after=None
[2025-11-14T21:35:36.114+0000] {processor.py:208} INFO - Processing /home/airflow/.local/lib/python3.12/site-packages/airflow/example_dags/example_params_ui_tutorial.py took 0.033 seconds
[2025-11-14T21:36:07.492+0000] {processor.py:186} INFO - Started process (PID=1877) to work on /home/airflow/.local/lib/python3.12/site-packages/airflow/example_dags/example_params_ui_tutorial.py
[2025-11-14T21:36:07.493+0000] {processor.py:914} INFO - Processing file /home/airflow/.local/lib/python3.12/site-packages/airflow/example_dags/example_params_ui_tutorial.py for tasks to queue
[2025-11-14T21:36:07.494+0000] {logging_mixin.py:190} INFO - [2025-11-14T21:36:07.494+0000] {dagbag.py:588} INFO - Filling up the DagBag from /home/airflow/.local/lib/python3.12/site-packages/airflow/example_dags/example_params_ui_tutorial.py
[2025-11-14T21:36:07.498+0000] {processor.py:925} INFO - DAG(s) 'example_params_ui_tutorial' retrieved from /home/airflow/.local/lib/python3.12/site-packages/airflow/example_dags/example_params_ui_tutorial.py
[2025-11-14T21:36:07.514+0000] {logging_mixin.py:190} INFO - [2025-11-14T21:36:07.514+0000] {dag.py:3239} INFO - Sync 1 DAGs
[2025-11-14T21:36:07.521+0000] {logging_mixin.py:190} INFO - [2025-11-14T21:36:07.521+0000] {dag.py:4180} INFO - Setting next_dagrun for example_params_ui_tutorial to None, run_after=None
[2025-11-14T21:36:07.527+0000] {processor.py:208} INFO - Processing /home/airflow/.local/lib/python3.12/site-packages/airflow/example_dags/example_params_ui_tutorial.py took 0.037 seconds
[2025-11-14T21:36:37.997+0000] {processor.py:186} INFO - Started process (PID=1939) to work on /home/airflow/.local/lib/python3.12/site-packages/airflow/example_dags/example_params_ui_tutorial.py
[2025-11-14T21:36:37.998+0000] {processor.py:914} INFO - Processing file /home/airflow/.local/lib/python3.12/site-packages/airflow/example_dags/example_params_ui_tutorial.py for tasks to queue
[2025-11-14T21:36:37.999+0000] {logging_mixin.py:190} INFO - [2025-11-14T21:36:37.999+0000] {dagbag.py:588} INFO - Filling up the DagBag from /home/airflow/.local/lib/python3.12/site-packages/airflow/example_dags/example_params_ui_tutorial.py
[2025-11-14T21:36:38.003+0000] {processor.py:925} INFO - DAG(s) 'example_params_ui_tutorial' retrieved from /home/airflow/.local/lib/python3.12/site-packages/airflow/example_dags/example_params_ui_tutorial.py
[2025-11-14T21:36:38.019+0000] {logging_mixin.py:190} INFO - [2025-11-14T21:36:38.019+0000] {dag.py:3239} INFO - Sync 1 DAGs
[2025-11-14T21:36:38.024+0000] {logging_mixin.py:190} INFO - [2025-11-14T21:36:38.024+0000] {dag.py:4180} INFO - Setting next_dagrun for example_params_ui_tutorial to None, run_after=None
[2025-11-14T21:36:38.030+0000] {processor.py:208} INFO - Processing /home/airflow/.local/lib/python3.12/site-packages/airflow/example_dags/example_params_ui_tutorial.py took 0.035 seconds
[2025-11-14T21:37:09.492+0000] {processor.py:186} INFO - Started process (PID=2001) to work on /home/airflow/.local/lib/python3.12/site-packages/airflow/example_dags/example_params_ui_tutorial.py
[2025-11-14T21:37:09.493+0000] {processor.py:914} INFO - Processing file /home/airflow/.local/lib/python3.12/site-packages/airflow/example_dags/example_params_ui_tutorial.py for tasks to queue
[2025-11-14T21:37:09.494+0000] {logging_mixin.py:190} INFO - [2025-11-14T21:37:09.494+0000] {dagbag.py:588} INFO - Filling up the DagBag from /home/airflow/.local/lib/python3.12/site-packages/airflow/example_dags/example_params_ui_tutorial.py
[2025-11-14T21:37:09.498+0000] {processor.py:925} INFO - DAG(s) 'example_params_ui_tutorial' retrieved from /home/airflow/.local/lib/python3.12/site-packages/airflow/example_dags/example_params_ui_tutorial.py
[2025-11-14T21:37:09.515+0000] {logging_mixin.py:190} INFO - [2025-11-14T21:37:09.514+0000] {dag.py:3239} INFO - Sync 1 DAGs
[2025-11-14T21:37:09.521+0000] {logging_mixin.py:190} INFO - [2025-11-14T21:37:09.521+0000] {dag.py:4180} INFO - Setting next_dagrun for example_params_ui_tutorial to None, run_after=None
[2025-11-14T21:37:09.528+0000] {processor.py:208} INFO - Processing /home/airflow/.local/lib/python3.12/site-packages/airflow/example_dags/example_params_ui_tutorial.py took 0.038 seconds
[2025-11-14T21:37:39.848+0000] {processor.py:186} INFO - Started process (PID=2063) to work on /home/airflow/.local/lib/python3.12/site-packages/airflow/example_dags/example_params_ui_tutorial.py
[2025-11-14T21:37:39.848+0000] {processor.py:914} INFO - Processing file /home/airflow/.local/lib/python3.12/site-packages/airflow/example_dags/example_params_ui_tutorial.py for tasks to queue
[2025-11-14T21:37:39.849+0000] {logging_mixin.py:190} INFO - [2025-11-14T21:37:39.849+0000] {dagbag.py:588} INFO - Filling up the DagBag from /home/airflow/.local/lib/python3.12/site-packages/airflow/example_dags/example_params_ui_tutorial.py
[2025-11-14T21:37:39.853+0000] {processor.py:925} INFO - DAG(s) 'example_params_ui_tutorial' retrieved from /home/airflow/.local/lib/python3.12/site-packages/airflow/example_dags/example_params_ui_tutorial.py
[2025-11-14T21:37:39.869+0000] {logging_mixin.py:190} INFO - [2025-11-14T21:37:39.869+0000] {dag.py:3239} INFO - Sync 1 DAGs
[2025-11-14T21:37:39.875+0000] {logging_mixin.py:190} INFO - [2025-11-14T21:37:39.875+0000] {dag.py:4180} INFO - Setting next_dagrun for example_params_ui_tutorial to None, run_after=None
[2025-11-14T21:37:39.881+0000] {processor.py:208} INFO - Processing /home/airflow/.local/lib/python3.12/site-packages/airflow/example_dags/example_params_ui_tutorial.py took 0.036 seconds
[2025-11-14T21:38:10.245+0000] {processor.py:186} INFO - Started process (PID=2125) to work on /home/airflow/.local/lib/python3.12/site-packages/airflow/example_dags/example_params_ui_tutorial.py
[2025-11-14T21:38:10.245+0000] {processor.py:914} INFO - Processing file /home/airflow/.local/lib/python3.12/site-packages/airflow/example_dags/example_params_ui_tutorial.py for tasks to queue
[2025-11-14T21:38:10.246+0000] {logging_mixin.py:190} INFO - [2025-11-14T21:38:10.246+0000] {dagbag.py:588} INFO - Filling up the DagBag from /home/airflow/.local/lib/python3.12/site-packages/airflow/example_dags/example_params_ui_tutorial.py
[2025-11-14T21:38:10.250+0000] {processor.py:925} INFO - DAG(s) 'example_params_ui_tutorial' retrieved from /home/airflow/.local/lib/python3.12/site-packages/airflow/example_dags/example_params_ui_tutorial.py
[2025-11-14T21:38:10.272+0000] {logging_mixin.py:190} INFO - [2025-11-14T21:38:10.272+0000] {dag.py:3239} INFO - Sync 1 DAGs
[2025-11-14T21:38:10.281+0000] {logging_mixin.py:190} INFO - [2025-11-14T21:38:10.281+0000] {dag.py:4180} INFO - Setting next_dagrun for example_params_ui_tutorial to None, run_after=None
[2025-11-14T21:38:10.295+0000] {processor.py:208} INFO - Processing /home/airflow/.local/lib/python3.12/site-packages/airflow/example_dags/example_params_ui_tutorial.py took 0.053 seconds
[2025-11-14T21:38:41.508+0000] {processor.py:186} INFO - Started process (PID=2187) to work on /home/airflow/.local/lib/python3.12/site-packages/airflow/example_dags/example_params_ui_tutorial.py
[2025-11-14T21:38:41.508+0000] {processor.py:914} INFO - Processing file /home/airflow/.local/lib/python3.12/site-packages/airflow/example_dags/example_params_ui_tutorial.py for tasks to queue
[2025-11-14T21:38:41.509+0000] {logging_mixin.py:190} INFO - [2025-11-14T21:38:41.509+0000] {dagbag.py:588} INFO - Filling up the DagBag from /home/airflow/.local/lib/python3.12/site-packages/airflow/example_dags/example_params_ui_tutorial.py
[2025-11-14T21:38:41.513+0000] {processor.py:925} INFO - DAG(s) 'example_params_ui_tutorial' retrieved from /home/airflow/.local/lib/python3.12/site-packages/airflow/example_dags/example_params_ui_tutorial.py
[2025-11-14T21:38:41.528+0000] {logging_mixin.py:190} INFO - [2025-11-14T21:38:41.528+0000] {dag.py:3239} INFO - Sync 1 DAGs
[2025-11-14T21:38:41.537+0000] {logging_mixin.py:190} INFO - [2025-11-14T21:38:41.537+0000] {dag.py:4180} INFO - Setting next_dagrun for example_params_ui_tutorial to None, run_after=None
[2025-11-14T21:38:41.546+0000] {processor.py:208} INFO - Processing /home/airflow/.local/lib/python3.12/site-packages/airflow/example_dags/example_params_ui_tutorial.py took 0.040 seconds
[2025-11-14T21:39:12.022+0000] {processor.py:186} INFO - Started process (PID=2249) to work on /home/airflow/.local/lib/python3.12/site-packages/airflow/example_dags/example_params_ui_tutorial.py
[2025-11-14T21:39:12.022+0000] {processor.py:914} INFO - Processing file /home/airflow/.local/lib/python3.12/site-packages/airflow/example_dags/example_params_ui_tutorial.py for tasks to queue
[2025-11-14T21:39:12.023+0000] {logging_mixin.py:190} INFO - [2025-11-14T21:39:12.023+0000] {dagbag.py:588} INFO - Filling up the DagBag from /home/airflow/.local/lib/python3.12/site-packages/airflow/example_dags/example_params_ui_tutorial.py
[2025-11-14T21:39:12.028+0000] {processor.py:925} INFO - DAG(s) 'example_params_ui_tutorial' retrieved from /home/airflow/.local/lib/python3.12/site-packages/airflow/example_dags/example_params_ui_tutorial.py
[2025-11-14T21:39:12.046+0000] {logging_mixin.py:190} INFO - [2025-11-14T21:39:12.046+0000] {dag.py:3239} INFO - Sync 1 DAGs
[2025-11-14T21:39:12.052+0000] {logging_mixin.py:190} INFO - [2025-11-14T21:39:12.052+0000] {dag.py:4180} INFO - Setting next_dagrun for example_params_ui_tutorial to None, run_after=None
[2025-11-14T21:39:12.060+0000] {processor.py:208} INFO - Processing /home/airflow/.local/lib/python3.12/site-packages/airflow/example_dags/example_params_ui_tutorial.py took 0.041 seconds
[2025-11-14T21:39:43.143+0000] {processor.py:186} INFO - Started process (PID=2311) to work on /home/airflow/.local/lib/python3.12/site-packages/airflow/example_dags/example_params_ui_tutorial.py
[2025-11-14T21:39:43.144+0000] {processor.py:914} INFO - Processing file /home/airflow/.local/lib/python3.12/site-packages/airflow/example_dags/example_params_ui_tutorial.py for tasks to queue
[2025-11-14T21:39:43.146+0000] {logging_mixin.py:190} INFO - [2025-11-14T21:39:43.146+0000] {dagbag.py:588} INFO - Filling up the DagBag from /home/airflow/.local/lib/python3.12/site-packages/airflow/example_dags/example_params_ui_tutorial.py
[2025-11-14T21:39:43.150+0000] {processor.py:925} INFO - DAG(s) 'example_params_ui_tutorial' retrieved from /home/airflow/.local/lib/python3.12/site-packages/airflow/example_dags/example_params_ui_tutorial.py
[2025-11-14T21:39:43.167+0000] {logging_mixin.py:190} INFO - [2025-11-14T21:39:43.167+0000] {dag.py:3239} INFO - Sync 1 DAGs
[2025-11-14T21:39:43.175+0000] {logging_mixin.py:190} INFO - [2025-11-14T21:39:43.175+0000] {dag.py:4180} INFO - Setting next_dagrun for example_params_ui_tutorial to None, run_after=None
[2025-11-14T21:39:43.182+0000] {processor.py:208} INFO - Processing /home/airflow/.local/lib/python3.12/site-packages/airflow/example_dags/example_params_ui_tutorial.py took 0.044 seconds
[2025-11-14T21:40:13.802+0000] {processor.py:186} INFO - Started process (PID=2373) to work on /home/airflow/.local/lib/python3.12/site-packages/airflow/example_dags/example_params_ui_tutorial.py
[2025-11-14T21:40:13.802+0000] {processor.py:914} INFO - Processing file /home/airflow/.local/lib/python3.12/site-packages/airflow/example_dags/example_params_ui_tutorial.py for tasks to queue
[2025-11-14T21:40:13.803+0000] {logging_mixin.py:190} INFO - [2025-11-14T21:40:13.803+0000] {dagbag.py:588} INFO - Filling up the DagBag from /home/airflow/.local/lib/python3.12/site-packages/airflow/example_dags/example_params_ui_tutorial.py
[2025-11-14T21:40:13.807+0000] {processor.py:925} INFO - DAG(s) 'example_params_ui_tutorial' retrieved from /home/airflow/.local/lib/python3.12/site-packages/airflow/example_dags/example_params_ui_tutorial.py
[2025-11-14T21:40:13.830+0000] {logging_mixin.py:190} INFO - [2025-11-14T21:40:13.830+0000] {dag.py:3239} INFO - Sync 1 DAGs
[2025-11-14T21:40:13.837+0000] {logging_mixin.py:190} INFO - [2025-11-14T21:40:13.837+0000] {dag.py:4180} INFO - Setting next_dagrun for example_params_ui_tutorial to None, run_after=None
[2025-11-14T21:40:13.845+0000] {processor.py:208} INFO - Processing /home/airflow/.local/lib/python3.12/site-packages/airflow/example_dags/example_params_ui_tutorial.py took 0.045 seconds
[2025-11-14T21:40:45.060+0000] {processor.py:186} INFO - Started process (PID=2435) to work on /home/airflow/.local/lib/python3.12/site-packages/airflow/example_dags/example_params_ui_tutorial.py
[2025-11-14T21:40:45.060+0000] {processor.py:914} INFO - Processing file /home/airflow/.local/lib/python3.12/site-packages/airflow/example_dags/example_params_ui_tutorial.py for tasks to queue
[2025-11-14T21:40:45.061+0000] {logging_mixin.py:190} INFO - [2025-11-14T21:40:45.061+0000] {dagbag.py:588} INFO - Filling up the DagBag from /home/airflow/.local/lib/python3.12/site-packages/airflow/example_dags/example_params_ui_tutorial.py
[2025-11-14T21:40:45.066+0000] {processor.py:925} INFO - DAG(s) 'example_params_ui_tutorial' retrieved from /home/airflow/.local/lib/python3.12/site-packages/airflow/example_dags/example_params_ui_tutorial.py
[2025-11-14T21:40:45.088+0000] {logging_mixin.py:190} INFO - [2025-11-14T21:40:45.087+0000] {dag.py:3239} INFO - Sync 1 DAGs
[2025-11-14T21:40:45.095+0000] {logging_mixin.py:190} INFO - [2025-11-14T21:40:45.095+0000] {dag.py:4180} INFO - Setting next_dagrun for example_params_ui_tutorial to None, run_after=None
[2025-11-14T21:40:45.102+0000] {processor.py:208} INFO - Processing /home/airflow/.local/lib/python3.12/site-packages/airflow/example_dags/example_params_ui_tutorial.py took 0.045 seconds
[2025-11-14T21:41:16.140+0000] {processor.py:186} INFO - Started process (PID=2497) to work on /home/airflow/.local/lib/python3.12/site-packages/airflow/example_dags/example_params_ui_tutorial.py
[2025-11-14T21:41:16.141+0000] {processor.py:914} INFO - Processing file /home/airflow/.local/lib/python3.12/site-packages/airflow/example_dags/example_params_ui_tutorial.py for tasks to queue
[2025-11-14T21:41:16.142+0000] {logging_mixin.py:190} INFO - [2025-11-14T21:41:16.142+0000] {dagbag.py:588} INFO - Filling up the DagBag from /home/airflow/.local/lib/python3.12/site-packages/airflow/example_dags/example_params_ui_tutorial.py
[2025-11-14T21:41:16.146+0000] {processor.py:925} INFO - DAG(s) 'example_params_ui_tutorial' retrieved from /home/airflow/.local/lib/python3.12/site-packages/airflow/example_dags/example_params_ui_tutorial.py
[2025-11-14T21:41:16.163+0000] {logging_mixin.py:190} INFO - [2025-11-14T21:41:16.163+0000] {dag.py:3239} INFO - Sync 1 DAGs
[2025-11-14T21:41:16.171+0000] {logging_mixin.py:190} INFO - [2025-11-14T21:41:16.171+0000] {dag.py:4180} INFO - Setting next_dagrun for example_params_ui_tutorial to None, run_after=None
[2025-11-14T21:41:16.180+0000] {processor.py:208} INFO - Processing /home/airflow/.local/lib/python3.12/site-packages/airflow/example_dags/example_params_ui_tutorial.py took 0.042 seconds
[2025-11-14T21:41:47.741+0000] {processor.py:186} INFO - Started process (PID=2559) to work on /home/airflow/.local/lib/python3.12/site-packages/airflow/example_dags/example_params_ui_tutorial.py
[2025-11-14T21:41:47.743+0000] {processor.py:914} INFO - Processing file /home/airflow/.local/lib/python3.12/site-packages/airflow/example_dags/example_params_ui_tutorial.py for tasks to queue
[2025-11-14T21:41:47.744+0000] {logging_mixin.py:190} INFO - [2025-11-14T21:41:47.744+0000] {dagbag.py:588} INFO - Filling up the DagBag from /home/airflow/.local/lib/python3.12/site-packages/airflow/example_dags/example_params_ui_tutorial.py
[2025-11-14T21:41:47.749+0000] {processor.py:925} INFO - DAG(s) 'example_params_ui_tutorial' retrieved from /home/airflow/.local/lib/python3.12/site-packages/airflow/example_dags/example_params_ui_tutorial.py
[2025-11-14T21:41:47.769+0000] {logging_mixin.py:190} INFO - [2025-11-14T21:41:47.769+0000] {dag.py:3239} INFO - Sync 1 DAGs
[2025-11-14T21:41:47.776+0000] {logging_mixin.py:190} INFO - [2025-11-14T21:41:47.776+0000] {dag.py:4180} INFO - Setting next_dagrun for example_params_ui_tutorial to None, run_after=None
[2025-11-14T21:41:47.784+0000] {processor.py:208} INFO - Processing /home/airflow/.local/lib/python3.12/site-packages/airflow/example_dags/example_params_ui_tutorial.py took 0.046 seconds
[2025-11-14T21:42:18.852+0000] {processor.py:186} INFO - Started process (PID=2627) to work on /home/airflow/.local/lib/python3.12/site-packages/airflow/example_dags/example_params_ui_tutorial.py
[2025-11-14T21:42:18.853+0000] {processor.py:914} INFO - Processing file /home/airflow/.local/lib/python3.12/site-packages/airflow/example_dags/example_params_ui_tutorial.py for tasks to queue
[2025-11-14T21:42:18.854+0000] {logging_mixin.py:190} INFO - [2025-11-14T21:42:18.854+0000] {dagbag.py:588} INFO - Filling up the DagBag from /home/airflow/.local/lib/python3.12/site-packages/airflow/example_dags/example_params_ui_tutorial.py
[2025-11-14T21:42:18.858+0000] {processor.py:925} INFO - DAG(s) 'example_params_ui_tutorial' retrieved from /home/airflow/.local/lib/python3.12/site-packages/airflow/example_dags/example_params_ui_tutorial.py
[2025-11-14T21:42:18.878+0000] {logging_mixin.py:190} INFO - [2025-11-14T21:42:18.878+0000] {dag.py:3239} INFO - Sync 1 DAGs
[2025-11-14T21:42:18.887+0000] {logging_mixin.py:190} INFO - [2025-11-14T21:42:18.886+0000] {dag.py:4180} INFO - Setting next_dagrun for example_params_ui_tutorial to None, run_after=None
[2025-11-14T21:42:18.895+0000] {processor.py:208} INFO - Processing /home/airflow/.local/lib/python3.12/site-packages/airflow/example_dags/example_params_ui_tutorial.py took 0.045 seconds
[2025-11-14T21:42:50.252+0000] {processor.py:186} INFO - Started process (PID=2689) to work on /home/airflow/.local/lib/python3.12/site-packages/airflow/example_dags/example_params_ui_tutorial.py
[2025-11-14T21:42:50.252+0000] {processor.py:914} INFO - Processing file /home/airflow/.local/lib/python3.12/site-packages/airflow/example_dags/example_params_ui_tutorial.py for tasks to queue
[2025-11-14T21:42:50.254+0000] {logging_mixin.py:190} INFO - [2025-11-14T21:42:50.254+0000] {dagbag.py:588} INFO - Filling up the DagBag from /home/airflow/.local/lib/python3.12/site-packages/airflow/example_dags/example_params_ui_tutorial.py
[2025-11-14T21:42:50.258+0000] {processor.py:925} INFO - DAG(s) 'example_params_ui_tutorial' retrieved from /home/airflow/.local/lib/python3.12/site-packages/airflow/example_dags/example_params_ui_tutorial.py
[2025-11-14T21:42:50.280+0000] {logging_mixin.py:190} INFO - [2025-11-14T21:42:50.280+0000] {dag.py:3239} INFO - Sync 1 DAGs
[2025-11-14T21:42:50.288+0000] {logging_mixin.py:190} INFO - [2025-11-14T21:42:50.287+0000] {dag.py:4180} INFO - Setting next_dagrun for example_params_ui_tutorial to None, run_after=None
[2025-11-14T21:42:50.298+0000] {processor.py:208} INFO - Processing /home/airflow/.local/lib/python3.12/site-packages/airflow/example_dags/example_params_ui_tutorial.py took 0.050 seconds
[2025-11-14T21:43:20.985+0000] {processor.py:186} INFO - Started process (PID=2751) to work on /home/airflow/.local/lib/python3.12/site-packages/airflow/example_dags/example_params_ui_tutorial.py
[2025-11-14T21:43:20.986+0000] {processor.py:914} INFO - Processing file /home/airflow/.local/lib/python3.12/site-packages/airflow/example_dags/example_params_ui_tutorial.py for tasks to queue
[2025-11-14T21:43:20.987+0000] {logging_mixin.py:190} INFO - [2025-11-14T21:43:20.987+0000] {dagbag.py:588} INFO - Filling up the DagBag from /home/airflow/.local/lib/python3.12/site-packages/airflow/example_dags/example_params_ui_tutorial.py
[2025-11-14T21:43:20.991+0000] {processor.py:925} INFO - DAG(s) 'example_params_ui_tutorial' retrieved from /home/airflow/.local/lib/python3.12/site-packages/airflow/example_dags/example_params_ui_tutorial.py
[2025-11-14T21:43:21.015+0000] {logging_mixin.py:190} INFO - [2025-11-14T21:43:21.015+0000] {dag.py:3239} INFO - Sync 1 DAGs
[2025-11-14T21:43:21.023+0000] {logging_mixin.py:190} INFO - [2025-11-14T21:43:21.023+0000] {dag.py:4180} INFO - Setting next_dagrun for example_params_ui_tutorial to None, run_after=None
[2025-11-14T21:43:21.032+0000] {processor.py:208} INFO - Processing /home/airflow/.local/lib/python3.12/site-packages/airflow/example_dags/example_params_ui_tutorial.py took 0.050 seconds
[2025-11-14T21:43:52.261+0000] {processor.py:186} INFO - Started process (PID=2813) to work on /home/airflow/.local/lib/python3.12/site-packages/airflow/example_dags/example_params_ui_tutorial.py
[2025-11-14T21:43:52.262+0000] {processor.py:914} INFO - Processing file /home/airflow/.local/lib/python3.12/site-packages/airflow/example_dags/example_params_ui_tutorial.py for tasks to queue
[2025-11-14T21:43:52.263+0000] {logging_mixin.py:190} INFO - [2025-11-14T21:43:52.263+0000] {dagbag.py:588} INFO - Filling up the DagBag from /home/airflow/.local/lib/python3.12/site-packages/airflow/example_dags/example_params_ui_tutorial.py
[2025-11-14T21:43:52.267+0000] {processor.py:925} INFO - DAG(s) 'example_params_ui_tutorial' retrieved from /home/airflow/.local/lib/python3.12/site-packages/airflow/example_dags/example_params_ui_tutorial.py
[2025-11-14T21:43:52.284+0000] {logging_mixin.py:190} INFO - [2025-11-14T21:43:52.284+0000] {dag.py:3239} INFO - Sync 1 DAGs
[2025-11-14T21:43:52.291+0000] {logging_mixin.py:190} INFO - [2025-11-14T21:43:52.291+0000] {dag.py:4180} INFO - Setting next_dagrun for example_params_ui_tutorial to None, run_after=None
[2025-11-14T21:43:52.301+0000] {processor.py:208} INFO - Processing /home/airflow/.local/lib/python3.12/site-packages/airflow/example_dags/example_params_ui_tutorial.py took 0.042 seconds
[2025-11-14T21:44:22.843+0000] {processor.py:186} INFO - Started process (PID=2874) to work on /home/airflow/.local/lib/python3.12/site-packages/airflow/example_dags/example_params_ui_tutorial.py
[2025-11-14T21:44:22.846+0000] {processor.py:914} INFO - Processing file /home/airflow/.local/lib/python3.12/site-packages/airflow/example_dags/example_params_ui_tutorial.py for tasks to queue
[2025-11-14T21:44:22.847+0000] {logging_mixin.py:190} INFO - [2025-11-14T21:44:22.847+0000] {dagbag.py:588} INFO - Filling up the DagBag from /home/airflow/.local/lib/python3.12/site-packages/airflow/example_dags/example_params_ui_tutorial.py
[2025-11-14T21:44:22.851+0000] {processor.py:925} INFO - DAG(s) 'example_params_ui_tutorial' retrieved from /home/airflow/.local/lib/python3.12/site-packages/airflow/example_dags/example_params_ui_tutorial.py
[2025-11-14T21:44:22.868+0000] {logging_mixin.py:190} INFO - [2025-11-14T21:44:22.868+0000] {dag.py:3239} INFO - Sync 1 DAGs
[2025-11-14T21:44:22.874+0000] {logging_mixin.py:190} INFO - [2025-11-14T21:44:22.874+0000] {dag.py:4180} INFO - Setting next_dagrun for example_params_ui_tutorial to None, run_after=None
[2025-11-14T21:44:22.883+0000] {processor.py:208} INFO - Processing /home/airflow/.local/lib/python3.12/site-packages/airflow/example_dags/example_params_ui_tutorial.py took 0.042 seconds
[2025-11-14T21:44:54.153+0000] {processor.py:186} INFO - Started process (PID=2937) to work on /home/airflow/.local/lib/python3.12/site-packages/airflow/example_dags/example_params_ui_tutorial.py
[2025-11-14T21:44:54.153+0000] {processor.py:914} INFO - Processing file /home/airflow/.local/lib/python3.12/site-packages/airflow/example_dags/example_params_ui_tutorial.py for tasks to queue
[2025-11-14T21:44:54.154+0000] {logging_mixin.py:190} INFO - [2025-11-14T21:44:54.154+0000] {dagbag.py:588} INFO - Filling up the DagBag from /home/airflow/.local/lib/python3.12/site-packages/airflow/example_dags/example_params_ui_tutorial.py
[2025-11-14T21:44:54.158+0000] {processor.py:925} INFO - DAG(s) 'example_params_ui_tutorial' retrieved from /home/airflow/.local/lib/python3.12/site-packages/airflow/example_dags/example_params_ui_tutorial.py
[2025-11-14T21:44:54.176+0000] {logging_mixin.py:190} INFO - [2025-11-14T21:44:54.176+0000] {dag.py:3239} INFO - Sync 1 DAGs
[2025-11-14T21:44:54.184+0000] {logging_mixin.py:190} INFO - [2025-11-14T21:44:54.184+0000] {dag.py:4180} INFO - Setting next_dagrun for example_params_ui_tutorial to None, run_after=None
[2025-11-14T21:44:54.288+0000] {processor.py:208} INFO - Processing /home/airflow/.local/lib/python3.12/site-packages/airflow/example_dags/example_params_ui_tutorial.py took 0.138 seconds
[2025-11-14T21:45:25.084+0000] {processor.py:186} INFO - Started process (PID=2999) to work on /home/airflow/.local/lib/python3.12/site-packages/airflow/example_dags/example_params_ui_tutorial.py
[2025-11-14T21:45:25.085+0000] {processor.py:914} INFO - Processing file /home/airflow/.local/lib/python3.12/site-packages/airflow/example_dags/example_params_ui_tutorial.py for tasks to queue
[2025-11-14T21:45:25.086+0000] {logging_mixin.py:190} INFO - [2025-11-14T21:45:25.086+0000] {dagbag.py:588} INFO - Filling up the DagBag from /home/airflow/.local/lib/python3.12/site-packages/airflow/example_dags/example_params_ui_tutorial.py
[2025-11-14T21:45:25.090+0000] {processor.py:925} INFO - DAG(s) 'example_params_ui_tutorial' retrieved from /home/airflow/.local/lib/python3.12/site-packages/airflow/example_dags/example_params_ui_tutorial.py
[2025-11-14T21:45:25.106+0000] {logging_mixin.py:190} INFO - [2025-11-14T21:45:25.106+0000] {dag.py:3239} INFO - Sync 1 DAGs
[2025-11-14T21:45:25.113+0000] {logging_mixin.py:190} INFO - [2025-11-14T21:45:25.112+0000] {dag.py:4180} INFO - Setting next_dagrun for example_params_ui_tutorial to None, run_after=None
[2025-11-14T21:45:25.119+0000] {processor.py:208} INFO - Processing /home/airflow/.local/lib/python3.12/site-packages/airflow/example_dags/example_params_ui_tutorial.py took 0.038 seconds
[2025-11-14T21:45:56.339+0000] {processor.py:186} INFO - Started process (PID=3061) to work on /home/airflow/.local/lib/python3.12/site-packages/airflow/example_dags/example_params_ui_tutorial.py
[2025-11-14T21:45:56.340+0000] {processor.py:914} INFO - Processing file /home/airflow/.local/lib/python3.12/site-packages/airflow/example_dags/example_params_ui_tutorial.py for tasks to queue
[2025-11-14T21:45:56.341+0000] {logging_mixin.py:190} INFO - [2025-11-14T21:45:56.341+0000] {dagbag.py:588} INFO - Filling up the DagBag from /home/airflow/.local/lib/python3.12/site-packages/airflow/example_dags/example_params_ui_tutorial.py
[2025-11-14T21:45:56.345+0000] {processor.py:925} INFO - DAG(s) 'example_params_ui_tutorial' retrieved from /home/airflow/.local/lib/python3.12/site-packages/airflow/example_dags/example_params_ui_tutorial.py
[2025-11-14T21:45:56.365+0000] {logging_mixin.py:190} INFO - [2025-11-14T21:45:56.365+0000] {dag.py:3239} INFO - Sync 1 DAGs
[2025-11-14T21:45:56.372+0000] {logging_mixin.py:190} INFO - [2025-11-14T21:45:56.372+0000] {dag.py:4180} INFO - Setting next_dagrun for example_params_ui_tutorial to None, run_after=None
[2025-11-14T21:45:56.381+0000] {processor.py:208} INFO - Processing /home/airflow/.local/lib/python3.12/site-packages/airflow/example_dags/example_params_ui_tutorial.py took 0.045 seconds
[2025-11-14T21:46:27.239+0000] {processor.py:186} INFO - Started process (PID=3123) to work on /home/airflow/.local/lib/python3.12/site-packages/airflow/example_dags/example_params_ui_tutorial.py
[2025-11-14T21:46:27.240+0000] {processor.py:914} INFO - Processing file /home/airflow/.local/lib/python3.12/site-packages/airflow/example_dags/example_params_ui_tutorial.py for tasks to queue
[2025-11-14T21:46:27.242+0000] {logging_mixin.py:190} INFO - [2025-11-14T21:46:27.241+0000] {dagbag.py:588} INFO - Filling up the DagBag from /home/airflow/.local/lib/python3.12/site-packages/airflow/example_dags/example_params_ui_tutorial.py
[2025-11-14T21:46:27.247+0000] {processor.py:925} INFO - DAG(s) 'example_params_ui_tutorial' retrieved from /home/airflow/.local/lib/python3.12/site-packages/airflow/example_dags/example_params_ui_tutorial.py
[2025-11-14T21:46:27.275+0000] {logging_mixin.py:190} INFO - [2025-11-14T21:46:27.275+0000] {dag.py:3239} INFO - Sync 1 DAGs
[2025-11-14T21:46:27.282+0000] {logging_mixin.py:190} INFO - [2025-11-14T21:46:27.282+0000] {dag.py:4180} INFO - Setting next_dagrun for example_params_ui_tutorial to None, run_after=None
[2025-11-14T21:46:27.290+0000] {processor.py:208} INFO - Processing /home/airflow/.local/lib/python3.12/site-packages/airflow/example_dags/example_params_ui_tutorial.py took 0.054 seconds
[2025-11-14T21:46:58.424+0000] {processor.py:186} INFO - Started process (PID=3185) to work on /home/airflow/.local/lib/python3.12/site-packages/airflow/example_dags/example_params_ui_tutorial.py
[2025-11-14T21:46:58.424+0000] {processor.py:914} INFO - Processing file /home/airflow/.local/lib/python3.12/site-packages/airflow/example_dags/example_params_ui_tutorial.py for tasks to queue
[2025-11-14T21:46:58.425+0000] {logging_mixin.py:190} INFO - [2025-11-14T21:46:58.425+0000] {dagbag.py:588} INFO - Filling up the DagBag from /home/airflow/.local/lib/python3.12/site-packages/airflow/example_dags/example_params_ui_tutorial.py
[2025-11-14T21:46:58.432+0000] {processor.py:925} INFO - DAG(s) 'example_params_ui_tutorial' retrieved from /home/airflow/.local/lib/python3.12/site-packages/airflow/example_dags/example_params_ui_tutorial.py
[2025-11-14T21:46:58.451+0000] {logging_mixin.py:190} INFO - [2025-11-14T21:46:58.451+0000] {dag.py:3239} INFO - Sync 1 DAGs
[2025-11-14T21:46:58.553+0000] {logging_mixin.py:190} INFO - [2025-11-14T21:46:58.553+0000] {dag.py:4180} INFO - Setting next_dagrun for example_params_ui_tutorial to None, run_after=None
[2025-11-14T21:46:58.565+0000] {processor.py:208} INFO - Processing /home/airflow/.local/lib/python3.12/site-packages/airflow/example_dags/example_params_ui_tutorial.py took 0.144 seconds
[2025-11-14T21:47:29.878+0000] {processor.py:186} INFO - Started process (PID=3247) to work on /home/airflow/.local/lib/python3.12/site-packages/airflow/example_dags/example_params_ui_tutorial.py
[2025-11-14T21:47:29.880+0000] {processor.py:914} INFO - Processing file /home/airflow/.local/lib/python3.12/site-packages/airflow/example_dags/example_params_ui_tutorial.py for tasks to queue
[2025-11-14T21:47:29.881+0000] {logging_mixin.py:190} INFO - [2025-11-14T21:47:29.881+0000] {dagbag.py:588} INFO - Filling up the DagBag from /home/airflow/.local/lib/python3.12/site-packages/airflow/example_dags/example_params_ui_tutorial.py
[2025-11-14T21:47:29.889+0000] {processor.py:925} INFO - DAG(s) 'example_params_ui_tutorial' retrieved from /home/airflow/.local/lib/python3.12/site-packages/airflow/example_dags/example_params_ui_tutorial.py
[2025-11-14T21:47:29.908+0000] {logging_mixin.py:190} INFO - [2025-11-14T21:47:29.908+0000] {dag.py:3239} INFO - Sync 1 DAGs
[2025-11-14T21:47:30.103+0000] {logging_mixin.py:190} INFO - [2025-11-14T21:47:30.103+0000] {dag.py:4180} INFO - Setting next_dagrun for example_params_ui_tutorial to None, run_after=None
[2025-11-14T21:47:30.113+0000] {processor.py:208} INFO - Processing /home/airflow/.local/lib/python3.12/site-packages/airflow/example_dags/example_params_ui_tutorial.py took 0.244 seconds
[2025-11-14T21:48:00.989+0000] {processor.py:186} INFO - Started process (PID=3309) to work on /home/airflow/.local/lib/python3.12/site-packages/airflow/example_dags/example_params_ui_tutorial.py
[2025-11-14T21:48:00.990+0000] {processor.py:914} INFO - Processing file /home/airflow/.local/lib/python3.12/site-packages/airflow/example_dags/example_params_ui_tutorial.py for tasks to queue
[2025-11-14T21:48:00.991+0000] {logging_mixin.py:190} INFO - [2025-11-14T21:48:00.991+0000] {dagbag.py:588} INFO - Filling up the DagBag from /home/airflow/.local/lib/python3.12/site-packages/airflow/example_dags/example_params_ui_tutorial.py
[2025-11-14T21:48:00.995+0000] {processor.py:925} INFO - DAG(s) 'example_params_ui_tutorial' retrieved from /home/airflow/.local/lib/python3.12/site-packages/airflow/example_dags/example_params_ui_tutorial.py
[2025-11-14T21:48:01.016+0000] {logging_mixin.py:190} INFO - [2025-11-14T21:48:01.016+0000] {dag.py:3239} INFO - Sync 1 DAGs
[2025-11-14T21:48:01.024+0000] {logging_mixin.py:190} INFO - [2025-11-14T21:48:01.024+0000] {dag.py:4180} INFO - Setting next_dagrun for example_params_ui_tutorial to None, run_after=None
[2025-11-14T21:48:01.137+0000] {processor.py:208} INFO - Processing /home/airflow/.local/lib/python3.12/site-packages/airflow/example_dags/example_params_ui_tutorial.py took 0.151 seconds
[2025-11-14T21:48:31.597+0000] {processor.py:186} INFO - Started process (PID=3371) to work on /home/airflow/.local/lib/python3.12/site-packages/airflow/example_dags/example_params_ui_tutorial.py
[2025-11-14T21:48:31.597+0000] {processor.py:914} INFO - Processing file /home/airflow/.local/lib/python3.12/site-packages/airflow/example_dags/example_params_ui_tutorial.py for tasks to queue
[2025-11-14T21:48:31.598+0000] {logging_mixin.py:190} INFO - [2025-11-14T21:48:31.598+0000] {dagbag.py:588} INFO - Filling up the DagBag from /home/airflow/.local/lib/python3.12/site-packages/airflow/example_dags/example_params_ui_tutorial.py
[2025-11-14T21:48:31.603+0000] {processor.py:925} INFO - DAG(s) 'example_params_ui_tutorial' retrieved from /home/airflow/.local/lib/python3.12/site-packages/airflow/example_dags/example_params_ui_tutorial.py
[2025-11-14T21:48:31.623+0000] {logging_mixin.py:190} INFO - [2025-11-14T21:48:31.623+0000] {dag.py:3239} INFO - Sync 1 DAGs
[2025-11-14T21:48:31.632+0000] {logging_mixin.py:190} INFO - [2025-11-14T21:48:31.632+0000] {dag.py:4180} INFO - Setting next_dagrun for example_params_ui_tutorial to None, run_after=None
[2025-11-14T21:48:31.642+0000] {processor.py:208} INFO - Processing /home/airflow/.local/lib/python3.12/site-packages/airflow/example_dags/example_params_ui_tutorial.py took 0.048 seconds
[2025-11-14T21:49:02.731+0000] {processor.py:186} INFO - Started process (PID=3433) to work on /home/airflow/.local/lib/python3.12/site-packages/airflow/example_dags/example_params_ui_tutorial.py
[2025-11-14T21:49:02.732+0000] {processor.py:914} INFO - Processing file /home/airflow/.local/lib/python3.12/site-packages/airflow/example_dags/example_params_ui_tutorial.py for tasks to queue
[2025-11-14T21:49:02.733+0000] {logging_mixin.py:190} INFO - [2025-11-14T21:49:02.733+0000] {dagbag.py:588} INFO - Filling up the DagBag from /home/airflow/.local/lib/python3.12/site-packages/airflow/example_dags/example_params_ui_tutorial.py
[2025-11-14T21:49:02.738+0000] {processor.py:925} INFO - DAG(s) 'example_params_ui_tutorial' retrieved from /home/airflow/.local/lib/python3.12/site-packages/airflow/example_dags/example_params_ui_tutorial.py
[2025-11-14T21:49:02.756+0000] {logging_mixin.py:190} INFO - [2025-11-14T21:49:02.756+0000] {dag.py:3239} INFO - Sync 1 DAGs
[2025-11-14T21:49:02.762+0000] {logging_mixin.py:190} INFO - [2025-11-14T21:49:02.762+0000] {dag.py:4180} INFO - Setting next_dagrun for example_params_ui_tutorial to None, run_after=None
[2025-11-14T21:49:02.773+0000] {processor.py:208} INFO - Processing /home/airflow/.local/lib/python3.12/site-packages/airflow/example_dags/example_params_ui_tutorial.py took 0.044 seconds
[2025-11-14T21:49:33.855+0000] {processor.py:186} INFO - Started process (PID=3495) to work on /home/airflow/.local/lib/python3.12/site-packages/airflow/example_dags/example_params_ui_tutorial.py
[2025-11-14T21:49:33.856+0000] {processor.py:914} INFO - Processing file /home/airflow/.local/lib/python3.12/site-packages/airflow/example_dags/example_params_ui_tutorial.py for tasks to queue
[2025-11-14T21:49:33.857+0000] {logging_mixin.py:190} INFO - [2025-11-14T21:49:33.857+0000] {dagbag.py:588} INFO - Filling up the DagBag from /home/airflow/.local/lib/python3.12/site-packages/airflow/example_dags/example_params_ui_tutorial.py
[2025-11-14T21:49:33.866+0000] {processor.py:925} INFO - DAG(s) 'example_params_ui_tutorial' retrieved from /home/airflow/.local/lib/python3.12/site-packages/airflow/example_dags/example_params_ui_tutorial.py
[2025-11-14T21:49:33.886+0000] {logging_mixin.py:190} INFO - [2025-11-14T21:49:33.885+0000] {dag.py:3239} INFO - Sync 1 DAGs
[2025-11-14T21:49:33.892+0000] {logging_mixin.py:190} INFO - [2025-11-14T21:49:33.892+0000] {dag.py:4180} INFO - Setting next_dagrun for example_params_ui_tutorial to None, run_after=None
[2025-11-14T21:49:33.899+0000] {processor.py:208} INFO - Processing /home/airflow/.local/lib/python3.12/site-packages/airflow/example_dags/example_params_ui_tutorial.py took 0.047 seconds
[2025-11-14T21:50:05.132+0000] {processor.py:186} INFO - Started process (PID=3557) to work on /home/airflow/.local/lib/python3.12/site-packages/airflow/example_dags/example_params_ui_tutorial.py
[2025-11-14T21:50:05.133+0000] {processor.py:914} INFO - Processing file /home/airflow/.local/lib/python3.12/site-packages/airflow/example_dags/example_params_ui_tutorial.py for tasks to queue
[2025-11-14T21:50:05.135+0000] {logging_mixin.py:190} INFO - [2025-11-14T21:50:05.135+0000] {dagbag.py:588} INFO - Filling up the DagBag from /home/airflow/.local/lib/python3.12/site-packages/airflow/example_dags/example_params_ui_tutorial.py
[2025-11-14T21:50:05.140+0000] {processor.py:925} INFO - DAG(s) 'example_params_ui_tutorial' retrieved from /home/airflow/.local/lib/python3.12/site-packages/airflow/example_dags/example_params_ui_tutorial.py
[2025-11-14T21:50:05.162+0000] {logging_mixin.py:190} INFO - [2025-11-14T21:50:05.162+0000] {dag.py:3239} INFO - Sync 1 DAGs
[2025-11-14T21:50:05.168+0000] {logging_mixin.py:190} INFO - [2025-11-14T21:50:05.168+0000] {dag.py:4180} INFO - Setting next_dagrun for example_params_ui_tutorial to None, run_after=None
[2025-11-14T21:50:05.175+0000] {processor.py:208} INFO - Processing /home/airflow/.local/lib/python3.12/site-packages/airflow/example_dags/example_params_ui_tutorial.py took 0.045 seconds
[2025-11-14T21:50:35.454+0000] {processor.py:186} INFO - Started process (PID=3619) to work on /home/airflow/.local/lib/python3.12/site-packages/airflow/example_dags/example_params_ui_tutorial.py
[2025-11-14T21:50:35.455+0000] {processor.py:914} INFO - Processing file /home/airflow/.local/lib/python3.12/site-packages/airflow/example_dags/example_params_ui_tutorial.py for tasks to queue
[2025-11-14T21:50:35.456+0000] {logging_mixin.py:190} INFO - [2025-11-14T21:50:35.456+0000] {dagbag.py:588} INFO - Filling up the DagBag from /home/airflow/.local/lib/python3.12/site-packages/airflow/example_dags/example_params_ui_tutorial.py
[2025-11-14T21:50:35.461+0000] {processor.py:925} INFO - DAG(s) 'example_params_ui_tutorial' retrieved from /home/airflow/.local/lib/python3.12/site-packages/airflow/example_dags/example_params_ui_tutorial.py
[2025-11-14T21:50:35.477+0000] {logging_mixin.py:190} INFO - [2025-11-14T21:50:35.477+0000] {dag.py:3239} INFO - Sync 1 DAGs
[2025-11-14T21:50:35.483+0000] {logging_mixin.py:190} INFO - [2025-11-14T21:50:35.482+0000] {dag.py:4180} INFO - Setting next_dagrun for example_params_ui_tutorial to None, run_after=None
[2025-11-14T21:50:35.495+0000] {processor.py:208} INFO - Processing /home/airflow/.local/lib/python3.12/site-packages/airflow/example_dags/example_params_ui_tutorial.py took 0.047 seconds
[2025-11-14T21:51:06.096+0000] {processor.py:186} INFO - Started process (PID=3681) to work on /home/airflow/.local/lib/python3.12/site-packages/airflow/example_dags/example_params_ui_tutorial.py
[2025-11-14T21:51:06.096+0000] {processor.py:914} INFO - Processing file /home/airflow/.local/lib/python3.12/site-packages/airflow/example_dags/example_params_ui_tutorial.py for tasks to queue
[2025-11-14T21:51:06.097+0000] {logging_mixin.py:190} INFO - [2025-11-14T21:51:06.097+0000] {dagbag.py:588} INFO - Filling up the DagBag from /home/airflow/.local/lib/python3.12/site-packages/airflow/example_dags/example_params_ui_tutorial.py
[2025-11-14T21:51:06.103+0000] {processor.py:925} INFO - DAG(s) 'example_params_ui_tutorial' retrieved from /home/airflow/.local/lib/python3.12/site-packages/airflow/example_dags/example_params_ui_tutorial.py
[2025-11-14T21:51:06.123+0000] {logging_mixin.py:190} INFO - [2025-11-14T21:51:06.123+0000] {dag.py:3239} INFO - Sync 1 DAGs
[2025-11-14T21:51:06.128+0000] {logging_mixin.py:190} INFO - [2025-11-14T21:51:06.128+0000] {dag.py:4180} INFO - Setting next_dagrun for example_params_ui_tutorial to None, run_after=None
[2025-11-14T21:51:06.138+0000] {processor.py:208} INFO - Processing /home/airflow/.local/lib/python3.12/site-packages/airflow/example_dags/example_params_ui_tutorial.py took 0.045 seconds
[2025-11-14T21:51:36.558+0000] {processor.py:186} INFO - Started process (PID=3743) to work on /home/airflow/.local/lib/python3.12/site-packages/airflow/example_dags/example_params_ui_tutorial.py
[2025-11-14T21:51:36.560+0000] {processor.py:914} INFO - Processing file /home/airflow/.local/lib/python3.12/site-packages/airflow/example_dags/example_params_ui_tutorial.py for tasks to queue
[2025-11-14T21:51:36.562+0000] {logging_mixin.py:190} INFO - [2025-11-14T21:51:36.562+0000] {dagbag.py:588} INFO - Filling up the DagBag from /home/airflow/.local/lib/python3.12/site-packages/airflow/example_dags/example_params_ui_tutorial.py
[2025-11-14T21:51:36.567+0000] {processor.py:925} INFO - DAG(s) 'example_params_ui_tutorial' retrieved from /home/airflow/.local/lib/python3.12/site-packages/airflow/example_dags/example_params_ui_tutorial.py
[2025-11-14T21:51:36.586+0000] {logging_mixin.py:190} INFO - [2025-11-14T21:51:36.584+0000] {dag.py:3239} INFO - Sync 1 DAGs
[2025-11-14T21:51:36.592+0000] {logging_mixin.py:190} INFO - [2025-11-14T21:51:36.592+0000] {dag.py:4180} INFO - Setting next_dagrun for example_params_ui_tutorial to None, run_after=None
[2025-11-14T21:51:36.600+0000] {processor.py:208} INFO - Processing /home/airflow/.local/lib/python3.12/site-packages/airflow/example_dags/example_params_ui_tutorial.py took 0.045 seconds
[2025-11-14T21:52:07.602+0000] {processor.py:186} INFO - Started process (PID=3805) to work on /home/airflow/.local/lib/python3.12/site-packages/airflow/example_dags/example_params_ui_tutorial.py
[2025-11-14T21:52:07.603+0000] {processor.py:914} INFO - Processing file /home/airflow/.local/lib/python3.12/site-packages/airflow/example_dags/example_params_ui_tutorial.py for tasks to queue
[2025-11-14T21:52:07.604+0000] {logging_mixin.py:190} INFO - [2025-11-14T21:52:07.604+0000] {dagbag.py:588} INFO - Filling up the DagBag from /home/airflow/.local/lib/python3.12/site-packages/airflow/example_dags/example_params_ui_tutorial.py
[2025-11-14T21:52:07.609+0000] {processor.py:925} INFO - DAG(s) 'example_params_ui_tutorial' retrieved from /home/airflow/.local/lib/python3.12/site-packages/airflow/example_dags/example_params_ui_tutorial.py
[2025-11-14T21:52:07.630+0000] {logging_mixin.py:190} INFO - [2025-11-14T21:52:07.630+0000] {dag.py:3239} INFO - Sync 1 DAGs
[2025-11-14T21:52:07.636+0000] {logging_mixin.py:190} INFO - [2025-11-14T21:52:07.636+0000] {dag.py:4180} INFO - Setting next_dagrun for example_params_ui_tutorial to None, run_after=None
[2025-11-14T21:52:07.643+0000] {processor.py:208} INFO - Processing /home/airflow/.local/lib/python3.12/site-packages/airflow/example_dags/example_params_ui_tutorial.py took 0.044 seconds
[2025-11-14T21:52:38.687+0000] {processor.py:186} INFO - Started process (PID=3867) to work on /home/airflow/.local/lib/python3.12/site-packages/airflow/example_dags/example_params_ui_tutorial.py
[2025-11-14T21:52:38.696+0000] {processor.py:914} INFO - Processing file /home/airflow/.local/lib/python3.12/site-packages/airflow/example_dags/example_params_ui_tutorial.py for tasks to queue
[2025-11-14T21:52:38.701+0000] {logging_mixin.py:190} INFO - [2025-11-14T21:52:38.699+0000] {dagbag.py:588} INFO - Filling up the DagBag from /home/airflow/.local/lib/python3.12/site-packages/airflow/example_dags/example_params_ui_tutorial.py
[2025-11-14T21:52:38.718+0000] {processor.py:925} INFO - DAG(s) 'example_params_ui_tutorial' retrieved from /home/airflow/.local/lib/python3.12/site-packages/airflow/example_dags/example_params_ui_tutorial.py
[2025-11-14T21:52:38.766+0000] {logging_mixin.py:190} INFO - [2025-11-14T21:52:38.765+0000] {dag.py:3239} INFO - Sync 1 DAGs
[2025-11-14T21:52:38.779+0000] {logging_mixin.py:190} INFO - [2025-11-14T21:52:38.778+0000] {dag.py:4180} INFO - Setting next_dagrun for example_params_ui_tutorial to None, run_after=None
[2025-11-14T21:52:38.794+0000] {processor.py:208} INFO - Processing /home/airflow/.local/lib/python3.12/site-packages/airflow/example_dags/example_params_ui_tutorial.py took 0.112 seconds
[2025-11-14T21:53:09.723+0000] {processor.py:186} INFO - Started process (PID=3929) to work on /home/airflow/.local/lib/python3.12/site-packages/airflow/example_dags/example_params_ui_tutorial.py
[2025-11-14T21:53:09.723+0000] {processor.py:914} INFO - Processing file /home/airflow/.local/lib/python3.12/site-packages/airflow/example_dags/example_params_ui_tutorial.py for tasks to queue
[2025-11-14T21:53:09.724+0000] {logging_mixin.py:190} INFO - [2025-11-14T21:53:09.724+0000] {dagbag.py:588} INFO - Filling up the DagBag from /home/airflow/.local/lib/python3.12/site-packages/airflow/example_dags/example_params_ui_tutorial.py
[2025-11-14T21:53:09.729+0000] {processor.py:925} INFO - DAG(s) 'example_params_ui_tutorial' retrieved from /home/airflow/.local/lib/python3.12/site-packages/airflow/example_dags/example_params_ui_tutorial.py
[2025-11-14T21:53:09.746+0000] {logging_mixin.py:190} INFO - [2025-11-14T21:53:09.746+0000] {dag.py:3239} INFO - Sync 1 DAGs
[2025-11-14T21:53:09.751+0000] {logging_mixin.py:190} INFO - [2025-11-14T21:53:09.751+0000] {dag.py:4180} INFO - Setting next_dagrun for example_params_ui_tutorial to None, run_after=None
[2025-11-14T21:53:09.761+0000] {processor.py:208} INFO - Processing /home/airflow/.local/lib/python3.12/site-packages/airflow/example_dags/example_params_ui_tutorial.py took 0.041 seconds
[2025-11-14T21:53:40.174+0000] {processor.py:186} INFO - Started process (PID=3991) to work on /home/airflow/.local/lib/python3.12/site-packages/airflow/example_dags/example_params_ui_tutorial.py
[2025-11-14T21:53:40.175+0000] {processor.py:914} INFO - Processing file /home/airflow/.local/lib/python3.12/site-packages/airflow/example_dags/example_params_ui_tutorial.py for tasks to queue
[2025-11-14T21:53:40.176+0000] {logging_mixin.py:190} INFO - [2025-11-14T21:53:40.176+0000] {dagbag.py:588} INFO - Filling up the DagBag from /home/airflow/.local/lib/python3.12/site-packages/airflow/example_dags/example_params_ui_tutorial.py
[2025-11-14T21:53:40.181+0000] {processor.py:925} INFO - DAG(s) 'example_params_ui_tutorial' retrieved from /home/airflow/.local/lib/python3.12/site-packages/airflow/example_dags/example_params_ui_tutorial.py
[2025-11-14T21:53:40.205+0000] {logging_mixin.py:190} INFO - [2025-11-14T21:53:40.205+0000] {dag.py:3239} INFO - Sync 1 DAGs
[2025-11-14T21:53:40.215+0000] {logging_mixin.py:190} INFO - [2025-11-14T21:53:40.215+0000] {dag.py:4180} INFO - Setting next_dagrun for example_params_ui_tutorial to None, run_after=None
[2025-11-14T21:53:40.228+0000] {processor.py:208} INFO - Processing /home/airflow/.local/lib/python3.12/site-packages/airflow/example_dags/example_params_ui_tutorial.py took 0.057 seconds
[2025-11-14T21:54:10.840+0000] {processor.py:186} INFO - Started process (PID=4053) to work on /home/airflow/.local/lib/python3.12/site-packages/airflow/example_dags/example_params_ui_tutorial.py
[2025-11-14T21:54:10.842+0000] {processor.py:914} INFO - Processing file /home/airflow/.local/lib/python3.12/site-packages/airflow/example_dags/example_params_ui_tutorial.py for tasks to queue
[2025-11-14T21:54:10.843+0000] {logging_mixin.py:190} INFO - [2025-11-14T21:54:10.843+0000] {dagbag.py:588} INFO - Filling up the DagBag from /home/airflow/.local/lib/python3.12/site-packages/airflow/example_dags/example_params_ui_tutorial.py
[2025-11-14T21:54:10.847+0000] {processor.py:925} INFO - DAG(s) 'example_params_ui_tutorial' retrieved from /home/airflow/.local/lib/python3.12/site-packages/airflow/example_dags/example_params_ui_tutorial.py
[2025-11-14T21:54:10.867+0000] {logging_mixin.py:190} INFO - [2025-11-14T21:54:10.867+0000] {dag.py:3239} INFO - Sync 1 DAGs
[2025-11-14T21:54:10.872+0000] {logging_mixin.py:190} INFO - [2025-11-14T21:54:10.872+0000] {dag.py:4180} INFO - Setting next_dagrun for example_params_ui_tutorial to None, run_after=None
[2025-11-14T21:54:10.885+0000] {processor.py:208} INFO - Processing /home/airflow/.local/lib/python3.12/site-packages/airflow/example_dags/example_params_ui_tutorial.py took 0.047 seconds
[2025-11-14T21:54:41.442+0000] {processor.py:186} INFO - Started process (PID=4115) to work on /home/airflow/.local/lib/python3.12/site-packages/airflow/example_dags/example_params_ui_tutorial.py
[2025-11-14T21:54:41.442+0000] {processor.py:914} INFO - Processing file /home/airflow/.local/lib/python3.12/site-packages/airflow/example_dags/example_params_ui_tutorial.py for tasks to queue
[2025-11-14T21:54:41.443+0000] {logging_mixin.py:190} INFO - [2025-11-14T21:54:41.443+0000] {dagbag.py:588} INFO - Filling up the DagBag from /home/airflow/.local/lib/python3.12/site-packages/airflow/example_dags/example_params_ui_tutorial.py
[2025-11-14T21:54:41.448+0000] {processor.py:925} INFO - DAG(s) 'example_params_ui_tutorial' retrieved from /home/airflow/.local/lib/python3.12/site-packages/airflow/example_dags/example_params_ui_tutorial.py
[2025-11-14T21:54:41.465+0000] {logging_mixin.py:190} INFO - [2025-11-14T21:54:41.465+0000] {dag.py:3239} INFO - Sync 1 DAGs
[2025-11-14T21:54:41.471+0000] {logging_mixin.py:190} INFO - [2025-11-14T21:54:41.471+0000] {dag.py:4180} INFO - Setting next_dagrun for example_params_ui_tutorial to None, run_after=None
[2025-11-14T21:54:41.482+0000] {processor.py:208} INFO - Processing /home/airflow/.local/lib/python3.12/site-packages/airflow/example_dags/example_params_ui_tutorial.py took 0.043 seconds
[2025-11-14T21:55:11.757+0000] {processor.py:186} INFO - Started process (PID=4177) to work on /home/airflow/.local/lib/python3.12/site-packages/airflow/example_dags/example_params_ui_tutorial.py
[2025-11-14T21:55:11.758+0000] {processor.py:914} INFO - Processing file /home/airflow/.local/lib/python3.12/site-packages/airflow/example_dags/example_params_ui_tutorial.py for tasks to queue
[2025-11-14T21:55:11.759+0000] {logging_mixin.py:190} INFO - [2025-11-14T21:55:11.759+0000] {dagbag.py:588} INFO - Filling up the DagBag from /home/airflow/.local/lib/python3.12/site-packages/airflow/example_dags/example_params_ui_tutorial.py
[2025-11-14T21:55:11.763+0000] {processor.py:925} INFO - DAG(s) 'example_params_ui_tutorial' retrieved from /home/airflow/.local/lib/python3.12/site-packages/airflow/example_dags/example_params_ui_tutorial.py
[2025-11-14T21:55:11.780+0000] {logging_mixin.py:190} INFO - [2025-11-14T21:55:11.779+0000] {dag.py:3239} INFO - Sync 1 DAGs
[2025-11-14T21:55:11.786+0000] {logging_mixin.py:190} INFO - [2025-11-14T21:55:11.785+0000] {dag.py:4180} INFO - Setting next_dagrun for example_params_ui_tutorial to None, run_after=None
[2025-11-14T21:55:11.793+0000] {processor.py:208} INFO - Processing /home/airflow/.local/lib/python3.12/site-packages/airflow/example_dags/example_params_ui_tutorial.py took 0.038 seconds
[2025-11-14T21:55:42.126+0000] {processor.py:186} INFO - Started process (PID=4239) to work on /home/airflow/.local/lib/python3.12/site-packages/airflow/example_dags/example_params_ui_tutorial.py
[2025-11-14T21:55:42.127+0000] {processor.py:914} INFO - Processing file /home/airflow/.local/lib/python3.12/site-packages/airflow/example_dags/example_params_ui_tutorial.py for tasks to queue
[2025-11-14T21:55:42.128+0000] {logging_mixin.py:190} INFO - [2025-11-14T21:55:42.128+0000] {dagbag.py:588} INFO - Filling up the DagBag from /home/airflow/.local/lib/python3.12/site-packages/airflow/example_dags/example_params_ui_tutorial.py
[2025-11-14T21:55:42.133+0000] {processor.py:925} INFO - DAG(s) 'example_params_ui_tutorial' retrieved from /home/airflow/.local/lib/python3.12/site-packages/airflow/example_dags/example_params_ui_tutorial.py
[2025-11-14T21:55:42.153+0000] {logging_mixin.py:190} INFO - [2025-11-14T21:55:42.153+0000] {dag.py:3239} INFO - Sync 1 DAGs
[2025-11-14T21:55:42.158+0000] {logging_mixin.py:190} INFO - [2025-11-14T21:55:42.158+0000] {dag.py:4180} INFO - Setting next_dagrun for example_params_ui_tutorial to None, run_after=None
[2025-11-14T21:55:42.168+0000] {processor.py:208} INFO - Processing /home/airflow/.local/lib/python3.12/site-packages/airflow/example_dags/example_params_ui_tutorial.py took 0.045 seconds
[2025-11-14T21:56:12.648+0000] {processor.py:186} INFO - Started process (PID=4301) to work on /home/airflow/.local/lib/python3.12/site-packages/airflow/example_dags/example_params_ui_tutorial.py
[2025-11-14T21:56:12.648+0000] {processor.py:914} INFO - Processing file /home/airflow/.local/lib/python3.12/site-packages/airflow/example_dags/example_params_ui_tutorial.py for tasks to queue
[2025-11-14T21:56:12.649+0000] {logging_mixin.py:190} INFO - [2025-11-14T21:56:12.649+0000] {dagbag.py:588} INFO - Filling up the DagBag from /home/airflow/.local/lib/python3.12/site-packages/airflow/example_dags/example_params_ui_tutorial.py
[2025-11-14T21:56:12.654+0000] {processor.py:925} INFO - DAG(s) 'example_params_ui_tutorial' retrieved from /home/airflow/.local/lib/python3.12/site-packages/airflow/example_dags/example_params_ui_tutorial.py
[2025-11-14T21:56:12.673+0000] {logging_mixin.py:190} INFO - [2025-11-14T21:56:12.673+0000] {dag.py:3239} INFO - Sync 1 DAGs
[2025-11-14T21:56:12.680+0000] {logging_mixin.py:190} INFO - [2025-11-14T21:56:12.680+0000] {dag.py:4180} INFO - Setting next_dagrun for example_params_ui_tutorial to None, run_after=None
[2025-11-14T21:56:12.687+0000] {processor.py:208} INFO - Processing /home/airflow/.local/lib/python3.12/site-packages/airflow/example_dags/example_params_ui_tutorial.py took 0.042 seconds
[2025-11-14T21:56:43.526+0000] {processor.py:186} INFO - Started process (PID=4363) to work on /home/airflow/.local/lib/python3.12/site-packages/airflow/example_dags/example_params_ui_tutorial.py
[2025-11-14T21:56:43.527+0000] {processor.py:914} INFO - Processing file /home/airflow/.local/lib/python3.12/site-packages/airflow/example_dags/example_params_ui_tutorial.py for tasks to queue
[2025-11-14T21:56:43.529+0000] {logging_mixin.py:190} INFO - [2025-11-14T21:56:43.528+0000] {dagbag.py:588} INFO - Filling up the DagBag from /home/airflow/.local/lib/python3.12/site-packages/airflow/example_dags/example_params_ui_tutorial.py
[2025-11-14T21:56:43.536+0000] {processor.py:925} INFO - DAG(s) 'example_params_ui_tutorial' retrieved from /home/airflow/.local/lib/python3.12/site-packages/airflow/example_dags/example_params_ui_tutorial.py
[2025-11-14T21:56:43.562+0000] {logging_mixin.py:190} INFO - [2025-11-14T21:56:43.562+0000] {dag.py:3239} INFO - Sync 1 DAGs
[2025-11-14T21:56:43.568+0000] {logging_mixin.py:190} INFO - [2025-11-14T21:56:43.568+0000] {dag.py:4180} INFO - Setting next_dagrun for example_params_ui_tutorial to None, run_after=None
[2025-11-14T21:56:43.579+0000] {processor.py:208} INFO - Processing /home/airflow/.local/lib/python3.12/site-packages/airflow/example_dags/example_params_ui_tutorial.py took 0.056 seconds
[2025-11-14T21:57:14.066+0000] {processor.py:186} INFO - Started process (PID=4425) to work on /home/airflow/.local/lib/python3.12/site-packages/airflow/example_dags/example_params_ui_tutorial.py
[2025-11-14T21:57:14.066+0000] {processor.py:914} INFO - Processing file /home/airflow/.local/lib/python3.12/site-packages/airflow/example_dags/example_params_ui_tutorial.py for tasks to queue
[2025-11-14T21:57:14.067+0000] {logging_mixin.py:190} INFO - [2025-11-14T21:57:14.067+0000] {dagbag.py:588} INFO - Filling up the DagBag from /home/airflow/.local/lib/python3.12/site-packages/airflow/example_dags/example_params_ui_tutorial.py
[2025-11-14T21:57:14.071+0000] {processor.py:925} INFO - DAG(s) 'example_params_ui_tutorial' retrieved from /home/airflow/.local/lib/python3.12/site-packages/airflow/example_dags/example_params_ui_tutorial.py
[2025-11-14T21:57:14.089+0000] {logging_mixin.py:190} INFO - [2025-11-14T21:57:14.089+0000] {dag.py:3239} INFO - Sync 1 DAGs
[2025-11-14T21:57:14.094+0000] {logging_mixin.py:190} INFO - [2025-11-14T21:57:14.094+0000] {dag.py:4180} INFO - Setting next_dagrun for example_params_ui_tutorial to None, run_after=None
[2025-11-14T21:57:14.104+0000] {processor.py:208} INFO - Processing /home/airflow/.local/lib/python3.12/site-packages/airflow/example_dags/example_params_ui_tutorial.py took 0.041 seconds
[2025-11-14T21:57:45.020+0000] {processor.py:186} INFO - Started process (PID=4487) to work on /home/airflow/.local/lib/python3.12/site-packages/airflow/example_dags/example_params_ui_tutorial.py
[2025-11-14T21:57:45.021+0000] {processor.py:914} INFO - Processing file /home/airflow/.local/lib/python3.12/site-packages/airflow/example_dags/example_params_ui_tutorial.py for tasks to queue
[2025-11-14T21:57:45.024+0000] {logging_mixin.py:190} INFO - [2025-11-14T21:57:45.023+0000] {dagbag.py:588} INFO - Filling up the DagBag from /home/airflow/.local/lib/python3.12/site-packages/airflow/example_dags/example_params_ui_tutorial.py
[2025-11-14T21:57:45.032+0000] {processor.py:925} INFO - DAG(s) 'example_params_ui_tutorial' retrieved from /home/airflow/.local/lib/python3.12/site-packages/airflow/example_dags/example_params_ui_tutorial.py
[2025-11-14T21:57:45.073+0000] {logging_mixin.py:190} INFO - [2025-11-14T21:57:45.072+0000] {dag.py:3239} INFO - Sync 1 DAGs
[2025-11-14T21:57:45.089+0000] {logging_mixin.py:190} INFO - [2025-11-14T21:57:45.089+0000] {dag.py:4180} INFO - Setting next_dagrun for example_params_ui_tutorial to None, run_after=None
[2025-11-14T21:57:45.101+0000] {processor.py:208} INFO - Processing /home/airflow/.local/lib/python3.12/site-packages/airflow/example_dags/example_params_ui_tutorial.py took 0.087 seconds
[2025-11-14T21:58:15.478+0000] {processor.py:186} INFO - Started process (PID=4549) to work on /home/airflow/.local/lib/python3.12/site-packages/airflow/example_dags/example_params_ui_tutorial.py
[2025-11-14T21:58:15.479+0000] {processor.py:914} INFO - Processing file /home/airflow/.local/lib/python3.12/site-packages/airflow/example_dags/example_params_ui_tutorial.py for tasks to queue
[2025-11-14T21:58:15.481+0000] {logging_mixin.py:190} INFO - [2025-11-14T21:58:15.480+0000] {dagbag.py:588} INFO - Filling up the DagBag from /home/airflow/.local/lib/python3.12/site-packages/airflow/example_dags/example_params_ui_tutorial.py
[2025-11-14T21:58:15.485+0000] {processor.py:925} INFO - DAG(s) 'example_params_ui_tutorial' retrieved from /home/airflow/.local/lib/python3.12/site-packages/airflow/example_dags/example_params_ui_tutorial.py
[2025-11-14T21:58:15.504+0000] {logging_mixin.py:190} INFO - [2025-11-14T21:58:15.504+0000] {dag.py:3239} INFO - Sync 1 DAGs
[2025-11-14T21:58:15.514+0000] {logging_mixin.py:190} INFO - [2025-11-14T21:58:15.514+0000] {dag.py:4180} INFO - Setting next_dagrun for example_params_ui_tutorial to None, run_after=None
[2025-11-14T21:58:15.528+0000] {processor.py:208} INFO - Processing /home/airflow/.local/lib/python3.12/site-packages/airflow/example_dags/example_params_ui_tutorial.py took 0.053 seconds
[2025-11-14T21:58:46.688+0000] {processor.py:186} INFO - Started process (PID=4611) to work on /home/airflow/.local/lib/python3.12/site-packages/airflow/example_dags/example_params_ui_tutorial.py
[2025-11-14T21:58:46.688+0000] {processor.py:914} INFO - Processing file /home/airflow/.local/lib/python3.12/site-packages/airflow/example_dags/example_params_ui_tutorial.py for tasks to queue
[2025-11-14T21:58:46.690+0000] {logging_mixin.py:190} INFO - [2025-11-14T21:58:46.690+0000] {dagbag.py:588} INFO - Filling up the DagBag from /home/airflow/.local/lib/python3.12/site-packages/airflow/example_dags/example_params_ui_tutorial.py
[2025-11-14T21:58:46.695+0000] {processor.py:925} INFO - DAG(s) 'example_params_ui_tutorial' retrieved from /home/airflow/.local/lib/python3.12/site-packages/airflow/example_dags/example_params_ui_tutorial.py
[2025-11-14T21:58:46.721+0000] {logging_mixin.py:190} INFO - [2025-11-14T21:58:46.720+0000] {dag.py:3239} INFO - Sync 1 DAGs
[2025-11-14T21:58:46.729+0000] {logging_mixin.py:190} INFO - [2025-11-14T21:58:46.729+0000] {dag.py:4180} INFO - Setting next_dagrun for example_params_ui_tutorial to None, run_after=None
[2025-11-14T21:58:46.741+0000] {processor.py:208} INFO - Processing /home/airflow/.local/lib/python3.12/site-packages/airflow/example_dags/example_params_ui_tutorial.py took 0.066 seconds
[2025-11-14T21:59:17.394+0000] {processor.py:186} INFO - Started process (PID=4673) to work on /home/airflow/.local/lib/python3.12/site-packages/airflow/example_dags/example_params_ui_tutorial.py
[2025-11-14T21:59:17.395+0000] {processor.py:914} INFO - Processing file /home/airflow/.local/lib/python3.12/site-packages/airflow/example_dags/example_params_ui_tutorial.py for tasks to queue
[2025-11-14T21:59:17.397+0000] {logging_mixin.py:190} INFO - [2025-11-14T21:59:17.396+0000] {dagbag.py:588} INFO - Filling up the DagBag from /home/airflow/.local/lib/python3.12/site-packages/airflow/example_dags/example_params_ui_tutorial.py
[2025-11-14T21:59:17.402+0000] {processor.py:925} INFO - DAG(s) 'example_params_ui_tutorial' retrieved from /home/airflow/.local/lib/python3.12/site-packages/airflow/example_dags/example_params_ui_tutorial.py
[2025-11-14T21:59:17.422+0000] {logging_mixin.py:190} INFO - [2025-11-14T21:59:17.422+0000] {dag.py:3239} INFO - Sync 1 DAGs
[2025-11-14T21:59:17.428+0000] {logging_mixin.py:190} INFO - [2025-11-14T21:59:17.428+0000] {dag.py:4180} INFO - Setting next_dagrun for example_params_ui_tutorial to None, run_after=None
[2025-11-14T21:59:17.436+0000] {processor.py:208} INFO - Processing /home/airflow/.local/lib/python3.12/site-packages/airflow/example_dags/example_params_ui_tutorial.py took 0.045 seconds
[2025-11-14T21:59:48.249+0000] {processor.py:186} INFO - Started process (PID=4735) to work on /home/airflow/.local/lib/python3.12/site-packages/airflow/example_dags/example_params_ui_tutorial.py
[2025-11-14T21:59:48.250+0000] {processor.py:914} INFO - Processing file /home/airflow/.local/lib/python3.12/site-packages/airflow/example_dags/example_params_ui_tutorial.py for tasks to queue
[2025-11-14T21:59:48.251+0000] {logging_mixin.py:190} INFO - [2025-11-14T21:59:48.251+0000] {dagbag.py:588} INFO - Filling up the DagBag from /home/airflow/.local/lib/python3.12/site-packages/airflow/example_dags/example_params_ui_tutorial.py
[2025-11-14T21:59:48.257+0000] {processor.py:925} INFO - DAG(s) 'example_params_ui_tutorial' retrieved from /home/airflow/.local/lib/python3.12/site-packages/airflow/example_dags/example_params_ui_tutorial.py
[2025-11-14T21:59:48.279+0000] {logging_mixin.py:190} INFO - [2025-11-14T21:59:48.279+0000] {dag.py:3239} INFO - Sync 1 DAGs
[2025-11-14T21:59:48.287+0000] {logging_mixin.py:190} INFO - [2025-11-14T21:59:48.287+0000] {dag.py:4180} INFO - Setting next_dagrun for example_params_ui_tutorial to None, run_after=None
[2025-11-14T21:59:48.299+0000] {processor.py:208} INFO - Processing /home/airflow/.local/lib/python3.12/site-packages/airflow/example_dags/example_params_ui_tutorial.py took 0.071 seconds
[2025-11-14T22:00:18.825+0000] {processor.py:186} INFO - Started process (PID=4797) to work on /home/airflow/.local/lib/python3.12/site-packages/airflow/example_dags/example_params_ui_tutorial.py
[2025-11-14T22:00:18.825+0000] {processor.py:914} INFO - Processing file /home/airflow/.local/lib/python3.12/site-packages/airflow/example_dags/example_params_ui_tutorial.py for tasks to queue
[2025-11-14T22:00:18.827+0000] {logging_mixin.py:190} INFO - [2025-11-14T22:00:18.826+0000] {dagbag.py:588} INFO - Filling up the DagBag from /home/airflow/.local/lib/python3.12/site-packages/airflow/example_dags/example_params_ui_tutorial.py
[2025-11-14T22:00:18.830+0000] {processor.py:925} INFO - DAG(s) 'example_params_ui_tutorial' retrieved from /home/airflow/.local/lib/python3.12/site-packages/airflow/example_dags/example_params_ui_tutorial.py
[2025-11-14T22:00:18.850+0000] {logging_mixin.py:190} INFO - [2025-11-14T22:00:18.850+0000] {dag.py:3239} INFO - Sync 1 DAGs
[2025-11-14T22:00:18.855+0000] {logging_mixin.py:190} INFO - [2025-11-14T22:00:18.855+0000] {dag.py:4180} INFO - Setting next_dagrun for example_params_ui_tutorial to None, run_after=None
[2025-11-14T22:00:18.868+0000] {processor.py:208} INFO - Processing /home/airflow/.local/lib/python3.12/site-packages/airflow/example_dags/example_params_ui_tutorial.py took 0.046 seconds
[2025-11-14T22:00:49.125+0000] {processor.py:186} INFO - Started process (PID=4859) to work on /home/airflow/.local/lib/python3.12/site-packages/airflow/example_dags/example_params_ui_tutorial.py
[2025-11-14T22:00:49.126+0000] {processor.py:914} INFO - Processing file /home/airflow/.local/lib/python3.12/site-packages/airflow/example_dags/example_params_ui_tutorial.py for tasks to queue
[2025-11-14T22:00:49.127+0000] {logging_mixin.py:190} INFO - [2025-11-14T22:00:49.127+0000] {dagbag.py:588} INFO - Filling up the DagBag from /home/airflow/.local/lib/python3.12/site-packages/airflow/example_dags/example_params_ui_tutorial.py
[2025-11-14T22:00:49.131+0000] {processor.py:925} INFO - DAG(s) 'example_params_ui_tutorial' retrieved from /home/airflow/.local/lib/python3.12/site-packages/airflow/example_dags/example_params_ui_tutorial.py
[2025-11-14T22:00:49.147+0000] {logging_mixin.py:190} INFO - [2025-11-14T22:00:49.147+0000] {dag.py:3239} INFO - Sync 1 DAGs
[2025-11-14T22:00:49.154+0000] {logging_mixin.py:190} INFO - [2025-11-14T22:00:49.153+0000] {dag.py:4180} INFO - Setting next_dagrun for example_params_ui_tutorial to None, run_after=None
[2025-11-14T22:00:49.162+0000] {processor.py:208} INFO - Processing /home/airflow/.local/lib/python3.12/site-packages/airflow/example_dags/example_params_ui_tutorial.py took 0.039 seconds
[2025-11-14T22:01:19.466+0000] {processor.py:186} INFO - Started process (PID=4921) to work on /home/airflow/.local/lib/python3.12/site-packages/airflow/example_dags/example_params_ui_tutorial.py
[2025-11-14T22:01:19.467+0000] {processor.py:914} INFO - Processing file /home/airflow/.local/lib/python3.12/site-packages/airflow/example_dags/example_params_ui_tutorial.py for tasks to queue
[2025-11-14T22:01:19.468+0000] {logging_mixin.py:190} INFO - [2025-11-14T22:01:19.468+0000] {dagbag.py:588} INFO - Filling up the DagBag from /home/airflow/.local/lib/python3.12/site-packages/airflow/example_dags/example_params_ui_tutorial.py
[2025-11-14T22:01:19.473+0000] {processor.py:925} INFO - DAG(s) 'example_params_ui_tutorial' retrieved from /home/airflow/.local/lib/python3.12/site-packages/airflow/example_dags/example_params_ui_tutorial.py
[2025-11-14T22:01:19.498+0000] {logging_mixin.py:190} INFO - [2025-11-14T22:01:19.497+0000] {dag.py:3239} INFO - Sync 1 DAGs
[2025-11-14T22:01:19.504+0000] {logging_mixin.py:190} INFO - [2025-11-14T22:01:19.504+0000] {dag.py:4180} INFO - Setting next_dagrun for example_params_ui_tutorial to None, run_after=None
[2025-11-14T22:01:19.515+0000] {processor.py:208} INFO - Processing /home/airflow/.local/lib/python3.12/site-packages/airflow/example_dags/example_params_ui_tutorial.py took 0.051 seconds
[2025-11-14T22:01:50.476+0000] {processor.py:186} INFO - Started process (PID=4983) to work on /home/airflow/.local/lib/python3.12/site-packages/airflow/example_dags/example_params_ui_tutorial.py
[2025-11-14T22:01:50.477+0000] {processor.py:914} INFO - Processing file /home/airflow/.local/lib/python3.12/site-packages/airflow/example_dags/example_params_ui_tutorial.py for tasks to queue
[2025-11-14T22:01:50.478+0000] {logging_mixin.py:190} INFO - [2025-11-14T22:01:50.478+0000] {dagbag.py:588} INFO - Filling up the DagBag from /home/airflow/.local/lib/python3.12/site-packages/airflow/example_dags/example_params_ui_tutorial.py
[2025-11-14T22:01:50.483+0000] {processor.py:925} INFO - DAG(s) 'example_params_ui_tutorial' retrieved from /home/airflow/.local/lib/python3.12/site-packages/airflow/example_dags/example_params_ui_tutorial.py
[2025-11-14T22:01:50.516+0000] {logging_mixin.py:190} INFO - [2025-11-14T22:01:50.516+0000] {dag.py:3239} INFO - Sync 1 DAGs
[2025-11-14T22:01:50.533+0000] {logging_mixin.py:190} INFO - [2025-11-14T22:01:50.532+0000] {dag.py:4180} INFO - Setting next_dagrun for example_params_ui_tutorial to None, run_after=None
[2025-11-14T22:01:50.548+0000] {processor.py:208} INFO - Processing /home/airflow/.local/lib/python3.12/site-packages/airflow/example_dags/example_params_ui_tutorial.py took 0.075 seconds
[2025-11-14T22:02:21.494+0000] {processor.py:186} INFO - Started process (PID=5045) to work on /home/airflow/.local/lib/python3.12/site-packages/airflow/example_dags/example_params_ui_tutorial.py
[2025-11-14T22:02:21.496+0000] {processor.py:914} INFO - Processing file /home/airflow/.local/lib/python3.12/site-packages/airflow/example_dags/example_params_ui_tutorial.py for tasks to queue
[2025-11-14T22:02:21.497+0000] {logging_mixin.py:190} INFO - [2025-11-14T22:02:21.497+0000] {dagbag.py:588} INFO - Filling up the DagBag from /home/airflow/.local/lib/python3.12/site-packages/airflow/example_dags/example_params_ui_tutorial.py
[2025-11-14T22:02:21.502+0000] {processor.py:925} INFO - DAG(s) 'example_params_ui_tutorial' retrieved from /home/airflow/.local/lib/python3.12/site-packages/airflow/example_dags/example_params_ui_tutorial.py
[2025-11-14T22:02:21.524+0000] {logging_mixin.py:190} INFO - [2025-11-14T22:02:21.524+0000] {dag.py:3239} INFO - Sync 1 DAGs
[2025-11-14T22:02:21.530+0000] {logging_mixin.py:190} INFO - [2025-11-14T22:02:21.530+0000] {dag.py:4180} INFO - Setting next_dagrun for example_params_ui_tutorial to None, run_after=None
[2025-11-14T22:02:21.541+0000] {processor.py:208} INFO - Processing /home/airflow/.local/lib/python3.12/site-packages/airflow/example_dags/example_params_ui_tutorial.py took 0.050 seconds
[2025-11-14T22:02:51.893+0000] {processor.py:186} INFO - Started process (PID=5107) to work on /home/airflow/.local/lib/python3.12/site-packages/airflow/example_dags/example_params_ui_tutorial.py
[2025-11-14T22:02:51.894+0000] {processor.py:914} INFO - Processing file /home/airflow/.local/lib/python3.12/site-packages/airflow/example_dags/example_params_ui_tutorial.py for tasks to queue
[2025-11-14T22:02:51.898+0000] {logging_mixin.py:190} INFO - [2025-11-14T22:02:51.897+0000] {dagbag.py:588} INFO - Filling up the DagBag from /home/airflow/.local/lib/python3.12/site-packages/airflow/example_dags/example_params_ui_tutorial.py
[2025-11-14T22:02:51.922+0000] {processor.py:925} INFO - DAG(s) 'example_params_ui_tutorial' retrieved from /home/airflow/.local/lib/python3.12/site-packages/airflow/example_dags/example_params_ui_tutorial.py
[2025-11-14T22:02:51.978+0000] {logging_mixin.py:190} INFO - [2025-11-14T22:02:51.978+0000] {dag.py:3239} INFO - Sync 1 DAGs
[2025-11-14T22:02:51.985+0000] {logging_mixin.py:190} INFO - [2025-11-14T22:02:51.985+0000] {dag.py:4180} INFO - Setting next_dagrun for example_params_ui_tutorial to None, run_after=None
[2025-11-14T22:02:52.002+0000] {processor.py:208} INFO - Processing /home/airflow/.local/lib/python3.12/site-packages/airflow/example_dags/example_params_ui_tutorial.py took 0.113 seconds
[2025-11-14T22:03:22.885+0000] {processor.py:186} INFO - Started process (PID=5169) to work on /home/airflow/.local/lib/python3.12/site-packages/airflow/example_dags/example_params_ui_tutorial.py
[2025-11-14T22:03:22.887+0000] {processor.py:914} INFO - Processing file /home/airflow/.local/lib/python3.12/site-packages/airflow/example_dags/example_params_ui_tutorial.py for tasks to queue
[2025-11-14T22:03:22.889+0000] {logging_mixin.py:190} INFO - [2025-11-14T22:03:22.889+0000] {dagbag.py:588} INFO - Filling up the DagBag from /home/airflow/.local/lib/python3.12/site-packages/airflow/example_dags/example_params_ui_tutorial.py
[2025-11-14T22:03:22.893+0000] {processor.py:925} INFO - DAG(s) 'example_params_ui_tutorial' retrieved from /home/airflow/.local/lib/python3.12/site-packages/airflow/example_dags/example_params_ui_tutorial.py
[2025-11-14T22:03:22.923+0000] {logging_mixin.py:190} INFO - [2025-11-14T22:03:22.923+0000] {dag.py:3239} INFO - Sync 1 DAGs
[2025-11-14T22:03:22.929+0000] {logging_mixin.py:190} INFO - [2025-11-14T22:03:22.929+0000] {dag.py:4180} INFO - Setting next_dagrun for example_params_ui_tutorial to None, run_after=None
[2025-11-14T22:03:22.935+0000] {processor.py:208} INFO - Processing /home/airflow/.local/lib/python3.12/site-packages/airflow/example_dags/example_params_ui_tutorial.py took 0.053 seconds
[2025-11-14T22:03:53.328+0000] {processor.py:186} INFO - Started process (PID=5237) to work on /home/airflow/.local/lib/python3.12/site-packages/airflow/example_dags/example_params_ui_tutorial.py
[2025-11-14T22:03:53.329+0000] {processor.py:914} INFO - Processing file /home/airflow/.local/lib/python3.12/site-packages/airflow/example_dags/example_params_ui_tutorial.py for tasks to queue
[2025-11-14T22:03:53.332+0000] {logging_mixin.py:190} INFO - [2025-11-14T22:03:53.331+0000] {dagbag.py:588} INFO - Filling up the DagBag from /home/airflow/.local/lib/python3.12/site-packages/airflow/example_dags/example_params_ui_tutorial.py
[2025-11-14T22:03:53.340+0000] {processor.py:925} INFO - DAG(s) 'example_params_ui_tutorial' retrieved from /home/airflow/.local/lib/python3.12/site-packages/airflow/example_dags/example_params_ui_tutorial.py
[2025-11-14T22:03:53.364+0000] {logging_mixin.py:190} INFO - [2025-11-14T22:03:53.364+0000] {dag.py:3239} INFO - Sync 1 DAGs
[2025-11-14T22:03:53.371+0000] {logging_mixin.py:190} INFO - [2025-11-14T22:03:53.371+0000] {dag.py:4180} INFO - Setting next_dagrun for example_params_ui_tutorial to None, run_after=None
[2025-11-14T22:03:53.379+0000] {processor.py:208} INFO - Processing /home/airflow/.local/lib/python3.12/site-packages/airflow/example_dags/example_params_ui_tutorial.py took 0.055 seconds
[2025-11-14T22:04:23.778+0000] {processor.py:186} INFO - Started process (PID=5299) to work on /home/airflow/.local/lib/python3.12/site-packages/airflow/example_dags/example_params_ui_tutorial.py
[2025-11-14T22:04:23.779+0000] {processor.py:914} INFO - Processing file /home/airflow/.local/lib/python3.12/site-packages/airflow/example_dags/example_params_ui_tutorial.py for tasks to queue
[2025-11-14T22:04:23.780+0000] {logging_mixin.py:190} INFO - [2025-11-14T22:04:23.780+0000] {dagbag.py:588} INFO - Filling up the DagBag from /home/airflow/.local/lib/python3.12/site-packages/airflow/example_dags/example_params_ui_tutorial.py
[2025-11-14T22:04:23.784+0000] {processor.py:925} INFO - DAG(s) 'example_params_ui_tutorial' retrieved from /home/airflow/.local/lib/python3.12/site-packages/airflow/example_dags/example_params_ui_tutorial.py
[2025-11-14T22:04:23.801+0000] {logging_mixin.py:190} INFO - [2025-11-14T22:04:23.801+0000] {dag.py:3239} INFO - Sync 1 DAGs
[2025-11-14T22:04:23.807+0000] {logging_mixin.py:190} INFO - [2025-11-14T22:04:23.807+0000] {dag.py:4180} INFO - Setting next_dagrun for example_params_ui_tutorial to None, run_after=None
[2025-11-14T22:04:23.814+0000] {processor.py:208} INFO - Processing /home/airflow/.local/lib/python3.12/site-packages/airflow/example_dags/example_params_ui_tutorial.py took 0.039 seconds
[2025-11-14T22:04:54.152+0000] {processor.py:186} INFO - Started process (PID=5360) to work on /home/airflow/.local/lib/python3.12/site-packages/airflow/example_dags/example_params_ui_tutorial.py
[2025-11-14T22:04:54.154+0000] {processor.py:914} INFO - Processing file /home/airflow/.local/lib/python3.12/site-packages/airflow/example_dags/example_params_ui_tutorial.py for tasks to queue
[2025-11-14T22:04:54.156+0000] {logging_mixin.py:190} INFO - [2025-11-14T22:04:54.155+0000] {dagbag.py:588} INFO - Filling up the DagBag from /home/airflow/.local/lib/python3.12/site-packages/airflow/example_dags/example_params_ui_tutorial.py
[2025-11-14T22:04:54.160+0000] {processor.py:925} INFO - DAG(s) 'example_params_ui_tutorial' retrieved from /home/airflow/.local/lib/python3.12/site-packages/airflow/example_dags/example_params_ui_tutorial.py
[2025-11-14T22:04:54.179+0000] {logging_mixin.py:190} INFO - [2025-11-14T22:04:54.179+0000] {dag.py:3239} INFO - Sync 1 DAGs
[2025-11-14T22:04:54.184+0000] {logging_mixin.py:190} INFO - [2025-11-14T22:04:54.184+0000] {dag.py:4180} INFO - Setting next_dagrun for example_params_ui_tutorial to None, run_after=None
[2025-11-14T22:04:54.190+0000] {processor.py:208} INFO - Processing /home/airflow/.local/lib/python3.12/site-packages/airflow/example_dags/example_params_ui_tutorial.py took 0.041 seconds
[2025-11-14T22:05:24.744+0000] {processor.py:186} INFO - Started process (PID=5422) to work on /home/airflow/.local/lib/python3.12/site-packages/airflow/example_dags/example_params_ui_tutorial.py
[2025-11-14T22:05:24.745+0000] {processor.py:914} INFO - Processing file /home/airflow/.local/lib/python3.12/site-packages/airflow/example_dags/example_params_ui_tutorial.py for tasks to queue
[2025-11-14T22:05:24.748+0000] {logging_mixin.py:190} INFO - [2025-11-14T22:05:24.748+0000] {dagbag.py:588} INFO - Filling up the DagBag from /home/airflow/.local/lib/python3.12/site-packages/airflow/example_dags/example_params_ui_tutorial.py
[2025-11-14T22:05:24.762+0000] {processor.py:925} INFO - DAG(s) 'example_params_ui_tutorial' retrieved from /home/airflow/.local/lib/python3.12/site-packages/airflow/example_dags/example_params_ui_tutorial.py
[2025-11-14T22:05:24.797+0000] {logging_mixin.py:190} INFO - [2025-11-14T22:05:24.797+0000] {dag.py:3239} INFO - Sync 1 DAGs
[2025-11-14T22:05:24.810+0000] {logging_mixin.py:190} INFO - [2025-11-14T22:05:24.810+0000] {dag.py:4180} INFO - Setting next_dagrun for example_params_ui_tutorial to None, run_after=None
[2025-11-14T22:05:24.821+0000] {processor.py:208} INFO - Processing /home/airflow/.local/lib/python3.12/site-packages/airflow/example_dags/example_params_ui_tutorial.py took 0.084 seconds
[2025-11-14T22:05:55.933+0000] {processor.py:186} INFO - Started process (PID=5485) to work on /home/airflow/.local/lib/python3.12/site-packages/airflow/example_dags/example_params_ui_tutorial.py
[2025-11-14T22:05:55.934+0000] {processor.py:914} INFO - Processing file /home/airflow/.local/lib/python3.12/site-packages/airflow/example_dags/example_params_ui_tutorial.py for tasks to queue
[2025-11-14T22:05:55.935+0000] {logging_mixin.py:190} INFO - [2025-11-14T22:05:55.935+0000] {dagbag.py:588} INFO - Filling up the DagBag from /home/airflow/.local/lib/python3.12/site-packages/airflow/example_dags/example_params_ui_tutorial.py
[2025-11-14T22:05:55.940+0000] {processor.py:925} INFO - DAG(s) 'example_params_ui_tutorial' retrieved from /home/airflow/.local/lib/python3.12/site-packages/airflow/example_dags/example_params_ui_tutorial.py
[2025-11-14T22:05:55.962+0000] {logging_mixin.py:190} INFO - [2025-11-14T22:05:55.962+0000] {dag.py:3239} INFO - Sync 1 DAGs
[2025-11-14T22:05:55.973+0000] {logging_mixin.py:190} INFO - [2025-11-14T22:05:55.973+0000] {dag.py:4180} INFO - Setting next_dagrun for example_params_ui_tutorial to None, run_after=None
[2025-11-14T22:05:55.987+0000] {processor.py:208} INFO - Processing /home/airflow/.local/lib/python3.12/site-packages/airflow/example_dags/example_params_ui_tutorial.py took 0.057 seconds
[2025-11-14T22:06:26.799+0000] {processor.py:186} INFO - Started process (PID=5547) to work on /home/airflow/.local/lib/python3.12/site-packages/airflow/example_dags/example_params_ui_tutorial.py
[2025-11-14T22:06:26.803+0000] {processor.py:914} INFO - Processing file /home/airflow/.local/lib/python3.12/site-packages/airflow/example_dags/example_params_ui_tutorial.py for tasks to queue
[2025-11-14T22:06:26.804+0000] {logging_mixin.py:190} INFO - [2025-11-14T22:06:26.804+0000] {dagbag.py:588} INFO - Filling up the DagBag from /home/airflow/.local/lib/python3.12/site-packages/airflow/example_dags/example_params_ui_tutorial.py
[2025-11-14T22:06:26.809+0000] {processor.py:925} INFO - DAG(s) 'example_params_ui_tutorial' retrieved from /home/airflow/.local/lib/python3.12/site-packages/airflow/example_dags/example_params_ui_tutorial.py
[2025-11-14T22:06:26.828+0000] {logging_mixin.py:190} INFO - [2025-11-14T22:06:26.828+0000] {dag.py:3239} INFO - Sync 1 DAGs
[2025-11-14T22:06:26.841+0000] {logging_mixin.py:190} INFO - [2025-11-14T22:06:26.841+0000] {dag.py:4180} INFO - Setting next_dagrun for example_params_ui_tutorial to None, run_after=None
[2025-11-14T22:06:26.848+0000] {processor.py:208} INFO - Processing /home/airflow/.local/lib/python3.12/site-packages/airflow/example_dags/example_params_ui_tutorial.py took 0.052 seconds
[2025-11-14T22:06:57.509+0000] {processor.py:186} INFO - Started process (PID=5608) to work on /home/airflow/.local/lib/python3.12/site-packages/airflow/example_dags/example_params_ui_tutorial.py
[2025-11-14T22:06:57.509+0000] {processor.py:914} INFO - Processing file /home/airflow/.local/lib/python3.12/site-packages/airflow/example_dags/example_params_ui_tutorial.py for tasks to queue
[2025-11-14T22:06:57.510+0000] {logging_mixin.py:190} INFO - [2025-11-14T22:06:57.510+0000] {dagbag.py:588} INFO - Filling up the DagBag from /home/airflow/.local/lib/python3.12/site-packages/airflow/example_dags/example_params_ui_tutorial.py
[2025-11-14T22:06:57.515+0000] {processor.py:925} INFO - DAG(s) 'example_params_ui_tutorial' retrieved from /home/airflow/.local/lib/python3.12/site-packages/airflow/example_dags/example_params_ui_tutorial.py
[2025-11-14T22:06:57.530+0000] {logging_mixin.py:190} INFO - [2025-11-14T22:06:57.530+0000] {dag.py:3239} INFO - Sync 1 DAGs
[2025-11-14T22:06:57.535+0000] {logging_mixin.py:190} INFO - [2025-11-14T22:06:57.535+0000] {dag.py:4180} INFO - Setting next_dagrun for example_params_ui_tutorial to None, run_after=None
[2025-11-14T22:06:57.541+0000] {processor.py:208} INFO - Processing /home/airflow/.local/lib/python3.12/site-packages/airflow/example_dags/example_params_ui_tutorial.py took 0.035 seconds
[2025-11-14T22:07:27.835+0000] {processor.py:186} INFO - Started process (PID=5670) to work on /home/airflow/.local/lib/python3.12/site-packages/airflow/example_dags/example_params_ui_tutorial.py
[2025-11-14T22:07:27.836+0000] {processor.py:914} INFO - Processing file /home/airflow/.local/lib/python3.12/site-packages/airflow/example_dags/example_params_ui_tutorial.py for tasks to queue
[2025-11-14T22:07:27.838+0000] {logging_mixin.py:190} INFO - [2025-11-14T22:07:27.838+0000] {dagbag.py:588} INFO - Filling up the DagBag from /home/airflow/.local/lib/python3.12/site-packages/airflow/example_dags/example_params_ui_tutorial.py
[2025-11-14T22:07:27.845+0000] {processor.py:925} INFO - DAG(s) 'example_params_ui_tutorial' retrieved from /home/airflow/.local/lib/python3.12/site-packages/airflow/example_dags/example_params_ui_tutorial.py
[2025-11-14T22:07:27.865+0000] {logging_mixin.py:190} INFO - [2025-11-14T22:07:27.865+0000] {dag.py:3239} INFO - Sync 1 DAGs
[2025-11-14T22:07:27.871+0000] {logging_mixin.py:190} INFO - [2025-11-14T22:07:27.871+0000] {dag.py:4180} INFO - Setting next_dagrun for example_params_ui_tutorial to None, run_after=None
[2025-11-14T22:07:27.881+0000] {processor.py:208} INFO - Processing /home/airflow/.local/lib/python3.12/site-packages/airflow/example_dags/example_params_ui_tutorial.py took 0.048 seconds
[2025-11-14T22:07:58.337+0000] {processor.py:186} INFO - Started process (PID=5732) to work on /home/airflow/.local/lib/python3.12/site-packages/airflow/example_dags/example_params_ui_tutorial.py
[2025-11-14T22:07:58.338+0000] {processor.py:914} INFO - Processing file /home/airflow/.local/lib/python3.12/site-packages/airflow/example_dags/example_params_ui_tutorial.py for tasks to queue
[2025-11-14T22:07:58.339+0000] {logging_mixin.py:190} INFO - [2025-11-14T22:07:58.339+0000] {dagbag.py:588} INFO - Filling up the DagBag from /home/airflow/.local/lib/python3.12/site-packages/airflow/example_dags/example_params_ui_tutorial.py
[2025-11-14T22:07:58.343+0000] {processor.py:925} INFO - DAG(s) 'example_params_ui_tutorial' retrieved from /home/airflow/.local/lib/python3.12/site-packages/airflow/example_dags/example_params_ui_tutorial.py
[2025-11-14T22:07:58.359+0000] {logging_mixin.py:190} INFO - [2025-11-14T22:07:58.359+0000] {dag.py:3239} INFO - Sync 1 DAGs
[2025-11-14T22:07:58.365+0000] {logging_mixin.py:190} INFO - [2025-11-14T22:07:58.365+0000] {dag.py:4180} INFO - Setting next_dagrun for example_params_ui_tutorial to None, run_after=None
[2025-11-14T22:07:58.373+0000] {processor.py:208} INFO - Processing /home/airflow/.local/lib/python3.12/site-packages/airflow/example_dags/example_params_ui_tutorial.py took 0.039 seconds
[2025-11-14T22:08:28.613+0000] {processor.py:186} INFO - Started process (PID=5794) to work on /home/airflow/.local/lib/python3.12/site-packages/airflow/example_dags/example_params_ui_tutorial.py
[2025-11-14T22:08:28.613+0000] {processor.py:914} INFO - Processing file /home/airflow/.local/lib/python3.12/site-packages/airflow/example_dags/example_params_ui_tutorial.py for tasks to queue
[2025-11-14T22:08:28.614+0000] {logging_mixin.py:190} INFO - [2025-11-14T22:08:28.614+0000] {dagbag.py:588} INFO - Filling up the DagBag from /home/airflow/.local/lib/python3.12/site-packages/airflow/example_dags/example_params_ui_tutorial.py
[2025-11-14T22:08:28.618+0000] {processor.py:925} INFO - DAG(s) 'example_params_ui_tutorial' retrieved from /home/airflow/.local/lib/python3.12/site-packages/airflow/example_dags/example_params_ui_tutorial.py
[2025-11-14T22:08:28.634+0000] {logging_mixin.py:190} INFO - [2025-11-14T22:08:28.633+0000] {dag.py:3239} INFO - Sync 1 DAGs
[2025-11-14T22:08:28.639+0000] {logging_mixin.py:190} INFO - [2025-11-14T22:08:28.639+0000] {dag.py:4180} INFO - Setting next_dagrun for example_params_ui_tutorial to None, run_after=None
[2025-11-14T22:08:28.645+0000] {processor.py:208} INFO - Processing /home/airflow/.local/lib/python3.12/site-packages/airflow/example_dags/example_params_ui_tutorial.py took 0.035 seconds
[2025-11-14T22:08:59.837+0000] {processor.py:186} INFO - Started process (PID=5856) to work on /home/airflow/.local/lib/python3.12/site-packages/airflow/example_dags/example_params_ui_tutorial.py
[2025-11-14T22:08:59.838+0000] {processor.py:914} INFO - Processing file /home/airflow/.local/lib/python3.12/site-packages/airflow/example_dags/example_params_ui_tutorial.py for tasks to queue
[2025-11-14T22:08:59.840+0000] {logging_mixin.py:190} INFO - [2025-11-14T22:08:59.840+0000] {dagbag.py:588} INFO - Filling up the DagBag from /home/airflow/.local/lib/python3.12/site-packages/airflow/example_dags/example_params_ui_tutorial.py
[2025-11-14T22:08:59.846+0000] {processor.py:925} INFO - DAG(s) 'example_params_ui_tutorial' retrieved from /home/airflow/.local/lib/python3.12/site-packages/airflow/example_dags/example_params_ui_tutorial.py
[2025-11-14T22:08:59.869+0000] {logging_mixin.py:190} INFO - [2025-11-14T22:08:59.869+0000] {dag.py:3239} INFO - Sync 1 DAGs
[2025-11-14T22:08:59.875+0000] {logging_mixin.py:190} INFO - [2025-11-14T22:08:59.874+0000] {dag.py:4180} INFO - Setting next_dagrun for example_params_ui_tutorial to None, run_after=None
[2025-11-14T22:08:59.881+0000] {processor.py:208} INFO - Processing /home/airflow/.local/lib/python3.12/site-packages/airflow/example_dags/example_params_ui_tutorial.py took 0.047 seconds
[2025-11-14T22:09:30.183+0000] {processor.py:186} INFO - Started process (PID=5918) to work on /home/airflow/.local/lib/python3.12/site-packages/airflow/example_dags/example_params_ui_tutorial.py
[2025-11-14T22:09:30.183+0000] {processor.py:914} INFO - Processing file /home/airflow/.local/lib/python3.12/site-packages/airflow/example_dags/example_params_ui_tutorial.py for tasks to queue
[2025-11-14T22:09:30.184+0000] {logging_mixin.py:190} INFO - [2025-11-14T22:09:30.184+0000] {dagbag.py:588} INFO - Filling up the DagBag from /home/airflow/.local/lib/python3.12/site-packages/airflow/example_dags/example_params_ui_tutorial.py
[2025-11-14T22:09:30.188+0000] {processor.py:925} INFO - DAG(s) 'example_params_ui_tutorial' retrieved from /home/airflow/.local/lib/python3.12/site-packages/airflow/example_dags/example_params_ui_tutorial.py
[2025-11-14T22:09:30.208+0000] {logging_mixin.py:190} INFO - [2025-11-14T22:09:30.208+0000] {dag.py:3239} INFO - Sync 1 DAGs
[2025-11-14T22:09:30.215+0000] {logging_mixin.py:190} INFO - [2025-11-14T22:09:30.215+0000] {dag.py:4180} INFO - Setting next_dagrun for example_params_ui_tutorial to None, run_after=None
[2025-11-14T22:09:30.222+0000] {processor.py:208} INFO - Processing /home/airflow/.local/lib/python3.12/site-packages/airflow/example_dags/example_params_ui_tutorial.py took 0.042 seconds
[2025-11-14T22:10:01.399+0000] {processor.py:186} INFO - Started process (PID=5980) to work on /home/airflow/.local/lib/python3.12/site-packages/airflow/example_dags/example_params_ui_tutorial.py
[2025-11-14T22:10:01.400+0000] {processor.py:914} INFO - Processing file /home/airflow/.local/lib/python3.12/site-packages/airflow/example_dags/example_params_ui_tutorial.py for tasks to queue
[2025-11-14T22:10:01.401+0000] {logging_mixin.py:190} INFO - [2025-11-14T22:10:01.401+0000] {dagbag.py:588} INFO - Filling up the DagBag from /home/airflow/.local/lib/python3.12/site-packages/airflow/example_dags/example_params_ui_tutorial.py
[2025-11-14T22:10:01.407+0000] {processor.py:925} INFO - DAG(s) 'example_params_ui_tutorial' retrieved from /home/airflow/.local/lib/python3.12/site-packages/airflow/example_dags/example_params_ui_tutorial.py
[2025-11-14T22:10:01.422+0000] {logging_mixin.py:190} INFO - [2025-11-14T22:10:01.422+0000] {dag.py:3239} INFO - Sync 1 DAGs
[2025-11-14T22:10:01.427+0000] {logging_mixin.py:190} INFO - [2025-11-14T22:10:01.427+0000] {dag.py:4180} INFO - Setting next_dagrun for example_params_ui_tutorial to None, run_after=None
[2025-11-14T22:10:01.433+0000] {processor.py:208} INFO - Processing /home/airflow/.local/lib/python3.12/site-packages/airflow/example_dags/example_params_ui_tutorial.py took 0.037 seconds
[2025-11-14T22:10:31.707+0000] {processor.py:186} INFO - Started process (PID=6042) to work on /home/airflow/.local/lib/python3.12/site-packages/airflow/example_dags/example_params_ui_tutorial.py
[2025-11-14T22:10:31.707+0000] {processor.py:914} INFO - Processing file /home/airflow/.local/lib/python3.12/site-packages/airflow/example_dags/example_params_ui_tutorial.py for tasks to queue
[2025-11-14T22:10:31.709+0000] {logging_mixin.py:190} INFO - [2025-11-14T22:10:31.708+0000] {dagbag.py:588} INFO - Filling up the DagBag from /home/airflow/.local/lib/python3.12/site-packages/airflow/example_dags/example_params_ui_tutorial.py
[2025-11-14T22:10:31.715+0000] {processor.py:925} INFO - DAG(s) 'example_params_ui_tutorial' retrieved from /home/airflow/.local/lib/python3.12/site-packages/airflow/example_dags/example_params_ui_tutorial.py
[2025-11-14T22:10:31.730+0000] {logging_mixin.py:190} INFO - [2025-11-14T22:10:31.730+0000] {dag.py:3239} INFO - Sync 1 DAGs
[2025-11-14T22:10:31.738+0000] {logging_mixin.py:190} INFO - [2025-11-14T22:10:31.737+0000] {dag.py:4180} INFO - Setting next_dagrun for example_params_ui_tutorial to None, run_after=None
[2025-11-14T22:10:31.746+0000] {processor.py:208} INFO - Processing /home/airflow/.local/lib/python3.12/site-packages/airflow/example_dags/example_params_ui_tutorial.py took 0.042 seconds
[2025-11-14T22:11:01.993+0000] {processor.py:186} INFO - Started process (PID=6104) to work on /home/airflow/.local/lib/python3.12/site-packages/airflow/example_dags/example_params_ui_tutorial.py
[2025-11-14T22:11:01.993+0000] {processor.py:914} INFO - Processing file /home/airflow/.local/lib/python3.12/site-packages/airflow/example_dags/example_params_ui_tutorial.py for tasks to queue
[2025-11-14T22:11:01.994+0000] {logging_mixin.py:190} INFO - [2025-11-14T22:11:01.994+0000] {dagbag.py:588} INFO - Filling up the DagBag from /home/airflow/.local/lib/python3.12/site-packages/airflow/example_dags/example_params_ui_tutorial.py
[2025-11-14T22:11:01.998+0000] {processor.py:925} INFO - DAG(s) 'example_params_ui_tutorial' retrieved from /home/airflow/.local/lib/python3.12/site-packages/airflow/example_dags/example_params_ui_tutorial.py
[2025-11-14T22:11:02.014+0000] {logging_mixin.py:190} INFO - [2025-11-14T22:11:02.014+0000] {dag.py:3239} INFO - Sync 1 DAGs
[2025-11-14T22:11:02.019+0000] {logging_mixin.py:190} INFO - [2025-11-14T22:11:02.019+0000] {dag.py:4180} INFO - Setting next_dagrun for example_params_ui_tutorial to None, run_after=None
[2025-11-14T22:11:02.025+0000] {processor.py:208} INFO - Processing /home/airflow/.local/lib/python3.12/site-packages/airflow/example_dags/example_params_ui_tutorial.py took 0.035 seconds
[2025-11-14T22:11:33.209+0000] {processor.py:186} INFO - Started process (PID=6166) to work on /home/airflow/.local/lib/python3.12/site-packages/airflow/example_dags/example_params_ui_tutorial.py
[2025-11-14T22:11:33.209+0000] {processor.py:914} INFO - Processing file /home/airflow/.local/lib/python3.12/site-packages/airflow/example_dags/example_params_ui_tutorial.py for tasks to queue
[2025-11-14T22:11:33.210+0000] {logging_mixin.py:190} INFO - [2025-11-14T22:11:33.210+0000] {dagbag.py:588} INFO - Filling up the DagBag from /home/airflow/.local/lib/python3.12/site-packages/airflow/example_dags/example_params_ui_tutorial.py
[2025-11-14T22:11:33.214+0000] {processor.py:925} INFO - DAG(s) 'example_params_ui_tutorial' retrieved from /home/airflow/.local/lib/python3.12/site-packages/airflow/example_dags/example_params_ui_tutorial.py
[2025-11-14T22:11:33.230+0000] {logging_mixin.py:190} INFO - [2025-11-14T22:11:33.230+0000] {dag.py:3239} INFO - Sync 1 DAGs
[2025-11-14T22:11:33.235+0000] {logging_mixin.py:190} INFO - [2025-11-14T22:11:33.235+0000] {dag.py:4180} INFO - Setting next_dagrun for example_params_ui_tutorial to None, run_after=None
[2025-11-14T22:11:33.242+0000] {processor.py:208} INFO - Processing /home/airflow/.local/lib/python3.12/site-packages/airflow/example_dags/example_params_ui_tutorial.py took 0.035 seconds
[2025-11-14T22:12:04.603+0000] {processor.py:186} INFO - Started process (PID=6228) to work on /home/airflow/.local/lib/python3.12/site-packages/airflow/example_dags/example_params_ui_tutorial.py
[2025-11-14T22:12:04.604+0000] {processor.py:914} INFO - Processing file /home/airflow/.local/lib/python3.12/site-packages/airflow/example_dags/example_params_ui_tutorial.py for tasks to queue
[2025-11-14T22:12:04.605+0000] {logging_mixin.py:190} INFO - [2025-11-14T22:12:04.605+0000] {dagbag.py:588} INFO - Filling up the DagBag from /home/airflow/.local/lib/python3.12/site-packages/airflow/example_dags/example_params_ui_tutorial.py
[2025-11-14T22:12:04.609+0000] {processor.py:925} INFO - DAG(s) 'example_params_ui_tutorial' retrieved from /home/airflow/.local/lib/python3.12/site-packages/airflow/example_dags/example_params_ui_tutorial.py
[2025-11-14T22:12:04.628+0000] {logging_mixin.py:190} INFO - [2025-11-14T22:12:04.628+0000] {dag.py:3239} INFO - Sync 1 DAGs
[2025-11-14T22:12:04.637+0000] {logging_mixin.py:190} INFO - [2025-11-14T22:12:04.637+0000] {dag.py:4180} INFO - Setting next_dagrun for example_params_ui_tutorial to None, run_after=None
[2025-11-14T22:12:04.645+0000] {processor.py:208} INFO - Processing /home/airflow/.local/lib/python3.12/site-packages/airflow/example_dags/example_params_ui_tutorial.py took 0.045 seconds
[2025-11-14T22:12:34.792+0000] {processor.py:186} INFO - Started process (PID=6290) to work on /home/airflow/.local/lib/python3.12/site-packages/airflow/example_dags/example_params_ui_tutorial.py
[2025-11-14T22:12:34.793+0000] {processor.py:914} INFO - Processing file /home/airflow/.local/lib/python3.12/site-packages/airflow/example_dags/example_params_ui_tutorial.py for tasks to queue
[2025-11-14T22:12:34.794+0000] {logging_mixin.py:190} INFO - [2025-11-14T22:12:34.794+0000] {dagbag.py:588} INFO - Filling up the DagBag from /home/airflow/.local/lib/python3.12/site-packages/airflow/example_dags/example_params_ui_tutorial.py
[2025-11-14T22:12:34.798+0000] {processor.py:925} INFO - DAG(s) 'example_params_ui_tutorial' retrieved from /home/airflow/.local/lib/python3.12/site-packages/airflow/example_dags/example_params_ui_tutorial.py
[2025-11-14T22:12:34.814+0000] {logging_mixin.py:190} INFO - [2025-11-14T22:12:34.814+0000] {dag.py:3239} INFO - Sync 1 DAGs
[2025-11-14T22:12:34.819+0000] {logging_mixin.py:190} INFO - [2025-11-14T22:12:34.819+0000] {dag.py:4180} INFO - Setting next_dagrun for example_params_ui_tutorial to None, run_after=None
[2025-11-14T22:12:34.826+0000] {processor.py:208} INFO - Processing /home/airflow/.local/lib/python3.12/site-packages/airflow/example_dags/example_params_ui_tutorial.py took 0.037 seconds
[2025-11-14T22:13:05.471+0000] {processor.py:186} INFO - Started process (PID=6352) to work on /home/airflow/.local/lib/python3.12/site-packages/airflow/example_dags/example_params_ui_tutorial.py
[2025-11-14T22:13:05.473+0000] {processor.py:914} INFO - Processing file /home/airflow/.local/lib/python3.12/site-packages/airflow/example_dags/example_params_ui_tutorial.py for tasks to queue
[2025-11-14T22:13:05.476+0000] {logging_mixin.py:190} INFO - [2025-11-14T22:13:05.476+0000] {dagbag.py:588} INFO - Filling up the DagBag from /home/airflow/.local/lib/python3.12/site-packages/airflow/example_dags/example_params_ui_tutorial.py
[2025-11-14T22:13:05.494+0000] {processor.py:925} INFO - DAG(s) 'example_params_ui_tutorial' retrieved from /home/airflow/.local/lib/python3.12/site-packages/airflow/example_dags/example_params_ui_tutorial.py
[2025-11-14T22:13:05.644+0000] {logging_mixin.py:190} INFO - [2025-11-14T22:13:05.644+0000] {dag.py:3239} INFO - Sync 1 DAGs
[2025-11-14T22:13:05.657+0000] {logging_mixin.py:190} INFO - [2025-11-14T22:13:05.656+0000] {dag.py:4180} INFO - Setting next_dagrun for example_params_ui_tutorial to None, run_after=None
[2025-11-14T22:13:05.665+0000] {processor.py:208} INFO - Processing /home/airflow/.local/lib/python3.12/site-packages/airflow/example_dags/example_params_ui_tutorial.py took 0.212 seconds
[2025-11-14T22:13:36.106+0000] {processor.py:186} INFO - Started process (PID=6414) to work on /home/airflow/.local/lib/python3.12/site-packages/airflow/example_dags/example_params_ui_tutorial.py
[2025-11-14T22:13:36.106+0000] {processor.py:914} INFO - Processing file /home/airflow/.local/lib/python3.12/site-packages/airflow/example_dags/example_params_ui_tutorial.py for tasks to queue
[2025-11-14T22:13:36.107+0000] {logging_mixin.py:190} INFO - [2025-11-14T22:13:36.107+0000] {dagbag.py:588} INFO - Filling up the DagBag from /home/airflow/.local/lib/python3.12/site-packages/airflow/example_dags/example_params_ui_tutorial.py
[2025-11-14T22:13:36.113+0000] {processor.py:925} INFO - DAG(s) 'example_params_ui_tutorial' retrieved from /home/airflow/.local/lib/python3.12/site-packages/airflow/example_dags/example_params_ui_tutorial.py
[2025-11-14T22:13:36.128+0000] {logging_mixin.py:190} INFO - [2025-11-14T22:13:36.128+0000] {dag.py:3239} INFO - Sync 1 DAGs
[2025-11-14T22:13:36.132+0000] {logging_mixin.py:190} INFO - [2025-11-14T22:13:36.132+0000] {dag.py:4180} INFO - Setting next_dagrun for example_params_ui_tutorial to None, run_after=None
[2025-11-14T22:13:36.138+0000] {processor.py:208} INFO - Processing /home/airflow/.local/lib/python3.12/site-packages/airflow/example_dags/example_params_ui_tutorial.py took 0.035 seconds
[2025-11-14T22:14:09.205+0000] {processor.py:186} INFO - Started process (PID=6470) to work on /home/airflow/.local/lib/python3.12/site-packages/airflow/example_dags/example_params_ui_tutorial.py
[2025-11-14T22:14:09.207+0000] {processor.py:914} INFO - Processing file /home/airflow/.local/lib/python3.12/site-packages/airflow/example_dags/example_params_ui_tutorial.py for tasks to queue
[2025-11-14T22:14:09.208+0000] {logging_mixin.py:190} INFO - [2025-11-14T22:14:09.208+0000] {dagbag.py:588} INFO - Filling up the DagBag from /home/airflow/.local/lib/python3.12/site-packages/airflow/example_dags/example_params_ui_tutorial.py
[2025-11-14T22:14:09.212+0000] {processor.py:925} INFO - DAG(s) 'example_params_ui_tutorial' retrieved from /home/airflow/.local/lib/python3.12/site-packages/airflow/example_dags/example_params_ui_tutorial.py
[2025-11-14T22:14:09.230+0000] {logging_mixin.py:190} INFO - [2025-11-14T22:14:09.230+0000] {dag.py:3239} INFO - Sync 1 DAGs
[2025-11-14T22:14:09.236+0000] {logging_mixin.py:190} INFO - [2025-11-14T22:14:09.236+0000] {dag.py:4180} INFO - Setting next_dagrun for example_params_ui_tutorial to None, run_after=None
[2025-11-14T22:14:09.243+0000] {processor.py:208} INFO - Processing /home/airflow/.local/lib/python3.12/site-packages/airflow/example_dags/example_params_ui_tutorial.py took 0.040 seconds
[2025-11-14T22:16:34.091+0000] {processor.py:186} INFO - Started process (PID=6532) to work on /home/airflow/.local/lib/python3.12/site-packages/airflow/example_dags/example_params_ui_tutorial.py
[2025-11-14T22:16:34.092+0000] {processor.py:914} INFO - Processing file /home/airflow/.local/lib/python3.12/site-packages/airflow/example_dags/example_params_ui_tutorial.py for tasks to queue
[2025-11-14T22:16:34.094+0000] {logging_mixin.py:190} INFO - [2025-11-14T22:16:34.094+0000] {dagbag.py:588} INFO - Filling up the DagBag from /home/airflow/.local/lib/python3.12/site-packages/airflow/example_dags/example_params_ui_tutorial.py
[2025-11-14T22:16:34.100+0000] {processor.py:925} INFO - DAG(s) 'example_params_ui_tutorial' retrieved from /home/airflow/.local/lib/python3.12/site-packages/airflow/example_dags/example_params_ui_tutorial.py
[2025-11-14T22:16:34.131+0000] {logging_mixin.py:190} INFO - [2025-11-14T22:16:34.131+0000] {dag.py:3239} INFO - Sync 1 DAGs
[2025-11-14T22:16:34.138+0000] {logging_mixin.py:190} INFO - [2025-11-14T22:16:34.138+0000] {dag.py:4180} INFO - Setting next_dagrun for example_params_ui_tutorial to None, run_after=None
[2025-11-14T22:16:34.147+0000] {processor.py:208} INFO - Processing /home/airflow/.local/lib/python3.12/site-packages/airflow/example_dags/example_params_ui_tutorial.py took 0.060 seconds
[2025-11-14T22:17:04.708+0000] {processor.py:186} INFO - Started process (PID=6594) to work on /home/airflow/.local/lib/python3.12/site-packages/airflow/example_dags/example_params_ui_tutorial.py
[2025-11-14T22:17:04.709+0000] {processor.py:914} INFO - Processing file /home/airflow/.local/lib/python3.12/site-packages/airflow/example_dags/example_params_ui_tutorial.py for tasks to queue
[2025-11-14T22:17:04.709+0000] {logging_mixin.py:190} INFO - [2025-11-14T22:17:04.709+0000] {dagbag.py:588} INFO - Filling up the DagBag from /home/airflow/.local/lib/python3.12/site-packages/airflow/example_dags/example_params_ui_tutorial.py
[2025-11-14T22:17:04.713+0000] {processor.py:925} INFO - DAG(s) 'example_params_ui_tutorial' retrieved from /home/airflow/.local/lib/python3.12/site-packages/airflow/example_dags/example_params_ui_tutorial.py
[2025-11-14T22:17:04.733+0000] {logging_mixin.py:190} INFO - [2025-11-14T22:17:04.733+0000] {dag.py:3239} INFO - Sync 1 DAGs
[2025-11-14T22:17:04.738+0000] {logging_mixin.py:190} INFO - [2025-11-14T22:17:04.738+0000] {dag.py:4180} INFO - Setting next_dagrun for example_params_ui_tutorial to None, run_after=None
[2025-11-14T22:17:04.751+0000] {processor.py:208} INFO - Processing /home/airflow/.local/lib/python3.12/site-packages/airflow/example_dags/example_params_ui_tutorial.py took 0.045 seconds
[2025-11-14T22:18:01.329+0000] {processor.py:186} INFO - Started process (PID=6656) to work on /home/airflow/.local/lib/python3.12/site-packages/airflow/example_dags/example_params_ui_tutorial.py
[2025-11-14T22:18:01.330+0000] {processor.py:914} INFO - Processing file /home/airflow/.local/lib/python3.12/site-packages/airflow/example_dags/example_params_ui_tutorial.py for tasks to queue
[2025-11-14T22:18:01.331+0000] {logging_mixin.py:190} INFO - [2025-11-14T22:18:01.331+0000] {dagbag.py:588} INFO - Filling up the DagBag from /home/airflow/.local/lib/python3.12/site-packages/airflow/example_dags/example_params_ui_tutorial.py
[2025-11-14T22:18:01.335+0000] {processor.py:925} INFO - DAG(s) 'example_params_ui_tutorial' retrieved from /home/airflow/.local/lib/python3.12/site-packages/airflow/example_dags/example_params_ui_tutorial.py
[2025-11-14T22:18:01.355+0000] {logging_mixin.py:190} INFO - [2025-11-14T22:18:01.355+0000] {dag.py:3239} INFO - Sync 1 DAGs
[2025-11-14T22:18:01.360+0000] {logging_mixin.py:190} INFO - [2025-11-14T22:18:01.360+0000] {dag.py:4180} INFO - Setting next_dagrun for example_params_ui_tutorial to None, run_after=None
[2025-11-14T22:18:01.371+0000] {processor.py:208} INFO - Processing /home/airflow/.local/lib/python3.12/site-packages/airflow/example_dags/example_params_ui_tutorial.py took 0.044 seconds
[2025-11-14T22:19:04.885+0000] {processor.py:186} INFO - Started process (PID=6718) to work on /home/airflow/.local/lib/python3.12/site-packages/airflow/example_dags/example_params_ui_tutorial.py
[2025-11-14T22:19:04.886+0000] {processor.py:914} INFO - Processing file /home/airflow/.local/lib/python3.12/site-packages/airflow/example_dags/example_params_ui_tutorial.py for tasks to queue
[2025-11-14T22:19:04.888+0000] {logging_mixin.py:190} INFO - [2025-11-14T22:19:04.888+0000] {dagbag.py:588} INFO - Filling up the DagBag from /home/airflow/.local/lib/python3.12/site-packages/airflow/example_dags/example_params_ui_tutorial.py
[2025-11-14T22:19:04.894+0000] {processor.py:925} INFO - DAG(s) 'example_params_ui_tutorial' retrieved from /home/airflow/.local/lib/python3.12/site-packages/airflow/example_dags/example_params_ui_tutorial.py
[2025-11-14T22:19:04.925+0000] {logging_mixin.py:190} INFO - [2025-11-14T22:19:04.924+0000] {dag.py:3239} INFO - Sync 1 DAGs
[2025-11-14T22:19:04.935+0000] {logging_mixin.py:190} INFO - [2025-11-14T22:19:04.934+0000] {dag.py:4180} INFO - Setting next_dagrun for example_params_ui_tutorial to None, run_after=None
[2025-11-14T22:19:04.946+0000] {processor.py:208} INFO - Processing /home/airflow/.local/lib/python3.12/site-packages/airflow/example_dags/example_params_ui_tutorial.py took 0.064 seconds
[2025-11-14T22:19:35.086+0000] {processor.py:186} INFO - Started process (PID=6780) to work on /home/airflow/.local/lib/python3.12/site-packages/airflow/example_dags/example_params_ui_tutorial.py
[2025-11-14T22:19:35.086+0000] {processor.py:914} INFO - Processing file /home/airflow/.local/lib/python3.12/site-packages/airflow/example_dags/example_params_ui_tutorial.py for tasks to queue
[2025-11-14T22:19:35.087+0000] {logging_mixin.py:190} INFO - [2025-11-14T22:19:35.087+0000] {dagbag.py:588} INFO - Filling up the DagBag from /home/airflow/.local/lib/python3.12/site-packages/airflow/example_dags/example_params_ui_tutorial.py
[2025-11-14T22:19:35.092+0000] {processor.py:925} INFO - DAG(s) 'example_params_ui_tutorial' retrieved from /home/airflow/.local/lib/python3.12/site-packages/airflow/example_dags/example_params_ui_tutorial.py
[2025-11-14T22:19:35.111+0000] {logging_mixin.py:190} INFO - [2025-11-14T22:19:35.111+0000] {dag.py:3239} INFO - Sync 1 DAGs
[2025-11-14T22:19:35.117+0000] {logging_mixin.py:190} INFO - [2025-11-14T22:19:35.116+0000] {dag.py:4180} INFO - Setting next_dagrun for example_params_ui_tutorial to None, run_after=None
[2025-11-14T22:19:35.123+0000] {processor.py:208} INFO - Processing /home/airflow/.local/lib/python3.12/site-packages/airflow/example_dags/example_params_ui_tutorial.py took 0.040 seconds
[2025-11-14T22:20:33.225+0000] {processor.py:186} INFO - Started process (PID=6842) to work on /home/airflow/.local/lib/python3.12/site-packages/airflow/example_dags/example_params_ui_tutorial.py
[2025-11-14T22:20:33.226+0000] {processor.py:914} INFO - Processing file /home/airflow/.local/lib/python3.12/site-packages/airflow/example_dags/example_params_ui_tutorial.py for tasks to queue
[2025-11-14T22:20:33.227+0000] {logging_mixin.py:190} INFO - [2025-11-14T22:20:33.227+0000] {dagbag.py:588} INFO - Filling up the DagBag from /home/airflow/.local/lib/python3.12/site-packages/airflow/example_dags/example_params_ui_tutorial.py
[2025-11-14T22:20:33.231+0000] {processor.py:925} INFO - DAG(s) 'example_params_ui_tutorial' retrieved from /home/airflow/.local/lib/python3.12/site-packages/airflow/example_dags/example_params_ui_tutorial.py
[2025-11-14T22:20:33.247+0000] {logging_mixin.py:190} INFO - [2025-11-14T22:20:33.247+0000] {dag.py:3239} INFO - Sync 1 DAGs
[2025-11-14T22:20:33.253+0000] {logging_mixin.py:190} INFO - [2025-11-14T22:20:33.253+0000] {dag.py:4180} INFO - Setting next_dagrun for example_params_ui_tutorial to None, run_after=None
[2025-11-14T22:20:33.264+0000] {processor.py:208} INFO - Processing /home/airflow/.local/lib/python3.12/site-packages/airflow/example_dags/example_params_ui_tutorial.py took 0.041 seconds
[2025-11-14T22:21:10.663+0000] {processor.py:186} INFO - Started process (PID=6904) to work on /home/airflow/.local/lib/python3.12/site-packages/airflow/example_dags/example_params_ui_tutorial.py
[2025-11-14T22:21:10.664+0000] {processor.py:914} INFO - Processing file /home/airflow/.local/lib/python3.12/site-packages/airflow/example_dags/example_params_ui_tutorial.py for tasks to queue
[2025-11-14T22:21:10.665+0000] {logging_mixin.py:190} INFO - [2025-11-14T22:21:10.665+0000] {dagbag.py:588} INFO - Filling up the DagBag from /home/airflow/.local/lib/python3.12/site-packages/airflow/example_dags/example_params_ui_tutorial.py
[2025-11-14T22:21:10.669+0000] {processor.py:925} INFO - DAG(s) 'example_params_ui_tutorial' retrieved from /home/airflow/.local/lib/python3.12/site-packages/airflow/example_dags/example_params_ui_tutorial.py
[2025-11-14T22:21:10.686+0000] {logging_mixin.py:190} INFO - [2025-11-14T22:21:10.685+0000] {dag.py:3239} INFO - Sync 1 DAGs
[2025-11-14T22:21:10.693+0000] {logging_mixin.py:190} INFO - [2025-11-14T22:21:10.693+0000] {dag.py:4180} INFO - Setting next_dagrun for example_params_ui_tutorial to None, run_after=None
[2025-11-14T22:21:10.704+0000] {processor.py:208} INFO - Processing /home/airflow/.local/lib/python3.12/site-packages/airflow/example_dags/example_params_ui_tutorial.py took 0.043 seconds
[2025-11-14T22:21:41.085+0000] {processor.py:186} INFO - Started process (PID=6966) to work on /home/airflow/.local/lib/python3.12/site-packages/airflow/example_dags/example_params_ui_tutorial.py
[2025-11-14T22:21:41.086+0000] {processor.py:914} INFO - Processing file /home/airflow/.local/lib/python3.12/site-packages/airflow/example_dags/example_params_ui_tutorial.py for tasks to queue
[2025-11-14T22:21:41.087+0000] {logging_mixin.py:190} INFO - [2025-11-14T22:21:41.087+0000] {dagbag.py:588} INFO - Filling up the DagBag from /home/airflow/.local/lib/python3.12/site-packages/airflow/example_dags/example_params_ui_tutorial.py
[2025-11-14T22:21:41.092+0000] {processor.py:925} INFO - DAG(s) 'example_params_ui_tutorial' retrieved from /home/airflow/.local/lib/python3.12/site-packages/airflow/example_dags/example_params_ui_tutorial.py
[2025-11-14T22:21:41.112+0000] {logging_mixin.py:190} INFO - [2025-11-14T22:21:41.111+0000] {dag.py:3239} INFO - Sync 1 DAGs
[2025-11-14T22:21:41.120+0000] {logging_mixin.py:190} INFO - [2025-11-14T22:21:41.120+0000] {dag.py:4180} INFO - Setting next_dagrun for example_params_ui_tutorial to None, run_after=None
[2025-11-14T22:21:41.129+0000] {processor.py:208} INFO - Processing /home/airflow/.local/lib/python3.12/site-packages/airflow/example_dags/example_params_ui_tutorial.py took 0.047 seconds
[2025-11-14T22:23:02.733+0000] {processor.py:186} INFO - Started process (PID=7028) to work on /home/airflow/.local/lib/python3.12/site-packages/airflow/example_dags/example_params_ui_tutorial.py
[2025-11-14T22:23:02.734+0000] {processor.py:914} INFO - Processing file /home/airflow/.local/lib/python3.12/site-packages/airflow/example_dags/example_params_ui_tutorial.py for tasks to queue
[2025-11-14T22:23:02.736+0000] {logging_mixin.py:190} INFO - [2025-11-14T22:23:02.736+0000] {dagbag.py:588} INFO - Filling up the DagBag from /home/airflow/.local/lib/python3.12/site-packages/airflow/example_dags/example_params_ui_tutorial.py
[2025-11-14T22:23:02.741+0000] {processor.py:925} INFO - DAG(s) 'example_params_ui_tutorial' retrieved from /home/airflow/.local/lib/python3.12/site-packages/airflow/example_dags/example_params_ui_tutorial.py
[2025-11-14T22:23:02.761+0000] {logging_mixin.py:190} INFO - [2025-11-14T22:23:02.761+0000] {dag.py:3239} INFO - Sync 1 DAGs
[2025-11-14T22:23:02.767+0000] {logging_mixin.py:190} INFO - [2025-11-14T22:23:02.766+0000] {dag.py:4180} INFO - Setting next_dagrun for example_params_ui_tutorial to None, run_after=None
[2025-11-14T22:23:02.773+0000] {processor.py:208} INFO - Processing /home/airflow/.local/lib/python3.12/site-packages/airflow/example_dags/example_params_ui_tutorial.py took 0.043 seconds
[2025-11-14T22:23:48.433+0000] {processor.py:186} INFO - Started process (PID=7090) to work on /home/airflow/.local/lib/python3.12/site-packages/airflow/example_dags/example_params_ui_tutorial.py
[2025-11-14T22:23:48.434+0000] {processor.py:914} INFO - Processing file /home/airflow/.local/lib/python3.12/site-packages/airflow/example_dags/example_params_ui_tutorial.py for tasks to queue
[2025-11-14T22:23:48.436+0000] {logging_mixin.py:190} INFO - [2025-11-14T22:23:48.436+0000] {dagbag.py:588} INFO - Filling up the DagBag from /home/airflow/.local/lib/python3.12/site-packages/airflow/example_dags/example_params_ui_tutorial.py
[2025-11-14T22:23:48.442+0000] {processor.py:925} INFO - DAG(s) 'example_params_ui_tutorial' retrieved from /home/airflow/.local/lib/python3.12/site-packages/airflow/example_dags/example_params_ui_tutorial.py
[2025-11-14T22:23:48.461+0000] {logging_mixin.py:190} INFO - [2025-11-14T22:23:48.461+0000] {dag.py:3239} INFO - Sync 1 DAGs
[2025-11-14T22:23:48.470+0000] {logging_mixin.py:190} INFO - [2025-11-14T22:23:48.469+0000] {dag.py:4180} INFO - Setting next_dagrun for example_params_ui_tutorial to None, run_after=None
[2025-11-14T22:23:48.482+0000] {processor.py:208} INFO - Processing /home/airflow/.local/lib/python3.12/site-packages/airflow/example_dags/example_params_ui_tutorial.py took 0.052 seconds
[2025-11-14T22:33:29.311+0000] {processor.py:186} INFO - Started process (PID=7152) to work on /home/airflow/.local/lib/python3.12/site-packages/airflow/example_dags/example_params_ui_tutorial.py
[2025-11-14T22:33:29.312+0000] {processor.py:914} INFO - Processing file /home/airflow/.local/lib/python3.12/site-packages/airflow/example_dags/example_params_ui_tutorial.py for tasks to queue
[2025-11-14T22:33:29.315+0000] {logging_mixin.py:190} INFO - [2025-11-14T22:33:29.314+0000] {dagbag.py:588} INFO - Filling up the DagBag from /home/airflow/.local/lib/python3.12/site-packages/airflow/example_dags/example_params_ui_tutorial.py
[2025-11-14T22:33:29.321+0000] {processor.py:925} INFO - DAG(s) 'example_params_ui_tutorial' retrieved from /home/airflow/.local/lib/python3.12/site-packages/airflow/example_dags/example_params_ui_tutorial.py
[2025-11-14T22:33:29.347+0000] {logging_mixin.py:190} INFO - [2025-11-14T22:33:29.347+0000] {dag.py:3239} INFO - Sync 1 DAGs
[2025-11-14T22:33:29.359+0000] {logging_mixin.py:190} INFO - [2025-11-14T22:33:29.359+0000] {dag.py:4180} INFO - Setting next_dagrun for example_params_ui_tutorial to None, run_after=None
[2025-11-14T22:33:29.377+0000] {processor.py:208} INFO - Processing /home/airflow/.local/lib/python3.12/site-packages/airflow/example_dags/example_params_ui_tutorial.py took 0.069 seconds
[2025-11-14T22:34:00.092+0000] {processor.py:186} INFO - Started process (PID=7214) to work on /home/airflow/.local/lib/python3.12/site-packages/airflow/example_dags/example_params_ui_tutorial.py
[2025-11-14T22:34:00.093+0000] {processor.py:914} INFO - Processing file /home/airflow/.local/lib/python3.12/site-packages/airflow/example_dags/example_params_ui_tutorial.py for tasks to queue
[2025-11-14T22:34:00.094+0000] {logging_mixin.py:190} INFO - [2025-11-14T22:34:00.094+0000] {dagbag.py:588} INFO - Filling up the DagBag from /home/airflow/.local/lib/python3.12/site-packages/airflow/example_dags/example_params_ui_tutorial.py
[2025-11-14T22:34:00.100+0000] {processor.py:925} INFO - DAG(s) 'example_params_ui_tutorial' retrieved from /home/airflow/.local/lib/python3.12/site-packages/airflow/example_dags/example_params_ui_tutorial.py
[2025-11-14T22:34:00.125+0000] {logging_mixin.py:190} INFO - [2025-11-14T22:34:00.125+0000] {dag.py:3239} INFO - Sync 1 DAGs
[2025-11-14T22:34:00.140+0000] {logging_mixin.py:190} INFO - [2025-11-14T22:34:00.139+0000] {dag.py:4180} INFO - Setting next_dagrun for example_params_ui_tutorial to None, run_after=None
[2025-11-14T22:34:00.152+0000] {processor.py:208} INFO - Processing /home/airflow/.local/lib/python3.12/site-packages/airflow/example_dags/example_params_ui_tutorial.py took 0.063 seconds
[2025-11-14T22:34:30.617+0000] {processor.py:186} INFO - Started process (PID=7276) to work on /home/airflow/.local/lib/python3.12/site-packages/airflow/example_dags/example_params_ui_tutorial.py
[2025-11-14T22:34:30.617+0000] {processor.py:914} INFO - Processing file /home/airflow/.local/lib/python3.12/site-packages/airflow/example_dags/example_params_ui_tutorial.py for tasks to queue
[2025-11-14T22:34:30.619+0000] {logging_mixin.py:190} INFO - [2025-11-14T22:34:30.619+0000] {dagbag.py:588} INFO - Filling up the DagBag from /home/airflow/.local/lib/python3.12/site-packages/airflow/example_dags/example_params_ui_tutorial.py
[2025-11-14T22:34:30.624+0000] {processor.py:925} INFO - DAG(s) 'example_params_ui_tutorial' retrieved from /home/airflow/.local/lib/python3.12/site-packages/airflow/example_dags/example_params_ui_tutorial.py
[2025-11-14T22:34:30.649+0000] {logging_mixin.py:190} INFO - [2025-11-14T22:34:30.649+0000] {dag.py:3239} INFO - Sync 1 DAGs
[2025-11-14T22:34:30.659+0000] {logging_mixin.py:190} INFO - [2025-11-14T22:34:30.659+0000] {dag.py:4180} INFO - Setting next_dagrun for example_params_ui_tutorial to None, run_after=None
[2025-11-14T22:34:30.677+0000] {processor.py:208} INFO - Processing /home/airflow/.local/lib/python3.12/site-packages/airflow/example_dags/example_params_ui_tutorial.py took 0.064 seconds
[2025-11-14T22:35:00.877+0000] {processor.py:186} INFO - Started process (PID=7338) to work on /home/airflow/.local/lib/python3.12/site-packages/airflow/example_dags/example_params_ui_tutorial.py
[2025-11-14T22:35:00.878+0000] {processor.py:914} INFO - Processing file /home/airflow/.local/lib/python3.12/site-packages/airflow/example_dags/example_params_ui_tutorial.py for tasks to queue
[2025-11-14T22:35:00.879+0000] {logging_mixin.py:190} INFO - [2025-11-14T22:35:00.879+0000] {dagbag.py:588} INFO - Filling up the DagBag from /home/airflow/.local/lib/python3.12/site-packages/airflow/example_dags/example_params_ui_tutorial.py
[2025-11-14T22:35:00.883+0000] {processor.py:925} INFO - DAG(s) 'example_params_ui_tutorial' retrieved from /home/airflow/.local/lib/python3.12/site-packages/airflow/example_dags/example_params_ui_tutorial.py
[2025-11-14T22:35:00.898+0000] {logging_mixin.py:190} INFO - [2025-11-14T22:35:00.898+0000] {dag.py:3239} INFO - Sync 1 DAGs
[2025-11-14T22:35:00.904+0000] {logging_mixin.py:190} INFO - [2025-11-14T22:35:00.904+0000] {dag.py:4180} INFO - Setting next_dagrun for example_params_ui_tutorial to None, run_after=None
[2025-11-14T22:35:00.910+0000] {processor.py:208} INFO - Processing /home/airflow/.local/lib/python3.12/site-packages/airflow/example_dags/example_params_ui_tutorial.py took 0.035 seconds
[2025-11-14T22:35:31.002+0000] {processor.py:186} INFO - Started process (PID=7399) to work on /home/airflow/.local/lib/python3.12/site-packages/airflow/example_dags/example_params_ui_tutorial.py
[2025-11-14T22:35:31.002+0000] {processor.py:914} INFO - Processing file /home/airflow/.local/lib/python3.12/site-packages/airflow/example_dags/example_params_ui_tutorial.py for tasks to queue
[2025-11-14T22:35:31.003+0000] {logging_mixin.py:190} INFO - [2025-11-14T22:35:31.003+0000] {dagbag.py:588} INFO - Filling up the DagBag from /home/airflow/.local/lib/python3.12/site-packages/airflow/example_dags/example_params_ui_tutorial.py
[2025-11-14T22:35:31.007+0000] {processor.py:925} INFO - DAG(s) 'example_params_ui_tutorial' retrieved from /home/airflow/.local/lib/python3.12/site-packages/airflow/example_dags/example_params_ui_tutorial.py
[2025-11-14T22:35:31.023+0000] {logging_mixin.py:190} INFO - [2025-11-14T22:35:31.023+0000] {dag.py:3239} INFO - Sync 1 DAGs
[2025-11-14T22:35:31.030+0000] {logging_mixin.py:190} INFO - [2025-11-14T22:35:31.030+0000] {dag.py:4180} INFO - Setting next_dagrun for example_params_ui_tutorial to None, run_after=None
[2025-11-14T22:35:31.036+0000] {processor.py:208} INFO - Processing /home/airflow/.local/lib/python3.12/site-packages/airflow/example_dags/example_params_ui_tutorial.py took 0.037 seconds
[2025-11-14T22:36:02.083+0000] {processor.py:186} INFO - Started process (PID=7462) to work on /home/airflow/.local/lib/python3.12/site-packages/airflow/example_dags/example_params_ui_tutorial.py
[2025-11-14T22:36:02.084+0000] {processor.py:914} INFO - Processing file /home/airflow/.local/lib/python3.12/site-packages/airflow/example_dags/example_params_ui_tutorial.py for tasks to queue
[2025-11-14T22:36:02.085+0000] {logging_mixin.py:190} INFO - [2025-11-14T22:36:02.085+0000] {dagbag.py:588} INFO - Filling up the DagBag from /home/airflow/.local/lib/python3.12/site-packages/airflow/example_dags/example_params_ui_tutorial.py
[2025-11-14T22:36:02.089+0000] {processor.py:925} INFO - DAG(s) 'example_params_ui_tutorial' retrieved from /home/airflow/.local/lib/python3.12/site-packages/airflow/example_dags/example_params_ui_tutorial.py
[2025-11-14T22:36:02.108+0000] {logging_mixin.py:190} INFO - [2025-11-14T22:36:02.108+0000] {dag.py:3239} INFO - Sync 1 DAGs
[2025-11-14T22:36:02.116+0000] {logging_mixin.py:190} INFO - [2025-11-14T22:36:02.116+0000] {dag.py:4180} INFO - Setting next_dagrun for example_params_ui_tutorial to None, run_after=None
[2025-11-14T22:36:02.124+0000] {processor.py:208} INFO - Processing /home/airflow/.local/lib/python3.12/site-packages/airflow/example_dags/example_params_ui_tutorial.py took 0.044 seconds
[2025-11-14T22:36:32.762+0000] {processor.py:186} INFO - Started process (PID=7524) to work on /home/airflow/.local/lib/python3.12/site-packages/airflow/example_dags/example_params_ui_tutorial.py
[2025-11-14T22:36:32.765+0000] {processor.py:914} INFO - Processing file /home/airflow/.local/lib/python3.12/site-packages/airflow/example_dags/example_params_ui_tutorial.py for tasks to queue
[2025-11-14T22:36:32.767+0000] {logging_mixin.py:190} INFO - [2025-11-14T22:36:32.766+0000] {dagbag.py:588} INFO - Filling up the DagBag from /home/airflow/.local/lib/python3.12/site-packages/airflow/example_dags/example_params_ui_tutorial.py
[2025-11-14T22:36:32.774+0000] {processor.py:925} INFO - DAG(s) 'example_params_ui_tutorial' retrieved from /home/airflow/.local/lib/python3.12/site-packages/airflow/example_dags/example_params_ui_tutorial.py
[2025-11-14T22:36:32.796+0000] {logging_mixin.py:190} INFO - [2025-11-14T22:36:32.796+0000] {dag.py:3239} INFO - Sync 1 DAGs
[2025-11-14T22:36:32.803+0000] {logging_mixin.py:190} INFO - [2025-11-14T22:36:32.803+0000] {dag.py:4180} INFO - Setting next_dagrun for example_params_ui_tutorial to None, run_after=None
[2025-11-14T22:36:32.809+0000] {processor.py:208} INFO - Processing /home/airflow/.local/lib/python3.12/site-packages/airflow/example_dags/example_params_ui_tutorial.py took 0.050 seconds
[2025-11-14T22:37:16.711+0000] {processor.py:186} INFO - Started process (PID=72) to work on /home/airflow/.local/lib/python3.12/site-packages/airflow/example_dags/example_params_ui_tutorial.py
[2025-11-14T22:37:16.713+0000] {processor.py:914} INFO - Processing file /home/airflow/.local/lib/python3.12/site-packages/airflow/example_dags/example_params_ui_tutorial.py for tasks to queue
[2025-11-14T22:37:16.715+0000] {logging_mixin.py:190} INFO - [2025-11-14T22:37:16.715+0000] {dagbag.py:588} INFO - Filling up the DagBag from /home/airflow/.local/lib/python3.12/site-packages/airflow/example_dags/example_params_ui_tutorial.py
[2025-11-14T22:37:16.720+0000] {processor.py:925} INFO - DAG(s) 'example_params_ui_tutorial' retrieved from /home/airflow/.local/lib/python3.12/site-packages/airflow/example_dags/example_params_ui_tutorial.py
[2025-11-14T22:37:16.756+0000] {logging_mixin.py:190} INFO - [2025-11-14T22:37:16.756+0000] {dag.py:3239} INFO - Sync 1 DAGs
[2025-11-14T22:37:16.764+0000] {logging_mixin.py:190} INFO - [2025-11-14T22:37:16.764+0000] {dag.py:4180} INFO - Setting next_dagrun for example_params_ui_tutorial to None, run_after=None
[2025-11-14T22:37:16.775+0000] {processor.py:208} INFO - Processing /home/airflow/.local/lib/python3.12/site-packages/airflow/example_dags/example_params_ui_tutorial.py took 0.084 seconds
[2025-11-14T22:37:47.515+0000] {processor.py:186} INFO - Started process (PID=134) to work on /home/airflow/.local/lib/python3.12/site-packages/airflow/example_dags/example_params_ui_tutorial.py
[2025-11-14T22:37:47.516+0000] {processor.py:914} INFO - Processing file /home/airflow/.local/lib/python3.12/site-packages/airflow/example_dags/example_params_ui_tutorial.py for tasks to queue
[2025-11-14T22:37:47.517+0000] {logging_mixin.py:190} INFO - [2025-11-14T22:37:47.517+0000] {dagbag.py:588} INFO - Filling up the DagBag from /home/airflow/.local/lib/python3.12/site-packages/airflow/example_dags/example_params_ui_tutorial.py
[2025-11-14T22:37:47.527+0000] {processor.py:925} INFO - DAG(s) 'example_params_ui_tutorial' retrieved from /home/airflow/.local/lib/python3.12/site-packages/airflow/example_dags/example_params_ui_tutorial.py
[2025-11-14T22:37:47.548+0000] {logging_mixin.py:190} INFO - [2025-11-14T22:37:47.548+0000] {dag.py:3239} INFO - Sync 1 DAGs
[2025-11-14T22:37:47.555+0000] {logging_mixin.py:190} INFO - [2025-11-14T22:37:47.555+0000] {dag.py:4180} INFO - Setting next_dagrun for example_params_ui_tutorial to None, run_after=None
[2025-11-14T22:37:47.563+0000] {processor.py:208} INFO - Processing /home/airflow/.local/lib/python3.12/site-packages/airflow/example_dags/example_params_ui_tutorial.py took 0.051 seconds
