[2025-11-14T21:21:17.573+0000] {processor.py:186} INFO - Started process (PID=100) to work on /home/airflow/.local/lib/python3.12/site-packages/airflow/example_dags/example_setup_teardown.py
[2025-11-14T21:21:17.574+0000] {processor.py:914} INFO - Processing file /home/airflow/.local/lib/python3.12/site-packages/airflow/example_dags/example_setup_teardown.py for tasks to queue
[2025-11-14T21:21:17.575+0000] {logging_mixin.py:190} INFO - [2025-11-14T21:21:17.575+0000] {dagbag.py:588} INFO - Filling up the DagBag from /home/airflow/.local/lib/python3.12/site-packages/airflow/example_dags/example_setup_teardown.py
[2025-11-14T21:21:17.579+0000] {processor.py:925} INFO - DAG(s) 'example_setup_teardown' retrieved from /home/airflow/.local/lib/python3.12/site-packages/airflow/example_dags/example_setup_teardown.py
[2025-11-14T21:21:17.629+0000] {logging_mixin.py:190} INFO - [2025-11-14T21:21:17.629+0000] {override.py:1900} INFO - Created Permission View: can edit on DAG:example_setup_teardown
[2025-11-14T21:21:17.632+0000] {logging_mixin.py:190} INFO - [2025-11-14T21:21:17.632+0000] {override.py:1900} INFO - Created Permission View: can read on DAG:example_setup_teardown
[2025-11-14T21:21:17.634+0000] {logging_mixin.py:190} INFO - [2025-11-14T21:21:17.634+0000] {override.py:1900} INFO - Created Permission View: can delete on DAG:example_setup_teardown
[2025-11-14T21:21:17.639+0000] {logging_mixin.py:190} INFO - [2025-11-14T21:21:17.639+0000] {override.py:1900} INFO - Created Permission View: menu access on DAG Run:example_setup_teardown
[2025-11-14T21:21:17.640+0000] {logging_mixin.py:190} INFO - [2025-11-14T21:21:17.640+0000] {override.py:1900} INFO - Created Permission View: can delete on DAG Run:example_setup_teardown
[2025-11-14T21:21:17.642+0000] {logging_mixin.py:190} INFO - [2025-11-14T21:21:17.642+0000] {override.py:1900} INFO - Created Permission View: can read on DAG Run:example_setup_teardown
[2025-11-14T21:21:17.644+0000] {logging_mixin.py:190} INFO - [2025-11-14T21:21:17.643+0000] {override.py:1900} INFO - Created Permission View: can create on DAG Run:example_setup_teardown
[2025-11-14T21:21:17.644+0000] {logging_mixin.py:190} INFO - [2025-11-14T21:21:17.644+0000] {dag.py:3239} INFO - Sync 1 DAGs
[2025-11-14T21:21:17.649+0000] {logging_mixin.py:190} INFO - [2025-11-14T21:21:17.649+0000] {dag.py:3262} INFO - Creating ORM DAG for example_setup_teardown
[2025-11-14T21:21:17.650+0000] {logging_mixin.py:190} INFO - [2025-11-14T21:21:17.650+0000] {dag.py:4180} INFO - Setting next_dagrun for example_setup_teardown to None, run_after=None
[2025-11-14T21:21:17.655+0000] {processor.py:208} INFO - Processing /home/airflow/.local/lib/python3.12/site-packages/airflow/example_dags/example_setup_teardown.py took 0.084 seconds
[2025-11-14T21:21:48.231+0000] {processor.py:186} INFO - Started process (PID=162) to work on /home/airflow/.local/lib/python3.12/site-packages/airflow/example_dags/example_setup_teardown.py
[2025-11-14T21:21:48.232+0000] {processor.py:914} INFO - Processing file /home/airflow/.local/lib/python3.12/site-packages/airflow/example_dags/example_setup_teardown.py for tasks to queue
[2025-11-14T21:21:48.234+0000] {logging_mixin.py:190} INFO - [2025-11-14T21:21:48.234+0000] {dagbag.py:588} INFO - Filling up the DagBag from /home/airflow/.local/lib/python3.12/site-packages/airflow/example_dags/example_setup_teardown.py
[2025-11-14T21:21:48.238+0000] {processor.py:925} INFO - DAG(s) 'example_setup_teardown' retrieved from /home/airflow/.local/lib/python3.12/site-packages/airflow/example_dags/example_setup_teardown.py
[2025-11-14T21:21:48.249+0000] {logging_mixin.py:190} INFO - [2025-11-14T21:21:48.249+0000] {dag.py:3239} INFO - Sync 1 DAGs
[2025-11-14T21:21:48.257+0000] {logging_mixin.py:190} INFO - [2025-11-14T21:21:48.257+0000] {dag.py:4180} INFO - Setting next_dagrun for example_setup_teardown to None, run_after=None
[2025-11-14T21:21:48.268+0000] {processor.py:208} INFO - Processing /home/airflow/.local/lib/python3.12/site-packages/airflow/example_dags/example_setup_teardown.py took 0.040 seconds
[2025-11-14T21:22:18.473+0000] {processor.py:186} INFO - Started process (PID=224) to work on /home/airflow/.local/lib/python3.12/site-packages/airflow/example_dags/example_setup_teardown.py
[2025-11-14T21:22:18.474+0000] {processor.py:914} INFO - Processing file /home/airflow/.local/lib/python3.12/site-packages/airflow/example_dags/example_setup_teardown.py for tasks to queue
[2025-11-14T21:22:18.475+0000] {logging_mixin.py:190} INFO - [2025-11-14T21:22:18.475+0000] {dagbag.py:588} INFO - Filling up the DagBag from /home/airflow/.local/lib/python3.12/site-packages/airflow/example_dags/example_setup_teardown.py
[2025-11-14T21:22:18.478+0000] {processor.py:925} INFO - DAG(s) 'example_setup_teardown' retrieved from /home/airflow/.local/lib/python3.12/site-packages/airflow/example_dags/example_setup_teardown.py
[2025-11-14T21:22:18.486+0000] {logging_mixin.py:190} INFO - [2025-11-14T21:22:18.486+0000] {dag.py:3239} INFO - Sync 1 DAGs
[2025-11-14T21:22:18.491+0000] {logging_mixin.py:190} INFO - [2025-11-14T21:22:18.491+0000] {dag.py:4180} INFO - Setting next_dagrun for example_setup_teardown to None, run_after=None
[2025-11-14T21:22:18.499+0000] {processor.py:208} INFO - Processing /home/airflow/.local/lib/python3.12/site-packages/airflow/example_dags/example_setup_teardown.py took 0.028 seconds
[2025-11-14T21:22:48.902+0000] {processor.py:186} INFO - Started process (PID=286) to work on /home/airflow/.local/lib/python3.12/site-packages/airflow/example_dags/example_setup_teardown.py
[2025-11-14T21:22:48.902+0000] {processor.py:914} INFO - Processing file /home/airflow/.local/lib/python3.12/site-packages/airflow/example_dags/example_setup_teardown.py for tasks to queue
[2025-11-14T21:22:48.903+0000] {logging_mixin.py:190} INFO - [2025-11-14T21:22:48.903+0000] {dagbag.py:588} INFO - Filling up the DagBag from /home/airflow/.local/lib/python3.12/site-packages/airflow/example_dags/example_setup_teardown.py
[2025-11-14T21:22:48.906+0000] {processor.py:925} INFO - DAG(s) 'example_setup_teardown' retrieved from /home/airflow/.local/lib/python3.12/site-packages/airflow/example_dags/example_setup_teardown.py
[2025-11-14T21:22:48.914+0000] {logging_mixin.py:190} INFO - [2025-11-14T21:22:48.914+0000] {dag.py:3239} INFO - Sync 1 DAGs
[2025-11-14T21:22:48.920+0000] {logging_mixin.py:190} INFO - [2025-11-14T21:22:48.920+0000] {dag.py:4180} INFO - Setting next_dagrun for example_setup_teardown to None, run_after=None
[2025-11-14T21:22:48.925+0000] {processor.py:208} INFO - Processing /home/airflow/.local/lib/python3.12/site-packages/airflow/example_dags/example_setup_teardown.py took 0.026 seconds
[2025-11-14T21:23:19.042+0000] {processor.py:186} INFO - Started process (PID=348) to work on /home/airflow/.local/lib/python3.12/site-packages/airflow/example_dags/example_setup_teardown.py
[2025-11-14T21:23:19.042+0000] {processor.py:914} INFO - Processing file /home/airflow/.local/lib/python3.12/site-packages/airflow/example_dags/example_setup_teardown.py for tasks to queue
[2025-11-14T21:23:19.043+0000] {logging_mixin.py:190} INFO - [2025-11-14T21:23:19.043+0000] {dagbag.py:588} INFO - Filling up the DagBag from /home/airflow/.local/lib/python3.12/site-packages/airflow/example_dags/example_setup_teardown.py
[2025-11-14T21:23:19.047+0000] {processor.py:925} INFO - DAG(s) 'example_setup_teardown' retrieved from /home/airflow/.local/lib/python3.12/site-packages/airflow/example_dags/example_setup_teardown.py
[2025-11-14T21:23:19.058+0000] {logging_mixin.py:190} INFO - [2025-11-14T21:23:19.058+0000] {dag.py:3239} INFO - Sync 1 DAGs
[2025-11-14T21:23:19.063+0000] {logging_mixin.py:190} INFO - [2025-11-14T21:23:19.063+0000] {dag.py:4180} INFO - Setting next_dagrun for example_setup_teardown to None, run_after=None
[2025-11-14T21:23:19.072+0000] {processor.py:208} INFO - Processing /home/airflow/.local/lib/python3.12/site-packages/airflow/example_dags/example_setup_teardown.py took 0.032 seconds
[2025-11-14T21:23:49.474+0000] {processor.py:186} INFO - Started process (PID=409) to work on /home/airflow/.local/lib/python3.12/site-packages/airflow/example_dags/example_setup_teardown.py
[2025-11-14T21:23:49.476+0000] {processor.py:914} INFO - Processing file /home/airflow/.local/lib/python3.12/site-packages/airflow/example_dags/example_setup_teardown.py for tasks to queue
[2025-11-14T21:23:49.477+0000] {logging_mixin.py:190} INFO - [2025-11-14T21:23:49.477+0000] {dagbag.py:588} INFO - Filling up the DagBag from /home/airflow/.local/lib/python3.12/site-packages/airflow/example_dags/example_setup_teardown.py
[2025-11-14T21:23:49.481+0000] {processor.py:925} INFO - DAG(s) 'example_setup_teardown' retrieved from /home/airflow/.local/lib/python3.12/site-packages/airflow/example_dags/example_setup_teardown.py
[2025-11-14T21:23:49.491+0000] {logging_mixin.py:190} INFO - [2025-11-14T21:23:49.491+0000] {dag.py:3239} INFO - Sync 1 DAGs
[2025-11-14T21:23:49.497+0000] {logging_mixin.py:190} INFO - [2025-11-14T21:23:49.497+0000] {dag.py:4180} INFO - Setting next_dagrun for example_setup_teardown to None, run_after=None
[2025-11-14T21:23:49.504+0000] {processor.py:208} INFO - Processing /home/airflow/.local/lib/python3.12/site-packages/airflow/example_dags/example_setup_teardown.py took 0.032 seconds
[2025-11-14T21:24:19.911+0000] {processor.py:186} INFO - Started process (PID=471) to work on /home/airflow/.local/lib/python3.12/site-packages/airflow/example_dags/example_setup_teardown.py
[2025-11-14T21:24:19.911+0000] {processor.py:914} INFO - Processing file /home/airflow/.local/lib/python3.12/site-packages/airflow/example_dags/example_setup_teardown.py for tasks to queue
[2025-11-14T21:24:19.913+0000] {logging_mixin.py:190} INFO - [2025-11-14T21:24:19.913+0000] {dagbag.py:588} INFO - Filling up the DagBag from /home/airflow/.local/lib/python3.12/site-packages/airflow/example_dags/example_setup_teardown.py
[2025-11-14T21:24:19.917+0000] {processor.py:925} INFO - DAG(s) 'example_setup_teardown' retrieved from /home/airflow/.local/lib/python3.12/site-packages/airflow/example_dags/example_setup_teardown.py
[2025-11-14T21:24:19.926+0000] {logging_mixin.py:190} INFO - [2025-11-14T21:24:19.926+0000] {dag.py:3239} INFO - Sync 1 DAGs
[2025-11-14T21:24:19.932+0000] {logging_mixin.py:190} INFO - [2025-11-14T21:24:19.932+0000] {dag.py:4180} INFO - Setting next_dagrun for example_setup_teardown to None, run_after=None
[2025-11-14T21:24:19.939+0000] {processor.py:208} INFO - Processing /home/airflow/.local/lib/python3.12/site-packages/airflow/example_dags/example_setup_teardown.py took 0.030 seconds
[2025-11-14T21:24:50.344+0000] {processor.py:186} INFO - Started process (PID=533) to work on /home/airflow/.local/lib/python3.12/site-packages/airflow/example_dags/example_setup_teardown.py
[2025-11-14T21:24:50.344+0000] {processor.py:914} INFO - Processing file /home/airflow/.local/lib/python3.12/site-packages/airflow/example_dags/example_setup_teardown.py for tasks to queue
[2025-11-14T21:24:50.345+0000] {logging_mixin.py:190} INFO - [2025-11-14T21:24:50.345+0000] {dagbag.py:588} INFO - Filling up the DagBag from /home/airflow/.local/lib/python3.12/site-packages/airflow/example_dags/example_setup_teardown.py
[2025-11-14T21:24:50.349+0000] {processor.py:925} INFO - DAG(s) 'example_setup_teardown' retrieved from /home/airflow/.local/lib/python3.12/site-packages/airflow/example_dags/example_setup_teardown.py
[2025-11-14T21:24:50.361+0000] {logging_mixin.py:190} INFO - [2025-11-14T21:24:50.361+0000] {dag.py:3239} INFO - Sync 1 DAGs
[2025-11-14T21:24:50.367+0000] {logging_mixin.py:190} INFO - [2025-11-14T21:24:50.367+0000] {dag.py:4180} INFO - Setting next_dagrun for example_setup_teardown to None, run_after=None
[2025-11-14T21:24:50.374+0000] {processor.py:208} INFO - Processing /home/airflow/.local/lib/python3.12/site-packages/airflow/example_dags/example_setup_teardown.py took 0.033 seconds
[2025-11-14T21:25:21.319+0000] {processor.py:186} INFO - Started process (PID=595) to work on /home/airflow/.local/lib/python3.12/site-packages/airflow/example_dags/example_setup_teardown.py
[2025-11-14T21:25:21.320+0000] {processor.py:914} INFO - Processing file /home/airflow/.local/lib/python3.12/site-packages/airflow/example_dags/example_setup_teardown.py for tasks to queue
[2025-11-14T21:25:21.321+0000] {logging_mixin.py:190} INFO - [2025-11-14T21:25:21.321+0000] {dagbag.py:588} INFO - Filling up the DagBag from /home/airflow/.local/lib/python3.12/site-packages/airflow/example_dags/example_setup_teardown.py
[2025-11-14T21:25:21.325+0000] {processor.py:925} INFO - DAG(s) 'example_setup_teardown' retrieved from /home/airflow/.local/lib/python3.12/site-packages/airflow/example_dags/example_setup_teardown.py
[2025-11-14T21:25:21.333+0000] {logging_mixin.py:190} INFO - [2025-11-14T21:25:21.333+0000] {dag.py:3239} INFO - Sync 1 DAGs
[2025-11-14T21:25:21.339+0000] {logging_mixin.py:190} INFO - [2025-11-14T21:25:21.339+0000] {dag.py:4180} INFO - Setting next_dagrun for example_setup_teardown to None, run_after=None
[2025-11-14T21:25:21.345+0000] {processor.py:208} INFO - Processing /home/airflow/.local/lib/python3.12/site-packages/airflow/example_dags/example_setup_teardown.py took 0.029 seconds
[2025-11-14T21:25:51.458+0000] {processor.py:186} INFO - Started process (PID=657) to work on /home/airflow/.local/lib/python3.12/site-packages/airflow/example_dags/example_setup_teardown.py
[2025-11-14T21:25:51.462+0000] {processor.py:914} INFO - Processing file /home/airflow/.local/lib/python3.12/site-packages/airflow/example_dags/example_setup_teardown.py for tasks to queue
[2025-11-14T21:25:51.464+0000] {logging_mixin.py:190} INFO - [2025-11-14T21:25:51.464+0000] {dagbag.py:588} INFO - Filling up the DagBag from /home/airflow/.local/lib/python3.12/site-packages/airflow/example_dags/example_setup_teardown.py
[2025-11-14T21:25:51.468+0000] {processor.py:925} INFO - DAG(s) 'example_setup_teardown' retrieved from /home/airflow/.local/lib/python3.12/site-packages/airflow/example_dags/example_setup_teardown.py
[2025-11-14T21:25:51.475+0000] {logging_mixin.py:190} INFO - [2025-11-14T21:25:51.475+0000] {dag.py:3239} INFO - Sync 1 DAGs
[2025-11-14T21:25:51.481+0000] {logging_mixin.py:190} INFO - [2025-11-14T21:25:51.481+0000] {dag.py:4180} INFO - Setting next_dagrun for example_setup_teardown to None, run_after=None
[2025-11-14T21:25:51.487+0000] {processor.py:208} INFO - Processing /home/airflow/.local/lib/python3.12/site-packages/airflow/example_dags/example_setup_teardown.py took 0.032 seconds
[2025-11-14T21:26:21.538+0000] {processor.py:186} INFO - Started process (PID=719) to work on /home/airflow/.local/lib/python3.12/site-packages/airflow/example_dags/example_setup_teardown.py
[2025-11-14T21:26:21.538+0000] {processor.py:914} INFO - Processing file /home/airflow/.local/lib/python3.12/site-packages/airflow/example_dags/example_setup_teardown.py for tasks to queue
[2025-11-14T21:26:21.542+0000] {logging_mixin.py:190} INFO - [2025-11-14T21:26:21.541+0000] {dagbag.py:588} INFO - Filling up the DagBag from /home/airflow/.local/lib/python3.12/site-packages/airflow/example_dags/example_setup_teardown.py
[2025-11-14T21:26:21.545+0000] {processor.py:925} INFO - DAG(s) 'example_setup_teardown' retrieved from /home/airflow/.local/lib/python3.12/site-packages/airflow/example_dags/example_setup_teardown.py
[2025-11-14T21:26:21.555+0000] {logging_mixin.py:190} INFO - [2025-11-14T21:26:21.555+0000] {dag.py:3239} INFO - Sync 1 DAGs
[2025-11-14T21:26:21.564+0000] {logging_mixin.py:190} INFO - [2025-11-14T21:26:21.564+0000] {dag.py:4180} INFO - Setting next_dagrun for example_setup_teardown to None, run_after=None
[2025-11-14T21:26:21.573+0000] {processor.py:208} INFO - Processing /home/airflow/.local/lib/python3.12/site-packages/airflow/example_dags/example_setup_teardown.py took 0.038 seconds
[2025-11-14T21:26:51.677+0000] {processor.py:186} INFO - Started process (PID=781) to work on /home/airflow/.local/lib/python3.12/site-packages/airflow/example_dags/example_setup_teardown.py
[2025-11-14T21:26:51.678+0000] {processor.py:914} INFO - Processing file /home/airflow/.local/lib/python3.12/site-packages/airflow/example_dags/example_setup_teardown.py for tasks to queue
[2025-11-14T21:26:51.679+0000] {logging_mixin.py:190} INFO - [2025-11-14T21:26:51.679+0000] {dagbag.py:588} INFO - Filling up the DagBag from /home/airflow/.local/lib/python3.12/site-packages/airflow/example_dags/example_setup_teardown.py
[2025-11-14T21:26:51.683+0000] {processor.py:925} INFO - DAG(s) 'example_setup_teardown' retrieved from /home/airflow/.local/lib/python3.12/site-packages/airflow/example_dags/example_setup_teardown.py
[2025-11-14T21:26:51.691+0000] {logging_mixin.py:190} INFO - [2025-11-14T21:26:51.691+0000] {dag.py:3239} INFO - Sync 1 DAGs
[2025-11-14T21:26:51.698+0000] {logging_mixin.py:190} INFO - [2025-11-14T21:26:51.698+0000] {dag.py:4180} INFO - Setting next_dagrun for example_setup_teardown to None, run_after=None
[2025-11-14T21:26:51.708+0000] {processor.py:208} INFO - Processing /home/airflow/.local/lib/python3.12/site-packages/airflow/example_dags/example_setup_teardown.py took 0.034 seconds
[2025-11-14T21:27:22.707+0000] {processor.py:186} INFO - Started process (PID=843) to work on /home/airflow/.local/lib/python3.12/site-packages/airflow/example_dags/example_setup_teardown.py
[2025-11-14T21:27:22.708+0000] {processor.py:914} INFO - Processing file /home/airflow/.local/lib/python3.12/site-packages/airflow/example_dags/example_setup_teardown.py for tasks to queue
[2025-11-14T21:27:22.709+0000] {logging_mixin.py:190} INFO - [2025-11-14T21:27:22.709+0000] {dagbag.py:588} INFO - Filling up the DagBag from /home/airflow/.local/lib/python3.12/site-packages/airflow/example_dags/example_setup_teardown.py
[2025-11-14T21:27:22.713+0000] {processor.py:925} INFO - DAG(s) 'example_setup_teardown' retrieved from /home/airflow/.local/lib/python3.12/site-packages/airflow/example_dags/example_setup_teardown.py
[2025-11-14T21:27:22.721+0000] {logging_mixin.py:190} INFO - [2025-11-14T21:27:22.721+0000] {dag.py:3239} INFO - Sync 1 DAGs
[2025-11-14T21:27:22.726+0000] {logging_mixin.py:190} INFO - [2025-11-14T21:27:22.726+0000] {dag.py:4180} INFO - Setting next_dagrun for example_setup_teardown to None, run_after=None
[2025-11-14T21:27:22.732+0000] {processor.py:208} INFO - Processing /home/airflow/.local/lib/python3.12/site-packages/airflow/example_dags/example_setup_teardown.py took 0.027 seconds
[2025-11-14T21:27:53.607+0000] {processor.py:186} INFO - Started process (PID=905) to work on /home/airflow/.local/lib/python3.12/site-packages/airflow/example_dags/example_setup_teardown.py
[2025-11-14T21:27:53.608+0000] {processor.py:914} INFO - Processing file /home/airflow/.local/lib/python3.12/site-packages/airflow/example_dags/example_setup_teardown.py for tasks to queue
[2025-11-14T21:27:53.608+0000] {logging_mixin.py:190} INFO - [2025-11-14T21:27:53.608+0000] {dagbag.py:588} INFO - Filling up the DagBag from /home/airflow/.local/lib/python3.12/site-packages/airflow/example_dags/example_setup_teardown.py
[2025-11-14T21:27:53.612+0000] {processor.py:925} INFO - DAG(s) 'example_setup_teardown' retrieved from /home/airflow/.local/lib/python3.12/site-packages/airflow/example_dags/example_setup_teardown.py
[2025-11-14T21:27:53.620+0000] {logging_mixin.py:190} INFO - [2025-11-14T21:27:53.620+0000] {dag.py:3239} INFO - Sync 1 DAGs
[2025-11-14T21:27:53.625+0000] {logging_mixin.py:190} INFO - [2025-11-14T21:27:53.625+0000] {dag.py:4180} INFO - Setting next_dagrun for example_setup_teardown to None, run_after=None
[2025-11-14T21:27:53.635+0000] {processor.py:208} INFO - Processing /home/airflow/.local/lib/python3.12/site-packages/airflow/example_dags/example_setup_teardown.py took 0.030 seconds
[2025-11-14T21:28:24.506+0000] {processor.py:186} INFO - Started process (PID=967) to work on /home/airflow/.local/lib/python3.12/site-packages/airflow/example_dags/example_setup_teardown.py
[2025-11-14T21:28:24.507+0000] {processor.py:914} INFO - Processing file /home/airflow/.local/lib/python3.12/site-packages/airflow/example_dags/example_setup_teardown.py for tasks to queue
[2025-11-14T21:28:24.508+0000] {logging_mixin.py:190} INFO - [2025-11-14T21:28:24.508+0000] {dagbag.py:588} INFO - Filling up the DagBag from /home/airflow/.local/lib/python3.12/site-packages/airflow/example_dags/example_setup_teardown.py
[2025-11-14T21:28:24.511+0000] {processor.py:925} INFO - DAG(s) 'example_setup_teardown' retrieved from /home/airflow/.local/lib/python3.12/site-packages/airflow/example_dags/example_setup_teardown.py
[2025-11-14T21:28:24.519+0000] {logging_mixin.py:190} INFO - [2025-11-14T21:28:24.519+0000] {dag.py:3239} INFO - Sync 1 DAGs
[2025-11-14T21:28:24.525+0000] {logging_mixin.py:190} INFO - [2025-11-14T21:28:24.525+0000] {dag.py:4180} INFO - Setting next_dagrun for example_setup_teardown to None, run_after=None
[2025-11-14T21:28:24.533+0000] {processor.py:208} INFO - Processing /home/airflow/.local/lib/python3.12/site-packages/airflow/example_dags/example_setup_teardown.py took 0.029 seconds
[2025-11-14T21:28:55.506+0000] {processor.py:186} INFO - Started process (PID=1029) to work on /home/airflow/.local/lib/python3.12/site-packages/airflow/example_dags/example_setup_teardown.py
[2025-11-14T21:28:55.507+0000] {processor.py:914} INFO - Processing file /home/airflow/.local/lib/python3.12/site-packages/airflow/example_dags/example_setup_teardown.py for tasks to queue
[2025-11-14T21:28:55.508+0000] {logging_mixin.py:190} INFO - [2025-11-14T21:28:55.508+0000] {dagbag.py:588} INFO - Filling up the DagBag from /home/airflow/.local/lib/python3.12/site-packages/airflow/example_dags/example_setup_teardown.py
[2025-11-14T21:28:55.512+0000] {processor.py:925} INFO - DAG(s) 'example_setup_teardown' retrieved from /home/airflow/.local/lib/python3.12/site-packages/airflow/example_dags/example_setup_teardown.py
[2025-11-14T21:28:55.520+0000] {logging_mixin.py:190} INFO - [2025-11-14T21:28:55.519+0000] {dag.py:3239} INFO - Sync 1 DAGs
[2025-11-14T21:28:55.524+0000] {logging_mixin.py:190} INFO - [2025-11-14T21:28:55.524+0000] {dag.py:4180} INFO - Setting next_dagrun for example_setup_teardown to None, run_after=None
[2025-11-14T21:28:55.533+0000] {processor.py:208} INFO - Processing /home/airflow/.local/lib/python3.12/site-packages/airflow/example_dags/example_setup_teardown.py took 0.030 seconds
[2025-11-14T21:29:26.439+0000] {processor.py:186} INFO - Started process (PID=1091) to work on /home/airflow/.local/lib/python3.12/site-packages/airflow/example_dags/example_setup_teardown.py
[2025-11-14T21:29:26.440+0000] {processor.py:914} INFO - Processing file /home/airflow/.local/lib/python3.12/site-packages/airflow/example_dags/example_setup_teardown.py for tasks to queue
[2025-11-14T21:29:26.441+0000] {logging_mixin.py:190} INFO - [2025-11-14T21:29:26.441+0000] {dagbag.py:588} INFO - Filling up the DagBag from /home/airflow/.local/lib/python3.12/site-packages/airflow/example_dags/example_setup_teardown.py
[2025-11-14T21:29:26.444+0000] {processor.py:925} INFO - DAG(s) 'example_setup_teardown' retrieved from /home/airflow/.local/lib/python3.12/site-packages/airflow/example_dags/example_setup_teardown.py
[2025-11-14T21:29:26.453+0000] {logging_mixin.py:190} INFO - [2025-11-14T21:29:26.453+0000] {dag.py:3239} INFO - Sync 1 DAGs
[2025-11-14T21:29:26.458+0000] {logging_mixin.py:190} INFO - [2025-11-14T21:29:26.458+0000] {dag.py:4180} INFO - Setting next_dagrun for example_setup_teardown to None, run_after=None
[2025-11-14T21:29:26.468+0000] {processor.py:208} INFO - Processing /home/airflow/.local/lib/python3.12/site-packages/airflow/example_dags/example_setup_teardown.py took 0.031 seconds
[2025-11-14T21:29:57.697+0000] {processor.py:186} INFO - Started process (PID=1153) to work on /home/airflow/.local/lib/python3.12/site-packages/airflow/example_dags/example_setup_teardown.py
[2025-11-14T21:29:57.700+0000] {processor.py:914} INFO - Processing file /home/airflow/.local/lib/python3.12/site-packages/airflow/example_dags/example_setup_teardown.py for tasks to queue
[2025-11-14T21:29:57.702+0000] {logging_mixin.py:190} INFO - [2025-11-14T21:29:57.702+0000] {dagbag.py:588} INFO - Filling up the DagBag from /home/airflow/.local/lib/python3.12/site-packages/airflow/example_dags/example_setup_teardown.py
[2025-11-14T21:29:57.706+0000] {processor.py:925} INFO - DAG(s) 'example_setup_teardown' retrieved from /home/airflow/.local/lib/python3.12/site-packages/airflow/example_dags/example_setup_teardown.py
[2025-11-14T21:29:57.720+0000] {logging_mixin.py:190} INFO - [2025-11-14T21:29:57.720+0000] {dag.py:3239} INFO - Sync 1 DAGs
[2025-11-14T21:29:57.726+0000] {logging_mixin.py:190} INFO - [2025-11-14T21:29:57.726+0000] {dag.py:4180} INFO - Setting next_dagrun for example_setup_teardown to None, run_after=None
[2025-11-14T21:29:57.733+0000] {processor.py:208} INFO - Processing /home/airflow/.local/lib/python3.12/site-packages/airflow/example_dags/example_setup_teardown.py took 0.041 seconds
[2025-11-14T21:30:28.737+0000] {processor.py:186} INFO - Started process (PID=1215) to work on /home/airflow/.local/lib/python3.12/site-packages/airflow/example_dags/example_setup_teardown.py
[2025-11-14T21:30:28.738+0000] {processor.py:914} INFO - Processing file /home/airflow/.local/lib/python3.12/site-packages/airflow/example_dags/example_setup_teardown.py for tasks to queue
[2025-11-14T21:30:28.739+0000] {logging_mixin.py:190} INFO - [2025-11-14T21:30:28.739+0000] {dagbag.py:588} INFO - Filling up the DagBag from /home/airflow/.local/lib/python3.12/site-packages/airflow/example_dags/example_setup_teardown.py
[2025-11-14T21:30:28.742+0000] {processor.py:925} INFO - DAG(s) 'example_setup_teardown' retrieved from /home/airflow/.local/lib/python3.12/site-packages/airflow/example_dags/example_setup_teardown.py
[2025-11-14T21:30:28.751+0000] {logging_mixin.py:190} INFO - [2025-11-14T21:30:28.751+0000] {dag.py:3239} INFO - Sync 1 DAGs
[2025-11-14T21:30:28.756+0000] {logging_mixin.py:190} INFO - [2025-11-14T21:30:28.756+0000] {dag.py:4180} INFO - Setting next_dagrun for example_setup_teardown to None, run_after=None
[2025-11-14T21:30:28.765+0000] {processor.py:208} INFO - Processing /home/airflow/.local/lib/python3.12/site-packages/airflow/example_dags/example_setup_teardown.py took 0.030 seconds
[2025-11-14T21:30:59.711+0000] {processor.py:186} INFO - Started process (PID=1277) to work on /home/airflow/.local/lib/python3.12/site-packages/airflow/example_dags/example_setup_teardown.py
[2025-11-14T21:30:59.713+0000] {processor.py:914} INFO - Processing file /home/airflow/.local/lib/python3.12/site-packages/airflow/example_dags/example_setup_teardown.py for tasks to queue
[2025-11-14T21:30:59.714+0000] {logging_mixin.py:190} INFO - [2025-11-14T21:30:59.714+0000] {dagbag.py:588} INFO - Filling up the DagBag from /home/airflow/.local/lib/python3.12/site-packages/airflow/example_dags/example_setup_teardown.py
[2025-11-14T21:30:59.717+0000] {processor.py:925} INFO - DAG(s) 'example_setup_teardown' retrieved from /home/airflow/.local/lib/python3.12/site-packages/airflow/example_dags/example_setup_teardown.py
[2025-11-14T21:30:59.727+0000] {logging_mixin.py:190} INFO - [2025-11-14T21:30:59.727+0000] {dag.py:3239} INFO - Sync 1 DAGs
[2025-11-14T21:30:59.733+0000] {logging_mixin.py:190} INFO - [2025-11-14T21:30:59.733+0000] {dag.py:4180} INFO - Setting next_dagrun for example_setup_teardown to None, run_after=None
[2025-11-14T21:30:59.739+0000] {processor.py:208} INFO - Processing /home/airflow/.local/lib/python3.12/site-packages/airflow/example_dags/example_setup_teardown.py took 0.032 seconds
[2025-11-14T21:31:30.598+0000] {processor.py:186} INFO - Started process (PID=1339) to work on /home/airflow/.local/lib/python3.12/site-packages/airflow/example_dags/example_setup_teardown.py
[2025-11-14T21:31:30.599+0000] {processor.py:914} INFO - Processing file /home/airflow/.local/lib/python3.12/site-packages/airflow/example_dags/example_setup_teardown.py for tasks to queue
[2025-11-14T21:31:30.600+0000] {logging_mixin.py:190} INFO - [2025-11-14T21:31:30.599+0000] {dagbag.py:588} INFO - Filling up the DagBag from /home/airflow/.local/lib/python3.12/site-packages/airflow/example_dags/example_setup_teardown.py
[2025-11-14T21:31:30.604+0000] {processor.py:925} INFO - DAG(s) 'example_setup_teardown' retrieved from /home/airflow/.local/lib/python3.12/site-packages/airflow/example_dags/example_setup_teardown.py
[2025-11-14T21:31:30.612+0000] {logging_mixin.py:190} INFO - [2025-11-14T21:31:30.612+0000] {dag.py:3239} INFO - Sync 1 DAGs
[2025-11-14T21:31:30.617+0000] {logging_mixin.py:190} INFO - [2025-11-14T21:31:30.617+0000] {dag.py:4180} INFO - Setting next_dagrun for example_setup_teardown to None, run_after=None
[2025-11-14T21:31:30.627+0000] {processor.py:208} INFO - Processing /home/airflow/.local/lib/python3.12/site-packages/airflow/example_dags/example_setup_teardown.py took 0.032 seconds
[2025-11-14T21:32:01.568+0000] {processor.py:186} INFO - Started process (PID=1401) to work on /home/airflow/.local/lib/python3.12/site-packages/airflow/example_dags/example_setup_teardown.py
[2025-11-14T21:32:01.569+0000] {processor.py:914} INFO - Processing file /home/airflow/.local/lib/python3.12/site-packages/airflow/example_dags/example_setup_teardown.py for tasks to queue
[2025-11-14T21:32:01.570+0000] {logging_mixin.py:190} INFO - [2025-11-14T21:32:01.570+0000] {dagbag.py:588} INFO - Filling up the DagBag from /home/airflow/.local/lib/python3.12/site-packages/airflow/example_dags/example_setup_teardown.py
[2025-11-14T21:32:01.574+0000] {processor.py:925} INFO - DAG(s) 'example_setup_teardown' retrieved from /home/airflow/.local/lib/python3.12/site-packages/airflow/example_dags/example_setup_teardown.py
[2025-11-14T21:32:01.581+0000] {logging_mixin.py:190} INFO - [2025-11-14T21:32:01.581+0000] {dag.py:3239} INFO - Sync 1 DAGs
[2025-11-14T21:32:01.587+0000] {logging_mixin.py:190} INFO - [2025-11-14T21:32:01.587+0000] {dag.py:4180} INFO - Setting next_dagrun for example_setup_teardown to None, run_after=None
[2025-11-14T21:32:01.594+0000] {processor.py:208} INFO - Processing /home/airflow/.local/lib/python3.12/site-packages/airflow/example_dags/example_setup_teardown.py took 0.028 seconds
[2025-11-14T21:32:31.716+0000] {processor.py:186} INFO - Started process (PID=1463) to work on /home/airflow/.local/lib/python3.12/site-packages/airflow/example_dags/example_setup_teardown.py
[2025-11-14T21:32:31.716+0000] {processor.py:914} INFO - Processing file /home/airflow/.local/lib/python3.12/site-packages/airflow/example_dags/example_setup_teardown.py for tasks to queue
[2025-11-14T21:32:31.720+0000] {logging_mixin.py:190} INFO - [2025-11-14T21:32:31.720+0000] {dagbag.py:588} INFO - Filling up the DagBag from /home/airflow/.local/lib/python3.12/site-packages/airflow/example_dags/example_setup_teardown.py
[2025-11-14T21:32:31.725+0000] {processor.py:925} INFO - DAG(s) 'example_setup_teardown' retrieved from /home/airflow/.local/lib/python3.12/site-packages/airflow/example_dags/example_setup_teardown.py
[2025-11-14T21:32:31.735+0000] {logging_mixin.py:190} INFO - [2025-11-14T21:32:31.734+0000] {dag.py:3239} INFO - Sync 1 DAGs
[2025-11-14T21:32:31.739+0000] {logging_mixin.py:190} INFO - [2025-11-14T21:32:31.739+0000] {dag.py:4180} INFO - Setting next_dagrun for example_setup_teardown to None, run_after=None
[2025-11-14T21:32:31.746+0000] {processor.py:208} INFO - Processing /home/airflow/.local/lib/python3.12/site-packages/airflow/example_dags/example_setup_teardown.py took 0.033 seconds
[2025-11-14T21:33:02.910+0000] {processor.py:186} INFO - Started process (PID=1525) to work on /home/airflow/.local/lib/python3.12/site-packages/airflow/example_dags/example_setup_teardown.py
[2025-11-14T21:33:02.911+0000] {processor.py:914} INFO - Processing file /home/airflow/.local/lib/python3.12/site-packages/airflow/example_dags/example_setup_teardown.py for tasks to queue
[2025-11-14T21:33:02.912+0000] {logging_mixin.py:190} INFO - [2025-11-14T21:33:02.912+0000] {dagbag.py:588} INFO - Filling up the DagBag from /home/airflow/.local/lib/python3.12/site-packages/airflow/example_dags/example_setup_teardown.py
[2025-11-14T21:33:02.917+0000] {processor.py:925} INFO - DAG(s) 'example_setup_teardown' retrieved from /home/airflow/.local/lib/python3.12/site-packages/airflow/example_dags/example_setup_teardown.py
[2025-11-14T21:33:02.925+0000] {logging_mixin.py:190} INFO - [2025-11-14T21:33:02.925+0000] {dag.py:3239} INFO - Sync 1 DAGs
[2025-11-14T21:33:02.931+0000] {logging_mixin.py:190} INFO - [2025-11-14T21:33:02.930+0000] {dag.py:4180} INFO - Setting next_dagrun for example_setup_teardown to None, run_after=None
[2025-11-14T21:33:02.937+0000] {processor.py:208} INFO - Processing /home/airflow/.local/lib/python3.12/site-packages/airflow/example_dags/example_setup_teardown.py took 0.030 seconds
[2025-11-14T21:33:34.767+0000] {processor.py:186} INFO - Started process (PID=1587) to work on /home/airflow/.local/lib/python3.12/site-packages/airflow/example_dags/example_setup_teardown.py
[2025-11-14T21:33:34.767+0000] {processor.py:914} INFO - Processing file /home/airflow/.local/lib/python3.12/site-packages/airflow/example_dags/example_setup_teardown.py for tasks to queue
[2025-11-14T21:33:34.768+0000] {logging_mixin.py:190} INFO - [2025-11-14T21:33:34.768+0000] {dagbag.py:588} INFO - Filling up the DagBag from /home/airflow/.local/lib/python3.12/site-packages/airflow/example_dags/example_setup_teardown.py
[2025-11-14T21:33:34.771+0000] {processor.py:925} INFO - DAG(s) 'example_setup_teardown' retrieved from /home/airflow/.local/lib/python3.12/site-packages/airflow/example_dags/example_setup_teardown.py
[2025-11-14T21:33:34.779+0000] {logging_mixin.py:190} INFO - [2025-11-14T21:33:34.779+0000] {dag.py:3239} INFO - Sync 1 DAGs
[2025-11-14T21:33:34.784+0000] {logging_mixin.py:190} INFO - [2025-11-14T21:33:34.784+0000] {dag.py:4180} INFO - Setting next_dagrun for example_setup_teardown to None, run_after=None
[2025-11-14T21:33:34.789+0000] {processor.py:208} INFO - Processing /home/airflow/.local/lib/python3.12/site-packages/airflow/example_dags/example_setup_teardown.py took 0.025 seconds
[2025-11-14T21:34:05.085+0000] {processor.py:186} INFO - Started process (PID=1649) to work on /home/airflow/.local/lib/python3.12/site-packages/airflow/example_dags/example_setup_teardown.py
[2025-11-14T21:34:05.085+0000] {processor.py:914} INFO - Processing file /home/airflow/.local/lib/python3.12/site-packages/airflow/example_dags/example_setup_teardown.py for tasks to queue
[2025-11-14T21:34:05.087+0000] {logging_mixin.py:190} INFO - [2025-11-14T21:34:05.086+0000] {dagbag.py:588} INFO - Filling up the DagBag from /home/airflow/.local/lib/python3.12/site-packages/airflow/example_dags/example_setup_teardown.py
[2025-11-14T21:34:05.090+0000] {processor.py:925} INFO - DAG(s) 'example_setup_teardown' retrieved from /home/airflow/.local/lib/python3.12/site-packages/airflow/example_dags/example_setup_teardown.py
[2025-11-14T21:34:05.099+0000] {logging_mixin.py:190} INFO - [2025-11-14T21:34:05.099+0000] {dag.py:3239} INFO - Sync 1 DAGs
[2025-11-14T21:34:05.105+0000] {logging_mixin.py:190} INFO - [2025-11-14T21:34:05.105+0000] {dag.py:4180} INFO - Setting next_dagrun for example_setup_teardown to None, run_after=None
[2025-11-14T21:34:05.111+0000] {processor.py:208} INFO - Processing /home/airflow/.local/lib/python3.12/site-packages/airflow/example_dags/example_setup_teardown.py took 0.028 seconds
[2025-11-14T21:34:35.560+0000] {processor.py:186} INFO - Started process (PID=1711) to work on /home/airflow/.local/lib/python3.12/site-packages/airflow/example_dags/example_setup_teardown.py
[2025-11-14T21:34:35.560+0000] {processor.py:914} INFO - Processing file /home/airflow/.local/lib/python3.12/site-packages/airflow/example_dags/example_setup_teardown.py for tasks to queue
[2025-11-14T21:34:35.561+0000] {logging_mixin.py:190} INFO - [2025-11-14T21:34:35.561+0000] {dagbag.py:588} INFO - Filling up the DagBag from /home/airflow/.local/lib/python3.12/site-packages/airflow/example_dags/example_setup_teardown.py
[2025-11-14T21:34:35.565+0000] {processor.py:925} INFO - DAG(s) 'example_setup_teardown' retrieved from /home/airflow/.local/lib/python3.12/site-packages/airflow/example_dags/example_setup_teardown.py
[2025-11-14T21:34:35.572+0000] {logging_mixin.py:190} INFO - [2025-11-14T21:34:35.572+0000] {dag.py:3239} INFO - Sync 1 DAGs
[2025-11-14T21:34:35.577+0000] {logging_mixin.py:190} INFO - [2025-11-14T21:34:35.577+0000] {dag.py:4180} INFO - Setting next_dagrun for example_setup_teardown to None, run_after=None
[2025-11-14T21:34:35.582+0000] {processor.py:208} INFO - Processing /home/airflow/.local/lib/python3.12/site-packages/airflow/example_dags/example_setup_teardown.py took 0.025 seconds
[2025-11-14T21:35:05.677+0000] {processor.py:186} INFO - Started process (PID=1773) to work on /home/airflow/.local/lib/python3.12/site-packages/airflow/example_dags/example_setup_teardown.py
[2025-11-14T21:35:05.677+0000] {processor.py:914} INFO - Processing file /home/airflow/.local/lib/python3.12/site-packages/airflow/example_dags/example_setup_teardown.py for tasks to queue
[2025-11-14T21:35:05.678+0000] {logging_mixin.py:190} INFO - [2025-11-14T21:35:05.678+0000] {dagbag.py:588} INFO - Filling up the DagBag from /home/airflow/.local/lib/python3.12/site-packages/airflow/example_dags/example_setup_teardown.py
[2025-11-14T21:35:05.681+0000] {processor.py:925} INFO - DAG(s) 'example_setup_teardown' retrieved from /home/airflow/.local/lib/python3.12/site-packages/airflow/example_dags/example_setup_teardown.py
[2025-11-14T21:35:05.688+0000] {logging_mixin.py:190} INFO - [2025-11-14T21:35:05.688+0000] {dag.py:3239} INFO - Sync 1 DAGs
[2025-11-14T21:35:05.693+0000] {logging_mixin.py:190} INFO - [2025-11-14T21:35:05.693+0000] {dag.py:4180} INFO - Setting next_dagrun for example_setup_teardown to None, run_after=None
[2025-11-14T21:35:05.699+0000] {processor.py:208} INFO - Processing /home/airflow/.local/lib/python3.12/site-packages/airflow/example_dags/example_setup_teardown.py took 0.024 seconds
[2025-11-14T21:35:36.605+0000] {processor.py:186} INFO - Started process (PID=1835) to work on /home/airflow/.local/lib/python3.12/site-packages/airflow/example_dags/example_setup_teardown.py
[2025-11-14T21:35:36.606+0000] {processor.py:914} INFO - Processing file /home/airflow/.local/lib/python3.12/site-packages/airflow/example_dags/example_setup_teardown.py for tasks to queue
[2025-11-14T21:35:36.607+0000] {logging_mixin.py:190} INFO - [2025-11-14T21:35:36.607+0000] {dagbag.py:588} INFO - Filling up the DagBag from /home/airflow/.local/lib/python3.12/site-packages/airflow/example_dags/example_setup_teardown.py
[2025-11-14T21:35:36.614+0000] {processor.py:925} INFO - DAG(s) 'example_setup_teardown' retrieved from /home/airflow/.local/lib/python3.12/site-packages/airflow/example_dags/example_setup_teardown.py
[2025-11-14T21:35:36.622+0000] {logging_mixin.py:190} INFO - [2025-11-14T21:35:36.622+0000] {dag.py:3239} INFO - Sync 1 DAGs
[2025-11-14T21:35:36.627+0000] {logging_mixin.py:190} INFO - [2025-11-14T21:35:36.627+0000] {dag.py:4180} INFO - Setting next_dagrun for example_setup_teardown to None, run_after=None
[2025-11-14T21:35:36.635+0000] {processor.py:208} INFO - Processing /home/airflow/.local/lib/python3.12/site-packages/airflow/example_dags/example_setup_teardown.py took 0.032 seconds
[2025-11-14T21:36:08.117+0000] {processor.py:186} INFO - Started process (PID=1897) to work on /home/airflow/.local/lib/python3.12/site-packages/airflow/example_dags/example_setup_teardown.py
[2025-11-14T21:36:08.119+0000] {processor.py:914} INFO - Processing file /home/airflow/.local/lib/python3.12/site-packages/airflow/example_dags/example_setup_teardown.py for tasks to queue
[2025-11-14T21:36:08.123+0000] {logging_mixin.py:190} INFO - [2025-11-14T21:36:08.123+0000] {dagbag.py:588} INFO - Filling up the DagBag from /home/airflow/.local/lib/python3.12/site-packages/airflow/example_dags/example_setup_teardown.py
[2025-11-14T21:36:08.127+0000] {processor.py:925} INFO - DAG(s) 'example_setup_teardown' retrieved from /home/airflow/.local/lib/python3.12/site-packages/airflow/example_dags/example_setup_teardown.py
[2025-11-14T21:36:08.142+0000] {logging_mixin.py:190} INFO - [2025-11-14T21:36:08.142+0000] {dag.py:3239} INFO - Sync 1 DAGs
[2025-11-14T21:36:08.148+0000] {logging_mixin.py:190} INFO - [2025-11-14T21:36:08.148+0000] {dag.py:4180} INFO - Setting next_dagrun for example_setup_teardown to None, run_after=None
[2025-11-14T21:36:08.155+0000] {processor.py:208} INFO - Processing /home/airflow/.local/lib/python3.12/site-packages/airflow/example_dags/example_setup_teardown.py took 0.042 seconds
[2025-11-14T21:36:38.651+0000] {processor.py:186} INFO - Started process (PID=1959) to work on /home/airflow/.local/lib/python3.12/site-packages/airflow/example_dags/example_setup_teardown.py
[2025-11-14T21:36:38.651+0000] {processor.py:914} INFO - Processing file /home/airflow/.local/lib/python3.12/site-packages/airflow/example_dags/example_setup_teardown.py for tasks to queue
[2025-11-14T21:36:38.653+0000] {logging_mixin.py:190} INFO - [2025-11-14T21:36:38.653+0000] {dagbag.py:588} INFO - Filling up the DagBag from /home/airflow/.local/lib/python3.12/site-packages/airflow/example_dags/example_setup_teardown.py
[2025-11-14T21:36:38.656+0000] {processor.py:925} INFO - DAG(s) 'example_setup_teardown' retrieved from /home/airflow/.local/lib/python3.12/site-packages/airflow/example_dags/example_setup_teardown.py
[2025-11-14T21:36:38.665+0000] {logging_mixin.py:190} INFO - [2025-11-14T21:36:38.665+0000] {dag.py:3239} INFO - Sync 1 DAGs
[2025-11-14T21:36:38.670+0000] {logging_mixin.py:190} INFO - [2025-11-14T21:36:38.670+0000] {dag.py:4180} INFO - Setting next_dagrun for example_setup_teardown to None, run_after=None
[2025-11-14T21:36:38.679+0000] {processor.py:208} INFO - Processing /home/airflow/.local/lib/python3.12/site-packages/airflow/example_dags/example_setup_teardown.py took 0.031 seconds
[2025-11-14T21:37:10.300+0000] {processor.py:186} INFO - Started process (PID=2021) to work on /home/airflow/.local/lib/python3.12/site-packages/airflow/example_dags/example_setup_teardown.py
[2025-11-14T21:37:10.302+0000] {processor.py:914} INFO - Processing file /home/airflow/.local/lib/python3.12/site-packages/airflow/example_dags/example_setup_teardown.py for tasks to queue
[2025-11-14T21:37:10.303+0000] {logging_mixin.py:190} INFO - [2025-11-14T21:37:10.303+0000] {dagbag.py:588} INFO - Filling up the DagBag from /home/airflow/.local/lib/python3.12/site-packages/airflow/example_dags/example_setup_teardown.py
[2025-11-14T21:37:10.306+0000] {processor.py:925} INFO - DAG(s) 'example_setup_teardown' retrieved from /home/airflow/.local/lib/python3.12/site-packages/airflow/example_dags/example_setup_teardown.py
[2025-11-14T21:37:10.315+0000] {logging_mixin.py:190} INFO - [2025-11-14T21:37:10.315+0000] {dag.py:3239} INFO - Sync 1 DAGs
[2025-11-14T21:37:10.320+0000] {logging_mixin.py:190} INFO - [2025-11-14T21:37:10.320+0000] {dag.py:4180} INFO - Setting next_dagrun for example_setup_teardown to None, run_after=None
[2025-11-14T21:37:10.328+0000] {processor.py:208} INFO - Processing /home/airflow/.local/lib/python3.12/site-packages/airflow/example_dags/example_setup_teardown.py took 0.031 seconds
[2025-11-14T21:37:40.466+0000] {processor.py:186} INFO - Started process (PID=2083) to work on /home/airflow/.local/lib/python3.12/site-packages/airflow/example_dags/example_setup_teardown.py
[2025-11-14T21:37:40.466+0000] {processor.py:914} INFO - Processing file /home/airflow/.local/lib/python3.12/site-packages/airflow/example_dags/example_setup_teardown.py for tasks to queue
[2025-11-14T21:37:40.467+0000] {logging_mixin.py:190} INFO - [2025-11-14T21:37:40.467+0000] {dagbag.py:588} INFO - Filling up the DagBag from /home/airflow/.local/lib/python3.12/site-packages/airflow/example_dags/example_setup_teardown.py
[2025-11-14T21:37:40.471+0000] {processor.py:925} INFO - DAG(s) 'example_setup_teardown' retrieved from /home/airflow/.local/lib/python3.12/site-packages/airflow/example_dags/example_setup_teardown.py
[2025-11-14T21:37:40.479+0000] {logging_mixin.py:190} INFO - [2025-11-14T21:37:40.479+0000] {dag.py:3239} INFO - Sync 1 DAGs
[2025-11-14T21:37:40.485+0000] {logging_mixin.py:190} INFO - [2025-11-14T21:37:40.485+0000] {dag.py:4180} INFO - Setting next_dagrun for example_setup_teardown to None, run_after=None
[2025-11-14T21:37:40.492+0000] {processor.py:208} INFO - Processing /home/airflow/.local/lib/python3.12/site-packages/airflow/example_dags/example_setup_teardown.py took 0.028 seconds
[2025-11-14T21:38:10.845+0000] {processor.py:186} INFO - Started process (PID=2145) to work on /home/airflow/.local/lib/python3.12/site-packages/airflow/example_dags/example_setup_teardown.py
[2025-11-14T21:38:10.845+0000] {processor.py:914} INFO - Processing file /home/airflow/.local/lib/python3.12/site-packages/airflow/example_dags/example_setup_teardown.py for tasks to queue
[2025-11-14T21:38:10.847+0000] {logging_mixin.py:190} INFO - [2025-11-14T21:38:10.846+0000] {dagbag.py:588} INFO - Filling up the DagBag from /home/airflow/.local/lib/python3.12/site-packages/airflow/example_dags/example_setup_teardown.py
[2025-11-14T21:38:10.851+0000] {processor.py:925} INFO - DAG(s) 'example_setup_teardown' retrieved from /home/airflow/.local/lib/python3.12/site-packages/airflow/example_dags/example_setup_teardown.py
[2025-11-14T21:38:10.860+0000] {logging_mixin.py:190} INFO - [2025-11-14T21:38:10.860+0000] {dag.py:3239} INFO - Sync 1 DAGs
[2025-11-14T21:38:10.866+0000] {logging_mixin.py:190} INFO - [2025-11-14T21:38:10.865+0000] {dag.py:4180} INFO - Setting next_dagrun for example_setup_teardown to None, run_after=None
[2025-11-14T21:38:10.871+0000] {processor.py:208} INFO - Processing /home/airflow/.local/lib/python3.12/site-packages/airflow/example_dags/example_setup_teardown.py took 0.029 seconds
[2025-11-14T21:38:42.227+0000] {processor.py:186} INFO - Started process (PID=2207) to work on /home/airflow/.local/lib/python3.12/site-packages/airflow/example_dags/example_setup_teardown.py
[2025-11-14T21:38:42.228+0000] {processor.py:914} INFO - Processing file /home/airflow/.local/lib/python3.12/site-packages/airflow/example_dags/example_setup_teardown.py for tasks to queue
[2025-11-14T21:38:42.228+0000] {logging_mixin.py:190} INFO - [2025-11-14T21:38:42.228+0000] {dagbag.py:588} INFO - Filling up the DagBag from /home/airflow/.local/lib/python3.12/site-packages/airflow/example_dags/example_setup_teardown.py
[2025-11-14T21:38:42.232+0000] {processor.py:925} INFO - DAG(s) 'example_setup_teardown' retrieved from /home/airflow/.local/lib/python3.12/site-packages/airflow/example_dags/example_setup_teardown.py
[2025-11-14T21:38:42.241+0000] {logging_mixin.py:190} INFO - [2025-11-14T21:38:42.241+0000] {dag.py:3239} INFO - Sync 1 DAGs
[2025-11-14T21:38:42.246+0000] {logging_mixin.py:190} INFO - [2025-11-14T21:38:42.246+0000] {dag.py:4180} INFO - Setting next_dagrun for example_setup_teardown to None, run_after=None
[2025-11-14T21:38:42.252+0000] {processor.py:208} INFO - Processing /home/airflow/.local/lib/python3.12/site-packages/airflow/example_dags/example_setup_teardown.py took 0.027 seconds
[2025-11-14T21:39:12.688+0000] {processor.py:186} INFO - Started process (PID=2269) to work on /home/airflow/.local/lib/python3.12/site-packages/airflow/example_dags/example_setup_teardown.py
[2025-11-14T21:39:12.690+0000] {processor.py:914} INFO - Processing file /home/airflow/.local/lib/python3.12/site-packages/airflow/example_dags/example_setup_teardown.py for tasks to queue
[2025-11-14T21:39:12.691+0000] {logging_mixin.py:190} INFO - [2025-11-14T21:39:12.691+0000] {dagbag.py:588} INFO - Filling up the DagBag from /home/airflow/.local/lib/python3.12/site-packages/airflow/example_dags/example_setup_teardown.py
[2025-11-14T21:39:12.695+0000] {processor.py:925} INFO - DAG(s) 'example_setup_teardown' retrieved from /home/airflow/.local/lib/python3.12/site-packages/airflow/example_dags/example_setup_teardown.py
[2025-11-14T21:39:12.702+0000] {logging_mixin.py:190} INFO - [2025-11-14T21:39:12.702+0000] {dag.py:3239} INFO - Sync 1 DAGs
[2025-11-14T21:39:12.707+0000] {logging_mixin.py:190} INFO - [2025-11-14T21:39:12.707+0000] {dag.py:4180} INFO - Setting next_dagrun for example_setup_teardown to None, run_after=None
[2025-11-14T21:39:12.714+0000] {processor.py:208} INFO - Processing /home/airflow/.local/lib/python3.12/site-packages/airflow/example_dags/example_setup_teardown.py took 0.028 seconds
[2025-11-14T21:39:44.017+0000] {processor.py:186} INFO - Started process (PID=2331) to work on /home/airflow/.local/lib/python3.12/site-packages/airflow/example_dags/example_setup_teardown.py
[2025-11-14T21:39:44.018+0000] {processor.py:914} INFO - Processing file /home/airflow/.local/lib/python3.12/site-packages/airflow/example_dags/example_setup_teardown.py for tasks to queue
[2025-11-14T21:39:44.019+0000] {logging_mixin.py:190} INFO - [2025-11-14T21:39:44.019+0000] {dagbag.py:588} INFO - Filling up the DagBag from /home/airflow/.local/lib/python3.12/site-packages/airflow/example_dags/example_setup_teardown.py
[2025-11-14T21:39:44.023+0000] {processor.py:925} INFO - DAG(s) 'example_setup_teardown' retrieved from /home/airflow/.local/lib/python3.12/site-packages/airflow/example_dags/example_setup_teardown.py
[2025-11-14T21:39:44.031+0000] {logging_mixin.py:190} INFO - [2025-11-14T21:39:44.031+0000] {dag.py:3239} INFO - Sync 1 DAGs
[2025-11-14T21:39:44.037+0000] {logging_mixin.py:190} INFO - [2025-11-14T21:39:44.037+0000] {dag.py:4180} INFO - Setting next_dagrun for example_setup_teardown to None, run_after=None
[2025-11-14T21:39:44.043+0000] {processor.py:208} INFO - Processing /home/airflow/.local/lib/python3.12/site-packages/airflow/example_dags/example_setup_teardown.py took 0.029 seconds
[2025-11-14T21:40:14.423+0000] {processor.py:186} INFO - Started process (PID=2393) to work on /home/airflow/.local/lib/python3.12/site-packages/airflow/example_dags/example_setup_teardown.py
[2025-11-14T21:40:14.424+0000] {processor.py:914} INFO - Processing file /home/airflow/.local/lib/python3.12/site-packages/airflow/example_dags/example_setup_teardown.py for tasks to queue
[2025-11-14T21:40:14.425+0000] {logging_mixin.py:190} INFO - [2025-11-14T21:40:14.425+0000] {dagbag.py:588} INFO - Filling up the DagBag from /home/airflow/.local/lib/python3.12/site-packages/airflow/example_dags/example_setup_teardown.py
[2025-11-14T21:40:14.430+0000] {processor.py:925} INFO - DAG(s) 'example_setup_teardown' retrieved from /home/airflow/.local/lib/python3.12/site-packages/airflow/example_dags/example_setup_teardown.py
[2025-11-14T21:40:14.439+0000] {logging_mixin.py:190} INFO - [2025-11-14T21:40:14.439+0000] {dag.py:3239} INFO - Sync 1 DAGs
[2025-11-14T21:40:14.445+0000] {logging_mixin.py:190} INFO - [2025-11-14T21:40:14.445+0000] {dag.py:4180} INFO - Setting next_dagrun for example_setup_teardown to None, run_after=None
[2025-11-14T21:40:14.452+0000] {processor.py:208} INFO - Processing /home/airflow/.local/lib/python3.12/site-packages/airflow/example_dags/example_setup_teardown.py took 0.032 seconds
[2025-11-14T21:40:45.817+0000] {processor.py:186} INFO - Started process (PID=2455) to work on /home/airflow/.local/lib/python3.12/site-packages/airflow/example_dags/example_setup_teardown.py
[2025-11-14T21:40:45.819+0000] {processor.py:914} INFO - Processing file /home/airflow/.local/lib/python3.12/site-packages/airflow/example_dags/example_setup_teardown.py for tasks to queue
[2025-11-14T21:40:45.820+0000] {logging_mixin.py:190} INFO - [2025-11-14T21:40:45.820+0000] {dagbag.py:588} INFO - Filling up the DagBag from /home/airflow/.local/lib/python3.12/site-packages/airflow/example_dags/example_setup_teardown.py
[2025-11-14T21:40:45.823+0000] {processor.py:925} INFO - DAG(s) 'example_setup_teardown' retrieved from /home/airflow/.local/lib/python3.12/site-packages/airflow/example_dags/example_setup_teardown.py
[2025-11-14T21:40:45.832+0000] {logging_mixin.py:190} INFO - [2025-11-14T21:40:45.831+0000] {dag.py:3239} INFO - Sync 1 DAGs
[2025-11-14T21:40:45.837+0000] {logging_mixin.py:190} INFO - [2025-11-14T21:40:45.836+0000] {dag.py:4180} INFO - Setting next_dagrun for example_setup_teardown to None, run_after=None
[2025-11-14T21:40:45.846+0000] {processor.py:208} INFO - Processing /home/airflow/.local/lib/python3.12/site-packages/airflow/example_dags/example_setup_teardown.py took 0.032 seconds
[2025-11-14T21:41:17.174+0000] {processor.py:186} INFO - Started process (PID=2517) to work on /home/airflow/.local/lib/python3.12/site-packages/airflow/example_dags/example_setup_teardown.py
[2025-11-14T21:41:17.175+0000] {processor.py:914} INFO - Processing file /home/airflow/.local/lib/python3.12/site-packages/airflow/example_dags/example_setup_teardown.py for tasks to queue
[2025-11-14T21:41:17.177+0000] {logging_mixin.py:190} INFO - [2025-11-14T21:41:17.177+0000] {dagbag.py:588} INFO - Filling up the DagBag from /home/airflow/.local/lib/python3.12/site-packages/airflow/example_dags/example_setup_teardown.py
[2025-11-14T21:41:17.181+0000] {processor.py:925} INFO - DAG(s) 'example_setup_teardown' retrieved from /home/airflow/.local/lib/python3.12/site-packages/airflow/example_dags/example_setup_teardown.py
[2025-11-14T21:41:17.193+0000] {logging_mixin.py:190} INFO - [2025-11-14T21:41:17.193+0000] {dag.py:3239} INFO - Sync 1 DAGs
[2025-11-14T21:41:17.200+0000] {logging_mixin.py:190} INFO - [2025-11-14T21:41:17.200+0000] {dag.py:4180} INFO - Setting next_dagrun for example_setup_teardown to None, run_after=None
[2025-11-14T21:41:17.210+0000] {processor.py:208} INFO - Processing /home/airflow/.local/lib/python3.12/site-packages/airflow/example_dags/example_setup_teardown.py took 0.038 seconds
[2025-11-14T21:41:48.556+0000] {processor.py:186} INFO - Started process (PID=2579) to work on /home/airflow/.local/lib/python3.12/site-packages/airflow/example_dags/example_setup_teardown.py
[2025-11-14T21:41:48.557+0000] {processor.py:914} INFO - Processing file /home/airflow/.local/lib/python3.12/site-packages/airflow/example_dags/example_setup_teardown.py for tasks to queue
[2025-11-14T21:41:48.558+0000] {logging_mixin.py:190} INFO - [2025-11-14T21:41:48.558+0000] {dagbag.py:588} INFO - Filling up the DagBag from /home/airflow/.local/lib/python3.12/site-packages/airflow/example_dags/example_setup_teardown.py
[2025-11-14T21:41:48.562+0000] {processor.py:925} INFO - DAG(s) 'example_setup_teardown' retrieved from /home/airflow/.local/lib/python3.12/site-packages/airflow/example_dags/example_setup_teardown.py
[2025-11-14T21:41:48.571+0000] {logging_mixin.py:190} INFO - [2025-11-14T21:41:48.570+0000] {dag.py:3239} INFO - Sync 1 DAGs
[2025-11-14T21:41:48.579+0000] {logging_mixin.py:190} INFO - [2025-11-14T21:41:48.579+0000] {dag.py:4180} INFO - Setting next_dagrun for example_setup_teardown to None, run_after=None
[2025-11-14T21:41:48.592+0000] {processor.py:208} INFO - Processing /home/airflow/.local/lib/python3.12/site-packages/airflow/example_dags/example_setup_teardown.py took 0.038 seconds
[2025-11-14T21:42:19.585+0000] {processor.py:186} INFO - Started process (PID=2647) to work on /home/airflow/.local/lib/python3.12/site-packages/airflow/example_dags/example_setup_teardown.py
[2025-11-14T21:42:19.586+0000] {processor.py:914} INFO - Processing file /home/airflow/.local/lib/python3.12/site-packages/airflow/example_dags/example_setup_teardown.py for tasks to queue
[2025-11-14T21:42:19.587+0000] {logging_mixin.py:190} INFO - [2025-11-14T21:42:19.587+0000] {dagbag.py:588} INFO - Filling up the DagBag from /home/airflow/.local/lib/python3.12/site-packages/airflow/example_dags/example_setup_teardown.py
[2025-11-14T21:42:19.592+0000] {processor.py:925} INFO - DAG(s) 'example_setup_teardown' retrieved from /home/airflow/.local/lib/python3.12/site-packages/airflow/example_dags/example_setup_teardown.py
[2025-11-14T21:42:19.605+0000] {logging_mixin.py:190} INFO - [2025-11-14T21:42:19.604+0000] {dag.py:3239} INFO - Sync 1 DAGs
[2025-11-14T21:42:19.612+0000] {logging_mixin.py:190} INFO - [2025-11-14T21:42:19.612+0000] {dag.py:4180} INFO - Setting next_dagrun for example_setup_teardown to None, run_after=None
[2025-11-14T21:42:19.626+0000] {processor.py:208} INFO - Processing /home/airflow/.local/lib/python3.12/site-packages/airflow/example_dags/example_setup_teardown.py took 0.045 seconds
[2025-11-14T21:42:51.536+0000] {processor.py:186} INFO - Started process (PID=2709) to work on /home/airflow/.local/lib/python3.12/site-packages/airflow/example_dags/example_setup_teardown.py
[2025-11-14T21:42:51.537+0000] {processor.py:914} INFO - Processing file /home/airflow/.local/lib/python3.12/site-packages/airflow/example_dags/example_setup_teardown.py for tasks to queue
[2025-11-14T21:42:51.539+0000] {logging_mixin.py:190} INFO - [2025-11-14T21:42:51.539+0000] {dagbag.py:588} INFO - Filling up the DagBag from /home/airflow/.local/lib/python3.12/site-packages/airflow/example_dags/example_setup_teardown.py
[2025-11-14T21:42:51.547+0000] {processor.py:925} INFO - DAG(s) 'example_setup_teardown' retrieved from /home/airflow/.local/lib/python3.12/site-packages/airflow/example_dags/example_setup_teardown.py
[2025-11-14T21:42:51.561+0000] {logging_mixin.py:190} INFO - [2025-11-14T21:42:51.560+0000] {dag.py:3239} INFO - Sync 1 DAGs
[2025-11-14T21:42:51.567+0000] {logging_mixin.py:190} INFO - [2025-11-14T21:42:51.567+0000] {dag.py:4180} INFO - Setting next_dagrun for example_setup_teardown to None, run_after=None
[2025-11-14T21:42:51.578+0000] {processor.py:208} INFO - Processing /home/airflow/.local/lib/python3.12/site-packages/airflow/example_dags/example_setup_teardown.py took 0.045 seconds
[2025-11-14T21:43:22.253+0000] {processor.py:186} INFO - Started process (PID=2771) to work on /home/airflow/.local/lib/python3.12/site-packages/airflow/example_dags/example_setup_teardown.py
[2025-11-14T21:43:22.256+0000] {processor.py:914} INFO - Processing file /home/airflow/.local/lib/python3.12/site-packages/airflow/example_dags/example_setup_teardown.py for tasks to queue
[2025-11-14T21:43:22.257+0000] {logging_mixin.py:190} INFO - [2025-11-14T21:43:22.257+0000] {dagbag.py:588} INFO - Filling up the DagBag from /home/airflow/.local/lib/python3.12/site-packages/airflow/example_dags/example_setup_teardown.py
[2025-11-14T21:43:22.261+0000] {processor.py:925} INFO - DAG(s) 'example_setup_teardown' retrieved from /home/airflow/.local/lib/python3.12/site-packages/airflow/example_dags/example_setup_teardown.py
[2025-11-14T21:43:22.269+0000] {logging_mixin.py:190} INFO - [2025-11-14T21:43:22.269+0000] {dag.py:3239} INFO - Sync 1 DAGs
[2025-11-14T21:43:22.275+0000] {logging_mixin.py:190} INFO - [2025-11-14T21:43:22.275+0000] {dag.py:4180} INFO - Setting next_dagrun for example_setup_teardown to None, run_after=None
[2025-11-14T21:43:22.281+0000] {processor.py:208} INFO - Processing /home/airflow/.local/lib/python3.12/site-packages/airflow/example_dags/example_setup_teardown.py took 0.031 seconds
[2025-11-14T21:43:53.012+0000] {processor.py:186} INFO - Started process (PID=2833) to work on /home/airflow/.local/lib/python3.12/site-packages/airflow/example_dags/example_setup_teardown.py
[2025-11-14T21:43:53.015+0000] {processor.py:914} INFO - Processing file /home/airflow/.local/lib/python3.12/site-packages/airflow/example_dags/example_setup_teardown.py for tasks to queue
[2025-11-14T21:43:53.016+0000] {logging_mixin.py:190} INFO - [2025-11-14T21:43:53.016+0000] {dagbag.py:588} INFO - Filling up the DagBag from /home/airflow/.local/lib/python3.12/site-packages/airflow/example_dags/example_setup_teardown.py
[2025-11-14T21:43:53.019+0000] {processor.py:925} INFO - DAG(s) 'example_setup_teardown' retrieved from /home/airflow/.local/lib/python3.12/site-packages/airflow/example_dags/example_setup_teardown.py
[2025-11-14T21:43:53.035+0000] {logging_mixin.py:190} INFO - [2025-11-14T21:43:53.034+0000] {dag.py:3239} INFO - Sync 1 DAGs
[2025-11-14T21:43:53.040+0000] {logging_mixin.py:190} INFO - [2025-11-14T21:43:53.040+0000] {dag.py:4180} INFO - Setting next_dagrun for example_setup_teardown to None, run_after=None
[2025-11-14T21:43:53.048+0000] {processor.py:208} INFO - Processing /home/airflow/.local/lib/python3.12/site-packages/airflow/example_dags/example_setup_teardown.py took 0.039 seconds
[2025-11-14T21:44:24.046+0000] {processor.py:186} INFO - Started process (PID=2895) to work on /home/airflow/.local/lib/python3.12/site-packages/airflow/example_dags/example_setup_teardown.py
[2025-11-14T21:44:24.047+0000] {processor.py:914} INFO - Processing file /home/airflow/.local/lib/python3.12/site-packages/airflow/example_dags/example_setup_teardown.py for tasks to queue
[2025-11-14T21:44:24.048+0000] {logging_mixin.py:190} INFO - [2025-11-14T21:44:24.048+0000] {dagbag.py:588} INFO - Filling up the DagBag from /home/airflow/.local/lib/python3.12/site-packages/airflow/example_dags/example_setup_teardown.py
[2025-11-14T21:44:24.052+0000] {processor.py:925} INFO - DAG(s) 'example_setup_teardown' retrieved from /home/airflow/.local/lib/python3.12/site-packages/airflow/example_dags/example_setup_teardown.py
[2025-11-14T21:44:24.063+0000] {logging_mixin.py:190} INFO - [2025-11-14T21:44:24.063+0000] {dag.py:3239} INFO - Sync 1 DAGs
[2025-11-14T21:44:24.069+0000] {logging_mixin.py:190} INFO - [2025-11-14T21:44:24.069+0000] {dag.py:4180} INFO - Setting next_dagrun for example_setup_teardown to None, run_after=None
[2025-11-14T21:44:24.082+0000] {processor.py:208} INFO - Processing /home/airflow/.local/lib/python3.12/site-packages/airflow/example_dags/example_setup_teardown.py took 0.038 seconds
[2025-11-14T21:44:55.819+0000] {processor.py:186} INFO - Started process (PID=2957) to work on /home/airflow/.local/lib/python3.12/site-packages/airflow/example_dags/example_setup_teardown.py
[2025-11-14T21:44:55.820+0000] {processor.py:914} INFO - Processing file /home/airflow/.local/lib/python3.12/site-packages/airflow/example_dags/example_setup_teardown.py for tasks to queue
[2025-11-14T21:44:55.821+0000] {logging_mixin.py:190} INFO - [2025-11-14T21:44:55.820+0000] {dagbag.py:588} INFO - Filling up the DagBag from /home/airflow/.local/lib/python3.12/site-packages/airflow/example_dags/example_setup_teardown.py
[2025-11-14T21:44:55.825+0000] {processor.py:925} INFO - DAG(s) 'example_setup_teardown' retrieved from /home/airflow/.local/lib/python3.12/site-packages/airflow/example_dags/example_setup_teardown.py
[2025-11-14T21:44:55.845+0000] {logging_mixin.py:190} INFO - [2025-11-14T21:44:55.844+0000] {dag.py:3239} INFO - Sync 1 DAGs
[2025-11-14T21:44:55.855+0000] {logging_mixin.py:190} INFO - [2025-11-14T21:44:55.855+0000] {dag.py:4180} INFO - Setting next_dagrun for example_setup_teardown to None, run_after=None
[2025-11-14T21:44:55.868+0000] {processor.py:208} INFO - Processing /home/airflow/.local/lib/python3.12/site-packages/airflow/example_dags/example_setup_teardown.py took 0.052 seconds
[2025-11-14T21:45:26.290+0000] {processor.py:186} INFO - Started process (PID=3019) to work on /home/airflow/.local/lib/python3.12/site-packages/airflow/example_dags/example_setup_teardown.py
[2025-11-14T21:45:26.290+0000] {processor.py:914} INFO - Processing file /home/airflow/.local/lib/python3.12/site-packages/airflow/example_dags/example_setup_teardown.py for tasks to queue
[2025-11-14T21:45:26.291+0000] {logging_mixin.py:190} INFO - [2025-11-14T21:45:26.291+0000] {dagbag.py:588} INFO - Filling up the DagBag from /home/airflow/.local/lib/python3.12/site-packages/airflow/example_dags/example_setup_teardown.py
[2025-11-14T21:45:26.295+0000] {processor.py:925} INFO - DAG(s) 'example_setup_teardown' retrieved from /home/airflow/.local/lib/python3.12/site-packages/airflow/example_dags/example_setup_teardown.py
[2025-11-14T21:45:26.304+0000] {logging_mixin.py:190} INFO - [2025-11-14T21:45:26.304+0000] {dag.py:3239} INFO - Sync 1 DAGs
[2025-11-14T21:45:26.310+0000] {logging_mixin.py:190} INFO - [2025-11-14T21:45:26.310+0000] {dag.py:4180} INFO - Setting next_dagrun for example_setup_teardown to None, run_after=None
[2025-11-14T21:45:26.412+0000] {processor.py:208} INFO - Processing /home/airflow/.local/lib/python3.12/site-packages/airflow/example_dags/example_setup_teardown.py took 0.125 seconds
[2025-11-14T21:45:57.662+0000] {processor.py:186} INFO - Started process (PID=3081) to work on /home/airflow/.local/lib/python3.12/site-packages/airflow/example_dags/example_setup_teardown.py
[2025-11-14T21:45:57.663+0000] {processor.py:914} INFO - Processing file /home/airflow/.local/lib/python3.12/site-packages/airflow/example_dags/example_setup_teardown.py for tasks to queue
[2025-11-14T21:45:57.665+0000] {logging_mixin.py:190} INFO - [2025-11-14T21:45:57.665+0000] {dagbag.py:588} INFO - Filling up the DagBag from /home/airflow/.local/lib/python3.12/site-packages/airflow/example_dags/example_setup_teardown.py
[2025-11-14T21:45:57.670+0000] {processor.py:925} INFO - DAG(s) 'example_setup_teardown' retrieved from /home/airflow/.local/lib/python3.12/site-packages/airflow/example_dags/example_setup_teardown.py
[2025-11-14T21:45:57.681+0000] {logging_mixin.py:190} INFO - [2025-11-14T21:45:57.681+0000] {dag.py:3239} INFO - Sync 1 DAGs
[2025-11-14T21:45:57.687+0000] {logging_mixin.py:190} INFO - [2025-11-14T21:45:57.687+0000] {dag.py:4180} INFO - Setting next_dagrun for example_setup_teardown to None, run_after=None
[2025-11-14T21:45:57.694+0000] {processor.py:208} INFO - Processing /home/airflow/.local/lib/python3.12/site-packages/airflow/example_dags/example_setup_teardown.py took 0.035 seconds
[2025-11-14T21:46:28.083+0000] {processor.py:186} INFO - Started process (PID=3143) to work on /home/airflow/.local/lib/python3.12/site-packages/airflow/example_dags/example_setup_teardown.py
[2025-11-14T21:46:28.085+0000] {processor.py:914} INFO - Processing file /home/airflow/.local/lib/python3.12/site-packages/airflow/example_dags/example_setup_teardown.py for tasks to queue
[2025-11-14T21:46:28.086+0000] {logging_mixin.py:190} INFO - [2025-11-14T21:46:28.086+0000] {dagbag.py:588} INFO - Filling up the DagBag from /home/airflow/.local/lib/python3.12/site-packages/airflow/example_dags/example_setup_teardown.py
[2025-11-14T21:46:28.090+0000] {processor.py:925} INFO - DAG(s) 'example_setup_teardown' retrieved from /home/airflow/.local/lib/python3.12/site-packages/airflow/example_dags/example_setup_teardown.py
[2025-11-14T21:46:28.099+0000] {logging_mixin.py:190} INFO - [2025-11-14T21:46:28.099+0000] {dag.py:3239} INFO - Sync 1 DAGs
[2025-11-14T21:46:28.106+0000] {logging_mixin.py:190} INFO - [2025-11-14T21:46:28.106+0000] {dag.py:4180} INFO - Setting next_dagrun for example_setup_teardown to None, run_after=None
[2025-11-14T21:46:28.115+0000] {processor.py:208} INFO - Processing /home/airflow/.local/lib/python3.12/site-packages/airflow/example_dags/example_setup_teardown.py took 0.034 seconds
[2025-11-14T21:46:59.404+0000] {processor.py:186} INFO - Started process (PID=3205) to work on /home/airflow/.local/lib/python3.12/site-packages/airflow/example_dags/example_setup_teardown.py
[2025-11-14T21:46:59.407+0000] {processor.py:914} INFO - Processing file /home/airflow/.local/lib/python3.12/site-packages/airflow/example_dags/example_setup_teardown.py for tasks to queue
[2025-11-14T21:46:59.408+0000] {logging_mixin.py:190} INFO - [2025-11-14T21:46:59.408+0000] {dagbag.py:588} INFO - Filling up the DagBag from /home/airflow/.local/lib/python3.12/site-packages/airflow/example_dags/example_setup_teardown.py
[2025-11-14T21:46:59.413+0000] {processor.py:925} INFO - DAG(s) 'example_setup_teardown' retrieved from /home/airflow/.local/lib/python3.12/site-packages/airflow/example_dags/example_setup_teardown.py
[2025-11-14T21:46:59.425+0000] {logging_mixin.py:190} INFO - [2025-11-14T21:46:59.425+0000] {dag.py:3239} INFO - Sync 1 DAGs
[2025-11-14T21:46:59.434+0000] {logging_mixin.py:190} INFO - [2025-11-14T21:46:59.434+0000] {dag.py:4180} INFO - Setting next_dagrun for example_setup_teardown to None, run_after=None
[2025-11-14T21:46:59.442+0000] {processor.py:208} INFO - Processing /home/airflow/.local/lib/python3.12/site-packages/airflow/example_dags/example_setup_teardown.py took 0.041 seconds
[2025-11-14T21:47:32.922+0000] {processor.py:186} INFO - Started process (PID=3267) to work on /home/airflow/.local/lib/python3.12/site-packages/airflow/example_dags/example_setup_teardown.py
[2025-11-14T21:47:32.925+0000] {processor.py:914} INFO - Processing file /home/airflow/.local/lib/python3.12/site-packages/airflow/example_dags/example_setup_teardown.py for tasks to queue
[2025-11-14T21:47:32.929+0000] {logging_mixin.py:190} INFO - [2025-11-14T21:47:32.929+0000] {dagbag.py:588} INFO - Filling up the DagBag from /home/airflow/.local/lib/python3.12/site-packages/airflow/example_dags/example_setup_teardown.py
[2025-11-14T21:47:32.940+0000] {processor.py:925} INFO - DAG(s) 'example_setup_teardown' retrieved from /home/airflow/.local/lib/python3.12/site-packages/airflow/example_dags/example_setup_teardown.py
[2025-11-14T21:47:32.956+0000] {logging_mixin.py:190} INFO - [2025-11-14T21:47:32.956+0000] {dag.py:3239} INFO - Sync 1 DAGs
[2025-11-14T21:47:32.986+0000] {logging_mixin.py:190} INFO - [2025-11-14T21:47:32.986+0000] {dag.py:4180} INFO - Setting next_dagrun for example_setup_teardown to None, run_after=None
[2025-11-14T21:47:33.001+0000] {processor.py:208} INFO - Processing /home/airflow/.local/lib/python3.12/site-packages/airflow/example_dags/example_setup_teardown.py took 0.084 seconds
[2025-11-14T21:48:03.808+0000] {processor.py:186} INFO - Started process (PID=3329) to work on /home/airflow/.local/lib/python3.12/site-packages/airflow/example_dags/example_setup_teardown.py
[2025-11-14T21:48:03.809+0000] {processor.py:914} INFO - Processing file /home/airflow/.local/lib/python3.12/site-packages/airflow/example_dags/example_setup_teardown.py for tasks to queue
[2025-11-14T21:48:03.810+0000] {logging_mixin.py:190} INFO - [2025-11-14T21:48:03.810+0000] {dagbag.py:588} INFO - Filling up the DagBag from /home/airflow/.local/lib/python3.12/site-packages/airflow/example_dags/example_setup_teardown.py
[2025-11-14T21:48:03.815+0000] {processor.py:925} INFO - DAG(s) 'example_setup_teardown' retrieved from /home/airflow/.local/lib/python3.12/site-packages/airflow/example_dags/example_setup_teardown.py
[2025-11-14T21:48:03.825+0000] {logging_mixin.py:190} INFO - [2025-11-14T21:48:03.825+0000] {dag.py:3239} INFO - Sync 1 DAGs
[2025-11-14T21:48:03.932+0000] {logging_mixin.py:190} INFO - [2025-11-14T21:48:03.932+0000] {dag.py:4180} INFO - Setting next_dagrun for example_setup_teardown to None, run_after=None
[2025-11-14T21:48:03.945+0000] {processor.py:208} INFO - Processing /home/airflow/.local/lib/python3.12/site-packages/airflow/example_dags/example_setup_teardown.py took 0.142 seconds
[2025-11-14T21:48:34.304+0000] {processor.py:186} INFO - Started process (PID=3391) to work on /home/airflow/.local/lib/python3.12/site-packages/airflow/example_dags/example_setup_teardown.py
[2025-11-14T21:48:34.307+0000] {processor.py:914} INFO - Processing file /home/airflow/.local/lib/python3.12/site-packages/airflow/example_dags/example_setup_teardown.py for tasks to queue
[2025-11-14T21:48:34.309+0000] {logging_mixin.py:190} INFO - [2025-11-14T21:48:34.308+0000] {dagbag.py:588} INFO - Filling up the DagBag from /home/airflow/.local/lib/python3.12/site-packages/airflow/example_dags/example_setup_teardown.py
[2025-11-14T21:48:34.314+0000] {processor.py:925} INFO - DAG(s) 'example_setup_teardown' retrieved from /home/airflow/.local/lib/python3.12/site-packages/airflow/example_dags/example_setup_teardown.py
[2025-11-14T21:48:34.327+0000] {logging_mixin.py:190} INFO - [2025-11-14T21:48:34.326+0000] {dag.py:3239} INFO - Sync 1 DAGs
[2025-11-14T21:48:34.333+0000] {logging_mixin.py:190} INFO - [2025-11-14T21:48:34.333+0000] {dag.py:4180} INFO - Setting next_dagrun for example_setup_teardown to None, run_after=None
[2025-11-14T21:48:34.340+0000] {processor.py:208} INFO - Processing /home/airflow/.local/lib/python3.12/site-packages/airflow/example_dags/example_setup_teardown.py took 0.038 seconds
[2025-11-14T21:49:05.366+0000] {processor.py:186} INFO - Started process (PID=3453) to work on /home/airflow/.local/lib/python3.12/site-packages/airflow/example_dags/example_setup_teardown.py
[2025-11-14T21:49:05.367+0000] {processor.py:914} INFO - Processing file /home/airflow/.local/lib/python3.12/site-packages/airflow/example_dags/example_setup_teardown.py for tasks to queue
[2025-11-14T21:49:05.368+0000] {logging_mixin.py:190} INFO - [2025-11-14T21:49:05.367+0000] {dagbag.py:588} INFO - Filling up the DagBag from /home/airflow/.local/lib/python3.12/site-packages/airflow/example_dags/example_setup_teardown.py
[2025-11-14T21:49:05.371+0000] {processor.py:925} INFO - DAG(s) 'example_setup_teardown' retrieved from /home/airflow/.local/lib/python3.12/site-packages/airflow/example_dags/example_setup_teardown.py
[2025-11-14T21:49:05.381+0000] {logging_mixin.py:190} INFO - [2025-11-14T21:49:05.380+0000] {dag.py:3239} INFO - Sync 1 DAGs
[2025-11-14T21:49:05.386+0000] {logging_mixin.py:190} INFO - [2025-11-14T21:49:05.386+0000] {dag.py:4180} INFO - Setting next_dagrun for example_setup_teardown to None, run_after=None
[2025-11-14T21:49:05.395+0000] {processor.py:208} INFO - Processing /home/airflow/.local/lib/python3.12/site-packages/airflow/example_dags/example_setup_teardown.py took 0.032 seconds
[2025-11-14T21:49:35.556+0000] {processor.py:186} INFO - Started process (PID=3515) to work on /home/airflow/.local/lib/python3.12/site-packages/airflow/example_dags/example_setup_teardown.py
[2025-11-14T21:49:35.557+0000] {processor.py:914} INFO - Processing file /home/airflow/.local/lib/python3.12/site-packages/airflow/example_dags/example_setup_teardown.py for tasks to queue
[2025-11-14T21:49:35.558+0000] {logging_mixin.py:190} INFO - [2025-11-14T21:49:35.558+0000] {dagbag.py:588} INFO - Filling up the DagBag from /home/airflow/.local/lib/python3.12/site-packages/airflow/example_dags/example_setup_teardown.py
[2025-11-14T21:49:35.561+0000] {processor.py:925} INFO - DAG(s) 'example_setup_teardown' retrieved from /home/airflow/.local/lib/python3.12/site-packages/airflow/example_dags/example_setup_teardown.py
[2025-11-14T21:49:35.573+0000] {logging_mixin.py:190} INFO - [2025-11-14T21:49:35.572+0000] {dag.py:3239} INFO - Sync 1 DAGs
[2025-11-14T21:49:35.578+0000] {logging_mixin.py:190} INFO - [2025-11-14T21:49:35.578+0000] {dag.py:4180} INFO - Setting next_dagrun for example_setup_teardown to None, run_after=None
[2025-11-14T21:49:35.590+0000] {processor.py:208} INFO - Processing /home/airflow/.local/lib/python3.12/site-packages/airflow/example_dags/example_setup_teardown.py took 0.036 seconds
[2025-11-14T21:50:05.819+0000] {processor.py:186} INFO - Started process (PID=3577) to work on /home/airflow/.local/lib/python3.12/site-packages/airflow/example_dags/example_setup_teardown.py
[2025-11-14T21:50:05.822+0000] {processor.py:914} INFO - Processing file /home/airflow/.local/lib/python3.12/site-packages/airflow/example_dags/example_setup_teardown.py for tasks to queue
[2025-11-14T21:50:05.823+0000] {logging_mixin.py:190} INFO - [2025-11-14T21:50:05.823+0000] {dagbag.py:588} INFO - Filling up the DagBag from /home/airflow/.local/lib/python3.12/site-packages/airflow/example_dags/example_setup_teardown.py
[2025-11-14T21:50:05.827+0000] {processor.py:925} INFO - DAG(s) 'example_setup_teardown' retrieved from /home/airflow/.local/lib/python3.12/site-packages/airflow/example_dags/example_setup_teardown.py
[2025-11-14T21:50:05.841+0000] {logging_mixin.py:190} INFO - [2025-11-14T21:50:05.841+0000] {dag.py:3239} INFO - Sync 1 DAGs
[2025-11-14T21:50:05.846+0000] {logging_mixin.py:190} INFO - [2025-11-14T21:50:05.846+0000] {dag.py:4180} INFO - Setting next_dagrun for example_setup_teardown to None, run_after=None
[2025-11-14T21:50:05.854+0000] {processor.py:208} INFO - Processing /home/airflow/.local/lib/python3.12/site-packages/airflow/example_dags/example_setup_teardown.py took 0.038 seconds
[2025-11-14T21:50:36.286+0000] {processor.py:186} INFO - Started process (PID=3639) to work on /home/airflow/.local/lib/python3.12/site-packages/airflow/example_dags/example_setup_teardown.py
[2025-11-14T21:50:36.287+0000] {processor.py:914} INFO - Processing file /home/airflow/.local/lib/python3.12/site-packages/airflow/example_dags/example_setup_teardown.py for tasks to queue
[2025-11-14T21:50:36.288+0000] {logging_mixin.py:190} INFO - [2025-11-14T21:50:36.288+0000] {dagbag.py:588} INFO - Filling up the DagBag from /home/airflow/.local/lib/python3.12/site-packages/airflow/example_dags/example_setup_teardown.py
[2025-11-14T21:50:36.292+0000] {processor.py:925} INFO - DAG(s) 'example_setup_teardown' retrieved from /home/airflow/.local/lib/python3.12/site-packages/airflow/example_dags/example_setup_teardown.py
[2025-11-14T21:50:36.303+0000] {logging_mixin.py:190} INFO - [2025-11-14T21:50:36.303+0000] {dag.py:3239} INFO - Sync 1 DAGs
[2025-11-14T21:50:36.310+0000] {logging_mixin.py:190} INFO - [2025-11-14T21:50:36.310+0000] {dag.py:4180} INFO - Setting next_dagrun for example_setup_teardown to None, run_after=None
[2025-11-14T21:50:36.319+0000] {processor.py:208} INFO - Processing /home/airflow/.local/lib/python3.12/site-packages/airflow/example_dags/example_setup_teardown.py took 0.036 seconds
[2025-11-14T21:51:06.782+0000] {processor.py:186} INFO - Started process (PID=3701) to work on /home/airflow/.local/lib/python3.12/site-packages/airflow/example_dags/example_setup_teardown.py
[2025-11-14T21:51:06.783+0000] {processor.py:914} INFO - Processing file /home/airflow/.local/lib/python3.12/site-packages/airflow/example_dags/example_setup_teardown.py for tasks to queue
[2025-11-14T21:51:06.784+0000] {logging_mixin.py:190} INFO - [2025-11-14T21:51:06.784+0000] {dagbag.py:588} INFO - Filling up the DagBag from /home/airflow/.local/lib/python3.12/site-packages/airflow/example_dags/example_setup_teardown.py
[2025-11-14T21:51:06.788+0000] {processor.py:925} INFO - DAG(s) 'example_setup_teardown' retrieved from /home/airflow/.local/lib/python3.12/site-packages/airflow/example_dags/example_setup_teardown.py
[2025-11-14T21:51:06.796+0000] {logging_mixin.py:190} INFO - [2025-11-14T21:51:06.796+0000] {dag.py:3239} INFO - Sync 1 DAGs
[2025-11-14T21:51:06.802+0000] {logging_mixin.py:190} INFO - [2025-11-14T21:51:06.802+0000] {dag.py:4180} INFO - Setting next_dagrun for example_setup_teardown to None, run_after=None
[2025-11-14T21:51:06.809+0000] {processor.py:208} INFO - Processing /home/airflow/.local/lib/python3.12/site-packages/airflow/example_dags/example_setup_teardown.py took 0.029 seconds
[2025-11-14T21:51:37.350+0000] {processor.py:186} INFO - Started process (PID=3763) to work on /home/airflow/.local/lib/python3.12/site-packages/airflow/example_dags/example_setup_teardown.py
[2025-11-14T21:51:37.351+0000] {processor.py:914} INFO - Processing file /home/airflow/.local/lib/python3.12/site-packages/airflow/example_dags/example_setup_teardown.py for tasks to queue
[2025-11-14T21:51:37.352+0000] {logging_mixin.py:190} INFO - [2025-11-14T21:51:37.352+0000] {dagbag.py:588} INFO - Filling up the DagBag from /home/airflow/.local/lib/python3.12/site-packages/airflow/example_dags/example_setup_teardown.py
[2025-11-14T21:51:37.357+0000] {processor.py:925} INFO - DAG(s) 'example_setup_teardown' retrieved from /home/airflow/.local/lib/python3.12/site-packages/airflow/example_dags/example_setup_teardown.py
[2025-11-14T21:51:37.367+0000] {logging_mixin.py:190} INFO - [2025-11-14T21:51:37.367+0000] {dag.py:3239} INFO - Sync 1 DAGs
[2025-11-14T21:51:37.373+0000] {logging_mixin.py:190} INFO - [2025-11-14T21:51:37.373+0000] {dag.py:4180} INFO - Setting next_dagrun for example_setup_teardown to None, run_after=None
[2025-11-14T21:51:37.379+0000] {processor.py:208} INFO - Processing /home/airflow/.local/lib/python3.12/site-packages/airflow/example_dags/example_setup_teardown.py took 0.032 seconds
[2025-11-14T21:52:08.219+0000] {processor.py:186} INFO - Started process (PID=3825) to work on /home/airflow/.local/lib/python3.12/site-packages/airflow/example_dags/example_setup_teardown.py
[2025-11-14T21:52:08.220+0000] {processor.py:914} INFO - Processing file /home/airflow/.local/lib/python3.12/site-packages/airflow/example_dags/example_setup_teardown.py for tasks to queue
[2025-11-14T21:52:08.221+0000] {logging_mixin.py:190} INFO - [2025-11-14T21:52:08.221+0000] {dagbag.py:588} INFO - Filling up the DagBag from /home/airflow/.local/lib/python3.12/site-packages/airflow/example_dags/example_setup_teardown.py
[2025-11-14T21:52:08.225+0000] {processor.py:925} INFO - DAG(s) 'example_setup_teardown' retrieved from /home/airflow/.local/lib/python3.12/site-packages/airflow/example_dags/example_setup_teardown.py
[2025-11-14T21:52:08.234+0000] {logging_mixin.py:190} INFO - [2025-11-14T21:52:08.234+0000] {dag.py:3239} INFO - Sync 1 DAGs
[2025-11-14T21:52:08.240+0000] {logging_mixin.py:190} INFO - [2025-11-14T21:52:08.240+0000] {dag.py:4180} INFO - Setting next_dagrun for example_setup_teardown to None, run_after=None
[2025-11-14T21:52:08.249+0000] {processor.py:208} INFO - Processing /home/airflow/.local/lib/python3.12/site-packages/airflow/example_dags/example_setup_teardown.py took 0.032 seconds
[2025-11-14T21:52:40.115+0000] {processor.py:186} INFO - Started process (PID=3887) to work on /home/airflow/.local/lib/python3.12/site-packages/airflow/example_dags/example_setup_teardown.py
[2025-11-14T21:52:40.116+0000] {processor.py:914} INFO - Processing file /home/airflow/.local/lib/python3.12/site-packages/airflow/example_dags/example_setup_teardown.py for tasks to queue
[2025-11-14T21:52:40.118+0000] {logging_mixin.py:190} INFO - [2025-11-14T21:52:40.118+0000] {dagbag.py:588} INFO - Filling up the DagBag from /home/airflow/.local/lib/python3.12/site-packages/airflow/example_dags/example_setup_teardown.py
[2025-11-14T21:52:40.126+0000] {processor.py:925} INFO - DAG(s) 'example_setup_teardown' retrieved from /home/airflow/.local/lib/python3.12/site-packages/airflow/example_dags/example_setup_teardown.py
[2025-11-14T21:52:40.164+0000] {logging_mixin.py:190} INFO - [2025-11-14T21:52:40.162+0000] {dag.py:3239} INFO - Sync 1 DAGs
[2025-11-14T21:52:40.182+0000] {logging_mixin.py:190} INFO - [2025-11-14T21:52:40.182+0000] {dag.py:4180} INFO - Setting next_dagrun for example_setup_teardown to None, run_after=None
[2025-11-14T21:52:40.202+0000] {processor.py:208} INFO - Processing /home/airflow/.local/lib/python3.12/site-packages/airflow/example_dags/example_setup_teardown.py took 0.095 seconds
[2025-11-14T21:53:10.329+0000] {processor.py:186} INFO - Started process (PID=3949) to work on /home/airflow/.local/lib/python3.12/site-packages/airflow/example_dags/example_setup_teardown.py
[2025-11-14T21:53:10.329+0000] {processor.py:914} INFO - Processing file /home/airflow/.local/lib/python3.12/site-packages/airflow/example_dags/example_setup_teardown.py for tasks to queue
[2025-11-14T21:53:10.330+0000] {logging_mixin.py:190} INFO - [2025-11-14T21:53:10.330+0000] {dagbag.py:588} INFO - Filling up the DagBag from /home/airflow/.local/lib/python3.12/site-packages/airflow/example_dags/example_setup_teardown.py
[2025-11-14T21:53:10.333+0000] {processor.py:925} INFO - DAG(s) 'example_setup_teardown' retrieved from /home/airflow/.local/lib/python3.12/site-packages/airflow/example_dags/example_setup_teardown.py
[2025-11-14T21:53:10.341+0000] {logging_mixin.py:190} INFO - [2025-11-14T21:53:10.341+0000] {dag.py:3239} INFO - Sync 1 DAGs
[2025-11-14T21:53:10.345+0000] {logging_mixin.py:190} INFO - [2025-11-14T21:53:10.345+0000] {dag.py:4180} INFO - Setting next_dagrun for example_setup_teardown to None, run_after=None
[2025-11-14T21:53:10.351+0000] {processor.py:208} INFO - Processing /home/airflow/.local/lib/python3.12/site-packages/airflow/example_dags/example_setup_teardown.py took 0.025 seconds
[2025-11-14T21:53:40.895+0000] {processor.py:186} INFO - Started process (PID=4011) to work on /home/airflow/.local/lib/python3.12/site-packages/airflow/example_dags/example_setup_teardown.py
[2025-11-14T21:53:40.896+0000] {processor.py:914} INFO - Processing file /home/airflow/.local/lib/python3.12/site-packages/airflow/example_dags/example_setup_teardown.py for tasks to queue
[2025-11-14T21:53:40.897+0000] {logging_mixin.py:190} INFO - [2025-11-14T21:53:40.897+0000] {dagbag.py:588} INFO - Filling up the DagBag from /home/airflow/.local/lib/python3.12/site-packages/airflow/example_dags/example_setup_teardown.py
[2025-11-14T21:53:40.900+0000] {processor.py:925} INFO - DAG(s) 'example_setup_teardown' retrieved from /home/airflow/.local/lib/python3.12/site-packages/airflow/example_dags/example_setup_teardown.py
[2025-11-14T21:53:40.911+0000] {logging_mixin.py:190} INFO - [2025-11-14T21:53:40.911+0000] {dag.py:3239} INFO - Sync 1 DAGs
[2025-11-14T21:53:40.916+0000] {logging_mixin.py:190} INFO - [2025-11-14T21:53:40.916+0000] {dag.py:4180} INFO - Setting next_dagrun for example_setup_teardown to None, run_after=None
[2025-11-14T21:53:40.924+0000] {processor.py:208} INFO - Processing /home/airflow/.local/lib/python3.12/site-packages/airflow/example_dags/example_setup_teardown.py took 0.032 seconds
[2025-11-14T21:54:11.525+0000] {processor.py:186} INFO - Started process (PID=4073) to work on /home/airflow/.local/lib/python3.12/site-packages/airflow/example_dags/example_setup_teardown.py
[2025-11-14T21:54:11.529+0000] {processor.py:914} INFO - Processing file /home/airflow/.local/lib/python3.12/site-packages/airflow/example_dags/example_setup_teardown.py for tasks to queue
[2025-11-14T21:54:11.532+0000] {logging_mixin.py:190} INFO - [2025-11-14T21:54:11.531+0000] {dagbag.py:588} INFO - Filling up the DagBag from /home/airflow/.local/lib/python3.12/site-packages/airflow/example_dags/example_setup_teardown.py
[2025-11-14T21:54:11.536+0000] {processor.py:925} INFO - DAG(s) 'example_setup_teardown' retrieved from /home/airflow/.local/lib/python3.12/site-packages/airflow/example_dags/example_setup_teardown.py
[2025-11-14T21:54:11.548+0000] {logging_mixin.py:190} INFO - [2025-11-14T21:54:11.548+0000] {dag.py:3239} INFO - Sync 1 DAGs
[2025-11-14T21:54:11.555+0000] {logging_mixin.py:190} INFO - [2025-11-14T21:54:11.555+0000] {dag.py:4180} INFO - Setting next_dagrun for example_setup_teardown to None, run_after=None
[2025-11-14T21:54:11.564+0000] {processor.py:208} INFO - Processing /home/airflow/.local/lib/python3.12/site-packages/airflow/example_dags/example_setup_teardown.py took 0.044 seconds
[2025-11-14T21:54:42.036+0000] {processor.py:186} INFO - Started process (PID=4135) to work on /home/airflow/.local/lib/python3.12/site-packages/airflow/example_dags/example_setup_teardown.py
[2025-11-14T21:54:42.037+0000] {processor.py:914} INFO - Processing file /home/airflow/.local/lib/python3.12/site-packages/airflow/example_dags/example_setup_teardown.py for tasks to queue
[2025-11-14T21:54:42.038+0000] {logging_mixin.py:190} INFO - [2025-11-14T21:54:42.038+0000] {dagbag.py:588} INFO - Filling up the DagBag from /home/airflow/.local/lib/python3.12/site-packages/airflow/example_dags/example_setup_teardown.py
[2025-11-14T21:54:42.041+0000] {processor.py:925} INFO - DAG(s) 'example_setup_teardown' retrieved from /home/airflow/.local/lib/python3.12/site-packages/airflow/example_dags/example_setup_teardown.py
[2025-11-14T21:54:42.052+0000] {logging_mixin.py:190} INFO - [2025-11-14T21:54:42.052+0000] {dag.py:3239} INFO - Sync 1 DAGs
[2025-11-14T21:54:42.058+0000] {logging_mixin.py:190} INFO - [2025-11-14T21:54:42.057+0000] {dag.py:4180} INFO - Setting next_dagrun for example_setup_teardown to None, run_after=None
[2025-11-14T21:54:42.067+0000] {processor.py:208} INFO - Processing /home/airflow/.local/lib/python3.12/site-packages/airflow/example_dags/example_setup_teardown.py took 0.033 seconds
[2025-11-14T21:55:12.387+0000] {processor.py:186} INFO - Started process (PID=4197) to work on /home/airflow/.local/lib/python3.12/site-packages/airflow/example_dags/example_setup_teardown.py
[2025-11-14T21:55:12.388+0000] {processor.py:914} INFO - Processing file /home/airflow/.local/lib/python3.12/site-packages/airflow/example_dags/example_setup_teardown.py for tasks to queue
[2025-11-14T21:55:12.389+0000] {logging_mixin.py:190} INFO - [2025-11-14T21:55:12.389+0000] {dagbag.py:588} INFO - Filling up the DagBag from /home/airflow/.local/lib/python3.12/site-packages/airflow/example_dags/example_setup_teardown.py
[2025-11-14T21:55:12.392+0000] {processor.py:925} INFO - DAG(s) 'example_setup_teardown' retrieved from /home/airflow/.local/lib/python3.12/site-packages/airflow/example_dags/example_setup_teardown.py
[2025-11-14T21:55:12.404+0000] {logging_mixin.py:190} INFO - [2025-11-14T21:55:12.404+0000] {dag.py:3239} INFO - Sync 1 DAGs
[2025-11-14T21:55:12.412+0000] {logging_mixin.py:190} INFO - [2025-11-14T21:55:12.412+0000] {dag.py:4180} INFO - Setting next_dagrun for example_setup_teardown to None, run_after=None
[2025-11-14T21:55:12.420+0000] {processor.py:208} INFO - Processing /home/airflow/.local/lib/python3.12/site-packages/airflow/example_dags/example_setup_teardown.py took 0.036 seconds
[2025-11-14T21:55:42.757+0000] {processor.py:186} INFO - Started process (PID=4259) to work on /home/airflow/.local/lib/python3.12/site-packages/airflow/example_dags/example_setup_teardown.py
[2025-11-14T21:55:42.758+0000] {processor.py:914} INFO - Processing file /home/airflow/.local/lib/python3.12/site-packages/airflow/example_dags/example_setup_teardown.py for tasks to queue
[2025-11-14T21:55:42.760+0000] {logging_mixin.py:190} INFO - [2025-11-14T21:55:42.760+0000] {dagbag.py:588} INFO - Filling up the DagBag from /home/airflow/.local/lib/python3.12/site-packages/airflow/example_dags/example_setup_teardown.py
[2025-11-14T21:55:42.765+0000] {processor.py:925} INFO - DAG(s) 'example_setup_teardown' retrieved from /home/airflow/.local/lib/python3.12/site-packages/airflow/example_dags/example_setup_teardown.py
[2025-11-14T21:55:42.778+0000] {logging_mixin.py:190} INFO - [2025-11-14T21:55:42.777+0000] {dag.py:3239} INFO - Sync 1 DAGs
[2025-11-14T21:55:42.783+0000] {logging_mixin.py:190} INFO - [2025-11-14T21:55:42.783+0000] {dag.py:4180} INFO - Setting next_dagrun for example_setup_teardown to None, run_after=None
[2025-11-14T21:55:42.790+0000] {processor.py:208} INFO - Processing /home/airflow/.local/lib/python3.12/site-packages/airflow/example_dags/example_setup_teardown.py took 0.036 seconds
[2025-11-14T21:56:13.313+0000] {processor.py:186} INFO - Started process (PID=4321) to work on /home/airflow/.local/lib/python3.12/site-packages/airflow/example_dags/example_setup_teardown.py
[2025-11-14T21:56:13.314+0000] {processor.py:914} INFO - Processing file /home/airflow/.local/lib/python3.12/site-packages/airflow/example_dags/example_setup_teardown.py for tasks to queue
[2025-11-14T21:56:13.315+0000] {logging_mixin.py:190} INFO - [2025-11-14T21:56:13.315+0000] {dagbag.py:588} INFO - Filling up the DagBag from /home/airflow/.local/lib/python3.12/site-packages/airflow/example_dags/example_setup_teardown.py
[2025-11-14T21:56:13.318+0000] {processor.py:925} INFO - DAG(s) 'example_setup_teardown' retrieved from /home/airflow/.local/lib/python3.12/site-packages/airflow/example_dags/example_setup_teardown.py
[2025-11-14T21:56:13.326+0000] {logging_mixin.py:190} INFO - [2025-11-14T21:56:13.326+0000] {dag.py:3239} INFO - Sync 1 DAGs
[2025-11-14T21:56:13.331+0000] {logging_mixin.py:190} INFO - [2025-11-14T21:56:13.331+0000] {dag.py:4180} INFO - Setting next_dagrun for example_setup_teardown to None, run_after=None
[2025-11-14T21:56:13.336+0000] {processor.py:208} INFO - Processing /home/airflow/.local/lib/python3.12/site-packages/airflow/example_dags/example_setup_teardown.py took 0.025 seconds
[2025-11-14T21:56:44.217+0000] {processor.py:186} INFO - Started process (PID=4383) to work on /home/airflow/.local/lib/python3.12/site-packages/airflow/example_dags/example_setup_teardown.py
[2025-11-14T21:56:44.218+0000] {processor.py:914} INFO - Processing file /home/airflow/.local/lib/python3.12/site-packages/airflow/example_dags/example_setup_teardown.py for tasks to queue
[2025-11-14T21:56:44.219+0000] {logging_mixin.py:190} INFO - [2025-11-14T21:56:44.219+0000] {dagbag.py:588} INFO - Filling up the DagBag from /home/airflow/.local/lib/python3.12/site-packages/airflow/example_dags/example_setup_teardown.py
[2025-11-14T21:56:44.223+0000] {processor.py:925} INFO - DAG(s) 'example_setup_teardown' retrieved from /home/airflow/.local/lib/python3.12/site-packages/airflow/example_dags/example_setup_teardown.py
[2025-11-14T21:56:44.232+0000] {logging_mixin.py:190} INFO - [2025-11-14T21:56:44.232+0000] {dag.py:3239} INFO - Sync 1 DAGs
[2025-11-14T21:56:44.237+0000] {logging_mixin.py:190} INFO - [2025-11-14T21:56:44.237+0000] {dag.py:4180} INFO - Setting next_dagrun for example_setup_teardown to None, run_after=None
[2025-11-14T21:56:44.247+0000] {processor.py:208} INFO - Processing /home/airflow/.local/lib/python3.12/site-packages/airflow/example_dags/example_setup_teardown.py took 0.033 seconds
[2025-11-14T21:57:14.683+0000] {processor.py:186} INFO - Started process (PID=4445) to work on /home/airflow/.local/lib/python3.12/site-packages/airflow/example_dags/example_setup_teardown.py
[2025-11-14T21:57:14.683+0000] {processor.py:914} INFO - Processing file /home/airflow/.local/lib/python3.12/site-packages/airflow/example_dags/example_setup_teardown.py for tasks to queue
[2025-11-14T21:57:14.684+0000] {logging_mixin.py:190} INFO - [2025-11-14T21:57:14.684+0000] {dagbag.py:588} INFO - Filling up the DagBag from /home/airflow/.local/lib/python3.12/site-packages/airflow/example_dags/example_setup_teardown.py
[2025-11-14T21:57:14.687+0000] {processor.py:925} INFO - DAG(s) 'example_setup_teardown' retrieved from /home/airflow/.local/lib/python3.12/site-packages/airflow/example_dags/example_setup_teardown.py
[2025-11-14T21:57:14.697+0000] {logging_mixin.py:190} INFO - [2025-11-14T21:57:14.696+0000] {dag.py:3239} INFO - Sync 1 DAGs
[2025-11-14T21:57:14.702+0000] {logging_mixin.py:190} INFO - [2025-11-14T21:57:14.701+0000] {dag.py:4180} INFO - Setting next_dagrun for example_setup_teardown to None, run_after=None
[2025-11-14T21:57:14.707+0000] {processor.py:208} INFO - Processing /home/airflow/.local/lib/python3.12/site-packages/airflow/example_dags/example_setup_teardown.py took 0.027 seconds
[2025-11-14T21:57:46.335+0000] {processor.py:186} INFO - Started process (PID=4507) to work on /home/airflow/.local/lib/python3.12/site-packages/airflow/example_dags/example_setup_teardown.py
[2025-11-14T21:57:46.336+0000] {processor.py:914} INFO - Processing file /home/airflow/.local/lib/python3.12/site-packages/airflow/example_dags/example_setup_teardown.py for tasks to queue
[2025-11-14T21:57:46.338+0000] {logging_mixin.py:190} INFO - [2025-11-14T21:57:46.338+0000] {dagbag.py:588} INFO - Filling up the DagBag from /home/airflow/.local/lib/python3.12/site-packages/airflow/example_dags/example_setup_teardown.py
[2025-11-14T21:57:46.343+0000] {processor.py:925} INFO - DAG(s) 'example_setup_teardown' retrieved from /home/airflow/.local/lib/python3.12/site-packages/airflow/example_dags/example_setup_teardown.py
[2025-11-14T21:57:46.364+0000] {logging_mixin.py:190} INFO - [2025-11-14T21:57:46.364+0000] {dag.py:3239} INFO - Sync 1 DAGs
[2025-11-14T21:57:46.374+0000] {logging_mixin.py:190} INFO - [2025-11-14T21:57:46.374+0000] {dag.py:4180} INFO - Setting next_dagrun for example_setup_teardown to None, run_after=None
[2025-11-14T21:57:46.393+0000] {processor.py:208} INFO - Processing /home/airflow/.local/lib/python3.12/site-packages/airflow/example_dags/example_setup_teardown.py took 0.063 seconds
[2025-11-14T21:58:17.196+0000] {processor.py:186} INFO - Started process (PID=4569) to work on /home/airflow/.local/lib/python3.12/site-packages/airflow/example_dags/example_setup_teardown.py
[2025-11-14T21:58:17.197+0000] {processor.py:914} INFO - Processing file /home/airflow/.local/lib/python3.12/site-packages/airflow/example_dags/example_setup_teardown.py for tasks to queue
[2025-11-14T21:58:17.203+0000] {logging_mixin.py:190} INFO - [2025-11-14T21:58:17.202+0000] {dagbag.py:588} INFO - Filling up the DagBag from /home/airflow/.local/lib/python3.12/site-packages/airflow/example_dags/example_setup_teardown.py
[2025-11-14T21:58:17.212+0000] {processor.py:925} INFO - DAG(s) 'example_setup_teardown' retrieved from /home/airflow/.local/lib/python3.12/site-packages/airflow/example_dags/example_setup_teardown.py
[2025-11-14T21:58:17.233+0000] {logging_mixin.py:190} INFO - [2025-11-14T21:58:17.233+0000] {dag.py:3239} INFO - Sync 1 DAGs
[2025-11-14T21:58:17.242+0000] {logging_mixin.py:190} INFO - [2025-11-14T21:58:17.242+0000] {dag.py:4180} INFO - Setting next_dagrun for example_setup_teardown to None, run_after=None
[2025-11-14T21:58:17.252+0000] {processor.py:208} INFO - Processing /home/airflow/.local/lib/python3.12/site-packages/airflow/example_dags/example_setup_teardown.py took 0.058 seconds
[2025-11-14T21:58:47.404+0000] {processor.py:186} INFO - Started process (PID=4631) to work on /home/airflow/.local/lib/python3.12/site-packages/airflow/example_dags/example_setup_teardown.py
[2025-11-14T21:58:47.405+0000] {processor.py:914} INFO - Processing file /home/airflow/.local/lib/python3.12/site-packages/airflow/example_dags/example_setup_teardown.py for tasks to queue
[2025-11-14T21:58:47.408+0000] {logging_mixin.py:190} INFO - [2025-11-14T21:58:47.408+0000] {dagbag.py:588} INFO - Filling up the DagBag from /home/airflow/.local/lib/python3.12/site-packages/airflow/example_dags/example_setup_teardown.py
[2025-11-14T21:58:47.412+0000] {processor.py:925} INFO - DAG(s) 'example_setup_teardown' retrieved from /home/airflow/.local/lib/python3.12/site-packages/airflow/example_dags/example_setup_teardown.py
[2025-11-14T21:58:47.430+0000] {logging_mixin.py:190} INFO - [2025-11-14T21:58:47.429+0000] {dag.py:3239} INFO - Sync 1 DAGs
[2025-11-14T21:58:47.437+0000] {logging_mixin.py:190} INFO - [2025-11-14T21:58:47.437+0000] {dag.py:4180} INFO - Setting next_dagrun for example_setup_teardown to None, run_after=None
[2025-11-14T21:58:47.445+0000] {processor.py:208} INFO - Processing /home/airflow/.local/lib/python3.12/site-packages/airflow/example_dags/example_setup_teardown.py took 0.045 seconds
[2025-11-14T21:59:17.995+0000] {processor.py:186} INFO - Started process (PID=4693) to work on /home/airflow/.local/lib/python3.12/site-packages/airflow/example_dags/example_setup_teardown.py
[2025-11-14T21:59:17.997+0000] {processor.py:914} INFO - Processing file /home/airflow/.local/lib/python3.12/site-packages/airflow/example_dags/example_setup_teardown.py for tasks to queue
[2025-11-14T21:59:17.998+0000] {logging_mixin.py:190} INFO - [2025-11-14T21:59:17.998+0000] {dagbag.py:588} INFO - Filling up the DagBag from /home/airflow/.local/lib/python3.12/site-packages/airflow/example_dags/example_setup_teardown.py
[2025-11-14T21:59:18.004+0000] {processor.py:925} INFO - DAG(s) 'example_setup_teardown' retrieved from /home/airflow/.local/lib/python3.12/site-packages/airflow/example_dags/example_setup_teardown.py
[2025-11-14T21:59:18.016+0000] {logging_mixin.py:190} INFO - [2025-11-14T21:59:18.016+0000] {dag.py:3239} INFO - Sync 1 DAGs
[2025-11-14T21:59:18.023+0000] {logging_mixin.py:190} INFO - [2025-11-14T21:59:18.023+0000] {dag.py:4180} INFO - Setting next_dagrun for example_setup_teardown to None, run_after=None
[2025-11-14T21:59:18.030+0000] {processor.py:208} INFO - Processing /home/airflow/.local/lib/python3.12/site-packages/airflow/example_dags/example_setup_teardown.py took 0.037 seconds
[2025-11-14T21:59:49.026+0000] {processor.py:186} INFO - Started process (PID=4755) to work on /home/airflow/.local/lib/python3.12/site-packages/airflow/example_dags/example_setup_teardown.py
[2025-11-14T21:59:49.027+0000] {processor.py:914} INFO - Processing file /home/airflow/.local/lib/python3.12/site-packages/airflow/example_dags/example_setup_teardown.py for tasks to queue
[2025-11-14T21:59:49.028+0000] {logging_mixin.py:190} INFO - [2025-11-14T21:59:49.028+0000] {dagbag.py:588} INFO - Filling up the DagBag from /home/airflow/.local/lib/python3.12/site-packages/airflow/example_dags/example_setup_teardown.py
[2025-11-14T21:59:49.032+0000] {processor.py:925} INFO - DAG(s) 'example_setup_teardown' retrieved from /home/airflow/.local/lib/python3.12/site-packages/airflow/example_dags/example_setup_teardown.py
[2025-11-14T21:59:49.041+0000] {logging_mixin.py:190} INFO - [2025-11-14T21:59:49.041+0000] {dag.py:3239} INFO - Sync 1 DAGs
[2025-11-14T21:59:49.047+0000] {logging_mixin.py:190} INFO - [2025-11-14T21:59:49.047+0000] {dag.py:4180} INFO - Setting next_dagrun for example_setup_teardown to None, run_after=None
[2025-11-14T21:59:49.058+0000] {processor.py:208} INFO - Processing /home/airflow/.local/lib/python3.12/site-packages/airflow/example_dags/example_setup_teardown.py took 0.035 seconds
[2025-11-14T22:00:19.479+0000] {processor.py:186} INFO - Started process (PID=4817) to work on /home/airflow/.local/lib/python3.12/site-packages/airflow/example_dags/example_setup_teardown.py
[2025-11-14T22:00:19.480+0000] {processor.py:914} INFO - Processing file /home/airflow/.local/lib/python3.12/site-packages/airflow/example_dags/example_setup_teardown.py for tasks to queue
[2025-11-14T22:00:19.481+0000] {logging_mixin.py:190} INFO - [2025-11-14T22:00:19.481+0000] {dagbag.py:588} INFO - Filling up the DagBag from /home/airflow/.local/lib/python3.12/site-packages/airflow/example_dags/example_setup_teardown.py
[2025-11-14T22:00:19.485+0000] {processor.py:925} INFO - DAG(s) 'example_setup_teardown' retrieved from /home/airflow/.local/lib/python3.12/site-packages/airflow/example_dags/example_setup_teardown.py
[2025-11-14T22:00:19.493+0000] {logging_mixin.py:190} INFO - [2025-11-14T22:00:19.493+0000] {dag.py:3239} INFO - Sync 1 DAGs
[2025-11-14T22:00:19.498+0000] {logging_mixin.py:190} INFO - [2025-11-14T22:00:19.498+0000] {dag.py:4180} INFO - Setting next_dagrun for example_setup_teardown to None, run_after=None
[2025-11-14T22:00:19.506+0000] {processor.py:208} INFO - Processing /home/airflow/.local/lib/python3.12/site-packages/airflow/example_dags/example_setup_teardown.py took 0.030 seconds
[2025-11-14T22:00:49.723+0000] {processor.py:186} INFO - Started process (PID=4879) to work on /home/airflow/.local/lib/python3.12/site-packages/airflow/example_dags/example_setup_teardown.py
[2025-11-14T22:00:49.727+0000] {processor.py:914} INFO - Processing file /home/airflow/.local/lib/python3.12/site-packages/airflow/example_dags/example_setup_teardown.py for tasks to queue
[2025-11-14T22:00:49.728+0000] {logging_mixin.py:190} INFO - [2025-11-14T22:00:49.728+0000] {dagbag.py:588} INFO - Filling up the DagBag from /home/airflow/.local/lib/python3.12/site-packages/airflow/example_dags/example_setup_teardown.py
[2025-11-14T22:00:49.732+0000] {processor.py:925} INFO - DAG(s) 'example_setup_teardown' retrieved from /home/airflow/.local/lib/python3.12/site-packages/airflow/example_dags/example_setup_teardown.py
[2025-11-14T22:00:49.740+0000] {logging_mixin.py:190} INFO - [2025-11-14T22:00:49.740+0000] {dag.py:3239} INFO - Sync 1 DAGs
[2025-11-14T22:00:49.746+0000] {logging_mixin.py:190} INFO - [2025-11-14T22:00:49.746+0000] {dag.py:4180} INFO - Setting next_dagrun for example_setup_teardown to None, run_after=None
[2025-11-14T22:00:49.753+0000] {processor.py:208} INFO - Processing /home/airflow/.local/lib/python3.12/site-packages/airflow/example_dags/example_setup_teardown.py took 0.032 seconds
[2025-11-14T22:01:20.109+0000] {processor.py:186} INFO - Started process (PID=4941) to work on /home/airflow/.local/lib/python3.12/site-packages/airflow/example_dags/example_setup_teardown.py
[2025-11-14T22:01:20.110+0000] {processor.py:914} INFO - Processing file /home/airflow/.local/lib/python3.12/site-packages/airflow/example_dags/example_setup_teardown.py for tasks to queue
[2025-11-14T22:01:20.111+0000] {logging_mixin.py:190} INFO - [2025-11-14T22:01:20.111+0000] {dagbag.py:588} INFO - Filling up the DagBag from /home/airflow/.local/lib/python3.12/site-packages/airflow/example_dags/example_setup_teardown.py
[2025-11-14T22:01:20.114+0000] {processor.py:925} INFO - DAG(s) 'example_setup_teardown' retrieved from /home/airflow/.local/lib/python3.12/site-packages/airflow/example_dags/example_setup_teardown.py
[2025-11-14T22:01:20.122+0000] {logging_mixin.py:190} INFO - [2025-11-14T22:01:20.122+0000] {dag.py:3239} INFO - Sync 1 DAGs
[2025-11-14T22:01:20.128+0000] {logging_mixin.py:190} INFO - [2025-11-14T22:01:20.128+0000] {dag.py:4180} INFO - Setting next_dagrun for example_setup_teardown to None, run_after=None
[2025-11-14T22:01:20.134+0000] {processor.py:208} INFO - Processing /home/airflow/.local/lib/python3.12/site-packages/airflow/example_dags/example_setup_teardown.py took 0.028 seconds
[2025-11-14T22:01:51.426+0000] {processor.py:186} INFO - Started process (PID=5003) to work on /home/airflow/.local/lib/python3.12/site-packages/airflow/example_dags/example_setup_teardown.py
[2025-11-14T22:01:51.427+0000] {processor.py:914} INFO - Processing file /home/airflow/.local/lib/python3.12/site-packages/airflow/example_dags/example_setup_teardown.py for tasks to queue
[2025-11-14T22:01:51.429+0000] {logging_mixin.py:190} INFO - [2025-11-14T22:01:51.429+0000] {dagbag.py:588} INFO - Filling up the DagBag from /home/airflow/.local/lib/python3.12/site-packages/airflow/example_dags/example_setup_teardown.py
[2025-11-14T22:01:51.433+0000] {processor.py:925} INFO - DAG(s) 'example_setup_teardown' retrieved from /home/airflow/.local/lib/python3.12/site-packages/airflow/example_dags/example_setup_teardown.py
[2025-11-14T22:01:51.442+0000] {logging_mixin.py:190} INFO - [2025-11-14T22:01:51.442+0000] {dag.py:3239} INFO - Sync 1 DAGs
[2025-11-14T22:01:51.448+0000] {logging_mixin.py:190} INFO - [2025-11-14T22:01:51.448+0000] {dag.py:4180} INFO - Setting next_dagrun for example_setup_teardown to None, run_after=None
[2025-11-14T22:01:51.459+0000] {processor.py:208} INFO - Processing /home/airflow/.local/lib/python3.12/site-packages/airflow/example_dags/example_setup_teardown.py took 0.037 seconds
[2025-11-14T22:02:22.248+0000] {processor.py:186} INFO - Started process (PID=5065) to work on /home/airflow/.local/lib/python3.12/site-packages/airflow/example_dags/example_setup_teardown.py
[2025-11-14T22:02:22.249+0000] {processor.py:914} INFO - Processing file /home/airflow/.local/lib/python3.12/site-packages/airflow/example_dags/example_setup_teardown.py for tasks to queue
[2025-11-14T22:02:22.250+0000] {logging_mixin.py:190} INFO - [2025-11-14T22:02:22.250+0000] {dagbag.py:588} INFO - Filling up the DagBag from /home/airflow/.local/lib/python3.12/site-packages/airflow/example_dags/example_setup_teardown.py
[2025-11-14T22:02:22.254+0000] {processor.py:925} INFO - DAG(s) 'example_setup_teardown' retrieved from /home/airflow/.local/lib/python3.12/site-packages/airflow/example_dags/example_setup_teardown.py
[2025-11-14T22:02:22.263+0000] {logging_mixin.py:190} INFO - [2025-11-14T22:02:22.263+0000] {dag.py:3239} INFO - Sync 1 DAGs
[2025-11-14T22:02:22.269+0000] {logging_mixin.py:190} INFO - [2025-11-14T22:02:22.269+0000] {dag.py:4180} INFO - Setting next_dagrun for example_setup_teardown to None, run_after=None
[2025-11-14T22:02:22.277+0000] {processor.py:208} INFO - Processing /home/airflow/.local/lib/python3.12/site-packages/airflow/example_dags/example_setup_teardown.py took 0.031 seconds
[2025-11-14T22:02:52.937+0000] {processor.py:186} INFO - Started process (PID=5127) to work on /home/airflow/.local/lib/python3.12/site-packages/airflow/example_dags/example_setup_teardown.py
[2025-11-14T22:02:52.938+0000] {processor.py:914} INFO - Processing file /home/airflow/.local/lib/python3.12/site-packages/airflow/example_dags/example_setup_teardown.py for tasks to queue
[2025-11-14T22:02:52.939+0000] {logging_mixin.py:190} INFO - [2025-11-14T22:02:52.939+0000] {dagbag.py:588} INFO - Filling up the DagBag from /home/airflow/.local/lib/python3.12/site-packages/airflow/example_dags/example_setup_teardown.py
[2025-11-14T22:02:52.943+0000] {processor.py:925} INFO - DAG(s) 'example_setup_teardown' retrieved from /home/airflow/.local/lib/python3.12/site-packages/airflow/example_dags/example_setup_teardown.py
[2025-11-14T22:02:52.951+0000] {logging_mixin.py:190} INFO - [2025-11-14T22:02:52.951+0000] {dag.py:3239} INFO - Sync 1 DAGs
[2025-11-14T22:02:52.959+0000] {logging_mixin.py:190} INFO - [2025-11-14T22:02:52.959+0000] {dag.py:4180} INFO - Setting next_dagrun for example_setup_teardown to None, run_after=None
[2025-11-14T22:02:52.969+0000] {processor.py:208} INFO - Processing /home/airflow/.local/lib/python3.12/site-packages/airflow/example_dags/example_setup_teardown.py took 0.035 seconds
[2025-11-14T22:03:23.522+0000] {processor.py:186} INFO - Started process (PID=5195) to work on /home/airflow/.local/lib/python3.12/site-packages/airflow/example_dags/example_setup_teardown.py
[2025-11-14T22:03:23.525+0000] {processor.py:914} INFO - Processing file /home/airflow/.local/lib/python3.12/site-packages/airflow/example_dags/example_setup_teardown.py for tasks to queue
[2025-11-14T22:03:23.526+0000] {logging_mixin.py:190} INFO - [2025-11-14T22:03:23.526+0000] {dagbag.py:588} INFO - Filling up the DagBag from /home/airflow/.local/lib/python3.12/site-packages/airflow/example_dags/example_setup_teardown.py
[2025-11-14T22:03:23.529+0000] {processor.py:925} INFO - DAG(s) 'example_setup_teardown' retrieved from /home/airflow/.local/lib/python3.12/site-packages/airflow/example_dags/example_setup_teardown.py
[2025-11-14T22:03:23.542+0000] {logging_mixin.py:190} INFO - [2025-11-14T22:03:23.542+0000] {dag.py:3239} INFO - Sync 1 DAGs
[2025-11-14T22:03:23.548+0000] {logging_mixin.py:190} INFO - [2025-11-14T22:03:23.548+0000] {dag.py:4180} INFO - Setting next_dagrun for example_setup_teardown to None, run_after=None
[2025-11-14T22:03:23.559+0000] {processor.py:208} INFO - Processing /home/airflow/.local/lib/python3.12/site-packages/airflow/example_dags/example_setup_teardown.py took 0.040 seconds
[2025-11-14T22:03:54.056+0000] {processor.py:186} INFO - Started process (PID=5257) to work on /home/airflow/.local/lib/python3.12/site-packages/airflow/example_dags/example_setup_teardown.py
[2025-11-14T22:03:54.056+0000] {processor.py:914} INFO - Processing file /home/airflow/.local/lib/python3.12/site-packages/airflow/example_dags/example_setup_teardown.py for tasks to queue
[2025-11-14T22:03:54.057+0000] {logging_mixin.py:190} INFO - [2025-11-14T22:03:54.057+0000] {dagbag.py:588} INFO - Filling up the DagBag from /home/airflow/.local/lib/python3.12/site-packages/airflow/example_dags/example_setup_teardown.py
[2025-11-14T22:03:54.062+0000] {processor.py:925} INFO - DAG(s) 'example_setup_teardown' retrieved from /home/airflow/.local/lib/python3.12/site-packages/airflow/example_dags/example_setup_teardown.py
[2025-11-14T22:03:54.070+0000] {logging_mixin.py:190} INFO - [2025-11-14T22:03:54.070+0000] {dag.py:3239} INFO - Sync 1 DAGs
[2025-11-14T22:03:54.077+0000] {logging_mixin.py:190} INFO - [2025-11-14T22:03:54.077+0000] {dag.py:4180} INFO - Setting next_dagrun for example_setup_teardown to None, run_after=None
[2025-11-14T22:03:54.085+0000] {processor.py:208} INFO - Processing /home/airflow/.local/lib/python3.12/site-packages/airflow/example_dags/example_setup_teardown.py took 0.032 seconds
[2025-11-14T22:04:24.422+0000] {processor.py:186} INFO - Started process (PID=5319) to work on /home/airflow/.local/lib/python3.12/site-packages/airflow/example_dags/example_setup_teardown.py
[2025-11-14T22:04:24.424+0000] {processor.py:914} INFO - Processing file /home/airflow/.local/lib/python3.12/site-packages/airflow/example_dags/example_setup_teardown.py for tasks to queue
[2025-11-14T22:04:24.426+0000] {logging_mixin.py:190} INFO - [2025-11-14T22:04:24.425+0000] {dagbag.py:588} INFO - Filling up the DagBag from /home/airflow/.local/lib/python3.12/site-packages/airflow/example_dags/example_setup_teardown.py
[2025-11-14T22:04:24.429+0000] {processor.py:925} INFO - DAG(s) 'example_setup_teardown' retrieved from /home/airflow/.local/lib/python3.12/site-packages/airflow/example_dags/example_setup_teardown.py
[2025-11-14T22:04:24.439+0000] {logging_mixin.py:190} INFO - [2025-11-14T22:04:24.439+0000] {dag.py:3239} INFO - Sync 1 DAGs
[2025-11-14T22:04:24.446+0000] {logging_mixin.py:190} INFO - [2025-11-14T22:04:24.446+0000] {dag.py:4180} INFO - Setting next_dagrun for example_setup_teardown to None, run_after=None
[2025-11-14T22:04:24.453+0000] {processor.py:208} INFO - Processing /home/airflow/.local/lib/python3.12/site-packages/airflow/example_dags/example_setup_teardown.py took 0.033 seconds
[2025-11-14T22:04:54.877+0000] {processor.py:186} INFO - Started process (PID=5381) to work on /home/airflow/.local/lib/python3.12/site-packages/airflow/example_dags/example_setup_teardown.py
[2025-11-14T22:04:54.878+0000] {processor.py:914} INFO - Processing file /home/airflow/.local/lib/python3.12/site-packages/airflow/example_dags/example_setup_teardown.py for tasks to queue
[2025-11-14T22:04:54.879+0000] {logging_mixin.py:190} INFO - [2025-11-14T22:04:54.879+0000] {dagbag.py:588} INFO - Filling up the DagBag from /home/airflow/.local/lib/python3.12/site-packages/airflow/example_dags/example_setup_teardown.py
[2025-11-14T22:04:54.882+0000] {processor.py:925} INFO - DAG(s) 'example_setup_teardown' retrieved from /home/airflow/.local/lib/python3.12/site-packages/airflow/example_dags/example_setup_teardown.py
[2025-11-14T22:04:54.891+0000] {logging_mixin.py:190} INFO - [2025-11-14T22:04:54.891+0000] {dag.py:3239} INFO - Sync 1 DAGs
[2025-11-14T22:04:54.897+0000] {logging_mixin.py:190} INFO - [2025-11-14T22:04:54.897+0000] {dag.py:4180} INFO - Setting next_dagrun for example_setup_teardown to None, run_after=None
[2025-11-14T22:04:54.907+0000] {processor.py:208} INFO - Processing /home/airflow/.local/lib/python3.12/site-packages/airflow/example_dags/example_setup_teardown.py took 0.035 seconds
[2025-11-14T22:05:25.909+0000] {processor.py:186} INFO - Started process (PID=5443) to work on /home/airflow/.local/lib/python3.12/site-packages/airflow/example_dags/example_setup_teardown.py
[2025-11-14T22:05:25.909+0000] {processor.py:914} INFO - Processing file /home/airflow/.local/lib/python3.12/site-packages/airflow/example_dags/example_setup_teardown.py for tasks to queue
[2025-11-14T22:05:25.911+0000] {logging_mixin.py:190} INFO - [2025-11-14T22:05:25.911+0000] {dagbag.py:588} INFO - Filling up the DagBag from /home/airflow/.local/lib/python3.12/site-packages/airflow/example_dags/example_setup_teardown.py
[2025-11-14T22:05:25.916+0000] {processor.py:925} INFO - DAG(s) 'example_setup_teardown' retrieved from /home/airflow/.local/lib/python3.12/site-packages/airflow/example_dags/example_setup_teardown.py
[2025-11-14T22:05:25.926+0000] {logging_mixin.py:190} INFO - [2025-11-14T22:05:25.926+0000] {dag.py:3239} INFO - Sync 1 DAGs
[2025-11-14T22:05:25.935+0000] {logging_mixin.py:190} INFO - [2025-11-14T22:05:25.935+0000] {dag.py:4180} INFO - Setting next_dagrun for example_setup_teardown to None, run_after=None
[2025-11-14T22:05:25.943+0000] {processor.py:208} INFO - Processing /home/airflow/.local/lib/python3.12/site-packages/airflow/example_dags/example_setup_teardown.py took 0.038 seconds
[2025-11-14T22:05:56.985+0000] {processor.py:186} INFO - Started process (PID=5505) to work on /home/airflow/.local/lib/python3.12/site-packages/airflow/example_dags/example_setup_teardown.py
[2025-11-14T22:05:56.985+0000] {processor.py:914} INFO - Processing file /home/airflow/.local/lib/python3.12/site-packages/airflow/example_dags/example_setup_teardown.py for tasks to queue
[2025-11-14T22:05:56.987+0000] {logging_mixin.py:190} INFO - [2025-11-14T22:05:56.987+0000] {dagbag.py:588} INFO - Filling up the DagBag from /home/airflow/.local/lib/python3.12/site-packages/airflow/example_dags/example_setup_teardown.py
[2025-11-14T22:05:56.991+0000] {processor.py:925} INFO - DAG(s) 'example_setup_teardown' retrieved from /home/airflow/.local/lib/python3.12/site-packages/airflow/example_dags/example_setup_teardown.py
[2025-11-14T22:05:57.000+0000] {logging_mixin.py:190} INFO - [2025-11-14T22:05:57.000+0000] {dag.py:3239} INFO - Sync 1 DAGs
[2025-11-14T22:05:57.006+0000] {logging_mixin.py:190} INFO - [2025-11-14T22:05:57.006+0000] {dag.py:4180} INFO - Setting next_dagrun for example_setup_teardown to None, run_after=None
[2025-11-14T22:05:57.014+0000] {processor.py:208} INFO - Processing /home/airflow/.local/lib/python3.12/site-packages/airflow/example_dags/example_setup_teardown.py took 0.033 seconds
[2025-11-14T22:06:27.470+0000] {processor.py:186} INFO - Started process (PID=5567) to work on /home/airflow/.local/lib/python3.12/site-packages/airflow/example_dags/example_setup_teardown.py
[2025-11-14T22:06:27.475+0000] {processor.py:914} INFO - Processing file /home/airflow/.local/lib/python3.12/site-packages/airflow/example_dags/example_setup_teardown.py for tasks to queue
[2025-11-14T22:06:27.481+0000] {logging_mixin.py:190} INFO - [2025-11-14T22:06:27.480+0000] {dagbag.py:588} INFO - Filling up the DagBag from /home/airflow/.local/lib/python3.12/site-packages/airflow/example_dags/example_setup_teardown.py
[2025-11-14T22:06:27.492+0000] {processor.py:925} INFO - DAG(s) 'example_setup_teardown' retrieved from /home/airflow/.local/lib/python3.12/site-packages/airflow/example_dags/example_setup_teardown.py
[2025-11-14T22:06:27.505+0000] {logging_mixin.py:190} INFO - [2025-11-14T22:06:27.505+0000] {dag.py:3239} INFO - Sync 1 DAGs
[2025-11-14T22:06:27.513+0000] {logging_mixin.py:190} INFO - [2025-11-14T22:06:27.513+0000] {dag.py:4180} INFO - Setting next_dagrun for example_setup_teardown to None, run_after=None
[2025-11-14T22:06:27.522+0000] {processor.py:208} INFO - Processing /home/airflow/.local/lib/python3.12/site-packages/airflow/example_dags/example_setup_teardown.py took 0.058 seconds
[2025-11-14T22:06:58.128+0000] {processor.py:186} INFO - Started process (PID=5628) to work on /home/airflow/.local/lib/python3.12/site-packages/airflow/example_dags/example_setup_teardown.py
[2025-11-14T22:06:58.128+0000] {processor.py:914} INFO - Processing file /home/airflow/.local/lib/python3.12/site-packages/airflow/example_dags/example_setup_teardown.py for tasks to queue
[2025-11-14T22:06:58.130+0000] {logging_mixin.py:190} INFO - [2025-11-14T22:06:58.130+0000] {dagbag.py:588} INFO - Filling up the DagBag from /home/airflow/.local/lib/python3.12/site-packages/airflow/example_dags/example_setup_teardown.py
[2025-11-14T22:06:58.134+0000] {processor.py:925} INFO - DAG(s) 'example_setup_teardown' retrieved from /home/airflow/.local/lib/python3.12/site-packages/airflow/example_dags/example_setup_teardown.py
[2025-11-14T22:06:58.146+0000] {logging_mixin.py:190} INFO - [2025-11-14T22:06:58.145+0000] {dag.py:3239} INFO - Sync 1 DAGs
[2025-11-14T22:06:58.151+0000] {logging_mixin.py:190} INFO - [2025-11-14T22:06:58.151+0000] {dag.py:4180} INFO - Setting next_dagrun for example_setup_teardown to None, run_after=None
[2025-11-14T22:06:58.159+0000] {processor.py:208} INFO - Processing /home/airflow/.local/lib/python3.12/site-packages/airflow/example_dags/example_setup_teardown.py took 0.035 seconds
[2025-11-14T22:07:28.456+0000] {processor.py:186} INFO - Started process (PID=5690) to work on /home/airflow/.local/lib/python3.12/site-packages/airflow/example_dags/example_setup_teardown.py
[2025-11-14T22:07:28.457+0000] {processor.py:914} INFO - Processing file /home/airflow/.local/lib/python3.12/site-packages/airflow/example_dags/example_setup_teardown.py for tasks to queue
[2025-11-14T22:07:28.460+0000] {logging_mixin.py:190} INFO - [2025-11-14T22:07:28.460+0000] {dagbag.py:588} INFO - Filling up the DagBag from /home/airflow/.local/lib/python3.12/site-packages/airflow/example_dags/example_setup_teardown.py
[2025-11-14T22:07:28.465+0000] {processor.py:925} INFO - DAG(s) 'example_setup_teardown' retrieved from /home/airflow/.local/lib/python3.12/site-packages/airflow/example_dags/example_setup_teardown.py
[2025-11-14T22:07:28.474+0000] {logging_mixin.py:190} INFO - [2025-11-14T22:07:28.474+0000] {dag.py:3239} INFO - Sync 1 DAGs
[2025-11-14T22:07:28.479+0000] {logging_mixin.py:190} INFO - [2025-11-14T22:07:28.479+0000] {dag.py:4180} INFO - Setting next_dagrun for example_setup_teardown to None, run_after=None
[2025-11-14T22:07:28.486+0000] {processor.py:208} INFO - Processing /home/airflow/.local/lib/python3.12/site-packages/airflow/example_dags/example_setup_teardown.py took 0.032 seconds
[2025-11-14T22:07:58.996+0000] {processor.py:186} INFO - Started process (PID=5752) to work on /home/airflow/.local/lib/python3.12/site-packages/airflow/example_dags/example_setup_teardown.py
[2025-11-14T22:07:58.998+0000] {processor.py:914} INFO - Processing file /home/airflow/.local/lib/python3.12/site-packages/airflow/example_dags/example_setup_teardown.py for tasks to queue
[2025-11-14T22:07:58.999+0000] {logging_mixin.py:190} INFO - [2025-11-14T22:07:58.999+0000] {dagbag.py:588} INFO - Filling up the DagBag from /home/airflow/.local/lib/python3.12/site-packages/airflow/example_dags/example_setup_teardown.py
[2025-11-14T22:07:59.003+0000] {processor.py:925} INFO - DAG(s) 'example_setup_teardown' retrieved from /home/airflow/.local/lib/python3.12/site-packages/airflow/example_dags/example_setup_teardown.py
[2025-11-14T22:07:59.012+0000] {logging_mixin.py:190} INFO - [2025-11-14T22:07:59.012+0000] {dag.py:3239} INFO - Sync 1 DAGs
[2025-11-14T22:07:59.018+0000] {logging_mixin.py:190} INFO - [2025-11-14T22:07:59.018+0000] {dag.py:4180} INFO - Setting next_dagrun for example_setup_teardown to None, run_after=None
[2025-11-14T22:07:59.026+0000] {processor.py:208} INFO - Processing /home/airflow/.local/lib/python3.12/site-packages/airflow/example_dags/example_setup_teardown.py took 0.032 seconds
[2025-11-14T22:08:29.183+0000] {processor.py:186} INFO - Started process (PID=5814) to work on /home/airflow/.local/lib/python3.12/site-packages/airflow/example_dags/example_setup_teardown.py
[2025-11-14T22:08:29.183+0000] {processor.py:914} INFO - Processing file /home/airflow/.local/lib/python3.12/site-packages/airflow/example_dags/example_setup_teardown.py for tasks to queue
[2025-11-14T22:08:29.184+0000] {logging_mixin.py:190} INFO - [2025-11-14T22:08:29.184+0000] {dagbag.py:588} INFO - Filling up the DagBag from /home/airflow/.local/lib/python3.12/site-packages/airflow/example_dags/example_setup_teardown.py
[2025-11-14T22:08:29.188+0000] {processor.py:925} INFO - DAG(s) 'example_setup_teardown' retrieved from /home/airflow/.local/lib/python3.12/site-packages/airflow/example_dags/example_setup_teardown.py
[2025-11-14T22:08:29.198+0000] {logging_mixin.py:190} INFO - [2025-11-14T22:08:29.198+0000] {dag.py:3239} INFO - Sync 1 DAGs
[2025-11-14T22:08:29.206+0000] {logging_mixin.py:190} INFO - [2025-11-14T22:08:29.206+0000] {dag.py:4180} INFO - Setting next_dagrun for example_setup_teardown to None, run_after=None
[2025-11-14T22:08:29.215+0000] {processor.py:208} INFO - Processing /home/airflow/.local/lib/python3.12/site-packages/airflow/example_dags/example_setup_teardown.py took 0.035 seconds
[2025-11-14T22:09:00.385+0000] {processor.py:186} INFO - Started process (PID=5876) to work on /home/airflow/.local/lib/python3.12/site-packages/airflow/example_dags/example_setup_teardown.py
[2025-11-14T22:09:00.388+0000] {processor.py:914} INFO - Processing file /home/airflow/.local/lib/python3.12/site-packages/airflow/example_dags/example_setup_teardown.py for tasks to queue
[2025-11-14T22:09:00.389+0000] {logging_mixin.py:190} INFO - [2025-11-14T22:09:00.389+0000] {dagbag.py:588} INFO - Filling up the DagBag from /home/airflow/.local/lib/python3.12/site-packages/airflow/example_dags/example_setup_teardown.py
[2025-11-14T22:09:00.393+0000] {processor.py:925} INFO - DAG(s) 'example_setup_teardown' retrieved from /home/airflow/.local/lib/python3.12/site-packages/airflow/example_dags/example_setup_teardown.py
[2025-11-14T22:09:00.402+0000] {logging_mixin.py:190} INFO - [2025-11-14T22:09:00.402+0000] {dag.py:3239} INFO - Sync 1 DAGs
[2025-11-14T22:09:00.407+0000] {logging_mixin.py:190} INFO - [2025-11-14T22:09:00.407+0000] {dag.py:4180} INFO - Setting next_dagrun for example_setup_teardown to None, run_after=None
[2025-11-14T22:09:00.414+0000] {processor.py:208} INFO - Processing /home/airflow/.local/lib/python3.12/site-packages/airflow/example_dags/example_setup_teardown.py took 0.031 seconds
[2025-11-14T22:09:30.765+0000] {processor.py:186} INFO - Started process (PID=5938) to work on /home/airflow/.local/lib/python3.12/site-packages/airflow/example_dags/example_setup_teardown.py
[2025-11-14T22:09:30.766+0000] {processor.py:914} INFO - Processing file /home/airflow/.local/lib/python3.12/site-packages/airflow/example_dags/example_setup_teardown.py for tasks to queue
[2025-11-14T22:09:30.767+0000] {logging_mixin.py:190} INFO - [2025-11-14T22:09:30.767+0000] {dagbag.py:588} INFO - Filling up the DagBag from /home/airflow/.local/lib/python3.12/site-packages/airflow/example_dags/example_setup_teardown.py
[2025-11-14T22:09:30.770+0000] {processor.py:925} INFO - DAG(s) 'example_setup_teardown' retrieved from /home/airflow/.local/lib/python3.12/site-packages/airflow/example_dags/example_setup_teardown.py
[2025-11-14T22:09:30.778+0000] {logging_mixin.py:190} INFO - [2025-11-14T22:09:30.778+0000] {dag.py:3239} INFO - Sync 1 DAGs
[2025-11-14T22:09:30.784+0000] {logging_mixin.py:190} INFO - [2025-11-14T22:09:30.784+0000] {dag.py:4180} INFO - Setting next_dagrun for example_setup_teardown to None, run_after=None
[2025-11-14T22:09:30.791+0000] {processor.py:208} INFO - Processing /home/airflow/.local/lib/python3.12/site-packages/airflow/example_dags/example_setup_teardown.py took 0.028 seconds
[2025-11-14T22:10:01.948+0000] {processor.py:186} INFO - Started process (PID=6000) to work on /home/airflow/.local/lib/python3.12/site-packages/airflow/example_dags/example_setup_teardown.py
[2025-11-14T22:10:01.950+0000] {processor.py:914} INFO - Processing file /home/airflow/.local/lib/python3.12/site-packages/airflow/example_dags/example_setup_teardown.py for tasks to queue
[2025-11-14T22:10:01.951+0000] {logging_mixin.py:190} INFO - [2025-11-14T22:10:01.951+0000] {dagbag.py:588} INFO - Filling up the DagBag from /home/airflow/.local/lib/python3.12/site-packages/airflow/example_dags/example_setup_teardown.py
[2025-11-14T22:10:01.955+0000] {processor.py:925} INFO - DAG(s) 'example_setup_teardown' retrieved from /home/airflow/.local/lib/python3.12/site-packages/airflow/example_dags/example_setup_teardown.py
[2025-11-14T22:10:01.965+0000] {logging_mixin.py:190} INFO - [2025-11-14T22:10:01.964+0000] {dag.py:3239} INFO - Sync 1 DAGs
[2025-11-14T22:10:01.970+0000] {logging_mixin.py:190} INFO - [2025-11-14T22:10:01.970+0000] {dag.py:4180} INFO - Setting next_dagrun for example_setup_teardown to None, run_after=None
[2025-11-14T22:10:01.977+0000] {processor.py:208} INFO - Processing /home/airflow/.local/lib/python3.12/site-packages/airflow/example_dags/example_setup_teardown.py took 0.031 seconds
[2025-11-14T22:10:32.285+0000] {processor.py:186} INFO - Started process (PID=6062) to work on /home/airflow/.local/lib/python3.12/site-packages/airflow/example_dags/example_setup_teardown.py
[2025-11-14T22:10:32.286+0000] {processor.py:914} INFO - Processing file /home/airflow/.local/lib/python3.12/site-packages/airflow/example_dags/example_setup_teardown.py for tasks to queue
[2025-11-14T22:10:32.287+0000] {logging_mixin.py:190} INFO - [2025-11-14T22:10:32.287+0000] {dagbag.py:588} INFO - Filling up the DagBag from /home/airflow/.local/lib/python3.12/site-packages/airflow/example_dags/example_setup_teardown.py
[2025-11-14T22:10:32.290+0000] {processor.py:925} INFO - DAG(s) 'example_setup_teardown' retrieved from /home/airflow/.local/lib/python3.12/site-packages/airflow/example_dags/example_setup_teardown.py
[2025-11-14T22:10:32.299+0000] {logging_mixin.py:190} INFO - [2025-11-14T22:10:32.298+0000] {dag.py:3239} INFO - Sync 1 DAGs
[2025-11-14T22:10:32.304+0000] {logging_mixin.py:190} INFO - [2025-11-14T22:10:32.304+0000] {dag.py:4180} INFO - Setting next_dagrun for example_setup_teardown to None, run_after=None
[2025-11-14T22:10:32.310+0000] {processor.py:208} INFO - Processing /home/airflow/.local/lib/python3.12/site-packages/airflow/example_dags/example_setup_teardown.py took 0.028 seconds
[2025-11-14T22:11:02.565+0000] {processor.py:186} INFO - Started process (PID=6124) to work on /home/airflow/.local/lib/python3.12/site-packages/airflow/example_dags/example_setup_teardown.py
[2025-11-14T22:11:02.565+0000] {processor.py:914} INFO - Processing file /home/airflow/.local/lib/python3.12/site-packages/airflow/example_dags/example_setup_teardown.py for tasks to queue
[2025-11-14T22:11:02.566+0000] {logging_mixin.py:190} INFO - [2025-11-14T22:11:02.566+0000] {dagbag.py:588} INFO - Filling up the DagBag from /home/airflow/.local/lib/python3.12/site-packages/airflow/example_dags/example_setup_teardown.py
[2025-11-14T22:11:02.570+0000] {processor.py:925} INFO - DAG(s) 'example_setup_teardown' retrieved from /home/airflow/.local/lib/python3.12/site-packages/airflow/example_dags/example_setup_teardown.py
[2025-11-14T22:11:02.578+0000] {logging_mixin.py:190} INFO - [2025-11-14T22:11:02.578+0000] {dag.py:3239} INFO - Sync 1 DAGs
[2025-11-14T22:11:02.583+0000] {logging_mixin.py:190} INFO - [2025-11-14T22:11:02.583+0000] {dag.py:4180} INFO - Setting next_dagrun for example_setup_teardown to None, run_after=None
[2025-11-14T22:11:02.588+0000] {processor.py:208} INFO - Processing /home/airflow/.local/lib/python3.12/site-packages/airflow/example_dags/example_setup_teardown.py took 0.026 seconds
[2025-11-14T22:11:33.769+0000] {processor.py:186} INFO - Started process (PID=6186) to work on /home/airflow/.local/lib/python3.12/site-packages/airflow/example_dags/example_setup_teardown.py
[2025-11-14T22:11:33.770+0000] {processor.py:914} INFO - Processing file /home/airflow/.local/lib/python3.12/site-packages/airflow/example_dags/example_setup_teardown.py for tasks to queue
[2025-11-14T22:11:33.771+0000] {logging_mixin.py:190} INFO - [2025-11-14T22:11:33.771+0000] {dagbag.py:588} INFO - Filling up the DagBag from /home/airflow/.local/lib/python3.12/site-packages/airflow/example_dags/example_setup_teardown.py
[2025-11-14T22:11:33.776+0000] {processor.py:925} INFO - DAG(s) 'example_setup_teardown' retrieved from /home/airflow/.local/lib/python3.12/site-packages/airflow/example_dags/example_setup_teardown.py
[2025-11-14T22:11:33.786+0000] {logging_mixin.py:190} INFO - [2025-11-14T22:11:33.785+0000] {dag.py:3239} INFO - Sync 1 DAGs
[2025-11-14T22:11:33.793+0000] {logging_mixin.py:190} INFO - [2025-11-14T22:11:33.793+0000] {dag.py:4180} INFO - Setting next_dagrun for example_setup_teardown to None, run_after=None
[2025-11-14T22:11:33.800+0000] {processor.py:208} INFO - Processing /home/airflow/.local/lib/python3.12/site-packages/airflow/example_dags/example_setup_teardown.py took 0.033 seconds
[2025-11-14T22:12:05.261+0000] {processor.py:186} INFO - Started process (PID=6248) to work on /home/airflow/.local/lib/python3.12/site-packages/airflow/example_dags/example_setup_teardown.py
[2025-11-14T22:12:05.261+0000] {processor.py:914} INFO - Processing file /home/airflow/.local/lib/python3.12/site-packages/airflow/example_dags/example_setup_teardown.py for tasks to queue
[2025-11-14T22:12:05.262+0000] {logging_mixin.py:190} INFO - [2025-11-14T22:12:05.262+0000] {dagbag.py:588} INFO - Filling up the DagBag from /home/airflow/.local/lib/python3.12/site-packages/airflow/example_dags/example_setup_teardown.py
[2025-11-14T22:12:05.266+0000] {processor.py:925} INFO - DAG(s) 'example_setup_teardown' retrieved from /home/airflow/.local/lib/python3.12/site-packages/airflow/example_dags/example_setup_teardown.py
[2025-11-14T22:12:05.274+0000] {logging_mixin.py:190} INFO - [2025-11-14T22:12:05.274+0000] {dag.py:3239} INFO - Sync 1 DAGs
[2025-11-14T22:12:05.280+0000] {logging_mixin.py:190} INFO - [2025-11-14T22:12:05.280+0000] {dag.py:4180} INFO - Setting next_dagrun for example_setup_teardown to None, run_after=None
[2025-11-14T22:12:05.287+0000] {processor.py:208} INFO - Processing /home/airflow/.local/lib/python3.12/site-packages/airflow/example_dags/example_setup_teardown.py took 0.028 seconds
[2025-11-14T22:12:35.348+0000] {processor.py:186} INFO - Started process (PID=6310) to work on /home/airflow/.local/lib/python3.12/site-packages/airflow/example_dags/example_setup_teardown.py
[2025-11-14T22:12:35.351+0000] {processor.py:914} INFO - Processing file /home/airflow/.local/lib/python3.12/site-packages/airflow/example_dags/example_setup_teardown.py for tasks to queue
[2025-11-14T22:12:35.352+0000] {logging_mixin.py:190} INFO - [2025-11-14T22:12:35.352+0000] {dagbag.py:588} INFO - Filling up the DagBag from /home/airflow/.local/lib/python3.12/site-packages/airflow/example_dags/example_setup_teardown.py
[2025-11-14T22:12:35.356+0000] {processor.py:925} INFO - DAG(s) 'example_setup_teardown' retrieved from /home/airflow/.local/lib/python3.12/site-packages/airflow/example_dags/example_setup_teardown.py
[2025-11-14T22:12:35.363+0000] {logging_mixin.py:190} INFO - [2025-11-14T22:12:35.363+0000] {dag.py:3239} INFO - Sync 1 DAGs
[2025-11-14T22:12:35.371+0000] {logging_mixin.py:190} INFO - [2025-11-14T22:12:35.371+0000] {dag.py:4180} INFO - Setting next_dagrun for example_setup_teardown to None, run_after=None
[2025-11-14T22:12:35.378+0000] {processor.py:208} INFO - Processing /home/airflow/.local/lib/python3.12/site-packages/airflow/example_dags/example_setup_teardown.py took 0.032 seconds
[2025-11-14T22:13:06.466+0000] {processor.py:186} INFO - Started process (PID=6372) to work on /home/airflow/.local/lib/python3.12/site-packages/airflow/example_dags/example_setup_teardown.py
[2025-11-14T22:13:06.467+0000] {processor.py:914} INFO - Processing file /home/airflow/.local/lib/python3.12/site-packages/airflow/example_dags/example_setup_teardown.py for tasks to queue
[2025-11-14T22:13:06.468+0000] {logging_mixin.py:190} INFO - [2025-11-14T22:13:06.468+0000] {dagbag.py:588} INFO - Filling up the DagBag from /home/airflow/.local/lib/python3.12/site-packages/airflow/example_dags/example_setup_teardown.py
[2025-11-14T22:13:06.472+0000] {processor.py:925} INFO - DAG(s) 'example_setup_teardown' retrieved from /home/airflow/.local/lib/python3.12/site-packages/airflow/example_dags/example_setup_teardown.py
[2025-11-14T22:13:06.481+0000] {logging_mixin.py:190} INFO - [2025-11-14T22:13:06.481+0000] {dag.py:3239} INFO - Sync 1 DAGs
[2025-11-14T22:13:06.487+0000] {logging_mixin.py:190} INFO - [2025-11-14T22:13:06.487+0000] {dag.py:4180} INFO - Setting next_dagrun for example_setup_teardown to None, run_after=None
[2025-11-14T22:13:06.495+0000] {processor.py:208} INFO - Processing /home/airflow/.local/lib/python3.12/site-packages/airflow/example_dags/example_setup_teardown.py took 0.031 seconds
[2025-11-14T22:13:36.649+0000] {processor.py:186} INFO - Started process (PID=6434) to work on /home/airflow/.local/lib/python3.12/site-packages/airflow/example_dags/example_setup_teardown.py
[2025-11-14T22:13:36.651+0000] {processor.py:914} INFO - Processing file /home/airflow/.local/lib/python3.12/site-packages/airflow/example_dags/example_setup_teardown.py for tasks to queue
[2025-11-14T22:13:36.652+0000] {logging_mixin.py:190} INFO - [2025-11-14T22:13:36.652+0000] {dagbag.py:588} INFO - Filling up the DagBag from /home/airflow/.local/lib/python3.12/site-packages/airflow/example_dags/example_setup_teardown.py
[2025-11-14T22:13:36.657+0000] {processor.py:925} INFO - DAG(s) 'example_setup_teardown' retrieved from /home/airflow/.local/lib/python3.12/site-packages/airflow/example_dags/example_setup_teardown.py
[2025-11-14T22:13:36.665+0000] {logging_mixin.py:190} INFO - [2025-11-14T22:13:36.665+0000] {dag.py:3239} INFO - Sync 1 DAGs
[2025-11-14T22:13:36.671+0000] {logging_mixin.py:190} INFO - [2025-11-14T22:13:36.670+0000] {dag.py:4180} INFO - Setting next_dagrun for example_setup_teardown to None, run_after=None
[2025-11-14T22:13:36.679+0000] {processor.py:208} INFO - Processing /home/airflow/.local/lib/python3.12/site-packages/airflow/example_dags/example_setup_teardown.py took 0.032 seconds
[2025-11-14T22:14:09.769+0000] {processor.py:186} INFO - Started process (PID=6490) to work on /home/airflow/.local/lib/python3.12/site-packages/airflow/example_dags/example_setup_teardown.py
[2025-11-14T22:14:09.769+0000] {processor.py:914} INFO - Processing file /home/airflow/.local/lib/python3.12/site-packages/airflow/example_dags/example_setup_teardown.py for tasks to queue
[2025-11-14T22:14:09.770+0000] {logging_mixin.py:190} INFO - [2025-11-14T22:14:09.770+0000] {dagbag.py:588} INFO - Filling up the DagBag from /home/airflow/.local/lib/python3.12/site-packages/airflow/example_dags/example_setup_teardown.py
[2025-11-14T22:14:09.775+0000] {processor.py:925} INFO - DAG(s) 'example_setup_teardown' retrieved from /home/airflow/.local/lib/python3.12/site-packages/airflow/example_dags/example_setup_teardown.py
[2025-11-14T22:14:09.786+0000] {logging_mixin.py:190} INFO - [2025-11-14T22:14:09.786+0000] {dag.py:3239} INFO - Sync 1 DAGs
[2025-11-14T22:14:09.791+0000] {logging_mixin.py:190} INFO - [2025-11-14T22:14:09.791+0000] {dag.py:4180} INFO - Setting next_dagrun for example_setup_teardown to None, run_after=None
[2025-11-14T22:14:09.799+0000] {processor.py:208} INFO - Processing /home/airflow/.local/lib/python3.12/site-packages/airflow/example_dags/example_setup_teardown.py took 0.033 seconds
[2025-11-14T22:16:35.004+0000] {processor.py:186} INFO - Started process (PID=6552) to work on /home/airflow/.local/lib/python3.12/site-packages/airflow/example_dags/example_setup_teardown.py
[2025-11-14T22:16:35.005+0000] {processor.py:914} INFO - Processing file /home/airflow/.local/lib/python3.12/site-packages/airflow/example_dags/example_setup_teardown.py for tasks to queue
[2025-11-14T22:16:35.007+0000] {logging_mixin.py:190} INFO - [2025-11-14T22:16:35.007+0000] {dagbag.py:588} INFO - Filling up the DagBag from /home/airflow/.local/lib/python3.12/site-packages/airflow/example_dags/example_setup_teardown.py
[2025-11-14T22:16:35.016+0000] {processor.py:925} INFO - DAG(s) 'example_setup_teardown' retrieved from /home/airflow/.local/lib/python3.12/site-packages/airflow/example_dags/example_setup_teardown.py
[2025-11-14T22:16:35.027+0000] {logging_mixin.py:190} INFO - [2025-11-14T22:16:35.027+0000] {dag.py:3239} INFO - Sync 1 DAGs
[2025-11-14T22:16:35.033+0000] {logging_mixin.py:190} INFO - [2025-11-14T22:16:35.033+0000] {dag.py:4180} INFO - Setting next_dagrun for example_setup_teardown to None, run_after=None
[2025-11-14T22:16:35.041+0000] {processor.py:208} INFO - Processing /home/airflow/.local/lib/python3.12/site-packages/airflow/example_dags/example_setup_teardown.py took 0.040 seconds
[2025-11-14T22:17:05.310+0000] {processor.py:186} INFO - Started process (PID=6614) to work on /home/airflow/.local/lib/python3.12/site-packages/airflow/example_dags/example_setup_teardown.py
[2025-11-14T22:17:05.310+0000] {processor.py:914} INFO - Processing file /home/airflow/.local/lib/python3.12/site-packages/airflow/example_dags/example_setup_teardown.py for tasks to queue
[2025-11-14T22:17:05.311+0000] {logging_mixin.py:190} INFO - [2025-11-14T22:17:05.311+0000] {dagbag.py:588} INFO - Filling up the DagBag from /home/airflow/.local/lib/python3.12/site-packages/airflow/example_dags/example_setup_teardown.py
[2025-11-14T22:17:05.315+0000] {processor.py:925} INFO - DAG(s) 'example_setup_teardown' retrieved from /home/airflow/.local/lib/python3.12/site-packages/airflow/example_dags/example_setup_teardown.py
[2025-11-14T22:17:05.323+0000] {logging_mixin.py:190} INFO - [2025-11-14T22:17:05.323+0000] {dag.py:3239} INFO - Sync 1 DAGs
[2025-11-14T22:17:05.329+0000] {logging_mixin.py:190} INFO - [2025-11-14T22:17:05.328+0000] {dag.py:4180} INFO - Setting next_dagrun for example_setup_teardown to None, run_after=None
[2025-11-14T22:17:05.339+0000] {processor.py:208} INFO - Processing /home/airflow/.local/lib/python3.12/site-packages/airflow/example_dags/example_setup_teardown.py took 0.032 seconds
[2025-11-14T22:18:01.956+0000] {processor.py:186} INFO - Started process (PID=6676) to work on /home/airflow/.local/lib/python3.12/site-packages/airflow/example_dags/example_setup_teardown.py
[2025-11-14T22:18:01.959+0000] {processor.py:914} INFO - Processing file /home/airflow/.local/lib/python3.12/site-packages/airflow/example_dags/example_setup_teardown.py for tasks to queue
[2025-11-14T22:18:01.961+0000] {logging_mixin.py:190} INFO - [2025-11-14T22:18:01.961+0000] {dagbag.py:588} INFO - Filling up the DagBag from /home/airflow/.local/lib/python3.12/site-packages/airflow/example_dags/example_setup_teardown.py
[2025-11-14T22:18:01.964+0000] {processor.py:925} INFO - DAG(s) 'example_setup_teardown' retrieved from /home/airflow/.local/lib/python3.12/site-packages/airflow/example_dags/example_setup_teardown.py
[2025-11-14T22:18:01.977+0000] {logging_mixin.py:190} INFO - [2025-11-14T22:18:01.977+0000] {dag.py:3239} INFO - Sync 1 DAGs
[2025-11-14T22:18:01.982+0000] {logging_mixin.py:190} INFO - [2025-11-14T22:18:01.982+0000] {dag.py:4180} INFO - Setting next_dagrun for example_setup_teardown to None, run_after=None
[2025-11-14T22:18:01.992+0000] {processor.py:208} INFO - Processing /home/airflow/.local/lib/python3.12/site-packages/airflow/example_dags/example_setup_teardown.py took 0.039 seconds
[2025-11-14T22:19:05.603+0000] {processor.py:186} INFO - Started process (PID=6738) to work on /home/airflow/.local/lib/python3.12/site-packages/airflow/example_dags/example_setup_teardown.py
[2025-11-14T22:19:05.604+0000] {processor.py:914} INFO - Processing file /home/airflow/.local/lib/python3.12/site-packages/airflow/example_dags/example_setup_teardown.py for tasks to queue
[2025-11-14T22:19:05.605+0000] {logging_mixin.py:190} INFO - [2025-11-14T22:19:05.605+0000] {dagbag.py:588} INFO - Filling up the DagBag from /home/airflow/.local/lib/python3.12/site-packages/airflow/example_dags/example_setup_teardown.py
[2025-11-14T22:19:05.608+0000] {processor.py:925} INFO - DAG(s) 'example_setup_teardown' retrieved from /home/airflow/.local/lib/python3.12/site-packages/airflow/example_dags/example_setup_teardown.py
[2025-11-14T22:19:05.615+0000] {logging_mixin.py:190} INFO - [2025-11-14T22:19:05.615+0000] {dag.py:3239} INFO - Sync 1 DAGs
[2025-11-14T22:19:05.620+0000] {logging_mixin.py:190} INFO - [2025-11-14T22:19:05.620+0000] {dag.py:4180} INFO - Setting next_dagrun for example_setup_teardown to None, run_after=None
[2025-11-14T22:19:05.625+0000] {processor.py:208} INFO - Processing /home/airflow/.local/lib/python3.12/site-packages/airflow/example_dags/example_setup_teardown.py took 0.024 seconds
[2025-11-14T22:19:35.807+0000] {processor.py:186} INFO - Started process (PID=6800) to work on /home/airflow/.local/lib/python3.12/site-packages/airflow/example_dags/example_setup_teardown.py
[2025-11-14T22:19:35.810+0000] {processor.py:914} INFO - Processing file /home/airflow/.local/lib/python3.12/site-packages/airflow/example_dags/example_setup_teardown.py for tasks to queue
[2025-11-14T22:19:35.811+0000] {logging_mixin.py:190} INFO - [2025-11-14T22:19:35.810+0000] {dagbag.py:588} INFO - Filling up the DagBag from /home/airflow/.local/lib/python3.12/site-packages/airflow/example_dags/example_setup_teardown.py
[2025-11-14T22:19:35.815+0000] {processor.py:925} INFO - DAG(s) 'example_setup_teardown' retrieved from /home/airflow/.local/lib/python3.12/site-packages/airflow/example_dags/example_setup_teardown.py
[2025-11-14T22:19:35.826+0000] {logging_mixin.py:190} INFO - [2025-11-14T22:19:35.826+0000] {dag.py:3239} INFO - Sync 1 DAGs
[2025-11-14T22:19:35.832+0000] {logging_mixin.py:190} INFO - [2025-11-14T22:19:35.832+0000] {dag.py:4180} INFO - Setting next_dagrun for example_setup_teardown to None, run_after=None
[2025-11-14T22:19:35.840+0000] {processor.py:208} INFO - Processing /home/airflow/.local/lib/python3.12/site-packages/airflow/example_dags/example_setup_teardown.py took 0.036 seconds
[2025-11-14T22:20:33.846+0000] {processor.py:186} INFO - Started process (PID=6862) to work on /home/airflow/.local/lib/python3.12/site-packages/airflow/example_dags/example_setup_teardown.py
[2025-11-14T22:20:33.848+0000] {processor.py:914} INFO - Processing file /home/airflow/.local/lib/python3.12/site-packages/airflow/example_dags/example_setup_teardown.py for tasks to queue
[2025-11-14T22:20:33.849+0000] {logging_mixin.py:190} INFO - [2025-11-14T22:20:33.849+0000] {dagbag.py:588} INFO - Filling up the DagBag from /home/airflow/.local/lib/python3.12/site-packages/airflow/example_dags/example_setup_teardown.py
[2025-11-14T22:20:33.854+0000] {processor.py:925} INFO - DAG(s) 'example_setup_teardown' retrieved from /home/airflow/.local/lib/python3.12/site-packages/airflow/example_dags/example_setup_teardown.py
[2025-11-14T22:20:33.861+0000] {logging_mixin.py:190} INFO - [2025-11-14T22:20:33.861+0000] {dag.py:3239} INFO - Sync 1 DAGs
[2025-11-14T22:20:33.867+0000] {logging_mixin.py:190} INFO - [2025-11-14T22:20:33.867+0000] {dag.py:4180} INFO - Setting next_dagrun for example_setup_teardown to None, run_after=None
[2025-11-14T22:20:33.873+0000] {processor.py:208} INFO - Processing /home/airflow/.local/lib/python3.12/site-packages/airflow/example_dags/example_setup_teardown.py took 0.029 seconds
[2025-11-14T22:21:11.356+0000] {processor.py:186} INFO - Started process (PID=6924) to work on /home/airflow/.local/lib/python3.12/site-packages/airflow/example_dags/example_setup_teardown.py
[2025-11-14T22:21:11.357+0000] {processor.py:914} INFO - Processing file /home/airflow/.local/lib/python3.12/site-packages/airflow/example_dags/example_setup_teardown.py for tasks to queue
[2025-11-14T22:21:11.358+0000] {logging_mixin.py:190} INFO - [2025-11-14T22:21:11.358+0000] {dagbag.py:588} INFO - Filling up the DagBag from /home/airflow/.local/lib/python3.12/site-packages/airflow/example_dags/example_setup_teardown.py
[2025-11-14T22:21:11.362+0000] {processor.py:925} INFO - DAG(s) 'example_setup_teardown' retrieved from /home/airflow/.local/lib/python3.12/site-packages/airflow/example_dags/example_setup_teardown.py
[2025-11-14T22:21:11.374+0000] {logging_mixin.py:190} INFO - [2025-11-14T22:21:11.374+0000] {dag.py:3239} INFO - Sync 1 DAGs
[2025-11-14T22:21:11.380+0000] {logging_mixin.py:190} INFO - [2025-11-14T22:21:11.380+0000] {dag.py:4180} INFO - Setting next_dagrun for example_setup_teardown to None, run_after=None
[2025-11-14T22:21:11.391+0000] {processor.py:208} INFO - Processing /home/airflow/.local/lib/python3.12/site-packages/airflow/example_dags/example_setup_teardown.py took 0.038 seconds
[2025-11-14T22:21:41.776+0000] {processor.py:186} INFO - Started process (PID=6986) to work on /home/airflow/.local/lib/python3.12/site-packages/airflow/example_dags/example_setup_teardown.py
[2025-11-14T22:21:41.778+0000] {processor.py:914} INFO - Processing file /home/airflow/.local/lib/python3.12/site-packages/airflow/example_dags/example_setup_teardown.py for tasks to queue
[2025-11-14T22:21:41.779+0000] {logging_mixin.py:190} INFO - [2025-11-14T22:21:41.779+0000] {dagbag.py:588} INFO - Filling up the DagBag from /home/airflow/.local/lib/python3.12/site-packages/airflow/example_dags/example_setup_teardown.py
[2025-11-14T22:21:41.783+0000] {processor.py:925} INFO - DAG(s) 'example_setup_teardown' retrieved from /home/airflow/.local/lib/python3.12/site-packages/airflow/example_dags/example_setup_teardown.py
[2025-11-14T22:21:41.792+0000] {logging_mixin.py:190} INFO - [2025-11-14T22:21:41.791+0000] {dag.py:3239} INFO - Sync 1 DAGs
[2025-11-14T22:21:41.797+0000] {logging_mixin.py:190} INFO - [2025-11-14T22:21:41.797+0000] {dag.py:4180} INFO - Setting next_dagrun for example_setup_teardown to None, run_after=None
[2025-11-14T22:21:41.804+0000] {processor.py:208} INFO - Processing /home/airflow/.local/lib/python3.12/site-packages/airflow/example_dags/example_setup_teardown.py took 0.030 seconds
[2025-11-14T22:23:03.401+0000] {processor.py:186} INFO - Started process (PID=7048) to work on /home/airflow/.local/lib/python3.12/site-packages/airflow/example_dags/example_setup_teardown.py
[2025-11-14T22:23:03.403+0000] {processor.py:914} INFO - Processing file /home/airflow/.local/lib/python3.12/site-packages/airflow/example_dags/example_setup_teardown.py for tasks to queue
[2025-11-14T22:23:03.404+0000] {logging_mixin.py:190} INFO - [2025-11-14T22:23:03.403+0000] {dagbag.py:588} INFO - Filling up the DagBag from /home/airflow/.local/lib/python3.12/site-packages/airflow/example_dags/example_setup_teardown.py
[2025-11-14T22:23:03.407+0000] {processor.py:925} INFO - DAG(s) 'example_setup_teardown' retrieved from /home/airflow/.local/lib/python3.12/site-packages/airflow/example_dags/example_setup_teardown.py
[2025-11-14T22:23:03.415+0000] {logging_mixin.py:190} INFO - [2025-11-14T22:23:03.415+0000] {dag.py:3239} INFO - Sync 1 DAGs
[2025-11-14T22:23:03.420+0000] {logging_mixin.py:190} INFO - [2025-11-14T22:23:03.420+0000] {dag.py:4180} INFO - Setting next_dagrun for example_setup_teardown to None, run_after=None
[2025-11-14T22:23:03.430+0000] {processor.py:208} INFO - Processing /home/airflow/.local/lib/python3.12/site-packages/airflow/example_dags/example_setup_teardown.py took 0.031 seconds
[2025-11-14T22:23:49.330+0000] {processor.py:186} INFO - Started process (PID=7116) to work on /home/airflow/.local/lib/python3.12/site-packages/airflow/example_dags/example_setup_teardown.py
[2025-11-14T22:23:49.331+0000] {processor.py:914} INFO - Processing file /home/airflow/.local/lib/python3.12/site-packages/airflow/example_dags/example_setup_teardown.py for tasks to queue
[2025-11-14T22:23:49.335+0000] {logging_mixin.py:190} INFO - [2025-11-14T22:23:49.334+0000] {dagbag.py:588} INFO - Filling up the DagBag from /home/airflow/.local/lib/python3.12/site-packages/airflow/example_dags/example_setup_teardown.py
[2025-11-14T22:23:49.339+0000] {processor.py:925} INFO - DAG(s) 'example_setup_teardown' retrieved from /home/airflow/.local/lib/python3.12/site-packages/airflow/example_dags/example_setup_teardown.py
[2025-11-14T22:23:49.351+0000] {logging_mixin.py:190} INFO - [2025-11-14T22:23:49.351+0000] {dag.py:3239} INFO - Sync 1 DAGs
[2025-11-14T22:23:49.358+0000] {logging_mixin.py:190} INFO - [2025-11-14T22:23:49.358+0000] {dag.py:4180} INFO - Setting next_dagrun for example_setup_teardown to None, run_after=None
[2025-11-14T22:23:49.374+0000] {processor.py:208} INFO - Processing /home/airflow/.local/lib/python3.12/site-packages/airflow/example_dags/example_setup_teardown.py took 0.047 seconds
[2025-11-14T22:33:30.374+0000] {processor.py:186} INFO - Started process (PID=7172) to work on /home/airflow/.local/lib/python3.12/site-packages/airflow/example_dags/example_setup_teardown.py
[2025-11-14T22:33:30.375+0000] {processor.py:914} INFO - Processing file /home/airflow/.local/lib/python3.12/site-packages/airflow/example_dags/example_setup_teardown.py for tasks to queue
[2025-11-14T22:33:30.377+0000] {logging_mixin.py:190} INFO - [2025-11-14T22:33:30.376+0000] {dagbag.py:588} INFO - Filling up the DagBag from /home/airflow/.local/lib/python3.12/site-packages/airflow/example_dags/example_setup_teardown.py
[2025-11-14T22:33:30.382+0000] {processor.py:925} INFO - DAG(s) 'example_setup_teardown' retrieved from /home/airflow/.local/lib/python3.12/site-packages/airflow/example_dags/example_setup_teardown.py
[2025-11-14T22:33:30.395+0000] {logging_mixin.py:190} INFO - [2025-11-14T22:33:30.395+0000] {dag.py:3239} INFO - Sync 1 DAGs
[2025-11-14T22:33:30.403+0000] {logging_mixin.py:190} INFO - [2025-11-14T22:33:30.403+0000] {dag.py:4180} INFO - Setting next_dagrun for example_setup_teardown to None, run_after=None
[2025-11-14T22:33:30.411+0000] {processor.py:208} INFO - Processing /home/airflow/.local/lib/python3.12/site-packages/airflow/example_dags/example_setup_teardown.py took 0.040 seconds
[2025-11-14T22:34:00.927+0000] {processor.py:186} INFO - Started process (PID=7234) to work on /home/airflow/.local/lib/python3.12/site-packages/airflow/example_dags/example_setup_teardown.py
[2025-11-14T22:34:00.930+0000] {processor.py:914} INFO - Processing file /home/airflow/.local/lib/python3.12/site-packages/airflow/example_dags/example_setup_teardown.py for tasks to queue
[2025-11-14T22:34:00.932+0000] {logging_mixin.py:190} INFO - [2025-11-14T22:34:00.932+0000] {dagbag.py:588} INFO - Filling up the DagBag from /home/airflow/.local/lib/python3.12/site-packages/airflow/example_dags/example_setup_teardown.py
[2025-11-14T22:34:00.939+0000] {processor.py:925} INFO - DAG(s) 'example_setup_teardown' retrieved from /home/airflow/.local/lib/python3.12/site-packages/airflow/example_dags/example_setup_teardown.py
[2025-11-14T22:34:00.952+0000] {logging_mixin.py:190} INFO - [2025-11-14T22:34:00.952+0000] {dag.py:3239} INFO - Sync 1 DAGs
[2025-11-14T22:34:00.959+0000] {logging_mixin.py:190} INFO - [2025-11-14T22:34:00.959+0000] {dag.py:4180} INFO - Setting next_dagrun for example_setup_teardown to None, run_after=None
[2025-11-14T22:34:00.967+0000] {processor.py:208} INFO - Processing /home/airflow/.local/lib/python3.12/site-packages/airflow/example_dags/example_setup_teardown.py took 0.043 seconds
[2025-11-14T22:34:31.249+0000] {processor.py:186} INFO - Started process (PID=7296) to work on /home/airflow/.local/lib/python3.12/site-packages/airflow/example_dags/example_setup_teardown.py
[2025-11-14T22:34:31.250+0000] {processor.py:914} INFO - Processing file /home/airflow/.local/lib/python3.12/site-packages/airflow/example_dags/example_setup_teardown.py for tasks to queue
[2025-11-14T22:34:31.252+0000] {logging_mixin.py:190} INFO - [2025-11-14T22:34:31.251+0000] {dagbag.py:588} INFO - Filling up the DagBag from /home/airflow/.local/lib/python3.12/site-packages/airflow/example_dags/example_setup_teardown.py
[2025-11-14T22:34:31.256+0000] {processor.py:925} INFO - DAG(s) 'example_setup_teardown' retrieved from /home/airflow/.local/lib/python3.12/site-packages/airflow/example_dags/example_setup_teardown.py
[2025-11-14T22:34:31.264+0000] {logging_mixin.py:190} INFO - [2025-11-14T22:34:31.264+0000] {dag.py:3239} INFO - Sync 1 DAGs
[2025-11-14T22:34:31.270+0000] {logging_mixin.py:190} INFO - [2025-11-14T22:34:31.270+0000] {dag.py:4180} INFO - Setting next_dagrun for example_setup_teardown to None, run_after=None
[2025-11-14T22:34:31.278+0000] {processor.py:208} INFO - Processing /home/airflow/.local/lib/python3.12/site-packages/airflow/example_dags/example_setup_teardown.py took 0.032 seconds
[2025-11-14T22:35:01.498+0000] {processor.py:186} INFO - Started process (PID=7358) to work on /home/airflow/.local/lib/python3.12/site-packages/airflow/example_dags/example_setup_teardown.py
[2025-11-14T22:35:01.499+0000] {processor.py:914} INFO - Processing file /home/airflow/.local/lib/python3.12/site-packages/airflow/example_dags/example_setup_teardown.py for tasks to queue
[2025-11-14T22:35:01.500+0000] {logging_mixin.py:190} INFO - [2025-11-14T22:35:01.500+0000] {dagbag.py:588} INFO - Filling up the DagBag from /home/airflow/.local/lib/python3.12/site-packages/airflow/example_dags/example_setup_teardown.py
[2025-11-14T22:35:01.504+0000] {processor.py:925} INFO - DAG(s) 'example_setup_teardown' retrieved from /home/airflow/.local/lib/python3.12/site-packages/airflow/example_dags/example_setup_teardown.py
[2025-11-14T22:35:01.514+0000] {logging_mixin.py:190} INFO - [2025-11-14T22:35:01.514+0000] {dag.py:3239} INFO - Sync 1 DAGs
[2025-11-14T22:35:01.526+0000] {logging_mixin.py:190} INFO - [2025-11-14T22:35:01.526+0000] {dag.py:4180} INFO - Setting next_dagrun for example_setup_teardown to None, run_after=None
[2025-11-14T22:35:01.535+0000] {processor.py:208} INFO - Processing /home/airflow/.local/lib/python3.12/site-packages/airflow/example_dags/example_setup_teardown.py took 0.039 seconds
[2025-11-14T22:35:31.640+0000] {processor.py:186} INFO - Started process (PID=7420) to work on /home/airflow/.local/lib/python3.12/site-packages/airflow/example_dags/example_setup_teardown.py
[2025-11-14T22:35:31.641+0000] {processor.py:914} INFO - Processing file /home/airflow/.local/lib/python3.12/site-packages/airflow/example_dags/example_setup_teardown.py for tasks to queue
[2025-11-14T22:35:31.642+0000] {logging_mixin.py:190} INFO - [2025-11-14T22:35:31.642+0000] {dagbag.py:588} INFO - Filling up the DagBag from /home/airflow/.local/lib/python3.12/site-packages/airflow/example_dags/example_setup_teardown.py
[2025-11-14T22:35:31.646+0000] {processor.py:925} INFO - DAG(s) 'example_setup_teardown' retrieved from /home/airflow/.local/lib/python3.12/site-packages/airflow/example_dags/example_setup_teardown.py
[2025-11-14T22:35:31.654+0000] {logging_mixin.py:190} INFO - [2025-11-14T22:35:31.654+0000] {dag.py:3239} INFO - Sync 1 DAGs
[2025-11-14T22:35:31.659+0000] {logging_mixin.py:190} INFO - [2025-11-14T22:35:31.659+0000] {dag.py:4180} INFO - Setting next_dagrun for example_setup_teardown to None, run_after=None
[2025-11-14T22:35:31.666+0000] {processor.py:208} INFO - Processing /home/airflow/.local/lib/python3.12/site-packages/airflow/example_dags/example_setup_teardown.py took 0.029 seconds
[2025-11-14T22:36:02.708+0000] {processor.py:186} INFO - Started process (PID=7482) to work on /home/airflow/.local/lib/python3.12/site-packages/airflow/example_dags/example_setup_teardown.py
[2025-11-14T22:36:02.708+0000] {processor.py:914} INFO - Processing file /home/airflow/.local/lib/python3.12/site-packages/airflow/example_dags/example_setup_teardown.py for tasks to queue
[2025-11-14T22:36:02.709+0000] {logging_mixin.py:190} INFO - [2025-11-14T22:36:02.709+0000] {dagbag.py:588} INFO - Filling up the DagBag from /home/airflow/.local/lib/python3.12/site-packages/airflow/example_dags/example_setup_teardown.py
[2025-11-14T22:36:02.712+0000] {processor.py:925} INFO - DAG(s) 'example_setup_teardown' retrieved from /home/airflow/.local/lib/python3.12/site-packages/airflow/example_dags/example_setup_teardown.py
[2025-11-14T22:36:02.720+0000] {logging_mixin.py:190} INFO - [2025-11-14T22:36:02.720+0000] {dag.py:3239} INFO - Sync 1 DAGs
[2025-11-14T22:36:02.724+0000] {logging_mixin.py:190} INFO - [2025-11-14T22:36:02.724+0000] {dag.py:4180} INFO - Setting next_dagrun for example_setup_teardown to None, run_after=None
[2025-11-14T22:36:02.730+0000] {processor.py:208} INFO - Processing /home/airflow/.local/lib/python3.12/site-packages/airflow/example_dags/example_setup_teardown.py took 0.024 seconds
[2025-11-14T22:36:33.432+0000] {processor.py:186} INFO - Started process (PID=7544) to work on /home/airflow/.local/lib/python3.12/site-packages/airflow/example_dags/example_setup_teardown.py
[2025-11-14T22:36:33.433+0000] {processor.py:914} INFO - Processing file /home/airflow/.local/lib/python3.12/site-packages/airflow/example_dags/example_setup_teardown.py for tasks to queue
[2025-11-14T22:36:33.434+0000] {logging_mixin.py:190} INFO - [2025-11-14T22:36:33.434+0000] {dagbag.py:588} INFO - Filling up the DagBag from /home/airflow/.local/lib/python3.12/site-packages/airflow/example_dags/example_setup_teardown.py
[2025-11-14T22:36:33.440+0000] {processor.py:925} INFO - DAG(s) 'example_setup_teardown' retrieved from /home/airflow/.local/lib/python3.12/site-packages/airflow/example_dags/example_setup_teardown.py
[2025-11-14T22:36:33.451+0000] {logging_mixin.py:190} INFO - [2025-11-14T22:36:33.451+0000] {dag.py:3239} INFO - Sync 1 DAGs
[2025-11-14T22:36:33.458+0000] {logging_mixin.py:190} INFO - [2025-11-14T22:36:33.458+0000] {dag.py:4180} INFO - Setting next_dagrun for example_setup_teardown to None, run_after=None
[2025-11-14T22:36:33.466+0000] {processor.py:208} INFO - Processing /home/airflow/.local/lib/python3.12/site-packages/airflow/example_dags/example_setup_teardown.py took 0.037 seconds
[2025-11-14T22:37:18.152+0000] {processor.py:186} INFO - Started process (PID=92) to work on /home/airflow/.local/lib/python3.12/site-packages/airflow/example_dags/example_setup_teardown.py
[2025-11-14T22:37:18.155+0000] {processor.py:914} INFO - Processing file /home/airflow/.local/lib/python3.12/site-packages/airflow/example_dags/example_setup_teardown.py for tasks to queue
[2025-11-14T22:37:18.159+0000] {logging_mixin.py:190} INFO - [2025-11-14T22:37:18.159+0000] {dagbag.py:588} INFO - Filling up the DagBag from /home/airflow/.local/lib/python3.12/site-packages/airflow/example_dags/example_setup_teardown.py
[2025-11-14T22:37:18.166+0000] {processor.py:925} INFO - DAG(s) 'example_setup_teardown' retrieved from /home/airflow/.local/lib/python3.12/site-packages/airflow/example_dags/example_setup_teardown.py
[2025-11-14T22:37:18.177+0000] {logging_mixin.py:190} INFO - [2025-11-14T22:37:18.177+0000] {dag.py:3239} INFO - Sync 1 DAGs
[2025-11-14T22:37:18.184+0000] {logging_mixin.py:190} INFO - [2025-11-14T22:37:18.184+0000] {dag.py:4180} INFO - Setting next_dagrun for example_setup_teardown to None, run_after=None
[2025-11-14T22:37:18.193+0000] {processor.py:208} INFO - Processing /home/airflow/.local/lib/python3.12/site-packages/airflow/example_dags/example_setup_teardown.py took 0.045 seconds
[2025-11-14T22:37:48.324+0000] {processor.py:186} INFO - Started process (PID=154) to work on /home/airflow/.local/lib/python3.12/site-packages/airflow/example_dags/example_setup_teardown.py
[2025-11-14T22:37:48.325+0000] {processor.py:914} INFO - Processing file /home/airflow/.local/lib/python3.12/site-packages/airflow/example_dags/example_setup_teardown.py for tasks to queue
[2025-11-14T22:37:48.326+0000] {logging_mixin.py:190} INFO - [2025-11-14T22:37:48.326+0000] {dagbag.py:588} INFO - Filling up the DagBag from /home/airflow/.local/lib/python3.12/site-packages/airflow/example_dags/example_setup_teardown.py
[2025-11-14T22:37:48.330+0000] {processor.py:925} INFO - DAG(s) 'example_setup_teardown' retrieved from /home/airflow/.local/lib/python3.12/site-packages/airflow/example_dags/example_setup_teardown.py
[2025-11-14T22:37:48.339+0000] {logging_mixin.py:190} INFO - [2025-11-14T22:37:48.339+0000] {dag.py:3239} INFO - Sync 1 DAGs
[2025-11-14T22:37:48.345+0000] {logging_mixin.py:190} INFO - [2025-11-14T22:37:48.345+0000] {dag.py:4180} INFO - Setting next_dagrun for example_setup_teardown to None, run_after=None
[2025-11-14T22:37:48.353+0000] {processor.py:208} INFO - Processing /home/airflow/.local/lib/python3.12/site-packages/airflow/example_dags/example_setup_teardown.py took 0.031 seconds
