[2025-11-14T21:21:13.480+0000] {processor.py:186} INFO - Started process (PID=64) to work on /home/airflow/.local/lib/python3.12/site-packages/airflow/example_dags/tutorial_taskflow_api.py
[2025-11-14T21:21:13.480+0000] {processor.py:914} INFO - Processing file /home/airflow/.local/lib/python3.12/site-packages/airflow/example_dags/tutorial_taskflow_api.py for tasks to queue
[2025-11-14T21:21:13.487+0000] {logging_mixin.py:190} INFO - [2025-11-14T21:21:13.487+0000] {dagbag.py:588} INFO - Filling up the DagBag from /home/airflow/.local/lib/python3.12/site-packages/airflow/example_dags/tutorial_taskflow_api.py
[2025-11-14T21:21:13.494+0000] {processor.py:925} INFO - DAG(s) 'tutorial_taskflow_api' retrieved from /home/airflow/.local/lib/python3.12/site-packages/airflow/example_dags/tutorial_taskflow_api.py
[2025-11-14T21:21:13.561+0000] {logging_mixin.py:190} INFO - [2025-11-14T21:21:13.561+0000] {override.py:1900} INFO - Created Permission View: can edit on DAG:tutorial_taskflow_api
[2025-11-14T21:21:13.567+0000] {logging_mixin.py:190} INFO - [2025-11-14T21:21:13.567+0000] {override.py:1900} INFO - Created Permission View: can read on DAG:tutorial_taskflow_api
[2025-11-14T21:21:13.571+0000] {logging_mixin.py:190} INFO - [2025-11-14T21:21:13.571+0000] {override.py:1900} INFO - Created Permission View: can delete on DAG:tutorial_taskflow_api
[2025-11-14T21:21:13.573+0000] {logging_mixin.py:190} INFO - [2025-11-14T21:21:13.573+0000] {override.py:1900} INFO - Created Permission View: menu access on DAG Run:tutorial_taskflow_api
[2025-11-14T21:21:13.576+0000] {logging_mixin.py:190} INFO - [2025-11-14T21:21:13.576+0000] {override.py:1900} INFO - Created Permission View: can delete on DAG Run:tutorial_taskflow_api
[2025-11-14T21:21:13.578+0000] {logging_mixin.py:190} INFO - [2025-11-14T21:21:13.578+0000] {override.py:1900} INFO - Created Permission View: can read on DAG Run:tutorial_taskflow_api
[2025-11-14T21:21:13.581+0000] {logging_mixin.py:190} INFO - [2025-11-14T21:21:13.580+0000] {override.py:1900} INFO - Created Permission View: can create on DAG Run:tutorial_taskflow_api
[2025-11-14T21:21:13.581+0000] {logging_mixin.py:190} INFO - [2025-11-14T21:21:13.581+0000] {dag.py:3239} INFO - Sync 1 DAGs
[2025-11-14T21:21:13.588+0000] {logging_mixin.py:190} INFO - [2025-11-14T21:21:13.588+0000] {dag.py:3262} INFO - Creating ORM DAG for tutorial_taskflow_api
[2025-11-14T21:21:13.588+0000] {logging_mixin.py:190} INFO - [2025-11-14T21:21:13.588+0000] {dag.py:4180} INFO - Setting next_dagrun for tutorial_taskflow_api to None, run_after=None
[2025-11-14T21:21:13.597+0000] {processor.py:208} INFO - Processing /home/airflow/.local/lib/python3.12/site-packages/airflow/example_dags/tutorial_taskflow_api.py took 0.120 seconds
[2025-11-14T21:21:43.815+0000] {processor.py:186} INFO - Started process (PID=126) to work on /home/airflow/.local/lib/python3.12/site-packages/airflow/example_dags/tutorial_taskflow_api.py
[2025-11-14T21:21:43.815+0000] {processor.py:914} INFO - Processing file /home/airflow/.local/lib/python3.12/site-packages/airflow/example_dags/tutorial_taskflow_api.py for tasks to queue
[2025-11-14T21:21:43.820+0000] {logging_mixin.py:190} INFO - [2025-11-14T21:21:43.819+0000] {dagbag.py:588} INFO - Filling up the DagBag from /home/airflow/.local/lib/python3.12/site-packages/airflow/example_dags/tutorial_taskflow_api.py
[2025-11-14T21:21:43.824+0000] {processor.py:925} INFO - DAG(s) 'tutorial_taskflow_api' retrieved from /home/airflow/.local/lib/python3.12/site-packages/airflow/example_dags/tutorial_taskflow_api.py
[2025-11-14T21:21:43.833+0000] {logging_mixin.py:190} INFO - [2025-11-14T21:21:43.833+0000] {dag.py:3239} INFO - Sync 1 DAGs
[2025-11-14T21:21:43.840+0000] {logging_mixin.py:190} INFO - [2025-11-14T21:21:43.840+0000] {dag.py:4180} INFO - Setting next_dagrun for tutorial_taskflow_api to None, run_after=None
[2025-11-14T21:21:43.847+0000] {processor.py:208} INFO - Processing /home/airflow/.local/lib/python3.12/site-packages/airflow/example_dags/tutorial_taskflow_api.py took 0.034 seconds
[2025-11-14T21:22:14.401+0000] {processor.py:186} INFO - Started process (PID=188) to work on /home/airflow/.local/lib/python3.12/site-packages/airflow/example_dags/tutorial_taskflow_api.py
[2025-11-14T21:22:14.403+0000] {processor.py:914} INFO - Processing file /home/airflow/.local/lib/python3.12/site-packages/airflow/example_dags/tutorial_taskflow_api.py for tasks to queue
[2025-11-14T21:22:14.404+0000] {logging_mixin.py:190} INFO - [2025-11-14T21:22:14.404+0000] {dagbag.py:588} INFO - Filling up the DagBag from /home/airflow/.local/lib/python3.12/site-packages/airflow/example_dags/tutorial_taskflow_api.py
[2025-11-14T21:22:14.408+0000] {processor.py:925} INFO - DAG(s) 'tutorial_taskflow_api' retrieved from /home/airflow/.local/lib/python3.12/site-packages/airflow/example_dags/tutorial_taskflow_api.py
[2025-11-14T21:22:14.419+0000] {logging_mixin.py:190} INFO - [2025-11-14T21:22:14.419+0000] {dag.py:3239} INFO - Sync 1 DAGs
[2025-11-14T21:22:14.424+0000] {logging_mixin.py:190} INFO - [2025-11-14T21:22:14.424+0000] {dag.py:4180} INFO - Setting next_dagrun for tutorial_taskflow_api to None, run_after=None
[2025-11-14T21:22:14.431+0000] {processor.py:208} INFO - Processing /home/airflow/.local/lib/python3.12/site-packages/airflow/example_dags/tutorial_taskflow_api.py took 0.032 seconds
[2025-11-14T21:22:44.668+0000] {processor.py:186} INFO - Started process (PID=250) to work on /home/airflow/.local/lib/python3.12/site-packages/airflow/example_dags/tutorial_taskflow_api.py
[2025-11-14T21:22:44.671+0000] {processor.py:914} INFO - Processing file /home/airflow/.local/lib/python3.12/site-packages/airflow/example_dags/tutorial_taskflow_api.py for tasks to queue
[2025-11-14T21:22:44.673+0000] {logging_mixin.py:190} INFO - [2025-11-14T21:22:44.673+0000] {dagbag.py:588} INFO - Filling up the DagBag from /home/airflow/.local/lib/python3.12/site-packages/airflow/example_dags/tutorial_taskflow_api.py
[2025-11-14T21:22:44.682+0000] {processor.py:925} INFO - DAG(s) 'tutorial_taskflow_api' retrieved from /home/airflow/.local/lib/python3.12/site-packages/airflow/example_dags/tutorial_taskflow_api.py
[2025-11-14T21:22:44.698+0000] {logging_mixin.py:190} INFO - [2025-11-14T21:22:44.698+0000] {dag.py:3239} INFO - Sync 1 DAGs
[2025-11-14T21:22:44.707+0000] {logging_mixin.py:190} INFO - [2025-11-14T21:22:44.707+0000] {dag.py:4180} INFO - Setting next_dagrun for tutorial_taskflow_api to None, run_after=None
[2025-11-14T21:22:44.716+0000] {processor.py:208} INFO - Processing /home/airflow/.local/lib/python3.12/site-packages/airflow/example_dags/tutorial_taskflow_api.py took 0.050 seconds
[2025-11-14T21:23:14.988+0000] {processor.py:186} INFO - Started process (PID=312) to work on /home/airflow/.local/lib/python3.12/site-packages/airflow/example_dags/tutorial_taskflow_api.py
[2025-11-14T21:23:14.992+0000] {processor.py:914} INFO - Processing file /home/airflow/.local/lib/python3.12/site-packages/airflow/example_dags/tutorial_taskflow_api.py for tasks to queue
[2025-11-14T21:23:14.993+0000] {logging_mixin.py:190} INFO - [2025-11-14T21:23:14.993+0000] {dagbag.py:588} INFO - Filling up the DagBag from /home/airflow/.local/lib/python3.12/site-packages/airflow/example_dags/tutorial_taskflow_api.py
[2025-11-14T21:23:14.997+0000] {processor.py:925} INFO - DAG(s) 'tutorial_taskflow_api' retrieved from /home/airflow/.local/lib/python3.12/site-packages/airflow/example_dags/tutorial_taskflow_api.py
[2025-11-14T21:23:15.003+0000] {logging_mixin.py:190} INFO - [2025-11-14T21:23:15.003+0000] {dag.py:3239} INFO - Sync 1 DAGs
[2025-11-14T21:23:15.010+0000] {logging_mixin.py:190} INFO - [2025-11-14T21:23:15.010+0000] {dag.py:4180} INFO - Setting next_dagrun for tutorial_taskflow_api to None, run_after=None
[2025-11-14T21:23:15.016+0000] {processor.py:208} INFO - Processing /home/airflow/.local/lib/python3.12/site-packages/airflow/example_dags/tutorial_taskflow_api.py took 0.031 seconds
[2025-11-14T21:23:45.214+0000] {processor.py:186} INFO - Started process (PID=374) to work on /home/airflow/.local/lib/python3.12/site-packages/airflow/example_dags/tutorial_taskflow_api.py
[2025-11-14T21:23:45.217+0000] {processor.py:914} INFO - Processing file /home/airflow/.local/lib/python3.12/site-packages/airflow/example_dags/tutorial_taskflow_api.py for tasks to queue
[2025-11-14T21:23:45.219+0000] {logging_mixin.py:190} INFO - [2025-11-14T21:23:45.219+0000] {dagbag.py:588} INFO - Filling up the DagBag from /home/airflow/.local/lib/python3.12/site-packages/airflow/example_dags/tutorial_taskflow_api.py
[2025-11-14T21:23:45.222+0000] {processor.py:925} INFO - DAG(s) 'tutorial_taskflow_api' retrieved from /home/airflow/.local/lib/python3.12/site-packages/airflow/example_dags/tutorial_taskflow_api.py
[2025-11-14T21:23:45.230+0000] {logging_mixin.py:190} INFO - [2025-11-14T21:23:45.230+0000] {dag.py:3239} INFO - Sync 1 DAGs
[2025-11-14T21:23:45.237+0000] {logging_mixin.py:190} INFO - [2025-11-14T21:23:45.237+0000] {dag.py:4180} INFO - Setting next_dagrun for tutorial_taskflow_api to None, run_after=None
[2025-11-14T21:23:45.246+0000] {processor.py:208} INFO - Processing /home/airflow/.local/lib/python3.12/site-packages/airflow/example_dags/tutorial_taskflow_api.py took 0.036 seconds
[2025-11-14T21:24:15.709+0000] {processor.py:186} INFO - Started process (PID=441) to work on /home/airflow/.local/lib/python3.12/site-packages/airflow/example_dags/tutorial_taskflow_api.py
[2025-11-14T21:24:15.709+0000] {processor.py:914} INFO - Processing file /home/airflow/.local/lib/python3.12/site-packages/airflow/example_dags/tutorial_taskflow_api.py for tasks to queue
[2025-11-14T21:24:15.710+0000] {logging_mixin.py:190} INFO - [2025-11-14T21:24:15.710+0000] {dagbag.py:588} INFO - Filling up the DagBag from /home/airflow/.local/lib/python3.12/site-packages/airflow/example_dags/tutorial_taskflow_api.py
[2025-11-14T21:24:15.714+0000] {processor.py:925} INFO - DAG(s) 'tutorial_taskflow_api' retrieved from /home/airflow/.local/lib/python3.12/site-packages/airflow/example_dags/tutorial_taskflow_api.py
[2025-11-14T21:24:15.724+0000] {logging_mixin.py:190} INFO - [2025-11-14T21:24:15.724+0000] {dag.py:3239} INFO - Sync 1 DAGs
[2025-11-14T21:24:15.730+0000] {logging_mixin.py:190} INFO - [2025-11-14T21:24:15.730+0000] {dag.py:4180} INFO - Setting next_dagrun for tutorial_taskflow_api to None, run_after=None
[2025-11-14T21:24:15.736+0000] {processor.py:208} INFO - Processing /home/airflow/.local/lib/python3.12/site-packages/airflow/example_dags/tutorial_taskflow_api.py took 0.030 seconds
[2025-11-14T21:24:46.133+0000] {processor.py:186} INFO - Started process (PID=503) to work on /home/airflow/.local/lib/python3.12/site-packages/airflow/example_dags/tutorial_taskflow_api.py
[2025-11-14T21:24:46.134+0000] {processor.py:914} INFO - Processing file /home/airflow/.local/lib/python3.12/site-packages/airflow/example_dags/tutorial_taskflow_api.py for tasks to queue
[2025-11-14T21:24:46.135+0000] {logging_mixin.py:190} INFO - [2025-11-14T21:24:46.135+0000] {dagbag.py:588} INFO - Filling up the DagBag from /home/airflow/.local/lib/python3.12/site-packages/airflow/example_dags/tutorial_taskflow_api.py
[2025-11-14T21:24:46.139+0000] {processor.py:925} INFO - DAG(s) 'tutorial_taskflow_api' retrieved from /home/airflow/.local/lib/python3.12/site-packages/airflow/example_dags/tutorial_taskflow_api.py
[2025-11-14T21:24:46.148+0000] {logging_mixin.py:190} INFO - [2025-11-14T21:24:46.148+0000] {dag.py:3239} INFO - Sync 1 DAGs
[2025-11-14T21:24:46.153+0000] {logging_mixin.py:190} INFO - [2025-11-14T21:24:46.153+0000] {dag.py:4180} INFO - Setting next_dagrun for tutorial_taskflow_api to None, run_after=None
[2025-11-14T21:24:46.165+0000] {processor.py:208} INFO - Processing /home/airflow/.local/lib/python3.12/site-packages/airflow/example_dags/tutorial_taskflow_api.py took 0.034 seconds
[2025-11-14T21:25:16.334+0000] {processor.py:186} INFO - Started process (PID=565) to work on /home/airflow/.local/lib/python3.12/site-packages/airflow/example_dags/tutorial_taskflow_api.py
[2025-11-14T21:25:16.337+0000] {processor.py:914} INFO - Processing file /home/airflow/.local/lib/python3.12/site-packages/airflow/example_dags/tutorial_taskflow_api.py for tasks to queue
[2025-11-14T21:25:16.338+0000] {logging_mixin.py:190} INFO - [2025-11-14T21:25:16.338+0000] {dagbag.py:588} INFO - Filling up the DagBag from /home/airflow/.local/lib/python3.12/site-packages/airflow/example_dags/tutorial_taskflow_api.py
[2025-11-14T21:25:16.341+0000] {processor.py:925} INFO - DAG(s) 'tutorial_taskflow_api' retrieved from /home/airflow/.local/lib/python3.12/site-packages/airflow/example_dags/tutorial_taskflow_api.py
[2025-11-14T21:25:16.348+0000] {logging_mixin.py:190} INFO - [2025-11-14T21:25:16.348+0000] {dag.py:3239} INFO - Sync 1 DAGs
[2025-11-14T21:25:16.354+0000] {logging_mixin.py:190} INFO - [2025-11-14T21:25:16.353+0000] {dag.py:4180} INFO - Setting next_dagrun for tutorial_taskflow_api to None, run_after=None
[2025-11-14T21:25:16.361+0000] {processor.py:208} INFO - Processing /home/airflow/.local/lib/python3.12/site-packages/airflow/example_dags/tutorial_taskflow_api.py took 0.030 seconds
[2025-11-14T21:25:46.388+0000] {processor.py:186} INFO - Started process (PID=627) to work on /home/airflow/.local/lib/python3.12/site-packages/airflow/example_dags/tutorial_taskflow_api.py
[2025-11-14T21:25:46.392+0000] {processor.py:914} INFO - Processing file /home/airflow/.local/lib/python3.12/site-packages/airflow/example_dags/tutorial_taskflow_api.py for tasks to queue
[2025-11-14T21:25:46.393+0000] {logging_mixin.py:190} INFO - [2025-11-14T21:25:46.393+0000] {dagbag.py:588} INFO - Filling up the DagBag from /home/airflow/.local/lib/python3.12/site-packages/airflow/example_dags/tutorial_taskflow_api.py
[2025-11-14T21:25:46.396+0000] {processor.py:925} INFO - DAG(s) 'tutorial_taskflow_api' retrieved from /home/airflow/.local/lib/python3.12/site-packages/airflow/example_dags/tutorial_taskflow_api.py
[2025-11-14T21:25:46.403+0000] {logging_mixin.py:190} INFO - [2025-11-14T21:25:46.403+0000] {dag.py:3239} INFO - Sync 1 DAGs
[2025-11-14T21:25:46.408+0000] {logging_mixin.py:190} INFO - [2025-11-14T21:25:46.408+0000] {dag.py:4180} INFO - Setting next_dagrun for tutorial_taskflow_api to None, run_after=None
[2025-11-14T21:25:46.415+0000] {processor.py:208} INFO - Processing /home/airflow/.local/lib/python3.12/site-packages/airflow/example_dags/tutorial_taskflow_api.py took 0.029 seconds
[2025-11-14T21:26:17.520+0000] {processor.py:186} INFO - Started process (PID=689) to work on /home/airflow/.local/lib/python3.12/site-packages/airflow/example_dags/tutorial_taskflow_api.py
[2025-11-14T21:26:17.521+0000] {processor.py:914} INFO - Processing file /home/airflow/.local/lib/python3.12/site-packages/airflow/example_dags/tutorial_taskflow_api.py for tasks to queue
[2025-11-14T21:26:17.522+0000] {logging_mixin.py:190} INFO - [2025-11-14T21:26:17.522+0000] {dagbag.py:588} INFO - Filling up the DagBag from /home/airflow/.local/lib/python3.12/site-packages/airflow/example_dags/tutorial_taskflow_api.py
[2025-11-14T21:26:17.525+0000] {processor.py:925} INFO - DAG(s) 'tutorial_taskflow_api' retrieved from /home/airflow/.local/lib/python3.12/site-packages/airflow/example_dags/tutorial_taskflow_api.py
[2025-11-14T21:26:17.533+0000] {logging_mixin.py:190} INFO - [2025-11-14T21:26:17.533+0000] {dag.py:3239} INFO - Sync 1 DAGs
[2025-11-14T21:26:17.538+0000] {logging_mixin.py:190} INFO - [2025-11-14T21:26:17.538+0000] {dag.py:4180} INFO - Setting next_dagrun for tutorial_taskflow_api to None, run_after=None
[2025-11-14T21:26:17.546+0000] {processor.py:208} INFO - Processing /home/airflow/.local/lib/python3.12/site-packages/airflow/example_dags/tutorial_taskflow_api.py took 0.028 seconds
[2025-11-14T21:26:47.754+0000] {processor.py:186} INFO - Started process (PID=751) to work on /home/airflow/.local/lib/python3.12/site-packages/airflow/example_dags/tutorial_taskflow_api.py
[2025-11-14T21:26:47.755+0000] {processor.py:914} INFO - Processing file /home/airflow/.local/lib/python3.12/site-packages/airflow/example_dags/tutorial_taskflow_api.py for tasks to queue
[2025-11-14T21:26:47.756+0000] {logging_mixin.py:190} INFO - [2025-11-14T21:26:47.756+0000] {dagbag.py:588} INFO - Filling up the DagBag from /home/airflow/.local/lib/python3.12/site-packages/airflow/example_dags/tutorial_taskflow_api.py
[2025-11-14T21:26:47.762+0000] {processor.py:925} INFO - DAG(s) 'tutorial_taskflow_api' retrieved from /home/airflow/.local/lib/python3.12/site-packages/airflow/example_dags/tutorial_taskflow_api.py
[2025-11-14T21:26:47.771+0000] {logging_mixin.py:190} INFO - [2025-11-14T21:26:47.771+0000] {dag.py:3239} INFO - Sync 1 DAGs
[2025-11-14T21:26:47.777+0000] {logging_mixin.py:190} INFO - [2025-11-14T21:26:47.777+0000] {dag.py:4180} INFO - Setting next_dagrun for tutorial_taskflow_api to None, run_after=None
[2025-11-14T21:26:47.787+0000] {processor.py:208} INFO - Processing /home/airflow/.local/lib/python3.12/site-packages/airflow/example_dags/tutorial_taskflow_api.py took 0.036 seconds
[2025-11-14T21:27:18.746+0000] {processor.py:186} INFO - Started process (PID=813) to work on /home/airflow/.local/lib/python3.12/site-packages/airflow/example_dags/tutorial_taskflow_api.py
[2025-11-14T21:27:18.746+0000] {processor.py:914} INFO - Processing file /home/airflow/.local/lib/python3.12/site-packages/airflow/example_dags/tutorial_taskflow_api.py for tasks to queue
[2025-11-14T21:27:18.748+0000] {logging_mixin.py:190} INFO - [2025-11-14T21:27:18.747+0000] {dagbag.py:588} INFO - Filling up the DagBag from /home/airflow/.local/lib/python3.12/site-packages/airflow/example_dags/tutorial_taskflow_api.py
[2025-11-14T21:27:18.751+0000] {processor.py:925} INFO - DAG(s) 'tutorial_taskflow_api' retrieved from /home/airflow/.local/lib/python3.12/site-packages/airflow/example_dags/tutorial_taskflow_api.py
[2025-11-14T21:27:18.758+0000] {logging_mixin.py:190} INFO - [2025-11-14T21:27:18.758+0000] {dag.py:3239} INFO - Sync 1 DAGs
[2025-11-14T21:27:18.763+0000] {logging_mixin.py:190} INFO - [2025-11-14T21:27:18.763+0000] {dag.py:4180} INFO - Setting next_dagrun for tutorial_taskflow_api to None, run_after=None
[2025-11-14T21:27:18.771+0000] {processor.py:208} INFO - Processing /home/airflow/.local/lib/python3.12/site-packages/airflow/example_dags/tutorial_taskflow_api.py took 0.027 seconds
[2025-11-14T21:27:49.699+0000] {processor.py:186} INFO - Started process (PID=875) to work on /home/airflow/.local/lib/python3.12/site-packages/airflow/example_dags/tutorial_taskflow_api.py
[2025-11-14T21:27:49.699+0000] {processor.py:914} INFO - Processing file /home/airflow/.local/lib/python3.12/site-packages/airflow/example_dags/tutorial_taskflow_api.py for tasks to queue
[2025-11-14T21:27:49.700+0000] {logging_mixin.py:190} INFO - [2025-11-14T21:27:49.700+0000] {dagbag.py:588} INFO - Filling up the DagBag from /home/airflow/.local/lib/python3.12/site-packages/airflow/example_dags/tutorial_taskflow_api.py
[2025-11-14T21:27:49.704+0000] {processor.py:925} INFO - DAG(s) 'tutorial_taskflow_api' retrieved from /home/airflow/.local/lib/python3.12/site-packages/airflow/example_dags/tutorial_taskflow_api.py
[2025-11-14T21:27:49.713+0000] {logging_mixin.py:190} INFO - [2025-11-14T21:27:49.713+0000] {dag.py:3239} INFO - Sync 1 DAGs
[2025-11-14T21:27:49.719+0000] {logging_mixin.py:190} INFO - [2025-11-14T21:27:49.719+0000] {dag.py:4180} INFO - Setting next_dagrun for tutorial_taskflow_api to None, run_after=None
[2025-11-14T21:27:49.728+0000] {processor.py:208} INFO - Processing /home/airflow/.local/lib/python3.12/site-packages/airflow/example_dags/tutorial_taskflow_api.py took 0.032 seconds
[2025-11-14T21:28:20.566+0000] {processor.py:186} INFO - Started process (PID=937) to work on /home/airflow/.local/lib/python3.12/site-packages/airflow/example_dags/tutorial_taskflow_api.py
[2025-11-14T21:28:20.567+0000] {processor.py:914} INFO - Processing file /home/airflow/.local/lib/python3.12/site-packages/airflow/example_dags/tutorial_taskflow_api.py for tasks to queue
[2025-11-14T21:28:20.568+0000] {logging_mixin.py:190} INFO - [2025-11-14T21:28:20.568+0000] {dagbag.py:588} INFO - Filling up the DagBag from /home/airflow/.local/lib/python3.12/site-packages/airflow/example_dags/tutorial_taskflow_api.py
[2025-11-14T21:28:20.571+0000] {processor.py:925} INFO - DAG(s) 'tutorial_taskflow_api' retrieved from /home/airflow/.local/lib/python3.12/site-packages/airflow/example_dags/tutorial_taskflow_api.py
[2025-11-14T21:28:20.581+0000] {logging_mixin.py:190} INFO - [2025-11-14T21:28:20.581+0000] {dag.py:3239} INFO - Sync 1 DAGs
[2025-11-14T21:28:20.586+0000] {logging_mixin.py:190} INFO - [2025-11-14T21:28:20.586+0000] {dag.py:4180} INFO - Setting next_dagrun for tutorial_taskflow_api to None, run_after=None
[2025-11-14T21:28:20.595+0000] {processor.py:208} INFO - Processing /home/airflow/.local/lib/python3.12/site-packages/airflow/example_dags/tutorial_taskflow_api.py took 0.031 seconds
[2025-11-14T21:28:51.516+0000] {processor.py:186} INFO - Started process (PID=999) to work on /home/airflow/.local/lib/python3.12/site-packages/airflow/example_dags/tutorial_taskflow_api.py
[2025-11-14T21:28:51.518+0000] {processor.py:914} INFO - Processing file /home/airflow/.local/lib/python3.12/site-packages/airflow/example_dags/tutorial_taskflow_api.py for tasks to queue
[2025-11-14T21:28:51.519+0000] {logging_mixin.py:190} INFO - [2025-11-14T21:28:51.519+0000] {dagbag.py:588} INFO - Filling up the DagBag from /home/airflow/.local/lib/python3.12/site-packages/airflow/example_dags/tutorial_taskflow_api.py
[2025-11-14T21:28:51.523+0000] {processor.py:925} INFO - DAG(s) 'tutorial_taskflow_api' retrieved from /home/airflow/.local/lib/python3.12/site-packages/airflow/example_dags/tutorial_taskflow_api.py
[2025-11-14T21:28:51.530+0000] {logging_mixin.py:190} INFO - [2025-11-14T21:28:51.530+0000] {dag.py:3239} INFO - Sync 1 DAGs
[2025-11-14T21:28:51.536+0000] {logging_mixin.py:190} INFO - [2025-11-14T21:28:51.536+0000] {dag.py:4180} INFO - Setting next_dagrun for tutorial_taskflow_api to None, run_after=None
[2025-11-14T21:28:51.543+0000] {processor.py:208} INFO - Processing /home/airflow/.local/lib/python3.12/site-packages/airflow/example_dags/tutorial_taskflow_api.py took 0.029 seconds
[2025-11-14T21:29:22.532+0000] {processor.py:186} INFO - Started process (PID=1061) to work on /home/airflow/.local/lib/python3.12/site-packages/airflow/example_dags/tutorial_taskflow_api.py
[2025-11-14T21:29:22.534+0000] {processor.py:914} INFO - Processing file /home/airflow/.local/lib/python3.12/site-packages/airflow/example_dags/tutorial_taskflow_api.py for tasks to queue
[2025-11-14T21:29:22.535+0000] {logging_mixin.py:190} INFO - [2025-11-14T21:29:22.535+0000] {dagbag.py:588} INFO - Filling up the DagBag from /home/airflow/.local/lib/python3.12/site-packages/airflow/example_dags/tutorial_taskflow_api.py
[2025-11-14T21:29:22.538+0000] {processor.py:925} INFO - DAG(s) 'tutorial_taskflow_api' retrieved from /home/airflow/.local/lib/python3.12/site-packages/airflow/example_dags/tutorial_taskflow_api.py
[2025-11-14T21:29:22.547+0000] {logging_mixin.py:190} INFO - [2025-11-14T21:29:22.546+0000] {dag.py:3239} INFO - Sync 1 DAGs
[2025-11-14T21:29:22.552+0000] {logging_mixin.py:190} INFO - [2025-11-14T21:29:22.552+0000] {dag.py:4180} INFO - Setting next_dagrun for tutorial_taskflow_api to None, run_after=None
[2025-11-14T21:29:22.561+0000] {processor.py:208} INFO - Processing /home/airflow/.local/lib/python3.12/site-packages/airflow/example_dags/tutorial_taskflow_api.py took 0.032 seconds
[2025-11-14T21:29:53.456+0000] {processor.py:186} INFO - Started process (PID=1123) to work on /home/airflow/.local/lib/python3.12/site-packages/airflow/example_dags/tutorial_taskflow_api.py
[2025-11-14T21:29:53.456+0000] {processor.py:914} INFO - Processing file /home/airflow/.local/lib/python3.12/site-packages/airflow/example_dags/tutorial_taskflow_api.py for tasks to queue
[2025-11-14T21:29:53.457+0000] {logging_mixin.py:190} INFO - [2025-11-14T21:29:53.457+0000] {dagbag.py:588} INFO - Filling up the DagBag from /home/airflow/.local/lib/python3.12/site-packages/airflow/example_dags/tutorial_taskflow_api.py
[2025-11-14T21:29:53.461+0000] {processor.py:925} INFO - DAG(s) 'tutorial_taskflow_api' retrieved from /home/airflow/.local/lib/python3.12/site-packages/airflow/example_dags/tutorial_taskflow_api.py
[2025-11-14T21:29:53.469+0000] {logging_mixin.py:190} INFO - [2025-11-14T21:29:53.469+0000] {dag.py:3239} INFO - Sync 1 DAGs
[2025-11-14T21:29:53.477+0000] {logging_mixin.py:190} INFO - [2025-11-14T21:29:53.477+0000] {dag.py:4180} INFO - Setting next_dagrun for tutorial_taskflow_api to None, run_after=None
[2025-11-14T21:29:53.484+0000] {processor.py:208} INFO - Processing /home/airflow/.local/lib/python3.12/site-packages/airflow/example_dags/tutorial_taskflow_api.py took 0.030 seconds
[2025-11-14T21:30:23.708+0000] {processor.py:186} INFO - Started process (PID=1185) to work on /home/airflow/.local/lib/python3.12/site-packages/airflow/example_dags/tutorial_taskflow_api.py
[2025-11-14T21:30:23.708+0000] {processor.py:914} INFO - Processing file /home/airflow/.local/lib/python3.12/site-packages/airflow/example_dags/tutorial_taskflow_api.py for tasks to queue
[2025-11-14T21:30:23.710+0000] {logging_mixin.py:190} INFO - [2025-11-14T21:30:23.710+0000] {dagbag.py:588} INFO - Filling up the DagBag from /home/airflow/.local/lib/python3.12/site-packages/airflow/example_dags/tutorial_taskflow_api.py
[2025-11-14T21:30:23.713+0000] {processor.py:925} INFO - DAG(s) 'tutorial_taskflow_api' retrieved from /home/airflow/.local/lib/python3.12/site-packages/airflow/example_dags/tutorial_taskflow_api.py
[2025-11-14T21:30:23.721+0000] {logging_mixin.py:190} INFO - [2025-11-14T21:30:23.720+0000] {dag.py:3239} INFO - Sync 1 DAGs
[2025-11-14T21:30:23.725+0000] {logging_mixin.py:190} INFO - [2025-11-14T21:30:23.725+0000] {dag.py:4180} INFO - Setting next_dagrun for tutorial_taskflow_api to None, run_after=None
[2025-11-14T21:30:23.732+0000] {processor.py:208} INFO - Processing /home/airflow/.local/lib/python3.12/site-packages/airflow/example_dags/tutorial_taskflow_api.py took 0.027 seconds
[2025-11-14T21:30:54.698+0000] {processor.py:186} INFO - Started process (PID=1247) to work on /home/airflow/.local/lib/python3.12/site-packages/airflow/example_dags/tutorial_taskflow_api.py
[2025-11-14T21:30:54.699+0000] {processor.py:914} INFO - Processing file /home/airflow/.local/lib/python3.12/site-packages/airflow/example_dags/tutorial_taskflow_api.py for tasks to queue
[2025-11-14T21:30:54.700+0000] {logging_mixin.py:190} INFO - [2025-11-14T21:30:54.700+0000] {dagbag.py:588} INFO - Filling up the DagBag from /home/airflow/.local/lib/python3.12/site-packages/airflow/example_dags/tutorial_taskflow_api.py
[2025-11-14T21:30:54.703+0000] {processor.py:925} INFO - DAG(s) 'tutorial_taskflow_api' retrieved from /home/airflow/.local/lib/python3.12/site-packages/airflow/example_dags/tutorial_taskflow_api.py
[2025-11-14T21:30:54.710+0000] {logging_mixin.py:190} INFO - [2025-11-14T21:30:54.710+0000] {dag.py:3239} INFO - Sync 1 DAGs
[2025-11-14T21:30:54.716+0000] {logging_mixin.py:190} INFO - [2025-11-14T21:30:54.716+0000] {dag.py:4180} INFO - Setting next_dagrun for tutorial_taskflow_api to None, run_after=None
[2025-11-14T21:30:54.723+0000] {processor.py:208} INFO - Processing /home/airflow/.local/lib/python3.12/site-packages/airflow/example_dags/tutorial_taskflow_api.py took 0.028 seconds
[2025-11-14T21:31:25.611+0000] {processor.py:186} INFO - Started process (PID=1309) to work on /home/airflow/.local/lib/python3.12/site-packages/airflow/example_dags/tutorial_taskflow_api.py
[2025-11-14T21:31:25.611+0000] {processor.py:914} INFO - Processing file /home/airflow/.local/lib/python3.12/site-packages/airflow/example_dags/tutorial_taskflow_api.py for tasks to queue
[2025-11-14T21:31:25.612+0000] {logging_mixin.py:190} INFO - [2025-11-14T21:31:25.612+0000] {dagbag.py:588} INFO - Filling up the DagBag from /home/airflow/.local/lib/python3.12/site-packages/airflow/example_dags/tutorial_taskflow_api.py
[2025-11-14T21:31:25.616+0000] {processor.py:925} INFO - DAG(s) 'tutorial_taskflow_api' retrieved from /home/airflow/.local/lib/python3.12/site-packages/airflow/example_dags/tutorial_taskflow_api.py
[2025-11-14T21:31:25.624+0000] {logging_mixin.py:190} INFO - [2025-11-14T21:31:25.624+0000] {dag.py:3239} INFO - Sync 1 DAGs
[2025-11-14T21:31:25.629+0000] {logging_mixin.py:190} INFO - [2025-11-14T21:31:25.629+0000] {dag.py:4180} INFO - Setting next_dagrun for tutorial_taskflow_api to None, run_after=None
[2025-11-14T21:31:25.634+0000] {processor.py:208} INFO - Processing /home/airflow/.local/lib/python3.12/site-packages/airflow/example_dags/tutorial_taskflow_api.py took 0.026 seconds
[2025-11-14T21:31:56.544+0000] {processor.py:186} INFO - Started process (PID=1371) to work on /home/airflow/.local/lib/python3.12/site-packages/airflow/example_dags/tutorial_taskflow_api.py
[2025-11-14T21:31:56.544+0000] {processor.py:914} INFO - Processing file /home/airflow/.local/lib/python3.12/site-packages/airflow/example_dags/tutorial_taskflow_api.py for tasks to queue
[2025-11-14T21:31:56.545+0000] {logging_mixin.py:190} INFO - [2025-11-14T21:31:56.545+0000] {dagbag.py:588} INFO - Filling up the DagBag from /home/airflow/.local/lib/python3.12/site-packages/airflow/example_dags/tutorial_taskflow_api.py
[2025-11-14T21:31:56.548+0000] {processor.py:925} INFO - DAG(s) 'tutorial_taskflow_api' retrieved from /home/airflow/.local/lib/python3.12/site-packages/airflow/example_dags/tutorial_taskflow_api.py
[2025-11-14T21:31:56.556+0000] {logging_mixin.py:190} INFO - [2025-11-14T21:31:56.556+0000] {dag.py:3239} INFO - Sync 1 DAGs
[2025-11-14T21:31:56.562+0000] {logging_mixin.py:190} INFO - [2025-11-14T21:31:56.562+0000] {dag.py:4180} INFO - Setting next_dagrun for tutorial_taskflow_api to None, run_after=None
[2025-11-14T21:31:56.570+0000] {processor.py:208} INFO - Processing /home/airflow/.local/lib/python3.12/site-packages/airflow/example_dags/tutorial_taskflow_api.py took 0.028 seconds
[2025-11-14T21:32:27.598+0000] {processor.py:186} INFO - Started process (PID=1433) to work on /home/airflow/.local/lib/python3.12/site-packages/airflow/example_dags/tutorial_taskflow_api.py
[2025-11-14T21:32:27.600+0000] {processor.py:914} INFO - Processing file /home/airflow/.local/lib/python3.12/site-packages/airflow/example_dags/tutorial_taskflow_api.py for tasks to queue
[2025-11-14T21:32:27.603+0000] {logging_mixin.py:190} INFO - [2025-11-14T21:32:27.603+0000] {dagbag.py:588} INFO - Filling up the DagBag from /home/airflow/.local/lib/python3.12/site-packages/airflow/example_dags/tutorial_taskflow_api.py
[2025-11-14T21:32:27.611+0000] {processor.py:925} INFO - DAG(s) 'tutorial_taskflow_api' retrieved from /home/airflow/.local/lib/python3.12/site-packages/airflow/example_dags/tutorial_taskflow_api.py
[2025-11-14T21:32:27.640+0000] {logging_mixin.py:190} INFO - [2025-11-14T21:32:27.640+0000] {dag.py:3239} INFO - Sync 1 DAGs
[2025-11-14T21:32:27.647+0000] {logging_mixin.py:190} INFO - [2025-11-14T21:32:27.647+0000] {dag.py:4180} INFO - Setting next_dagrun for tutorial_taskflow_api to None, run_after=None
[2025-11-14T21:32:27.655+0000] {processor.py:208} INFO - Processing /home/airflow/.local/lib/python3.12/site-packages/airflow/example_dags/tutorial_taskflow_api.py took 0.061 seconds
[2025-11-14T21:32:57.816+0000] {processor.py:186} INFO - Started process (PID=1495) to work on /home/airflow/.local/lib/python3.12/site-packages/airflow/example_dags/tutorial_taskflow_api.py
[2025-11-14T21:32:57.817+0000] {processor.py:914} INFO - Processing file /home/airflow/.local/lib/python3.12/site-packages/airflow/example_dags/tutorial_taskflow_api.py for tasks to queue
[2025-11-14T21:32:57.819+0000] {logging_mixin.py:190} INFO - [2025-11-14T21:32:57.818+0000] {dagbag.py:588} INFO - Filling up the DagBag from /home/airflow/.local/lib/python3.12/site-packages/airflow/example_dags/tutorial_taskflow_api.py
[2025-11-14T21:32:57.823+0000] {processor.py:925} INFO - DAG(s) 'tutorial_taskflow_api' retrieved from /home/airflow/.local/lib/python3.12/site-packages/airflow/example_dags/tutorial_taskflow_api.py
[2025-11-14T21:32:57.832+0000] {logging_mixin.py:190} INFO - [2025-11-14T21:32:57.832+0000] {dag.py:3239} INFO - Sync 1 DAGs
[2025-11-14T21:32:57.842+0000] {logging_mixin.py:190} INFO - [2025-11-14T21:32:57.842+0000] {dag.py:4180} INFO - Setting next_dagrun for tutorial_taskflow_api to None, run_after=None
[2025-11-14T21:32:57.849+0000] {processor.py:208} INFO - Processing /home/airflow/.local/lib/python3.12/site-packages/airflow/example_dags/tutorial_taskflow_api.py took 0.035 seconds
[2025-11-14T21:33:27.975+0000] {processor.py:186} INFO - Started process (PID=1557) to work on /home/airflow/.local/lib/python3.12/site-packages/airflow/example_dags/tutorial_taskflow_api.py
[2025-11-14T21:33:27.977+0000] {processor.py:914} INFO - Processing file /home/airflow/.local/lib/python3.12/site-packages/airflow/example_dags/tutorial_taskflow_api.py for tasks to queue
[2025-11-14T21:33:27.980+0000] {logging_mixin.py:190} INFO - [2025-11-14T21:33:27.979+0000] {dagbag.py:588} INFO - Filling up the DagBag from /home/airflow/.local/lib/python3.12/site-packages/airflow/example_dags/tutorial_taskflow_api.py
[2025-11-14T21:33:27.983+0000] {processor.py:925} INFO - DAG(s) 'tutorial_taskflow_api' retrieved from /home/airflow/.local/lib/python3.12/site-packages/airflow/example_dags/tutorial_taskflow_api.py
[2025-11-14T21:33:27.991+0000] {logging_mixin.py:190} INFO - [2025-11-14T21:33:27.991+0000] {dag.py:3239} INFO - Sync 1 DAGs
[2025-11-14T21:33:27.997+0000] {logging_mixin.py:190} INFO - [2025-11-14T21:33:27.996+0000] {dag.py:4180} INFO - Setting next_dagrun for tutorial_taskflow_api to None, run_after=None
[2025-11-14T21:33:28.003+0000] {processor.py:208} INFO - Processing /home/airflow/.local/lib/python3.12/site-packages/airflow/example_dags/tutorial_taskflow_api.py took 0.030 seconds
[2025-11-14T21:33:58.845+0000] {processor.py:186} INFO - Started process (PID=1619) to work on /home/airflow/.local/lib/python3.12/site-packages/airflow/example_dags/tutorial_taskflow_api.py
[2025-11-14T21:33:58.846+0000] {processor.py:914} INFO - Processing file /home/airflow/.local/lib/python3.12/site-packages/airflow/example_dags/tutorial_taskflow_api.py for tasks to queue
[2025-11-14T21:33:58.848+0000] {logging_mixin.py:190} INFO - [2025-11-14T21:33:58.848+0000] {dagbag.py:588} INFO - Filling up the DagBag from /home/airflow/.local/lib/python3.12/site-packages/airflow/example_dags/tutorial_taskflow_api.py
[2025-11-14T21:33:58.858+0000] {processor.py:925} INFO - DAG(s) 'tutorial_taskflow_api' retrieved from /home/airflow/.local/lib/python3.12/site-packages/airflow/example_dags/tutorial_taskflow_api.py
[2025-11-14T21:33:58.868+0000] {logging_mixin.py:190} INFO - [2025-11-14T21:33:58.867+0000] {dag.py:3239} INFO - Sync 1 DAGs
[2025-11-14T21:33:58.874+0000] {logging_mixin.py:190} INFO - [2025-11-14T21:33:58.874+0000] {dag.py:4180} INFO - Setting next_dagrun for tutorial_taskflow_api to None, run_after=None
[2025-11-14T21:33:58.881+0000] {processor.py:208} INFO - Processing /home/airflow/.local/lib/python3.12/site-packages/airflow/example_dags/tutorial_taskflow_api.py took 0.038 seconds
[2025-11-14T21:34:29.127+0000] {processor.py:186} INFO - Started process (PID=1681) to work on /home/airflow/.local/lib/python3.12/site-packages/airflow/example_dags/tutorial_taskflow_api.py
[2025-11-14T21:34:29.129+0000] {processor.py:914} INFO - Processing file /home/airflow/.local/lib/python3.12/site-packages/airflow/example_dags/tutorial_taskflow_api.py for tasks to queue
[2025-11-14T21:34:29.131+0000] {logging_mixin.py:190} INFO - [2025-11-14T21:34:29.130+0000] {dagbag.py:588} INFO - Filling up the DagBag from /home/airflow/.local/lib/python3.12/site-packages/airflow/example_dags/tutorial_taskflow_api.py
[2025-11-14T21:34:29.137+0000] {processor.py:925} INFO - DAG(s) 'tutorial_taskflow_api' retrieved from /home/airflow/.local/lib/python3.12/site-packages/airflow/example_dags/tutorial_taskflow_api.py
[2025-11-14T21:34:29.148+0000] {logging_mixin.py:190} INFO - [2025-11-14T21:34:29.147+0000] {dag.py:3239} INFO - Sync 1 DAGs
[2025-11-14T21:34:29.153+0000] {logging_mixin.py:190} INFO - [2025-11-14T21:34:29.153+0000] {dag.py:4180} INFO - Setting next_dagrun for tutorial_taskflow_api to None, run_after=None
[2025-11-14T21:34:29.160+0000] {processor.py:208} INFO - Processing /home/airflow/.local/lib/python3.12/site-packages/airflow/example_dags/tutorial_taskflow_api.py took 0.036 seconds
[2025-11-14T21:34:59.576+0000] {processor.py:186} INFO - Started process (PID=1743) to work on /home/airflow/.local/lib/python3.12/site-packages/airflow/example_dags/tutorial_taskflow_api.py
[2025-11-14T21:34:59.577+0000] {processor.py:914} INFO - Processing file /home/airflow/.local/lib/python3.12/site-packages/airflow/example_dags/tutorial_taskflow_api.py for tasks to queue
[2025-11-14T21:34:59.578+0000] {logging_mixin.py:190} INFO - [2025-11-14T21:34:59.578+0000] {dagbag.py:588} INFO - Filling up the DagBag from /home/airflow/.local/lib/python3.12/site-packages/airflow/example_dags/tutorial_taskflow_api.py
[2025-11-14T21:34:59.581+0000] {processor.py:925} INFO - DAG(s) 'tutorial_taskflow_api' retrieved from /home/airflow/.local/lib/python3.12/site-packages/airflow/example_dags/tutorial_taskflow_api.py
[2025-11-14T21:34:59.591+0000] {logging_mixin.py:190} INFO - [2025-11-14T21:34:59.591+0000] {dag.py:3239} INFO - Sync 1 DAGs
[2025-11-14T21:34:59.596+0000] {logging_mixin.py:190} INFO - [2025-11-14T21:34:59.596+0000] {dag.py:4180} INFO - Setting next_dagrun for tutorial_taskflow_api to None, run_after=None
[2025-11-14T21:34:59.602+0000] {processor.py:208} INFO - Processing /home/airflow/.local/lib/python3.12/site-packages/airflow/example_dags/tutorial_taskflow_api.py took 0.029 seconds
[2025-11-14T21:35:30.700+0000] {processor.py:186} INFO - Started process (PID=1805) to work on /home/airflow/.local/lib/python3.12/site-packages/airflow/example_dags/tutorial_taskflow_api.py
[2025-11-14T21:35:30.701+0000] {processor.py:914} INFO - Processing file /home/airflow/.local/lib/python3.12/site-packages/airflow/example_dags/tutorial_taskflow_api.py for tasks to queue
[2025-11-14T21:35:30.702+0000] {logging_mixin.py:190} INFO - [2025-11-14T21:35:30.702+0000] {dagbag.py:588} INFO - Filling up the DagBag from /home/airflow/.local/lib/python3.12/site-packages/airflow/example_dags/tutorial_taskflow_api.py
[2025-11-14T21:35:30.705+0000] {processor.py:925} INFO - DAG(s) 'tutorial_taskflow_api' retrieved from /home/airflow/.local/lib/python3.12/site-packages/airflow/example_dags/tutorial_taskflow_api.py
[2025-11-14T21:35:30.713+0000] {logging_mixin.py:190} INFO - [2025-11-14T21:35:30.713+0000] {dag.py:3239} INFO - Sync 1 DAGs
[2025-11-14T21:35:30.718+0000] {logging_mixin.py:190} INFO - [2025-11-14T21:35:30.718+0000] {dag.py:4180} INFO - Setting next_dagrun for tutorial_taskflow_api to None, run_after=None
[2025-11-14T21:35:30.725+0000] {processor.py:208} INFO - Processing /home/airflow/.local/lib/python3.12/site-packages/airflow/example_dags/tutorial_taskflow_api.py took 0.027 seconds
[2025-11-14T21:36:01.761+0000] {processor.py:186} INFO - Started process (PID=1867) to work on /home/airflow/.local/lib/python3.12/site-packages/airflow/example_dags/tutorial_taskflow_api.py
[2025-11-14T21:36:01.761+0000] {processor.py:914} INFO - Processing file /home/airflow/.local/lib/python3.12/site-packages/airflow/example_dags/tutorial_taskflow_api.py for tasks to queue
[2025-11-14T21:36:01.762+0000] {logging_mixin.py:190} INFO - [2025-11-14T21:36:01.762+0000] {dagbag.py:588} INFO - Filling up the DagBag from /home/airflow/.local/lib/python3.12/site-packages/airflow/example_dags/tutorial_taskflow_api.py
[2025-11-14T21:36:01.768+0000] {processor.py:925} INFO - DAG(s) 'tutorial_taskflow_api' retrieved from /home/airflow/.local/lib/python3.12/site-packages/airflow/example_dags/tutorial_taskflow_api.py
[2025-11-14T21:36:01.777+0000] {logging_mixin.py:190} INFO - [2025-11-14T21:36:01.777+0000] {dag.py:3239} INFO - Sync 1 DAGs
[2025-11-14T21:36:01.782+0000] {logging_mixin.py:190} INFO - [2025-11-14T21:36:01.782+0000] {dag.py:4180} INFO - Setting next_dagrun for tutorial_taskflow_api to None, run_after=None
[2025-11-14T21:36:01.788+0000] {processor.py:208} INFO - Processing /home/airflow/.local/lib/python3.12/site-packages/airflow/example_dags/tutorial_taskflow_api.py took 0.030 seconds
[2025-11-14T21:36:32.343+0000] {processor.py:186} INFO - Started process (PID=1929) to work on /home/airflow/.local/lib/python3.12/site-packages/airflow/example_dags/tutorial_taskflow_api.py
[2025-11-14T21:36:32.345+0000] {processor.py:914} INFO - Processing file /home/airflow/.local/lib/python3.12/site-packages/airflow/example_dags/tutorial_taskflow_api.py for tasks to queue
[2025-11-14T21:36:32.346+0000] {logging_mixin.py:190} INFO - [2025-11-14T21:36:32.345+0000] {dagbag.py:588} INFO - Filling up the DagBag from /home/airflow/.local/lib/python3.12/site-packages/airflow/example_dags/tutorial_taskflow_api.py
[2025-11-14T21:36:32.349+0000] {processor.py:925} INFO - DAG(s) 'tutorial_taskflow_api' retrieved from /home/airflow/.local/lib/python3.12/site-packages/airflow/example_dags/tutorial_taskflow_api.py
[2025-11-14T21:36:32.356+0000] {logging_mixin.py:190} INFO - [2025-11-14T21:36:32.356+0000] {dag.py:3239} INFO - Sync 1 DAGs
[2025-11-14T21:36:32.362+0000] {logging_mixin.py:190} INFO - [2025-11-14T21:36:32.362+0000] {dag.py:4180} INFO - Setting next_dagrun for tutorial_taskflow_api to None, run_after=None
[2025-11-14T21:36:32.369+0000] {processor.py:208} INFO - Processing /home/airflow/.local/lib/python3.12/site-packages/airflow/example_dags/tutorial_taskflow_api.py took 0.028 seconds
[2025-11-14T21:37:02.658+0000] {processor.py:186} INFO - Started process (PID=1991) to work on /home/airflow/.local/lib/python3.12/site-packages/airflow/example_dags/tutorial_taskflow_api.py
[2025-11-14T21:37:02.658+0000] {processor.py:914} INFO - Processing file /home/airflow/.local/lib/python3.12/site-packages/airflow/example_dags/tutorial_taskflow_api.py for tasks to queue
[2025-11-14T21:37:02.660+0000] {logging_mixin.py:190} INFO - [2025-11-14T21:37:02.659+0000] {dagbag.py:588} INFO - Filling up the DagBag from /home/airflow/.local/lib/python3.12/site-packages/airflow/example_dags/tutorial_taskflow_api.py
[2025-11-14T21:37:02.664+0000] {processor.py:925} INFO - DAG(s) 'tutorial_taskflow_api' retrieved from /home/airflow/.local/lib/python3.12/site-packages/airflow/example_dags/tutorial_taskflow_api.py
[2025-11-14T21:37:02.671+0000] {logging_mixin.py:190} INFO - [2025-11-14T21:37:02.671+0000] {dag.py:3239} INFO - Sync 1 DAGs
[2025-11-14T21:37:02.678+0000] {logging_mixin.py:190} INFO - [2025-11-14T21:37:02.678+0000] {dag.py:4180} INFO - Setting next_dagrun for tutorial_taskflow_api to None, run_after=None
[2025-11-14T21:37:02.684+0000] {processor.py:208} INFO - Processing /home/airflow/.local/lib/python3.12/site-packages/airflow/example_dags/tutorial_taskflow_api.py took 0.029 seconds
[2025-11-14T21:37:33.242+0000] {processor.py:186} INFO - Started process (PID=2053) to work on /home/airflow/.local/lib/python3.12/site-packages/airflow/example_dags/tutorial_taskflow_api.py
[2025-11-14T21:37:33.243+0000] {processor.py:914} INFO - Processing file /home/airflow/.local/lib/python3.12/site-packages/airflow/example_dags/tutorial_taskflow_api.py for tasks to queue
[2025-11-14T21:37:33.244+0000] {logging_mixin.py:190} INFO - [2025-11-14T21:37:33.244+0000] {dagbag.py:588} INFO - Filling up the DagBag from /home/airflow/.local/lib/python3.12/site-packages/airflow/example_dags/tutorial_taskflow_api.py
[2025-11-14T21:37:33.248+0000] {processor.py:925} INFO - DAG(s) 'tutorial_taskflow_api' retrieved from /home/airflow/.local/lib/python3.12/site-packages/airflow/example_dags/tutorial_taskflow_api.py
[2025-11-14T21:37:33.258+0000] {logging_mixin.py:190} INFO - [2025-11-14T21:37:33.258+0000] {dag.py:3239} INFO - Sync 1 DAGs
[2025-11-14T21:37:33.263+0000] {logging_mixin.py:190} INFO - [2025-11-14T21:37:33.263+0000] {dag.py:4180} INFO - Setting next_dagrun for tutorial_taskflow_api to None, run_after=None
[2025-11-14T21:37:33.270+0000] {processor.py:208} INFO - Processing /home/airflow/.local/lib/python3.12/site-packages/airflow/example_dags/tutorial_taskflow_api.py took 0.030 seconds
[2025-11-14T21:38:03.690+0000] {processor.py:186} INFO - Started process (PID=2115) to work on /home/airflow/.local/lib/python3.12/site-packages/airflow/example_dags/tutorial_taskflow_api.py
[2025-11-14T21:38:03.694+0000] {processor.py:914} INFO - Processing file /home/airflow/.local/lib/python3.12/site-packages/airflow/example_dags/tutorial_taskflow_api.py for tasks to queue
[2025-11-14T21:38:03.695+0000] {logging_mixin.py:190} INFO - [2025-11-14T21:38:03.695+0000] {dagbag.py:588} INFO - Filling up the DagBag from /home/airflow/.local/lib/python3.12/site-packages/airflow/example_dags/tutorial_taskflow_api.py
[2025-11-14T21:38:03.698+0000] {processor.py:925} INFO - DAG(s) 'tutorial_taskflow_api' retrieved from /home/airflow/.local/lib/python3.12/site-packages/airflow/example_dags/tutorial_taskflow_api.py
[2025-11-14T21:38:03.705+0000] {logging_mixin.py:190} INFO - [2025-11-14T21:38:03.705+0000] {dag.py:3239} INFO - Sync 1 DAGs
[2025-11-14T21:38:03.710+0000] {logging_mixin.py:190} INFO - [2025-11-14T21:38:03.710+0000] {dag.py:4180} INFO - Setting next_dagrun for tutorial_taskflow_api to None, run_after=None
[2025-11-14T21:38:03.717+0000] {processor.py:208} INFO - Processing /home/airflow/.local/lib/python3.12/site-packages/airflow/example_dags/tutorial_taskflow_api.py took 0.029 seconds
[2025-11-14T21:38:34.821+0000] {processor.py:186} INFO - Started process (PID=2177) to work on /home/airflow/.local/lib/python3.12/site-packages/airflow/example_dags/tutorial_taskflow_api.py
[2025-11-14T21:38:34.821+0000] {processor.py:914} INFO - Processing file /home/airflow/.local/lib/python3.12/site-packages/airflow/example_dags/tutorial_taskflow_api.py for tasks to queue
[2025-11-14T21:38:34.825+0000] {logging_mixin.py:190} INFO - [2025-11-14T21:38:34.825+0000] {dagbag.py:588} INFO - Filling up the DagBag from /home/airflow/.local/lib/python3.12/site-packages/airflow/example_dags/tutorial_taskflow_api.py
[2025-11-14T21:38:34.829+0000] {processor.py:925} INFO - DAG(s) 'tutorial_taskflow_api' retrieved from /home/airflow/.local/lib/python3.12/site-packages/airflow/example_dags/tutorial_taskflow_api.py
[2025-11-14T21:38:34.836+0000] {logging_mixin.py:190} INFO - [2025-11-14T21:38:34.836+0000] {dag.py:3239} INFO - Sync 1 DAGs
[2025-11-14T21:38:34.841+0000] {logging_mixin.py:190} INFO - [2025-11-14T21:38:34.841+0000] {dag.py:4180} INFO - Setting next_dagrun for tutorial_taskflow_api to None, run_after=None
[2025-11-14T21:38:34.849+0000] {processor.py:208} INFO - Processing /home/airflow/.local/lib/python3.12/site-packages/airflow/example_dags/tutorial_taskflow_api.py took 0.030 seconds
[2025-11-14T21:39:05.298+0000] {processor.py:186} INFO - Started process (PID=2239) to work on /home/airflow/.local/lib/python3.12/site-packages/airflow/example_dags/tutorial_taskflow_api.py
[2025-11-14T21:39:05.301+0000] {processor.py:914} INFO - Processing file /home/airflow/.local/lib/python3.12/site-packages/airflow/example_dags/tutorial_taskflow_api.py for tasks to queue
[2025-11-14T21:39:05.302+0000] {logging_mixin.py:190} INFO - [2025-11-14T21:39:05.302+0000] {dagbag.py:588} INFO - Filling up the DagBag from /home/airflow/.local/lib/python3.12/site-packages/airflow/example_dags/tutorial_taskflow_api.py
[2025-11-14T21:39:05.305+0000] {processor.py:925} INFO - DAG(s) 'tutorial_taskflow_api' retrieved from /home/airflow/.local/lib/python3.12/site-packages/airflow/example_dags/tutorial_taskflow_api.py
[2025-11-14T21:39:05.314+0000] {logging_mixin.py:190} INFO - [2025-11-14T21:39:05.314+0000] {dag.py:3239} INFO - Sync 1 DAGs
[2025-11-14T21:39:05.320+0000] {logging_mixin.py:190} INFO - [2025-11-14T21:39:05.320+0000] {dag.py:4180} INFO - Setting next_dagrun for tutorial_taskflow_api to None, run_after=None
[2025-11-14T21:39:05.326+0000] {processor.py:208} INFO - Processing /home/airflow/.local/lib/python3.12/site-packages/airflow/example_dags/tutorial_taskflow_api.py took 0.031 seconds
[2025-11-14T21:39:36.012+0000] {processor.py:186} INFO - Started process (PID=2301) to work on /home/airflow/.local/lib/python3.12/site-packages/airflow/example_dags/tutorial_taskflow_api.py
[2025-11-14T21:39:36.012+0000] {processor.py:914} INFO - Processing file /home/airflow/.local/lib/python3.12/site-packages/airflow/example_dags/tutorial_taskflow_api.py for tasks to queue
[2025-11-14T21:39:36.013+0000] {logging_mixin.py:190} INFO - [2025-11-14T21:39:36.013+0000] {dagbag.py:588} INFO - Filling up the DagBag from /home/airflow/.local/lib/python3.12/site-packages/airflow/example_dags/tutorial_taskflow_api.py
[2025-11-14T21:39:36.021+0000] {processor.py:925} INFO - DAG(s) 'tutorial_taskflow_api' retrieved from /home/airflow/.local/lib/python3.12/site-packages/airflow/example_dags/tutorial_taskflow_api.py
[2025-11-14T21:39:36.143+0000] {logging_mixin.py:190} INFO - [2025-11-14T21:39:36.140+0000] {dag.py:3239} INFO - Sync 1 DAGs
[2025-11-14T21:39:36.348+0000] {logging_mixin.py:190} INFO - [2025-11-14T21:39:36.347+0000] {dag.py:4180} INFO - Setting next_dagrun for tutorial_taskflow_api to None, run_after=None
[2025-11-14T21:39:36.376+0000] {processor.py:208} INFO - Processing /home/airflow/.local/lib/python3.12/site-packages/airflow/example_dags/tutorial_taskflow_api.py took 0.368 seconds
[2025-11-14T21:40:07.197+0000] {processor.py:186} INFO - Started process (PID=2363) to work on /home/airflow/.local/lib/python3.12/site-packages/airflow/example_dags/tutorial_taskflow_api.py
[2025-11-14T21:40:07.197+0000] {processor.py:914} INFO - Processing file /home/airflow/.local/lib/python3.12/site-packages/airflow/example_dags/tutorial_taskflow_api.py for tasks to queue
[2025-11-14T21:40:07.199+0000] {logging_mixin.py:190} INFO - [2025-11-14T21:40:07.198+0000] {dagbag.py:588} INFO - Filling up the DagBag from /home/airflow/.local/lib/python3.12/site-packages/airflow/example_dags/tutorial_taskflow_api.py
[2025-11-14T21:40:07.204+0000] {processor.py:925} INFO - DAG(s) 'tutorial_taskflow_api' retrieved from /home/airflow/.local/lib/python3.12/site-packages/airflow/example_dags/tutorial_taskflow_api.py
[2025-11-14T21:40:07.214+0000] {logging_mixin.py:190} INFO - [2025-11-14T21:40:07.213+0000] {dag.py:3239} INFO - Sync 1 DAGs
[2025-11-14T21:40:07.221+0000] {logging_mixin.py:190} INFO - [2025-11-14T21:40:07.221+0000] {dag.py:4180} INFO - Setting next_dagrun for tutorial_taskflow_api to None, run_after=None
[2025-11-14T21:40:07.228+0000] {processor.py:208} INFO - Processing /home/airflow/.local/lib/python3.12/site-packages/airflow/example_dags/tutorial_taskflow_api.py took 0.035 seconds
[2025-11-14T21:40:37.358+0000] {processor.py:186} INFO - Started process (PID=2425) to work on /home/airflow/.local/lib/python3.12/site-packages/airflow/example_dags/tutorial_taskflow_api.py
[2025-11-14T21:40:37.359+0000] {processor.py:914} INFO - Processing file /home/airflow/.local/lib/python3.12/site-packages/airflow/example_dags/tutorial_taskflow_api.py for tasks to queue
[2025-11-14T21:40:37.361+0000] {logging_mixin.py:190} INFO - [2025-11-14T21:40:37.360+0000] {dagbag.py:588} INFO - Filling up the DagBag from /home/airflow/.local/lib/python3.12/site-packages/airflow/example_dags/tutorial_taskflow_api.py
[2025-11-14T21:40:37.366+0000] {processor.py:925} INFO - DAG(s) 'tutorial_taskflow_api' retrieved from /home/airflow/.local/lib/python3.12/site-packages/airflow/example_dags/tutorial_taskflow_api.py
[2025-11-14T21:40:37.378+0000] {logging_mixin.py:190} INFO - [2025-11-14T21:40:37.378+0000] {dag.py:3239} INFO - Sync 1 DAGs
[2025-11-14T21:40:37.389+0000] {logging_mixin.py:190} INFO - [2025-11-14T21:40:37.389+0000] {dag.py:4180} INFO - Setting next_dagrun for tutorial_taskflow_api to None, run_after=None
[2025-11-14T21:40:37.400+0000] {processor.py:208} INFO - Processing /home/airflow/.local/lib/python3.12/site-packages/airflow/example_dags/tutorial_taskflow_api.py took 0.045 seconds
[2025-11-14T21:41:08.967+0000] {processor.py:186} INFO - Started process (PID=2487) to work on /home/airflow/.local/lib/python3.12/site-packages/airflow/example_dags/tutorial_taskflow_api.py
[2025-11-14T21:41:08.969+0000] {processor.py:914} INFO - Processing file /home/airflow/.local/lib/python3.12/site-packages/airflow/example_dags/tutorial_taskflow_api.py for tasks to queue
[2025-11-14T21:41:08.975+0000] {logging_mixin.py:190} INFO - [2025-11-14T21:41:08.974+0000] {dagbag.py:588} INFO - Filling up the DagBag from /home/airflow/.local/lib/python3.12/site-packages/airflow/example_dags/tutorial_taskflow_api.py
[2025-11-14T21:41:08.984+0000] {processor.py:925} INFO - DAG(s) 'tutorial_taskflow_api' retrieved from /home/airflow/.local/lib/python3.12/site-packages/airflow/example_dags/tutorial_taskflow_api.py
[2025-11-14T21:41:09.002+0000] {logging_mixin.py:190} INFO - [2025-11-14T21:41:09.002+0000] {dag.py:3239} INFO - Sync 1 DAGs
[2025-11-14T21:41:09.017+0000] {logging_mixin.py:190} INFO - [2025-11-14T21:41:09.017+0000] {dag.py:4180} INFO - Setting next_dagrun for tutorial_taskflow_api to None, run_after=None
[2025-11-14T21:41:09.037+0000] {processor.py:208} INFO - Processing /home/airflow/.local/lib/python3.12/site-packages/airflow/example_dags/tutorial_taskflow_api.py took 0.085 seconds
[2025-11-14T21:41:39.684+0000] {processor.py:186} INFO - Started process (PID=2549) to work on /home/airflow/.local/lib/python3.12/site-packages/airflow/example_dags/tutorial_taskflow_api.py
[2025-11-14T21:41:39.685+0000] {processor.py:914} INFO - Processing file /home/airflow/.local/lib/python3.12/site-packages/airflow/example_dags/tutorial_taskflow_api.py for tasks to queue
[2025-11-14T21:41:39.687+0000] {logging_mixin.py:190} INFO - [2025-11-14T21:41:39.686+0000] {dagbag.py:588} INFO - Filling up the DagBag from /home/airflow/.local/lib/python3.12/site-packages/airflow/example_dags/tutorial_taskflow_api.py
[2025-11-14T21:41:39.690+0000] {processor.py:925} INFO - DAG(s) 'tutorial_taskflow_api' retrieved from /home/airflow/.local/lib/python3.12/site-packages/airflow/example_dags/tutorial_taskflow_api.py
[2025-11-14T21:41:39.702+0000] {logging_mixin.py:190} INFO - [2025-11-14T21:41:39.702+0000] {dag.py:3239} INFO - Sync 1 DAGs
[2025-11-14T21:41:39.710+0000] {logging_mixin.py:190} INFO - [2025-11-14T21:41:39.710+0000] {dag.py:4180} INFO - Setting next_dagrun for tutorial_taskflow_api to None, run_after=None
[2025-11-14T21:41:39.725+0000] {processor.py:208} INFO - Processing /home/airflow/.local/lib/python3.12/site-packages/airflow/example_dags/tutorial_taskflow_api.py took 0.044 seconds
[2025-11-14T21:42:10.028+0000] {processor.py:186} INFO - Started process (PID=2611) to work on /home/airflow/.local/lib/python3.12/site-packages/airflow/example_dags/tutorial_taskflow_api.py
[2025-11-14T21:42:10.032+0000] {processor.py:914} INFO - Processing file /home/airflow/.local/lib/python3.12/site-packages/airflow/example_dags/tutorial_taskflow_api.py for tasks to queue
[2025-11-14T21:42:10.033+0000] {logging_mixin.py:190} INFO - [2025-11-14T21:42:10.033+0000] {dagbag.py:588} INFO - Filling up the DagBag from /home/airflow/.local/lib/python3.12/site-packages/airflow/example_dags/tutorial_taskflow_api.py
[2025-11-14T21:42:10.037+0000] {processor.py:925} INFO - DAG(s) 'tutorial_taskflow_api' retrieved from /home/airflow/.local/lib/python3.12/site-packages/airflow/example_dags/tutorial_taskflow_api.py
[2025-11-14T21:42:10.052+0000] {logging_mixin.py:190} INFO - [2025-11-14T21:42:10.052+0000] {dag.py:3239} INFO - Sync 1 DAGs
[2025-11-14T21:42:10.059+0000] {logging_mixin.py:190} INFO - [2025-11-14T21:42:10.059+0000] {dag.py:4180} INFO - Setting next_dagrun for tutorial_taskflow_api to None, run_after=None
[2025-11-14T21:42:10.068+0000] {processor.py:208} INFO - Processing /home/airflow/.local/lib/python3.12/site-packages/airflow/example_dags/tutorial_taskflow_api.py took 0.043 seconds
[2025-11-14T21:42:41.015+0000] {processor.py:186} INFO - Started process (PID=2673) to work on /home/airflow/.local/lib/python3.12/site-packages/airflow/example_dags/tutorial_taskflow_api.py
[2025-11-14T21:42:41.025+0000] {processor.py:914} INFO - Processing file /home/airflow/.local/lib/python3.12/site-packages/airflow/example_dags/tutorial_taskflow_api.py for tasks to queue
[2025-11-14T21:42:41.052+0000] {logging_mixin.py:190} INFO - [2025-11-14T21:42:41.051+0000] {dagbag.py:588} INFO - Filling up the DagBag from /home/airflow/.local/lib/python3.12/site-packages/airflow/example_dags/tutorial_taskflow_api.py
[2025-11-14T21:42:41.074+0000] {processor.py:925} INFO - DAG(s) 'tutorial_taskflow_api' retrieved from /home/airflow/.local/lib/python3.12/site-packages/airflow/example_dags/tutorial_taskflow_api.py
[2025-11-14T21:42:41.094+0000] {logging_mixin.py:190} INFO - [2025-11-14T21:42:41.093+0000] {dag.py:3239} INFO - Sync 1 DAGs
[2025-11-14T21:42:41.103+0000] {logging_mixin.py:190} INFO - [2025-11-14T21:42:41.103+0000] {dag.py:4180} INFO - Setting next_dagrun for tutorial_taskflow_api to None, run_after=None
[2025-11-14T21:42:41.116+0000] {processor.py:208} INFO - Processing /home/airflow/.local/lib/python3.12/site-packages/airflow/example_dags/tutorial_taskflow_api.py took 0.111 seconds
[2025-11-14T21:43:12.060+0000] {processor.py:186} INFO - Started process (PID=2735) to work on /home/airflow/.local/lib/python3.12/site-packages/airflow/example_dags/tutorial_taskflow_api.py
[2025-11-14T21:43:12.061+0000] {processor.py:914} INFO - Processing file /home/airflow/.local/lib/python3.12/site-packages/airflow/example_dags/tutorial_taskflow_api.py for tasks to queue
[2025-11-14T21:43:12.062+0000] {logging_mixin.py:190} INFO - [2025-11-14T21:43:12.061+0000] {dagbag.py:588} INFO - Filling up the DagBag from /home/airflow/.local/lib/python3.12/site-packages/airflow/example_dags/tutorial_taskflow_api.py
[2025-11-14T21:43:12.066+0000] {processor.py:925} INFO - DAG(s) 'tutorial_taskflow_api' retrieved from /home/airflow/.local/lib/python3.12/site-packages/airflow/example_dags/tutorial_taskflow_api.py
[2025-11-14T21:43:12.075+0000] {logging_mixin.py:190} INFO - [2025-11-14T21:43:12.075+0000] {dag.py:3239} INFO - Sync 1 DAGs
[2025-11-14T21:43:12.086+0000] {logging_mixin.py:190} INFO - [2025-11-14T21:43:12.086+0000] {dag.py:4180} INFO - Setting next_dagrun for tutorial_taskflow_api to None, run_after=None
[2025-11-14T21:43:12.097+0000] {processor.py:208} INFO - Processing /home/airflow/.local/lib/python3.12/site-packages/airflow/example_dags/tutorial_taskflow_api.py took 0.040 seconds
[2025-11-14T21:43:42.233+0000] {processor.py:186} INFO - Started process (PID=2797) to work on /home/airflow/.local/lib/python3.12/site-packages/airflow/example_dags/tutorial_taskflow_api.py
[2025-11-14T21:43:42.234+0000] {processor.py:914} INFO - Processing file /home/airflow/.local/lib/python3.12/site-packages/airflow/example_dags/tutorial_taskflow_api.py for tasks to queue
[2025-11-14T21:43:42.235+0000] {logging_mixin.py:190} INFO - [2025-11-14T21:43:42.235+0000] {dagbag.py:588} INFO - Filling up the DagBag from /home/airflow/.local/lib/python3.12/site-packages/airflow/example_dags/tutorial_taskflow_api.py
[2025-11-14T21:43:42.241+0000] {processor.py:925} INFO - DAG(s) 'tutorial_taskflow_api' retrieved from /home/airflow/.local/lib/python3.12/site-packages/airflow/example_dags/tutorial_taskflow_api.py
[2025-11-14T21:43:42.260+0000] {logging_mixin.py:190} INFO - [2025-11-14T21:43:42.260+0000] {dag.py:3239} INFO - Sync 1 DAGs
[2025-11-14T21:43:42.274+0000] {logging_mixin.py:190} INFO - [2025-11-14T21:43:42.274+0000] {dag.py:4180} INFO - Setting next_dagrun for tutorial_taskflow_api to None, run_after=None
[2025-11-14T21:43:42.285+0000] {processor.py:208} INFO - Processing /home/airflow/.local/lib/python3.12/site-packages/airflow/example_dags/tutorial_taskflow_api.py took 0.054 seconds
[2025-11-14T21:44:13.123+0000] {processor.py:186} INFO - Started process (PID=2859) to work on /home/airflow/.local/lib/python3.12/site-packages/airflow/example_dags/tutorial_taskflow_api.py
[2025-11-14T21:44:13.124+0000] {processor.py:914} INFO - Processing file /home/airflow/.local/lib/python3.12/site-packages/airflow/example_dags/tutorial_taskflow_api.py for tasks to queue
[2025-11-14T21:44:13.125+0000] {logging_mixin.py:190} INFO - [2025-11-14T21:44:13.125+0000] {dagbag.py:588} INFO - Filling up the DagBag from /home/airflow/.local/lib/python3.12/site-packages/airflow/example_dags/tutorial_taskflow_api.py
[2025-11-14T21:44:13.128+0000] {processor.py:925} INFO - DAG(s) 'tutorial_taskflow_api' retrieved from /home/airflow/.local/lib/python3.12/site-packages/airflow/example_dags/tutorial_taskflow_api.py
[2025-11-14T21:44:13.136+0000] {logging_mixin.py:190} INFO - [2025-11-14T21:44:13.136+0000] {dag.py:3239} INFO - Sync 1 DAGs
[2025-11-14T21:44:13.142+0000] {logging_mixin.py:190} INFO - [2025-11-14T21:44:13.142+0000] {dag.py:4180} INFO - Setting next_dagrun for tutorial_taskflow_api to None, run_after=None
[2025-11-14T21:44:13.148+0000] {processor.py:208} INFO - Processing /home/airflow/.local/lib/python3.12/site-packages/airflow/example_dags/tutorial_taskflow_api.py took 0.028 seconds
[2025-11-14T21:44:44.193+0000] {processor.py:186} INFO - Started process (PID=2921) to work on /home/airflow/.local/lib/python3.12/site-packages/airflow/example_dags/tutorial_taskflow_api.py
[2025-11-14T21:44:44.195+0000] {processor.py:914} INFO - Processing file /home/airflow/.local/lib/python3.12/site-packages/airflow/example_dags/tutorial_taskflow_api.py for tasks to queue
[2025-11-14T21:44:44.197+0000] {logging_mixin.py:190} INFO - [2025-11-14T21:44:44.196+0000] {dagbag.py:588} INFO - Filling up the DagBag from /home/airflow/.local/lib/python3.12/site-packages/airflow/example_dags/tutorial_taskflow_api.py
[2025-11-14T21:44:44.209+0000] {processor.py:925} INFO - DAG(s) 'tutorial_taskflow_api' retrieved from /home/airflow/.local/lib/python3.12/site-packages/airflow/example_dags/tutorial_taskflow_api.py
[2025-11-14T21:44:44.238+0000] {logging_mixin.py:190} INFO - [2025-11-14T21:44:44.238+0000] {dag.py:3239} INFO - Sync 1 DAGs
[2025-11-14T21:44:44.256+0000] {logging_mixin.py:190} INFO - [2025-11-14T21:44:44.256+0000] {dag.py:4180} INFO - Setting next_dagrun for tutorial_taskflow_api to None, run_after=None
[2025-11-14T21:44:44.273+0000] {processor.py:208} INFO - Processing /home/airflow/.local/lib/python3.12/site-packages/airflow/example_dags/tutorial_taskflow_api.py took 0.084 seconds
[2025-11-14T21:45:15.248+0000] {processor.py:186} INFO - Started process (PID=2983) to work on /home/airflow/.local/lib/python3.12/site-packages/airflow/example_dags/tutorial_taskflow_api.py
[2025-11-14T21:45:15.249+0000] {processor.py:914} INFO - Processing file /home/airflow/.local/lib/python3.12/site-packages/airflow/example_dags/tutorial_taskflow_api.py for tasks to queue
[2025-11-14T21:45:15.251+0000] {logging_mixin.py:190} INFO - [2025-11-14T21:45:15.251+0000] {dagbag.py:588} INFO - Filling up the DagBag from /home/airflow/.local/lib/python3.12/site-packages/airflow/example_dags/tutorial_taskflow_api.py
[2025-11-14T21:45:15.256+0000] {processor.py:925} INFO - DAG(s) 'tutorial_taskflow_api' retrieved from /home/airflow/.local/lib/python3.12/site-packages/airflow/example_dags/tutorial_taskflow_api.py
[2025-11-14T21:45:15.268+0000] {logging_mixin.py:190} INFO - [2025-11-14T21:45:15.268+0000] {dag.py:3239} INFO - Sync 1 DAGs
[2025-11-14T21:45:15.276+0000] {logging_mixin.py:190} INFO - [2025-11-14T21:45:15.275+0000] {dag.py:4180} INFO - Setting next_dagrun for tutorial_taskflow_api to None, run_after=None
[2025-11-14T21:45:15.284+0000] {processor.py:208} INFO - Processing /home/airflow/.local/lib/python3.12/site-packages/airflow/example_dags/tutorial_taskflow_api.py took 0.041 seconds
[2025-11-14T21:45:45.431+0000] {processor.py:186} INFO - Started process (PID=3044) to work on /home/airflow/.local/lib/python3.12/site-packages/airflow/example_dags/tutorial_taskflow_api.py
[2025-11-14T21:45:45.432+0000] {processor.py:914} INFO - Processing file /home/airflow/.local/lib/python3.12/site-packages/airflow/example_dags/tutorial_taskflow_api.py for tasks to queue
[2025-11-14T21:45:45.433+0000] {logging_mixin.py:190} INFO - [2025-11-14T21:45:45.433+0000] {dagbag.py:588} INFO - Filling up the DagBag from /home/airflow/.local/lib/python3.12/site-packages/airflow/example_dags/tutorial_taskflow_api.py
[2025-11-14T21:45:45.438+0000] {processor.py:925} INFO - DAG(s) 'tutorial_taskflow_api' retrieved from /home/airflow/.local/lib/python3.12/site-packages/airflow/example_dags/tutorial_taskflow_api.py
[2025-11-14T21:45:45.446+0000] {logging_mixin.py:190} INFO - [2025-11-14T21:45:45.446+0000] {dag.py:3239} INFO - Sync 1 DAGs
[2025-11-14T21:45:45.453+0000] {logging_mixin.py:190} INFO - [2025-11-14T21:45:45.453+0000] {dag.py:4180} INFO - Setting next_dagrun for tutorial_taskflow_api to None, run_after=None
[2025-11-14T21:45:45.459+0000] {processor.py:208} INFO - Processing /home/airflow/.local/lib/python3.12/site-packages/airflow/example_dags/tutorial_taskflow_api.py took 0.031 seconds
[2025-11-14T21:46:16.356+0000] {processor.py:186} INFO - Started process (PID=3107) to work on /home/airflow/.local/lib/python3.12/site-packages/airflow/example_dags/tutorial_taskflow_api.py
[2025-11-14T21:46:16.356+0000] {processor.py:914} INFO - Processing file /home/airflow/.local/lib/python3.12/site-packages/airflow/example_dags/tutorial_taskflow_api.py for tasks to queue
[2025-11-14T21:46:16.358+0000] {logging_mixin.py:190} INFO - [2025-11-14T21:46:16.358+0000] {dagbag.py:588} INFO - Filling up the DagBag from /home/airflow/.local/lib/python3.12/site-packages/airflow/example_dags/tutorial_taskflow_api.py
[2025-11-14T21:46:16.364+0000] {processor.py:925} INFO - DAG(s) 'tutorial_taskflow_api' retrieved from /home/airflow/.local/lib/python3.12/site-packages/airflow/example_dags/tutorial_taskflow_api.py
[2025-11-14T21:46:16.384+0000] {logging_mixin.py:190} INFO - [2025-11-14T21:46:16.384+0000] {dag.py:3239} INFO - Sync 1 DAGs
[2025-11-14T21:46:16.394+0000] {logging_mixin.py:190} INFO - [2025-11-14T21:46:16.394+0000] {dag.py:4180} INFO - Setting next_dagrun for tutorial_taskflow_api to None, run_after=None
[2025-11-14T21:46:16.405+0000] {processor.py:208} INFO - Processing /home/airflow/.local/lib/python3.12/site-packages/airflow/example_dags/tutorial_taskflow_api.py took 0.054 seconds
[2025-11-14T21:46:47.285+0000] {processor.py:186} INFO - Started process (PID=3169) to work on /home/airflow/.local/lib/python3.12/site-packages/airflow/example_dags/tutorial_taskflow_api.py
[2025-11-14T21:46:47.285+0000] {processor.py:914} INFO - Processing file /home/airflow/.local/lib/python3.12/site-packages/airflow/example_dags/tutorial_taskflow_api.py for tasks to queue
[2025-11-14T21:46:47.287+0000] {logging_mixin.py:190} INFO - [2025-11-14T21:46:47.287+0000] {dagbag.py:588} INFO - Filling up the DagBag from /home/airflow/.local/lib/python3.12/site-packages/airflow/example_dags/tutorial_taskflow_api.py
[2025-11-14T21:46:47.292+0000] {processor.py:925} INFO - DAG(s) 'tutorial_taskflow_api' retrieved from /home/airflow/.local/lib/python3.12/site-packages/airflow/example_dags/tutorial_taskflow_api.py
[2025-11-14T21:46:47.305+0000] {logging_mixin.py:190} INFO - [2025-11-14T21:46:47.305+0000] {dag.py:3239} INFO - Sync 1 DAGs
[2025-11-14T21:46:47.314+0000] {logging_mixin.py:190} INFO - [2025-11-14T21:46:47.314+0000] {dag.py:4180} INFO - Setting next_dagrun for tutorial_taskflow_api to None, run_after=None
[2025-11-14T21:46:47.430+0000] {processor.py:208} INFO - Processing /home/airflow/.local/lib/python3.12/site-packages/airflow/example_dags/tutorial_taskflow_api.py took 0.149 seconds
[2025-11-14T21:47:17.695+0000] {processor.py:186} INFO - Started process (PID=3231) to work on /home/airflow/.local/lib/python3.12/site-packages/airflow/example_dags/tutorial_taskflow_api.py
[2025-11-14T21:47:17.696+0000] {processor.py:914} INFO - Processing file /home/airflow/.local/lib/python3.12/site-packages/airflow/example_dags/tutorial_taskflow_api.py for tasks to queue
[2025-11-14T21:47:17.697+0000] {logging_mixin.py:190} INFO - [2025-11-14T21:47:17.697+0000] {dagbag.py:588} INFO - Filling up the DagBag from /home/airflow/.local/lib/python3.12/site-packages/airflow/example_dags/tutorial_taskflow_api.py
[2025-11-14T21:47:17.701+0000] {processor.py:925} INFO - DAG(s) 'tutorial_taskflow_api' retrieved from /home/airflow/.local/lib/python3.12/site-packages/airflow/example_dags/tutorial_taskflow_api.py
[2025-11-14T21:47:17.710+0000] {logging_mixin.py:190} INFO - [2025-11-14T21:47:17.710+0000] {dag.py:3239} INFO - Sync 1 DAGs
[2025-11-14T21:47:17.719+0000] {logging_mixin.py:190} INFO - [2025-11-14T21:47:17.719+0000] {dag.py:4180} INFO - Setting next_dagrun for tutorial_taskflow_api to None, run_after=None
[2025-11-14T21:47:17.728+0000] {processor.py:208} INFO - Processing /home/airflow/.local/lib/python3.12/site-packages/airflow/example_dags/tutorial_taskflow_api.py took 0.036 seconds
[2025-11-14T21:47:48.039+0000] {processor.py:186} INFO - Started process (PID=3293) to work on /home/airflow/.local/lib/python3.12/site-packages/airflow/example_dags/tutorial_taskflow_api.py
[2025-11-14T21:47:48.042+0000] {processor.py:914} INFO - Processing file /home/airflow/.local/lib/python3.12/site-packages/airflow/example_dags/tutorial_taskflow_api.py for tasks to queue
[2025-11-14T21:47:48.044+0000] {logging_mixin.py:190} INFO - [2025-11-14T21:47:48.043+0000] {dagbag.py:588} INFO - Filling up the DagBag from /home/airflow/.local/lib/python3.12/site-packages/airflow/example_dags/tutorial_taskflow_api.py
[2025-11-14T21:47:48.047+0000] {processor.py:925} INFO - DAG(s) 'tutorial_taskflow_api' retrieved from /home/airflow/.local/lib/python3.12/site-packages/airflow/example_dags/tutorial_taskflow_api.py
[2025-11-14T21:47:48.060+0000] {logging_mixin.py:190} INFO - [2025-11-14T21:47:48.060+0000] {dag.py:3239} INFO - Sync 1 DAGs
[2025-11-14T21:47:48.072+0000] {logging_mixin.py:190} INFO - [2025-11-14T21:47:48.071+0000] {dag.py:4180} INFO - Setting next_dagrun for tutorial_taskflow_api to None, run_after=None
[2025-11-14T21:47:48.085+0000] {processor.py:208} INFO - Processing /home/airflow/.local/lib/python3.12/site-packages/airflow/example_dags/tutorial_taskflow_api.py took 0.048 seconds
[2025-11-14T21:48:18.920+0000] {processor.py:186} INFO - Started process (PID=3355) to work on /home/airflow/.local/lib/python3.12/site-packages/airflow/example_dags/tutorial_taskflow_api.py
[2025-11-14T21:48:18.921+0000] {processor.py:914} INFO - Processing file /home/airflow/.local/lib/python3.12/site-packages/airflow/example_dags/tutorial_taskflow_api.py for tasks to queue
[2025-11-14T21:48:19.019+0000] {logging_mixin.py:190} INFO - [2025-11-14T21:48:19.019+0000] {dagbag.py:588} INFO - Filling up the DagBag from /home/airflow/.local/lib/python3.12/site-packages/airflow/example_dags/tutorial_taskflow_api.py
[2025-11-14T21:48:19.022+0000] {processor.py:925} INFO - DAG(s) 'tutorial_taskflow_api' retrieved from /home/airflow/.local/lib/python3.12/site-packages/airflow/example_dags/tutorial_taskflow_api.py
[2025-11-14T21:48:19.030+0000] {logging_mixin.py:190} INFO - [2025-11-14T21:48:19.030+0000] {dag.py:3239} INFO - Sync 1 DAGs
[2025-11-14T21:48:19.035+0000] {logging_mixin.py:190} INFO - [2025-11-14T21:48:19.035+0000] {dag.py:4180} INFO - Setting next_dagrun for tutorial_taskflow_api to None, run_after=None
[2025-11-14T21:48:19.041+0000] {processor.py:208} INFO - Processing /home/airflow/.local/lib/python3.12/site-packages/airflow/example_dags/tutorial_taskflow_api.py took 0.123 seconds
[2025-11-14T21:48:49.176+0000] {processor.py:186} INFO - Started process (PID=3417) to work on /home/airflow/.local/lib/python3.12/site-packages/airflow/example_dags/tutorial_taskflow_api.py
[2025-11-14T21:48:49.177+0000] {processor.py:914} INFO - Processing file /home/airflow/.local/lib/python3.12/site-packages/airflow/example_dags/tutorial_taskflow_api.py for tasks to queue
[2025-11-14T21:48:49.179+0000] {logging_mixin.py:190} INFO - [2025-11-14T21:48:49.178+0000] {dagbag.py:588} INFO - Filling up the DagBag from /home/airflow/.local/lib/python3.12/site-packages/airflow/example_dags/tutorial_taskflow_api.py
[2025-11-14T21:48:49.183+0000] {processor.py:925} INFO - DAG(s) 'tutorial_taskflow_api' retrieved from /home/airflow/.local/lib/python3.12/site-packages/airflow/example_dags/tutorial_taskflow_api.py
[2025-11-14T21:48:49.195+0000] {logging_mixin.py:190} INFO - [2025-11-14T21:48:49.195+0000] {dag.py:3239} INFO - Sync 1 DAGs
[2025-11-14T21:48:49.201+0000] {logging_mixin.py:190} INFO - [2025-11-14T21:48:49.201+0000] {dag.py:4180} INFO - Setting next_dagrun for tutorial_taskflow_api to None, run_after=None
[2025-11-14T21:48:49.208+0000] {processor.py:208} INFO - Processing /home/airflow/.local/lib/python3.12/site-packages/airflow/example_dags/tutorial_taskflow_api.py took 0.035 seconds
[2025-11-14T21:49:19.259+0000] {processor.py:186} INFO - Started process (PID=3479) to work on /home/airflow/.local/lib/python3.12/site-packages/airflow/example_dags/tutorial_taskflow_api.py
[2025-11-14T21:49:19.260+0000] {processor.py:914} INFO - Processing file /home/airflow/.local/lib/python3.12/site-packages/airflow/example_dags/tutorial_taskflow_api.py for tasks to queue
[2025-11-14T21:49:19.262+0000] {logging_mixin.py:190} INFO - [2025-11-14T21:49:19.262+0000] {dagbag.py:588} INFO - Filling up the DagBag from /home/airflow/.local/lib/python3.12/site-packages/airflow/example_dags/tutorial_taskflow_api.py
[2025-11-14T21:49:19.266+0000] {processor.py:925} INFO - DAG(s) 'tutorial_taskflow_api' retrieved from /home/airflow/.local/lib/python3.12/site-packages/airflow/example_dags/tutorial_taskflow_api.py
[2025-11-14T21:49:19.274+0000] {logging_mixin.py:190} INFO - [2025-11-14T21:49:19.274+0000] {dag.py:3239} INFO - Sync 1 DAGs
[2025-11-14T21:49:19.280+0000] {logging_mixin.py:190} INFO - [2025-11-14T21:49:19.280+0000] {dag.py:4180} INFO - Setting next_dagrun for tutorial_taskflow_api to None, run_after=None
[2025-11-14T21:49:19.289+0000] {processor.py:208} INFO - Processing /home/airflow/.local/lib/python3.12/site-packages/airflow/example_dags/tutorial_taskflow_api.py took 0.032 seconds
[2025-11-14T21:49:49.374+0000] {processor.py:186} INFO - Started process (PID=3540) to work on /home/airflow/.local/lib/python3.12/site-packages/airflow/example_dags/tutorial_taskflow_api.py
[2025-11-14T21:49:49.374+0000] {processor.py:914} INFO - Processing file /home/airflow/.local/lib/python3.12/site-packages/airflow/example_dags/tutorial_taskflow_api.py for tasks to queue
[2025-11-14T21:49:49.375+0000] {logging_mixin.py:190} INFO - [2025-11-14T21:49:49.375+0000] {dagbag.py:588} INFO - Filling up the DagBag from /home/airflow/.local/lib/python3.12/site-packages/airflow/example_dags/tutorial_taskflow_api.py
[2025-11-14T21:49:49.379+0000] {processor.py:925} INFO - DAG(s) 'tutorial_taskflow_api' retrieved from /home/airflow/.local/lib/python3.12/site-packages/airflow/example_dags/tutorial_taskflow_api.py
[2025-11-14T21:49:49.386+0000] {logging_mixin.py:190} INFO - [2025-11-14T21:49:49.386+0000] {dag.py:3239} INFO - Sync 1 DAGs
[2025-11-14T21:49:49.391+0000] {logging_mixin.py:190} INFO - [2025-11-14T21:49:49.391+0000] {dag.py:4180} INFO - Setting next_dagrun for tutorial_taskflow_api to None, run_after=None
[2025-11-14T21:49:49.397+0000] {processor.py:208} INFO - Processing /home/airflow/.local/lib/python3.12/site-packages/airflow/example_dags/tutorial_taskflow_api.py took 0.025 seconds
[2025-11-14T21:50:19.691+0000] {processor.py:186} INFO - Started process (PID=3603) to work on /home/airflow/.local/lib/python3.12/site-packages/airflow/example_dags/tutorial_taskflow_api.py
[2025-11-14T21:50:19.693+0000] {processor.py:914} INFO - Processing file /home/airflow/.local/lib/python3.12/site-packages/airflow/example_dags/tutorial_taskflow_api.py for tasks to queue
[2025-11-14T21:50:19.694+0000] {logging_mixin.py:190} INFO - [2025-11-14T21:50:19.694+0000] {dagbag.py:588} INFO - Filling up the DagBag from /home/airflow/.local/lib/python3.12/site-packages/airflow/example_dags/tutorial_taskflow_api.py
[2025-11-14T21:50:19.699+0000] {processor.py:925} INFO - DAG(s) 'tutorial_taskflow_api' retrieved from /home/airflow/.local/lib/python3.12/site-packages/airflow/example_dags/tutorial_taskflow_api.py
[2025-11-14T21:50:19.716+0000] {logging_mixin.py:190} INFO - [2025-11-14T21:50:19.716+0000] {dag.py:3239} INFO - Sync 1 DAGs
[2025-11-14T21:50:19.722+0000] {logging_mixin.py:190} INFO - [2025-11-14T21:50:19.722+0000] {dag.py:4180} INFO - Setting next_dagrun for tutorial_taskflow_api to None, run_after=None
[2025-11-14T21:50:19.728+0000] {processor.py:208} INFO - Processing /home/airflow/.local/lib/python3.12/site-packages/airflow/example_dags/tutorial_taskflow_api.py took 0.040 seconds
[2025-11-14T21:50:50.312+0000] {processor.py:186} INFO - Started process (PID=3665) to work on /home/airflow/.local/lib/python3.12/site-packages/airflow/example_dags/tutorial_taskflow_api.py
[2025-11-14T21:50:50.313+0000] {processor.py:914} INFO - Processing file /home/airflow/.local/lib/python3.12/site-packages/airflow/example_dags/tutorial_taskflow_api.py for tasks to queue
[2025-11-14T21:50:50.316+0000] {logging_mixin.py:190} INFO - [2025-11-14T21:50:50.316+0000] {dagbag.py:588} INFO - Filling up the DagBag from /home/airflow/.local/lib/python3.12/site-packages/airflow/example_dags/tutorial_taskflow_api.py
[2025-11-14T21:50:50.320+0000] {processor.py:925} INFO - DAG(s) 'tutorial_taskflow_api' retrieved from /home/airflow/.local/lib/python3.12/site-packages/airflow/example_dags/tutorial_taskflow_api.py
[2025-11-14T21:50:50.329+0000] {logging_mixin.py:190} INFO - [2025-11-14T21:50:50.328+0000] {dag.py:3239} INFO - Sync 1 DAGs
[2025-11-14T21:50:50.334+0000] {logging_mixin.py:190} INFO - [2025-11-14T21:50:50.334+0000] {dag.py:4180} INFO - Setting next_dagrun for tutorial_taskflow_api to None, run_after=None
[2025-11-14T21:50:50.343+0000] {processor.py:208} INFO - Processing /home/airflow/.local/lib/python3.12/site-packages/airflow/example_dags/tutorial_taskflow_api.py took 0.034 seconds
[2025-11-14T21:51:20.857+0000] {processor.py:186} INFO - Started process (PID=3733) to work on /home/airflow/.local/lib/python3.12/site-packages/airflow/example_dags/tutorial_taskflow_api.py
[2025-11-14T21:51:20.863+0000] {processor.py:914} INFO - Processing file /home/airflow/.local/lib/python3.12/site-packages/airflow/example_dags/tutorial_taskflow_api.py for tasks to queue
[2025-11-14T21:51:20.868+0000] {logging_mixin.py:190} INFO - [2025-11-14T21:51:20.868+0000] {dagbag.py:588} INFO - Filling up the DagBag from /home/airflow/.local/lib/python3.12/site-packages/airflow/example_dags/tutorial_taskflow_api.py
[2025-11-14T21:51:20.881+0000] {processor.py:925} INFO - DAG(s) 'tutorial_taskflow_api' retrieved from /home/airflow/.local/lib/python3.12/site-packages/airflow/example_dags/tutorial_taskflow_api.py
[2025-11-14T21:51:20.900+0000] {logging_mixin.py:190} INFO - [2025-11-14T21:51:20.899+0000] {dag.py:3239} INFO - Sync 1 DAGs
[2025-11-14T21:51:20.911+0000] {logging_mixin.py:190} INFO - [2025-11-14T21:51:20.911+0000] {dag.py:4180} INFO - Setting next_dagrun for tutorial_taskflow_api to None, run_after=None
[2025-11-14T21:51:20.920+0000] {processor.py:208} INFO - Processing /home/airflow/.local/lib/python3.12/site-packages/airflow/example_dags/tutorial_taskflow_api.py took 0.082 seconds
[2025-11-14T21:51:51.898+0000] {processor.py:186} INFO - Started process (PID=3795) to work on /home/airflow/.local/lib/python3.12/site-packages/airflow/example_dags/tutorial_taskflow_api.py
[2025-11-14T21:51:51.899+0000] {processor.py:914} INFO - Processing file /home/airflow/.local/lib/python3.12/site-packages/airflow/example_dags/tutorial_taskflow_api.py for tasks to queue
[2025-11-14T21:51:51.901+0000] {logging_mixin.py:190} INFO - [2025-11-14T21:51:51.901+0000] {dagbag.py:588} INFO - Filling up the DagBag from /home/airflow/.local/lib/python3.12/site-packages/airflow/example_dags/tutorial_taskflow_api.py
[2025-11-14T21:51:51.904+0000] {processor.py:925} INFO - DAG(s) 'tutorial_taskflow_api' retrieved from /home/airflow/.local/lib/python3.12/site-packages/airflow/example_dags/tutorial_taskflow_api.py
[2025-11-14T21:51:51.922+0000] {logging_mixin.py:190} INFO - [2025-11-14T21:51:51.922+0000] {dag.py:3239} INFO - Sync 1 DAGs
[2025-11-14T21:51:51.930+0000] {logging_mixin.py:190} INFO - [2025-11-14T21:51:51.930+0000] {dag.py:4180} INFO - Setting next_dagrun for tutorial_taskflow_api to None, run_after=None
[2025-11-14T21:51:51.938+0000] {processor.py:208} INFO - Processing /home/airflow/.local/lib/python3.12/site-packages/airflow/example_dags/tutorial_taskflow_api.py took 0.042 seconds
[2025-11-14T21:52:22.181+0000] {processor.py:186} INFO - Started process (PID=3857) to work on /home/airflow/.local/lib/python3.12/site-packages/airflow/example_dags/tutorial_taskflow_api.py
[2025-11-14T21:52:22.182+0000] {processor.py:914} INFO - Processing file /home/airflow/.local/lib/python3.12/site-packages/airflow/example_dags/tutorial_taskflow_api.py for tasks to queue
[2025-11-14T21:52:22.184+0000] {logging_mixin.py:190} INFO - [2025-11-14T21:52:22.184+0000] {dagbag.py:588} INFO - Filling up the DagBag from /home/airflow/.local/lib/python3.12/site-packages/airflow/example_dags/tutorial_taskflow_api.py
[2025-11-14T21:52:22.189+0000] {processor.py:925} INFO - DAG(s) 'tutorial_taskflow_api' retrieved from /home/airflow/.local/lib/python3.12/site-packages/airflow/example_dags/tutorial_taskflow_api.py
[2025-11-14T21:52:22.203+0000] {logging_mixin.py:190} INFO - [2025-11-14T21:52:22.203+0000] {dag.py:3239} INFO - Sync 1 DAGs
[2025-11-14T21:52:22.209+0000] {logging_mixin.py:190} INFO - [2025-11-14T21:52:22.209+0000] {dag.py:4180} INFO - Setting next_dagrun for tutorial_taskflow_api to None, run_after=None
[2025-11-14T21:52:22.221+0000] {processor.py:208} INFO - Processing /home/airflow/.local/lib/python3.12/site-packages/airflow/example_dags/tutorial_taskflow_api.py took 0.043 seconds
[2025-11-14T21:52:53.010+0000] {processor.py:186} INFO - Started process (PID=3919) to work on /home/airflow/.local/lib/python3.12/site-packages/airflow/example_dags/tutorial_taskflow_api.py
[2025-11-14T21:52:53.014+0000] {processor.py:914} INFO - Processing file /home/airflow/.local/lib/python3.12/site-packages/airflow/example_dags/tutorial_taskflow_api.py for tasks to queue
[2025-11-14T21:52:53.016+0000] {logging_mixin.py:190} INFO - [2025-11-14T21:52:53.016+0000] {dagbag.py:588} INFO - Filling up the DagBag from /home/airflow/.local/lib/python3.12/site-packages/airflow/example_dags/tutorial_taskflow_api.py
[2025-11-14T21:52:53.020+0000] {processor.py:925} INFO - DAG(s) 'tutorial_taskflow_api' retrieved from /home/airflow/.local/lib/python3.12/site-packages/airflow/example_dags/tutorial_taskflow_api.py
[2025-11-14T21:52:53.035+0000] {logging_mixin.py:190} INFO - [2025-11-14T21:52:53.034+0000] {dag.py:3239} INFO - Sync 1 DAGs
[2025-11-14T21:52:53.046+0000] {logging_mixin.py:190} INFO - [2025-11-14T21:52:53.046+0000] {dag.py:4180} INFO - Setting next_dagrun for tutorial_taskflow_api to None, run_after=None
[2025-11-14T21:52:53.055+0000] {processor.py:208} INFO - Processing /home/airflow/.local/lib/python3.12/site-packages/airflow/example_dags/tutorial_taskflow_api.py took 0.049 seconds
[2025-11-14T21:53:23.290+0000] {processor.py:186} INFO - Started process (PID=3981) to work on /home/airflow/.local/lib/python3.12/site-packages/airflow/example_dags/tutorial_taskflow_api.py
[2025-11-14T21:53:23.291+0000] {processor.py:914} INFO - Processing file /home/airflow/.local/lib/python3.12/site-packages/airflow/example_dags/tutorial_taskflow_api.py for tasks to queue
[2025-11-14T21:53:23.292+0000] {logging_mixin.py:190} INFO - [2025-11-14T21:53:23.292+0000] {dagbag.py:588} INFO - Filling up the DagBag from /home/airflow/.local/lib/python3.12/site-packages/airflow/example_dags/tutorial_taskflow_api.py
[2025-11-14T21:53:23.296+0000] {processor.py:925} INFO - DAG(s) 'tutorial_taskflow_api' retrieved from /home/airflow/.local/lib/python3.12/site-packages/airflow/example_dags/tutorial_taskflow_api.py
[2025-11-14T21:53:23.307+0000] {logging_mixin.py:190} INFO - [2025-11-14T21:53:23.306+0000] {dag.py:3239} INFO - Sync 1 DAGs
[2025-11-14T21:53:23.314+0000] {logging_mixin.py:190} INFO - [2025-11-14T21:53:23.313+0000] {dag.py:4180} INFO - Setting next_dagrun for tutorial_taskflow_api to None, run_after=None
[2025-11-14T21:53:23.320+0000] {processor.py:208} INFO - Processing /home/airflow/.local/lib/python3.12/site-packages/airflow/example_dags/tutorial_taskflow_api.py took 0.033 seconds
[2025-11-14T21:53:54.062+0000] {processor.py:186} INFO - Started process (PID=4043) to work on /home/airflow/.local/lib/python3.12/site-packages/airflow/example_dags/tutorial_taskflow_api.py
[2025-11-14T21:53:54.063+0000] {processor.py:914} INFO - Processing file /home/airflow/.local/lib/python3.12/site-packages/airflow/example_dags/tutorial_taskflow_api.py for tasks to queue
[2025-11-14T21:53:54.064+0000] {logging_mixin.py:190} INFO - [2025-11-14T21:53:54.064+0000] {dagbag.py:588} INFO - Filling up the DagBag from /home/airflow/.local/lib/python3.12/site-packages/airflow/example_dags/tutorial_taskflow_api.py
[2025-11-14T21:53:54.069+0000] {processor.py:925} INFO - DAG(s) 'tutorial_taskflow_api' retrieved from /home/airflow/.local/lib/python3.12/site-packages/airflow/example_dags/tutorial_taskflow_api.py
[2025-11-14T21:53:54.090+0000] {logging_mixin.py:190} INFO - [2025-11-14T21:53:54.088+0000] {dag.py:3239} INFO - Sync 1 DAGs
[2025-11-14T21:53:54.098+0000] {logging_mixin.py:190} INFO - [2025-11-14T21:53:54.098+0000] {dag.py:4180} INFO - Setting next_dagrun for tutorial_taskflow_api to None, run_after=None
[2025-11-14T21:53:54.106+0000] {processor.py:208} INFO - Processing /home/airflow/.local/lib/python3.12/site-packages/airflow/example_dags/tutorial_taskflow_api.py took 0.047 seconds
[2025-11-14T21:54:24.657+0000] {processor.py:186} INFO - Started process (PID=4105) to work on /home/airflow/.local/lib/python3.12/site-packages/airflow/example_dags/tutorial_taskflow_api.py
[2025-11-14T21:54:24.659+0000] {processor.py:914} INFO - Processing file /home/airflow/.local/lib/python3.12/site-packages/airflow/example_dags/tutorial_taskflow_api.py for tasks to queue
[2025-11-14T21:54:24.660+0000] {logging_mixin.py:190} INFO - [2025-11-14T21:54:24.660+0000] {dagbag.py:588} INFO - Filling up the DagBag from /home/airflow/.local/lib/python3.12/site-packages/airflow/example_dags/tutorial_taskflow_api.py
[2025-11-14T21:54:24.667+0000] {processor.py:925} INFO - DAG(s) 'tutorial_taskflow_api' retrieved from /home/airflow/.local/lib/python3.12/site-packages/airflow/example_dags/tutorial_taskflow_api.py
[2025-11-14T21:54:24.683+0000] {logging_mixin.py:190} INFO - [2025-11-14T21:54:24.683+0000] {dag.py:3239} INFO - Sync 1 DAGs
[2025-11-14T21:54:24.692+0000] {logging_mixin.py:190} INFO - [2025-11-14T21:54:24.692+0000] {dag.py:4180} INFO - Setting next_dagrun for tutorial_taskflow_api to None, run_after=None
[2025-11-14T21:54:24.702+0000] {processor.py:208} INFO - Processing /home/airflow/.local/lib/python3.12/site-packages/airflow/example_dags/tutorial_taskflow_api.py took 0.049 seconds
[2025-11-14T21:54:55.066+0000] {processor.py:186} INFO - Started process (PID=4167) to work on /home/airflow/.local/lib/python3.12/site-packages/airflow/example_dags/tutorial_taskflow_api.py
[2025-11-14T21:54:55.068+0000] {processor.py:914} INFO - Processing file /home/airflow/.local/lib/python3.12/site-packages/airflow/example_dags/tutorial_taskflow_api.py for tasks to queue
[2025-11-14T21:54:55.070+0000] {logging_mixin.py:190} INFO - [2025-11-14T21:54:55.070+0000] {dagbag.py:588} INFO - Filling up the DagBag from /home/airflow/.local/lib/python3.12/site-packages/airflow/example_dags/tutorial_taskflow_api.py
[2025-11-14T21:54:55.075+0000] {processor.py:925} INFO - DAG(s) 'tutorial_taskflow_api' retrieved from /home/airflow/.local/lib/python3.12/site-packages/airflow/example_dags/tutorial_taskflow_api.py
[2025-11-14T21:54:55.086+0000] {logging_mixin.py:190} INFO - [2025-11-14T21:54:55.086+0000] {dag.py:3239} INFO - Sync 1 DAGs
[2025-11-14T21:54:55.091+0000] {logging_mixin.py:190} INFO - [2025-11-14T21:54:55.091+0000] {dag.py:4180} INFO - Setting next_dagrun for tutorial_taskflow_api to None, run_after=None
[2025-11-14T21:54:55.101+0000] {processor.py:208} INFO - Processing /home/airflow/.local/lib/python3.12/site-packages/airflow/example_dags/tutorial_taskflow_api.py took 0.039 seconds
[2025-11-14T21:55:25.378+0000] {processor.py:186} INFO - Started process (PID=4229) to work on /home/airflow/.local/lib/python3.12/site-packages/airflow/example_dags/tutorial_taskflow_api.py
[2025-11-14T21:55:25.380+0000] {processor.py:914} INFO - Processing file /home/airflow/.local/lib/python3.12/site-packages/airflow/example_dags/tutorial_taskflow_api.py for tasks to queue
[2025-11-14T21:55:25.381+0000] {logging_mixin.py:190} INFO - [2025-11-14T21:55:25.381+0000] {dagbag.py:588} INFO - Filling up the DagBag from /home/airflow/.local/lib/python3.12/site-packages/airflow/example_dags/tutorial_taskflow_api.py
[2025-11-14T21:55:25.385+0000] {processor.py:925} INFO - DAG(s) 'tutorial_taskflow_api' retrieved from /home/airflow/.local/lib/python3.12/site-packages/airflow/example_dags/tutorial_taskflow_api.py
[2025-11-14T21:55:25.397+0000] {logging_mixin.py:190} INFO - [2025-11-14T21:55:25.397+0000] {dag.py:3239} INFO - Sync 1 DAGs
[2025-11-14T21:55:25.405+0000] {logging_mixin.py:190} INFO - [2025-11-14T21:55:25.405+0000] {dag.py:4180} INFO - Setting next_dagrun for tutorial_taskflow_api to None, run_after=None
[2025-11-14T21:55:25.411+0000] {processor.py:208} INFO - Processing /home/airflow/.local/lib/python3.12/site-packages/airflow/example_dags/tutorial_taskflow_api.py took 0.036 seconds
[2025-11-14T21:55:55.903+0000] {processor.py:186} INFO - Started process (PID=4291) to work on /home/airflow/.local/lib/python3.12/site-packages/airflow/example_dags/tutorial_taskflow_api.py
[2025-11-14T21:55:55.904+0000] {processor.py:914} INFO - Processing file /home/airflow/.local/lib/python3.12/site-packages/airflow/example_dags/tutorial_taskflow_api.py for tasks to queue
[2025-11-14T21:55:55.907+0000] {logging_mixin.py:190} INFO - [2025-11-14T21:55:55.907+0000] {dagbag.py:588} INFO - Filling up the DagBag from /home/airflow/.local/lib/python3.12/site-packages/airflow/example_dags/tutorial_taskflow_api.py
[2025-11-14T21:55:55.915+0000] {processor.py:925} INFO - DAG(s) 'tutorial_taskflow_api' retrieved from /home/airflow/.local/lib/python3.12/site-packages/airflow/example_dags/tutorial_taskflow_api.py
[2025-11-14T21:55:55.930+0000] {logging_mixin.py:190} INFO - [2025-11-14T21:55:55.930+0000] {dag.py:3239} INFO - Sync 1 DAGs
[2025-11-14T21:55:55.939+0000] {logging_mixin.py:190} INFO - [2025-11-14T21:55:55.939+0000] {dag.py:4180} INFO - Setting next_dagrun for tutorial_taskflow_api to None, run_after=None
[2025-11-14T21:55:55.947+0000] {processor.py:208} INFO - Processing /home/airflow/.local/lib/python3.12/site-packages/airflow/example_dags/tutorial_taskflow_api.py took 0.050 seconds
[2025-11-14T21:56:26.382+0000] {processor.py:186} INFO - Started process (PID=4353) to work on /home/airflow/.local/lib/python3.12/site-packages/airflow/example_dags/tutorial_taskflow_api.py
[2025-11-14T21:56:26.387+0000] {processor.py:914} INFO - Processing file /home/airflow/.local/lib/python3.12/site-packages/airflow/example_dags/tutorial_taskflow_api.py for tasks to queue
[2025-11-14T21:56:26.394+0000] {logging_mixin.py:190} INFO - [2025-11-14T21:56:26.393+0000] {dagbag.py:588} INFO - Filling up the DagBag from /home/airflow/.local/lib/python3.12/site-packages/airflow/example_dags/tutorial_taskflow_api.py
[2025-11-14T21:56:26.521+0000] {processor.py:925} INFO - DAG(s) 'tutorial_taskflow_api' retrieved from /home/airflow/.local/lib/python3.12/site-packages/airflow/example_dags/tutorial_taskflow_api.py
[2025-11-14T21:56:26.575+0000] {logging_mixin.py:190} INFO - [2025-11-14T21:56:26.574+0000] {dag.py:3239} INFO - Sync 1 DAGs
[2025-11-14T21:56:26.597+0000] {logging_mixin.py:190} INFO - [2025-11-14T21:56:26.597+0000] {dag.py:4180} INFO - Setting next_dagrun for tutorial_taskflow_api to None, run_after=None
[2025-11-14T21:56:26.639+0000] {processor.py:208} INFO - Processing /home/airflow/.local/lib/python3.12/site-packages/airflow/example_dags/tutorial_taskflow_api.py took 0.267 seconds
[2025-11-14T21:56:57.396+0000] {processor.py:186} INFO - Started process (PID=4415) to work on /home/airflow/.local/lib/python3.12/site-packages/airflow/example_dags/tutorial_taskflow_api.py
[2025-11-14T21:56:57.397+0000] {processor.py:914} INFO - Processing file /home/airflow/.local/lib/python3.12/site-packages/airflow/example_dags/tutorial_taskflow_api.py for tasks to queue
[2025-11-14T21:56:57.398+0000] {logging_mixin.py:190} INFO - [2025-11-14T21:56:57.398+0000] {dagbag.py:588} INFO - Filling up the DagBag from /home/airflow/.local/lib/python3.12/site-packages/airflow/example_dags/tutorial_taskflow_api.py
[2025-11-14T21:56:57.402+0000] {processor.py:925} INFO - DAG(s) 'tutorial_taskflow_api' retrieved from /home/airflow/.local/lib/python3.12/site-packages/airflow/example_dags/tutorial_taskflow_api.py
[2025-11-14T21:56:57.415+0000] {logging_mixin.py:190} INFO - [2025-11-14T21:56:57.415+0000] {dag.py:3239} INFO - Sync 1 DAGs
[2025-11-14T21:56:57.422+0000] {logging_mixin.py:190} INFO - [2025-11-14T21:56:57.422+0000] {dag.py:4180} INFO - Setting next_dagrun for tutorial_taskflow_api to None, run_after=None
[2025-11-14T21:56:57.430+0000] {processor.py:208} INFO - Processing /home/airflow/.local/lib/python3.12/site-packages/airflow/example_dags/tutorial_taskflow_api.py took 0.038 seconds
[2025-11-14T21:57:27.927+0000] {processor.py:186} INFO - Started process (PID=4477) to work on /home/airflow/.local/lib/python3.12/site-packages/airflow/example_dags/tutorial_taskflow_api.py
[2025-11-14T21:57:27.928+0000] {processor.py:914} INFO - Processing file /home/airflow/.local/lib/python3.12/site-packages/airflow/example_dags/tutorial_taskflow_api.py for tasks to queue
[2025-11-14T21:57:27.935+0000] {logging_mixin.py:190} INFO - [2025-11-14T21:57:27.935+0000] {dagbag.py:588} INFO - Filling up the DagBag from /home/airflow/.local/lib/python3.12/site-packages/airflow/example_dags/tutorial_taskflow_api.py
[2025-11-14T21:57:27.951+0000] {processor.py:925} INFO - DAG(s) 'tutorial_taskflow_api' retrieved from /home/airflow/.local/lib/python3.12/site-packages/airflow/example_dags/tutorial_taskflow_api.py
[2025-11-14T21:57:27.967+0000] {logging_mixin.py:190} INFO - [2025-11-14T21:57:27.967+0000] {dag.py:3239} INFO - Sync 1 DAGs
[2025-11-14T21:57:27.976+0000] {logging_mixin.py:190} INFO - [2025-11-14T21:57:27.976+0000] {dag.py:4180} INFO - Setting next_dagrun for tutorial_taskflow_api to None, run_after=None
[2025-11-14T21:57:27.986+0000] {processor.py:208} INFO - Processing /home/airflow/.local/lib/python3.12/site-packages/airflow/example_dags/tutorial_taskflow_api.py took 0.064 seconds
[2025-11-14T21:57:58.591+0000] {processor.py:186} INFO - Started process (PID=4539) to work on /home/airflow/.local/lib/python3.12/site-packages/airflow/example_dags/tutorial_taskflow_api.py
[2025-11-14T21:57:58.594+0000] {processor.py:914} INFO - Processing file /home/airflow/.local/lib/python3.12/site-packages/airflow/example_dags/tutorial_taskflow_api.py for tasks to queue
[2025-11-14T21:57:58.596+0000] {logging_mixin.py:190} INFO - [2025-11-14T21:57:58.595+0000] {dagbag.py:588} INFO - Filling up the DagBag from /home/airflow/.local/lib/python3.12/site-packages/airflow/example_dags/tutorial_taskflow_api.py
[2025-11-14T21:57:58.599+0000] {processor.py:925} INFO - DAG(s) 'tutorial_taskflow_api' retrieved from /home/airflow/.local/lib/python3.12/site-packages/airflow/example_dags/tutorial_taskflow_api.py
[2025-11-14T21:57:58.609+0000] {logging_mixin.py:190} INFO - [2025-11-14T21:57:58.609+0000] {dag.py:3239} INFO - Sync 1 DAGs
[2025-11-14T21:57:58.619+0000] {logging_mixin.py:190} INFO - [2025-11-14T21:57:58.618+0000] {dag.py:4180} INFO - Setting next_dagrun for tutorial_taskflow_api to None, run_after=None
[2025-11-14T21:57:58.629+0000] {processor.py:208} INFO - Processing /home/airflow/.local/lib/python3.12/site-packages/airflow/example_dags/tutorial_taskflow_api.py took 0.043 seconds
[2025-11-14T21:58:29.606+0000] {processor.py:186} INFO - Started process (PID=4601) to work on /home/airflow/.local/lib/python3.12/site-packages/airflow/example_dags/tutorial_taskflow_api.py
[2025-11-14T21:58:29.606+0000] {processor.py:914} INFO - Processing file /home/airflow/.local/lib/python3.12/site-packages/airflow/example_dags/tutorial_taskflow_api.py for tasks to queue
[2025-11-14T21:58:29.610+0000] {logging_mixin.py:190} INFO - [2025-11-14T21:58:29.610+0000] {dagbag.py:588} INFO - Filling up the DagBag from /home/airflow/.local/lib/python3.12/site-packages/airflow/example_dags/tutorial_taskflow_api.py
[2025-11-14T21:58:29.613+0000] {processor.py:925} INFO - DAG(s) 'tutorial_taskflow_api' retrieved from /home/airflow/.local/lib/python3.12/site-packages/airflow/example_dags/tutorial_taskflow_api.py
[2025-11-14T21:58:29.626+0000] {logging_mixin.py:190} INFO - [2025-11-14T21:58:29.625+0000] {dag.py:3239} INFO - Sync 1 DAGs
[2025-11-14T21:58:29.632+0000] {logging_mixin.py:190} INFO - [2025-11-14T21:58:29.632+0000] {dag.py:4180} INFO - Setting next_dagrun for tutorial_taskflow_api to None, run_after=None
[2025-11-14T21:58:29.663+0000] {processor.py:208} INFO - Processing /home/airflow/.local/lib/python3.12/site-packages/airflow/example_dags/tutorial_taskflow_api.py took 0.061 seconds
[2025-11-14T21:59:00.654+0000] {processor.py:186} INFO - Started process (PID=4663) to work on /home/airflow/.local/lib/python3.12/site-packages/airflow/example_dags/tutorial_taskflow_api.py
[2025-11-14T21:59:00.656+0000] {processor.py:914} INFO - Processing file /home/airflow/.local/lib/python3.12/site-packages/airflow/example_dags/tutorial_taskflow_api.py for tasks to queue
[2025-11-14T21:59:00.658+0000] {logging_mixin.py:190} INFO - [2025-11-14T21:59:00.658+0000] {dagbag.py:588} INFO - Filling up the DagBag from /home/airflow/.local/lib/python3.12/site-packages/airflow/example_dags/tutorial_taskflow_api.py
[2025-11-14T21:59:00.666+0000] {processor.py:925} INFO - DAG(s) 'tutorial_taskflow_api' retrieved from /home/airflow/.local/lib/python3.12/site-packages/airflow/example_dags/tutorial_taskflow_api.py
[2025-11-14T21:59:00.681+0000] {logging_mixin.py:190} INFO - [2025-11-14T21:59:00.679+0000] {dag.py:3239} INFO - Sync 1 DAGs
[2025-11-14T21:59:00.691+0000] {logging_mixin.py:190} INFO - [2025-11-14T21:59:00.691+0000] {dag.py:4180} INFO - Setting next_dagrun for tutorial_taskflow_api to None, run_after=None
[2025-11-14T21:59:00.699+0000] {processor.py:208} INFO - Processing /home/airflow/.local/lib/python3.12/site-packages/airflow/example_dags/tutorial_taskflow_api.py took 0.049 seconds
[2025-11-14T21:59:31.252+0000] {processor.py:186} INFO - Started process (PID=4725) to work on /home/airflow/.local/lib/python3.12/site-packages/airflow/example_dags/tutorial_taskflow_api.py
[2025-11-14T21:59:31.254+0000] {processor.py:914} INFO - Processing file /home/airflow/.local/lib/python3.12/site-packages/airflow/example_dags/tutorial_taskflow_api.py for tasks to queue
[2025-11-14T21:59:31.256+0000] {logging_mixin.py:190} INFO - [2025-11-14T21:59:31.256+0000] {dagbag.py:588} INFO - Filling up the DagBag from /home/airflow/.local/lib/python3.12/site-packages/airflow/example_dags/tutorial_taskflow_api.py
[2025-11-14T21:59:31.264+0000] {processor.py:925} INFO - DAG(s) 'tutorial_taskflow_api' retrieved from /home/airflow/.local/lib/python3.12/site-packages/airflow/example_dags/tutorial_taskflow_api.py
[2025-11-14T21:59:31.277+0000] {logging_mixin.py:190} INFO - [2025-11-14T21:59:31.277+0000] {dag.py:3239} INFO - Sync 1 DAGs
[2025-11-14T21:59:31.285+0000] {logging_mixin.py:190} INFO - [2025-11-14T21:59:31.284+0000] {dag.py:4180} INFO - Setting next_dagrun for tutorial_taskflow_api to None, run_after=None
[2025-11-14T21:59:31.292+0000] {processor.py:208} INFO - Processing /home/airflow/.local/lib/python3.12/site-packages/airflow/example_dags/tutorial_taskflow_api.py took 0.043 seconds
[2025-11-14T22:00:02.034+0000] {processor.py:186} INFO - Started process (PID=4787) to work on /home/airflow/.local/lib/python3.12/site-packages/airflow/example_dags/tutorial_taskflow_api.py
[2025-11-14T22:00:02.035+0000] {processor.py:914} INFO - Processing file /home/airflow/.local/lib/python3.12/site-packages/airflow/example_dags/tutorial_taskflow_api.py for tasks to queue
[2025-11-14T22:00:02.037+0000] {logging_mixin.py:190} INFO - [2025-11-14T22:00:02.037+0000] {dagbag.py:588} INFO - Filling up the DagBag from /home/airflow/.local/lib/python3.12/site-packages/airflow/example_dags/tutorial_taskflow_api.py
[2025-11-14T22:00:02.042+0000] {processor.py:925} INFO - DAG(s) 'tutorial_taskflow_api' retrieved from /home/airflow/.local/lib/python3.12/site-packages/airflow/example_dags/tutorial_taskflow_api.py
[2025-11-14T22:00:02.054+0000] {logging_mixin.py:190} INFO - [2025-11-14T22:00:02.054+0000] {dag.py:3239} INFO - Sync 1 DAGs
[2025-11-14T22:00:02.059+0000] {logging_mixin.py:190} INFO - [2025-11-14T22:00:02.059+0000] {dag.py:4180} INFO - Setting next_dagrun for tutorial_taskflow_api to None, run_after=None
[2025-11-14T22:00:02.069+0000] {processor.py:208} INFO - Processing /home/airflow/.local/lib/python3.12/site-packages/airflow/example_dags/tutorial_taskflow_api.py took 0.038 seconds
[2025-11-14T22:00:32.435+0000] {processor.py:186} INFO - Started process (PID=4849) to work on /home/airflow/.local/lib/python3.12/site-packages/airflow/example_dags/tutorial_taskflow_api.py
[2025-11-14T22:00:32.435+0000] {processor.py:914} INFO - Processing file /home/airflow/.local/lib/python3.12/site-packages/airflow/example_dags/tutorial_taskflow_api.py for tasks to queue
[2025-11-14T22:00:32.437+0000] {logging_mixin.py:190} INFO - [2025-11-14T22:00:32.437+0000] {dagbag.py:588} INFO - Filling up the DagBag from /home/airflow/.local/lib/python3.12/site-packages/airflow/example_dags/tutorial_taskflow_api.py
[2025-11-14T22:00:32.440+0000] {processor.py:925} INFO - DAG(s) 'tutorial_taskflow_api' retrieved from /home/airflow/.local/lib/python3.12/site-packages/airflow/example_dags/tutorial_taskflow_api.py
[2025-11-14T22:00:32.452+0000] {logging_mixin.py:190} INFO - [2025-11-14T22:00:32.452+0000] {dag.py:3239} INFO - Sync 1 DAGs
[2025-11-14T22:00:32.458+0000] {logging_mixin.py:190} INFO - [2025-11-14T22:00:32.458+0000] {dag.py:4180} INFO - Setting next_dagrun for tutorial_taskflow_api to None, run_after=None
[2025-11-14T22:00:32.464+0000] {processor.py:208} INFO - Processing /home/airflow/.local/lib/python3.12/site-packages/airflow/example_dags/tutorial_taskflow_api.py took 0.032 seconds
[2025-11-14T22:01:02.715+0000] {processor.py:186} INFO - Started process (PID=4911) to work on /home/airflow/.local/lib/python3.12/site-packages/airflow/example_dags/tutorial_taskflow_api.py
[2025-11-14T22:01:02.716+0000] {processor.py:914} INFO - Processing file /home/airflow/.local/lib/python3.12/site-packages/airflow/example_dags/tutorial_taskflow_api.py for tasks to queue
[2025-11-14T22:01:02.718+0000] {logging_mixin.py:190} INFO - [2025-11-14T22:01:02.718+0000] {dagbag.py:588} INFO - Filling up the DagBag from /home/airflow/.local/lib/python3.12/site-packages/airflow/example_dags/tutorial_taskflow_api.py
[2025-11-14T22:01:02.722+0000] {processor.py:925} INFO - DAG(s) 'tutorial_taskflow_api' retrieved from /home/airflow/.local/lib/python3.12/site-packages/airflow/example_dags/tutorial_taskflow_api.py
[2025-11-14T22:01:02.733+0000] {logging_mixin.py:190} INFO - [2025-11-14T22:01:02.733+0000] {dag.py:3239} INFO - Sync 1 DAGs
[2025-11-14T22:01:02.745+0000] {logging_mixin.py:190} INFO - [2025-11-14T22:01:02.744+0000] {dag.py:4180} INFO - Setting next_dagrun for tutorial_taskflow_api to None, run_after=None
[2025-11-14T22:01:02.752+0000] {processor.py:208} INFO - Processing /home/airflow/.local/lib/python3.12/site-packages/airflow/example_dags/tutorial_taskflow_api.py took 0.039 seconds
[2025-11-14T22:01:33.368+0000] {processor.py:186} INFO - Started process (PID=4973) to work on /home/airflow/.local/lib/python3.12/site-packages/airflow/example_dags/tutorial_taskflow_api.py
[2025-11-14T22:01:33.368+0000] {processor.py:914} INFO - Processing file /home/airflow/.local/lib/python3.12/site-packages/airflow/example_dags/tutorial_taskflow_api.py for tasks to queue
[2025-11-14T22:01:33.371+0000] {logging_mixin.py:190} INFO - [2025-11-14T22:01:33.371+0000] {dagbag.py:588} INFO - Filling up the DagBag from /home/airflow/.local/lib/python3.12/site-packages/airflow/example_dags/tutorial_taskflow_api.py
[2025-11-14T22:01:33.376+0000] {processor.py:925} INFO - DAG(s) 'tutorial_taskflow_api' retrieved from /home/airflow/.local/lib/python3.12/site-packages/airflow/example_dags/tutorial_taskflow_api.py
[2025-11-14T22:01:33.388+0000] {logging_mixin.py:190} INFO - [2025-11-14T22:01:33.387+0000] {dag.py:3239} INFO - Sync 1 DAGs
[2025-11-14T22:01:33.394+0000] {logging_mixin.py:190} INFO - [2025-11-14T22:01:33.394+0000] {dag.py:4180} INFO - Setting next_dagrun for tutorial_taskflow_api to None, run_after=None
[2025-11-14T22:01:33.401+0000] {processor.py:208} INFO - Processing /home/airflow/.local/lib/python3.12/site-packages/airflow/example_dags/tutorial_taskflow_api.py took 0.036 seconds
[2025-11-14T22:02:03.506+0000] {processor.py:186} INFO - Started process (PID=5035) to work on /home/airflow/.local/lib/python3.12/site-packages/airflow/example_dags/tutorial_taskflow_api.py
[2025-11-14T22:02:03.509+0000] {processor.py:914} INFO - Processing file /home/airflow/.local/lib/python3.12/site-packages/airflow/example_dags/tutorial_taskflow_api.py for tasks to queue
[2025-11-14T22:02:03.510+0000] {logging_mixin.py:190} INFO - [2025-11-14T22:02:03.510+0000] {dagbag.py:588} INFO - Filling up the DagBag from /home/airflow/.local/lib/python3.12/site-packages/airflow/example_dags/tutorial_taskflow_api.py
[2025-11-14T22:02:03.514+0000] {processor.py:925} INFO - DAG(s) 'tutorial_taskflow_api' retrieved from /home/airflow/.local/lib/python3.12/site-packages/airflow/example_dags/tutorial_taskflow_api.py
[2025-11-14T22:02:03.525+0000] {logging_mixin.py:190} INFO - [2025-11-14T22:02:03.524+0000] {dag.py:3239} INFO - Sync 1 DAGs
[2025-11-14T22:02:03.532+0000] {logging_mixin.py:190} INFO - [2025-11-14T22:02:03.532+0000] {dag.py:4180} INFO - Setting next_dagrun for tutorial_taskflow_api to None, run_after=None
[2025-11-14T22:02:03.539+0000] {processor.py:208} INFO - Processing /home/airflow/.local/lib/python3.12/site-packages/airflow/example_dags/tutorial_taskflow_api.py took 0.037 seconds
[2025-11-14T22:02:34.900+0000] {processor.py:186} INFO - Started process (PID=5097) to work on /home/airflow/.local/lib/python3.12/site-packages/airflow/example_dags/tutorial_taskflow_api.py
[2025-11-14T22:02:34.901+0000] {processor.py:914} INFO - Processing file /home/airflow/.local/lib/python3.12/site-packages/airflow/example_dags/tutorial_taskflow_api.py for tasks to queue
[2025-11-14T22:02:34.905+0000] {logging_mixin.py:190} INFO - [2025-11-14T22:02:34.904+0000] {dagbag.py:588} INFO - Filling up the DagBag from /home/airflow/.local/lib/python3.12/site-packages/airflow/example_dags/tutorial_taskflow_api.py
[2025-11-14T22:02:34.912+0000] {processor.py:925} INFO - DAG(s) 'tutorial_taskflow_api' retrieved from /home/airflow/.local/lib/python3.12/site-packages/airflow/example_dags/tutorial_taskflow_api.py
[2025-11-14T22:02:34.930+0000] {logging_mixin.py:190} INFO - [2025-11-14T22:02:34.930+0000] {dag.py:3239} INFO - Sync 1 DAGs
[2025-11-14T22:02:34.943+0000] {logging_mixin.py:190} INFO - [2025-11-14T22:02:34.943+0000] {dag.py:4180} INFO - Setting next_dagrun for tutorial_taskflow_api to None, run_after=None
[2025-11-14T22:02:34.955+0000] {processor.py:208} INFO - Processing /home/airflow/.local/lib/python3.12/site-packages/airflow/example_dags/tutorial_taskflow_api.py took 0.062 seconds
[2025-11-14T22:03:05.122+0000] {processor.py:186} INFO - Started process (PID=5159) to work on /home/airflow/.local/lib/python3.12/site-packages/airflow/example_dags/tutorial_taskflow_api.py
[2025-11-14T22:03:05.123+0000] {processor.py:914} INFO - Processing file /home/airflow/.local/lib/python3.12/site-packages/airflow/example_dags/tutorial_taskflow_api.py for tasks to queue
[2025-11-14T22:03:05.124+0000] {logging_mixin.py:190} INFO - [2025-11-14T22:03:05.124+0000] {dagbag.py:588} INFO - Filling up the DagBag from /home/airflow/.local/lib/python3.12/site-packages/airflow/example_dags/tutorial_taskflow_api.py
[2025-11-14T22:03:05.128+0000] {processor.py:925} INFO - DAG(s) 'tutorial_taskflow_api' retrieved from /home/airflow/.local/lib/python3.12/site-packages/airflow/example_dags/tutorial_taskflow_api.py
[2025-11-14T22:03:05.136+0000] {logging_mixin.py:190} INFO - [2025-11-14T22:03:05.136+0000] {dag.py:3239} INFO - Sync 1 DAGs
[2025-11-14T22:03:05.142+0000] {logging_mixin.py:190} INFO - [2025-11-14T22:03:05.141+0000] {dag.py:4180} INFO - Setting next_dagrun for tutorial_taskflow_api to None, run_after=None
[2025-11-14T22:03:05.147+0000] {processor.py:208} INFO - Processing /home/airflow/.local/lib/python3.12/site-packages/airflow/example_dags/tutorial_taskflow_api.py took 0.028 seconds
[2025-11-14T22:03:35.559+0000] {processor.py:186} INFO - Started process (PID=5221) to work on /home/airflow/.local/lib/python3.12/site-packages/airflow/example_dags/tutorial_taskflow_api.py
[2025-11-14T22:03:35.560+0000] {processor.py:914} INFO - Processing file /home/airflow/.local/lib/python3.12/site-packages/airflow/example_dags/tutorial_taskflow_api.py for tasks to queue
[2025-11-14T22:03:35.564+0000] {logging_mixin.py:190} INFO - [2025-11-14T22:03:35.564+0000] {dagbag.py:588} INFO - Filling up the DagBag from /home/airflow/.local/lib/python3.12/site-packages/airflow/example_dags/tutorial_taskflow_api.py
[2025-11-14T22:03:35.568+0000] {processor.py:925} INFO - DAG(s) 'tutorial_taskflow_api' retrieved from /home/airflow/.local/lib/python3.12/site-packages/airflow/example_dags/tutorial_taskflow_api.py
[2025-11-14T22:03:35.578+0000] {logging_mixin.py:190} INFO - [2025-11-14T22:03:35.578+0000] {dag.py:3239} INFO - Sync 1 DAGs
[2025-11-14T22:03:35.586+0000] {logging_mixin.py:190} INFO - [2025-11-14T22:03:35.586+0000] {dag.py:4180} INFO - Setting next_dagrun for tutorial_taskflow_api to None, run_after=None
[2025-11-14T22:03:35.594+0000] {processor.py:208} INFO - Processing /home/airflow/.local/lib/python3.12/site-packages/airflow/example_dags/tutorial_taskflow_api.py took 0.037 seconds
[2025-11-14T22:04:06.035+0000] {processor.py:186} INFO - Started process (PID=5283) to work on /home/airflow/.local/lib/python3.12/site-packages/airflow/example_dags/tutorial_taskflow_api.py
[2025-11-14T22:04:06.038+0000] {processor.py:914} INFO - Processing file /home/airflow/.local/lib/python3.12/site-packages/airflow/example_dags/tutorial_taskflow_api.py for tasks to queue
[2025-11-14T22:04:06.040+0000] {logging_mixin.py:190} INFO - [2025-11-14T22:04:06.039+0000] {dagbag.py:588} INFO - Filling up the DagBag from /home/airflow/.local/lib/python3.12/site-packages/airflow/example_dags/tutorial_taskflow_api.py
[2025-11-14T22:04:06.043+0000] {processor.py:925} INFO - DAG(s) 'tutorial_taskflow_api' retrieved from /home/airflow/.local/lib/python3.12/site-packages/airflow/example_dags/tutorial_taskflow_api.py
[2025-11-14T22:04:06.054+0000] {logging_mixin.py:190} INFO - [2025-11-14T22:04:06.054+0000] {dag.py:3239} INFO - Sync 1 DAGs
[2025-11-14T22:04:06.065+0000] {logging_mixin.py:190} INFO - [2025-11-14T22:04:06.065+0000] {dag.py:4180} INFO - Setting next_dagrun for tutorial_taskflow_api to None, run_after=None
[2025-11-14T22:04:06.073+0000] {processor.py:208} INFO - Processing /home/airflow/.local/lib/python3.12/site-packages/airflow/example_dags/tutorial_taskflow_api.py took 0.040 seconds
[2025-11-14T22:04:36.480+0000] {processor.py:186} INFO - Started process (PID=5345) to work on /home/airflow/.local/lib/python3.12/site-packages/airflow/example_dags/tutorial_taskflow_api.py
[2025-11-14T22:04:36.482+0000] {processor.py:914} INFO - Processing file /home/airflow/.local/lib/python3.12/site-packages/airflow/example_dags/tutorial_taskflow_api.py for tasks to queue
[2025-11-14T22:04:36.485+0000] {logging_mixin.py:190} INFO - [2025-11-14T22:04:36.484+0000] {dagbag.py:588} INFO - Filling up the DagBag from /home/airflow/.local/lib/python3.12/site-packages/airflow/example_dags/tutorial_taskflow_api.py
[2025-11-14T22:04:36.488+0000] {processor.py:925} INFO - DAG(s) 'tutorial_taskflow_api' retrieved from /home/airflow/.local/lib/python3.12/site-packages/airflow/example_dags/tutorial_taskflow_api.py
[2025-11-14T22:04:36.504+0000] {logging_mixin.py:190} INFO - [2025-11-14T22:04:36.504+0000] {dag.py:3239} INFO - Sync 1 DAGs
[2025-11-14T22:04:36.513+0000] {logging_mixin.py:190} INFO - [2025-11-14T22:04:36.513+0000] {dag.py:4180} INFO - Setting next_dagrun for tutorial_taskflow_api to None, run_after=None
[2025-11-14T22:04:36.524+0000] {processor.py:208} INFO - Processing /home/airflow/.local/lib/python3.12/site-packages/airflow/example_dags/tutorial_taskflow_api.py took 0.046 seconds
[2025-11-14T22:05:06.908+0000] {processor.py:186} INFO - Started process (PID=5407) to work on /home/airflow/.local/lib/python3.12/site-packages/airflow/example_dags/tutorial_taskflow_api.py
[2025-11-14T22:05:06.912+0000] {processor.py:914} INFO - Processing file /home/airflow/.local/lib/python3.12/site-packages/airflow/example_dags/tutorial_taskflow_api.py for tasks to queue
[2025-11-14T22:05:06.914+0000] {logging_mixin.py:190} INFO - [2025-11-14T22:05:06.914+0000] {dagbag.py:588} INFO - Filling up the DagBag from /home/airflow/.local/lib/python3.12/site-packages/airflow/example_dags/tutorial_taskflow_api.py
[2025-11-14T22:05:06.921+0000] {processor.py:925} INFO - DAG(s) 'tutorial_taskflow_api' retrieved from /home/airflow/.local/lib/python3.12/site-packages/airflow/example_dags/tutorial_taskflow_api.py
[2025-11-14T22:05:06.939+0000] {logging_mixin.py:190} INFO - [2025-11-14T22:05:06.938+0000] {dag.py:3239} INFO - Sync 1 DAGs
[2025-11-14T22:05:06.947+0000] {logging_mixin.py:190} INFO - [2025-11-14T22:05:06.946+0000] {dag.py:4180} INFO - Setting next_dagrun for tutorial_taskflow_api to None, run_after=None
[2025-11-14T22:05:06.959+0000] {processor.py:208} INFO - Processing /home/airflow/.local/lib/python3.12/site-packages/airflow/example_dags/tutorial_taskflow_api.py took 0.054 seconds
[2025-11-14T22:05:38.157+0000] {processor.py:186} INFO - Started process (PID=5469) to work on /home/airflow/.local/lib/python3.12/site-packages/airflow/example_dags/tutorial_taskflow_api.py
[2025-11-14T22:05:38.158+0000] {processor.py:914} INFO - Processing file /home/airflow/.local/lib/python3.12/site-packages/airflow/example_dags/tutorial_taskflow_api.py for tasks to queue
[2025-11-14T22:05:38.160+0000] {logging_mixin.py:190} INFO - [2025-11-14T22:05:38.160+0000] {dagbag.py:588} INFO - Filling up the DagBag from /home/airflow/.local/lib/python3.12/site-packages/airflow/example_dags/tutorial_taskflow_api.py
[2025-11-14T22:05:38.166+0000] {processor.py:925} INFO - DAG(s) 'tutorial_taskflow_api' retrieved from /home/airflow/.local/lib/python3.12/site-packages/airflow/example_dags/tutorial_taskflow_api.py
[2025-11-14T22:05:38.178+0000] {logging_mixin.py:190} INFO - [2025-11-14T22:05:38.177+0000] {dag.py:3239} INFO - Sync 1 DAGs
[2025-11-14T22:05:38.185+0000] {logging_mixin.py:190} INFO - [2025-11-14T22:05:38.185+0000] {dag.py:4180} INFO - Setting next_dagrun for tutorial_taskflow_api to None, run_after=None
[2025-11-14T22:05:38.194+0000] {processor.py:208} INFO - Processing /home/airflow/.local/lib/python3.12/site-packages/airflow/example_dags/tutorial_taskflow_api.py took 0.041 seconds
[2025-11-14T22:06:08.989+0000] {processor.py:186} INFO - Started process (PID=5531) to work on /home/airflow/.local/lib/python3.12/site-packages/airflow/example_dags/tutorial_taskflow_api.py
[2025-11-14T22:06:08.990+0000] {processor.py:914} INFO - Processing file /home/airflow/.local/lib/python3.12/site-packages/airflow/example_dags/tutorial_taskflow_api.py for tasks to queue
[2025-11-14T22:06:08.992+0000] {logging_mixin.py:190} INFO - [2025-11-14T22:06:08.992+0000] {dagbag.py:588} INFO - Filling up the DagBag from /home/airflow/.local/lib/python3.12/site-packages/airflow/example_dags/tutorial_taskflow_api.py
[2025-11-14T22:06:08.997+0000] {processor.py:925} INFO - DAG(s) 'tutorial_taskflow_api' retrieved from /home/airflow/.local/lib/python3.12/site-packages/airflow/example_dags/tutorial_taskflow_api.py
[2025-11-14T22:06:09.016+0000] {logging_mixin.py:190} INFO - [2025-11-14T22:06:09.015+0000] {dag.py:3239} INFO - Sync 1 DAGs
[2025-11-14T22:06:09.026+0000] {logging_mixin.py:190} INFO - [2025-11-14T22:06:09.026+0000] {dag.py:4180} INFO - Setting next_dagrun for tutorial_taskflow_api to None, run_after=None
[2025-11-14T22:06:09.040+0000] {processor.py:208} INFO - Processing /home/airflow/.local/lib/python3.12/site-packages/airflow/example_dags/tutorial_taskflow_api.py took 0.054 seconds
[2025-11-14T22:06:39.840+0000] {processor.py:186} INFO - Started process (PID=5593) to work on /home/airflow/.local/lib/python3.12/site-packages/airflow/example_dags/tutorial_taskflow_api.py
[2025-11-14T22:06:39.841+0000] {processor.py:914} INFO - Processing file /home/airflow/.local/lib/python3.12/site-packages/airflow/example_dags/tutorial_taskflow_api.py for tasks to queue
[2025-11-14T22:06:39.843+0000] {logging_mixin.py:190} INFO - [2025-11-14T22:06:39.843+0000] {dagbag.py:588} INFO - Filling up the DagBag from /home/airflow/.local/lib/python3.12/site-packages/airflow/example_dags/tutorial_taskflow_api.py
[2025-11-14T22:06:39.847+0000] {processor.py:925} INFO - DAG(s) 'tutorial_taskflow_api' retrieved from /home/airflow/.local/lib/python3.12/site-packages/airflow/example_dags/tutorial_taskflow_api.py
[2025-11-14T22:06:39.861+0000] {logging_mixin.py:190} INFO - [2025-11-14T22:06:39.861+0000] {dag.py:3239} INFO - Sync 1 DAGs
[2025-11-14T22:06:39.874+0000] {logging_mixin.py:190} INFO - [2025-11-14T22:06:39.874+0000] {dag.py:4180} INFO - Setting next_dagrun for tutorial_taskflow_api to None, run_after=None
[2025-11-14T22:06:39.885+0000] {processor.py:208} INFO - Processing /home/airflow/.local/lib/python3.12/site-packages/airflow/example_dags/tutorial_taskflow_api.py took 0.047 seconds
[2025-11-14T22:07:10.032+0000] {processor.py:186} INFO - Started process (PID=5654) to work on /home/airflow/.local/lib/python3.12/site-packages/airflow/example_dags/tutorial_taskflow_api.py
[2025-11-14T22:07:10.033+0000] {processor.py:914} INFO - Processing file /home/airflow/.local/lib/python3.12/site-packages/airflow/example_dags/tutorial_taskflow_api.py for tasks to queue
[2025-11-14T22:07:10.034+0000] {logging_mixin.py:190} INFO - [2025-11-14T22:07:10.034+0000] {dagbag.py:588} INFO - Filling up the DagBag from /home/airflow/.local/lib/python3.12/site-packages/airflow/example_dags/tutorial_taskflow_api.py
[2025-11-14T22:07:10.038+0000] {processor.py:925} INFO - DAG(s) 'tutorial_taskflow_api' retrieved from /home/airflow/.local/lib/python3.12/site-packages/airflow/example_dags/tutorial_taskflow_api.py
[2025-11-14T22:07:10.048+0000] {logging_mixin.py:190} INFO - [2025-11-14T22:07:10.048+0000] {dag.py:3239} INFO - Sync 1 DAGs
[2025-11-14T22:07:10.060+0000] {logging_mixin.py:190} INFO - [2025-11-14T22:07:10.060+0000] {dag.py:4180} INFO - Setting next_dagrun for tutorial_taskflow_api to None, run_after=None
[2025-11-14T22:07:10.073+0000] {processor.py:208} INFO - Processing /home/airflow/.local/lib/python3.12/site-packages/airflow/example_dags/tutorial_taskflow_api.py took 0.043 seconds
[2025-11-14T22:07:40.512+0000] {processor.py:186} INFO - Started process (PID=5716) to work on /home/airflow/.local/lib/python3.12/site-packages/airflow/example_dags/tutorial_taskflow_api.py
[2025-11-14T22:07:40.515+0000] {processor.py:914} INFO - Processing file /home/airflow/.local/lib/python3.12/site-packages/airflow/example_dags/tutorial_taskflow_api.py for tasks to queue
[2025-11-14T22:07:40.516+0000] {logging_mixin.py:190} INFO - [2025-11-14T22:07:40.516+0000] {dagbag.py:588} INFO - Filling up the DagBag from /home/airflow/.local/lib/python3.12/site-packages/airflow/example_dags/tutorial_taskflow_api.py
[2025-11-14T22:07:40.521+0000] {processor.py:925} INFO - DAG(s) 'tutorial_taskflow_api' retrieved from /home/airflow/.local/lib/python3.12/site-packages/airflow/example_dags/tutorial_taskflow_api.py
[2025-11-14T22:07:40.531+0000] {logging_mixin.py:190} INFO - [2025-11-14T22:07:40.531+0000] {dag.py:3239} INFO - Sync 1 DAGs
[2025-11-14T22:07:40.538+0000] {logging_mixin.py:190} INFO - [2025-11-14T22:07:40.537+0000] {dag.py:4180} INFO - Setting next_dagrun for tutorial_taskflow_api to None, run_after=None
[2025-11-14T22:07:40.547+0000] {processor.py:208} INFO - Processing /home/airflow/.local/lib/python3.12/site-packages/airflow/example_dags/tutorial_taskflow_api.py took 0.038 seconds
[2025-11-14T22:08:10.928+0000] {processor.py:186} INFO - Started process (PID=5778) to work on /home/airflow/.local/lib/python3.12/site-packages/airflow/example_dags/tutorial_taskflow_api.py
[2025-11-14T22:08:10.928+0000] {processor.py:914} INFO - Processing file /home/airflow/.local/lib/python3.12/site-packages/airflow/example_dags/tutorial_taskflow_api.py for tasks to queue
[2025-11-14T22:08:10.929+0000] {logging_mixin.py:190} INFO - [2025-11-14T22:08:10.929+0000] {dagbag.py:588} INFO - Filling up the DagBag from /home/airflow/.local/lib/python3.12/site-packages/airflow/example_dags/tutorial_taskflow_api.py
[2025-11-14T22:08:10.933+0000] {processor.py:925} INFO - DAG(s) 'tutorial_taskflow_api' retrieved from /home/airflow/.local/lib/python3.12/site-packages/airflow/example_dags/tutorial_taskflow_api.py
[2025-11-14T22:08:10.941+0000] {logging_mixin.py:190} INFO - [2025-11-14T22:08:10.941+0000] {dag.py:3239} INFO - Sync 1 DAGs
[2025-11-14T22:08:10.946+0000] {logging_mixin.py:190} INFO - [2025-11-14T22:08:10.946+0000] {dag.py:4180} INFO - Setting next_dagrun for tutorial_taskflow_api to None, run_after=None
[2025-11-14T22:08:10.952+0000] {processor.py:208} INFO - Processing /home/airflow/.local/lib/python3.12/site-packages/airflow/example_dags/tutorial_taskflow_api.py took 0.027 seconds
[2025-11-14T22:08:41.011+0000] {processor.py:186} INFO - Started process (PID=5840) to work on /home/airflow/.local/lib/python3.12/site-packages/airflow/example_dags/tutorial_taskflow_api.py
[2025-11-14T22:08:41.011+0000] {processor.py:914} INFO - Processing file /home/airflow/.local/lib/python3.12/site-packages/airflow/example_dags/tutorial_taskflow_api.py for tasks to queue
[2025-11-14T22:08:41.013+0000] {logging_mixin.py:190} INFO - [2025-11-14T22:08:41.012+0000] {dagbag.py:588} INFO - Filling up the DagBag from /home/airflow/.local/lib/python3.12/site-packages/airflow/example_dags/tutorial_taskflow_api.py
[2025-11-14T22:08:41.017+0000] {processor.py:925} INFO - DAG(s) 'tutorial_taskflow_api' retrieved from /home/airflow/.local/lib/python3.12/site-packages/airflow/example_dags/tutorial_taskflow_api.py
[2025-11-14T22:08:41.026+0000] {logging_mixin.py:190} INFO - [2025-11-14T22:08:41.026+0000] {dag.py:3239} INFO - Sync 1 DAGs
[2025-11-14T22:08:41.033+0000] {logging_mixin.py:190} INFO - [2025-11-14T22:08:41.033+0000] {dag.py:4180} INFO - Setting next_dagrun for tutorial_taskflow_api to None, run_after=None
[2025-11-14T22:08:41.041+0000] {processor.py:208} INFO - Processing /home/airflow/.local/lib/python3.12/site-packages/airflow/example_dags/tutorial_taskflow_api.py took 0.034 seconds
[2025-11-14T22:09:11.260+0000] {processor.py:186} INFO - Started process (PID=5901) to work on /home/airflow/.local/lib/python3.12/site-packages/airflow/example_dags/tutorial_taskflow_api.py
[2025-11-14T22:09:11.261+0000] {processor.py:914} INFO - Processing file /home/airflow/.local/lib/python3.12/site-packages/airflow/example_dags/tutorial_taskflow_api.py for tasks to queue
[2025-11-14T22:09:11.266+0000] {logging_mixin.py:190} INFO - [2025-11-14T22:09:11.265+0000] {dagbag.py:588} INFO - Filling up the DagBag from /home/airflow/.local/lib/python3.12/site-packages/airflow/example_dags/tutorial_taskflow_api.py
[2025-11-14T22:09:11.274+0000] {processor.py:925} INFO - DAG(s) 'tutorial_taskflow_api' retrieved from /home/airflow/.local/lib/python3.12/site-packages/airflow/example_dags/tutorial_taskflow_api.py
[2025-11-14T22:09:11.290+0000] {logging_mixin.py:190} INFO - [2025-11-14T22:09:11.290+0000] {dag.py:3239} INFO - Sync 1 DAGs
[2025-11-14T22:09:11.300+0000] {logging_mixin.py:190} INFO - [2025-11-14T22:09:11.300+0000] {dag.py:4180} INFO - Setting next_dagrun for tutorial_taskflow_api to None, run_after=None
[2025-11-14T22:09:11.310+0000] {processor.py:208} INFO - Processing /home/airflow/.local/lib/python3.12/site-packages/airflow/example_dags/tutorial_taskflow_api.py took 0.063 seconds
[2025-11-14T22:09:41.524+0000] {processor.py:186} INFO - Started process (PID=5963) to work on /home/airflow/.local/lib/python3.12/site-packages/airflow/example_dags/tutorial_taskflow_api.py
[2025-11-14T22:09:41.525+0000] {processor.py:914} INFO - Processing file /home/airflow/.local/lib/python3.12/site-packages/airflow/example_dags/tutorial_taskflow_api.py for tasks to queue
[2025-11-14T22:09:41.529+0000] {logging_mixin.py:190} INFO - [2025-11-14T22:09:41.528+0000] {dagbag.py:588} INFO - Filling up the DagBag from /home/airflow/.local/lib/python3.12/site-packages/airflow/example_dags/tutorial_taskflow_api.py
[2025-11-14T22:09:41.534+0000] {processor.py:925} INFO - DAG(s) 'tutorial_taskflow_api' retrieved from /home/airflow/.local/lib/python3.12/site-packages/airflow/example_dags/tutorial_taskflow_api.py
[2025-11-14T22:09:41.546+0000] {logging_mixin.py:190} INFO - [2025-11-14T22:09:41.546+0000] {dag.py:3239} INFO - Sync 1 DAGs
[2025-11-14T22:09:41.555+0000] {logging_mixin.py:190} INFO - [2025-11-14T22:09:41.555+0000] {dag.py:4180} INFO - Setting next_dagrun for tutorial_taskflow_api to None, run_after=None
[2025-11-14T22:09:41.567+0000] {processor.py:208} INFO - Processing /home/airflow/.local/lib/python3.12/site-packages/airflow/example_dags/tutorial_taskflow_api.py took 0.046 seconds
[2025-11-14T22:10:11.961+0000] {processor.py:186} INFO - Started process (PID=6026) to work on /home/airflow/.local/lib/python3.12/site-packages/airflow/example_dags/tutorial_taskflow_api.py
[2025-11-14T22:10:11.963+0000] {processor.py:914} INFO - Processing file /home/airflow/.local/lib/python3.12/site-packages/airflow/example_dags/tutorial_taskflow_api.py for tasks to queue
[2025-11-14T22:10:11.964+0000] {logging_mixin.py:190} INFO - [2025-11-14T22:10:11.964+0000] {dagbag.py:588} INFO - Filling up the DagBag from /home/airflow/.local/lib/python3.12/site-packages/airflow/example_dags/tutorial_taskflow_api.py
[2025-11-14T22:10:11.973+0000] {processor.py:925} INFO - DAG(s) 'tutorial_taskflow_api' retrieved from /home/airflow/.local/lib/python3.12/site-packages/airflow/example_dags/tutorial_taskflow_api.py
[2025-11-14T22:10:11.985+0000] {logging_mixin.py:190} INFO - [2025-11-14T22:10:11.985+0000] {dag.py:3239} INFO - Sync 1 DAGs
[2025-11-14T22:10:11.991+0000] {logging_mixin.py:190} INFO - [2025-11-14T22:10:11.991+0000] {dag.py:4180} INFO - Setting next_dagrun for tutorial_taskflow_api to None, run_after=None
[2025-11-14T22:10:11.999+0000] {processor.py:208} INFO - Processing /home/airflow/.local/lib/python3.12/site-packages/airflow/example_dags/tutorial_taskflow_api.py took 0.043 seconds
[2025-11-14T22:10:42.203+0000] {processor.py:186} INFO - Started process (PID=6088) to work on /home/airflow/.local/lib/python3.12/site-packages/airflow/example_dags/tutorial_taskflow_api.py
[2025-11-14T22:10:42.204+0000] {processor.py:914} INFO - Processing file /home/airflow/.local/lib/python3.12/site-packages/airflow/example_dags/tutorial_taskflow_api.py for tasks to queue
[2025-11-14T22:10:42.209+0000] {logging_mixin.py:190} INFO - [2025-11-14T22:10:42.209+0000] {dagbag.py:588} INFO - Filling up the DagBag from /home/airflow/.local/lib/python3.12/site-packages/airflow/example_dags/tutorial_taskflow_api.py
[2025-11-14T22:10:42.216+0000] {processor.py:925} INFO - DAG(s) 'tutorial_taskflow_api' retrieved from /home/airflow/.local/lib/python3.12/site-packages/airflow/example_dags/tutorial_taskflow_api.py
[2025-11-14T22:10:42.235+0000] {logging_mixin.py:190} INFO - [2025-11-14T22:10:42.235+0000] {dag.py:3239} INFO - Sync 1 DAGs
[2025-11-14T22:10:42.245+0000] {logging_mixin.py:190} INFO - [2025-11-14T22:10:42.244+0000] {dag.py:4180} INFO - Setting next_dagrun for tutorial_taskflow_api to None, run_after=None
[2025-11-14T22:10:42.254+0000] {processor.py:208} INFO - Processing /home/airflow/.local/lib/python3.12/site-packages/airflow/example_dags/tutorial_taskflow_api.py took 0.056 seconds
[2025-11-14T22:11:12.430+0000] {processor.py:186} INFO - Started process (PID=6150) to work on /home/airflow/.local/lib/python3.12/site-packages/airflow/example_dags/tutorial_taskflow_api.py
[2025-11-14T22:11:12.433+0000] {processor.py:914} INFO - Processing file /home/airflow/.local/lib/python3.12/site-packages/airflow/example_dags/tutorial_taskflow_api.py for tasks to queue
[2025-11-14T22:11:12.434+0000] {logging_mixin.py:190} INFO - [2025-11-14T22:11:12.434+0000] {dagbag.py:588} INFO - Filling up the DagBag from /home/airflow/.local/lib/python3.12/site-packages/airflow/example_dags/tutorial_taskflow_api.py
[2025-11-14T22:11:12.438+0000] {processor.py:925} INFO - DAG(s) 'tutorial_taskflow_api' retrieved from /home/airflow/.local/lib/python3.12/site-packages/airflow/example_dags/tutorial_taskflow_api.py
[2025-11-14T22:11:12.449+0000] {logging_mixin.py:190} INFO - [2025-11-14T22:11:12.449+0000] {dag.py:3239} INFO - Sync 1 DAGs
[2025-11-14T22:11:12.456+0000] {logging_mixin.py:190} INFO - [2025-11-14T22:11:12.456+0000] {dag.py:4180} INFO - Setting next_dagrun for tutorial_taskflow_api to None, run_after=None
[2025-11-14T22:11:12.462+0000] {processor.py:208} INFO - Processing /home/airflow/.local/lib/python3.12/site-packages/airflow/example_dags/tutorial_taskflow_api.py took 0.036 seconds
[2025-11-14T22:11:42.542+0000] {processor.py:186} INFO - Started process (PID=6212) to work on /home/airflow/.local/lib/python3.12/site-packages/airflow/example_dags/tutorial_taskflow_api.py
[2025-11-14T22:11:42.545+0000] {processor.py:914} INFO - Processing file /home/airflow/.local/lib/python3.12/site-packages/airflow/example_dags/tutorial_taskflow_api.py for tasks to queue
[2025-11-14T22:11:42.547+0000] {logging_mixin.py:190} INFO - [2025-11-14T22:11:42.546+0000] {dagbag.py:588} INFO - Filling up the DagBag from /home/airflow/.local/lib/python3.12/site-packages/airflow/example_dags/tutorial_taskflow_api.py
[2025-11-14T22:11:42.550+0000] {processor.py:925} INFO - DAG(s) 'tutorial_taskflow_api' retrieved from /home/airflow/.local/lib/python3.12/site-packages/airflow/example_dags/tutorial_taskflow_api.py
[2025-11-14T22:11:42.560+0000] {logging_mixin.py:190} INFO - [2025-11-14T22:11:42.560+0000] {dag.py:3239} INFO - Sync 1 DAGs
[2025-11-14T22:11:42.568+0000] {logging_mixin.py:190} INFO - [2025-11-14T22:11:42.567+0000] {dag.py:4180} INFO - Setting next_dagrun for tutorial_taskflow_api to None, run_after=None
[2025-11-14T22:11:42.575+0000] {processor.py:208} INFO - Processing /home/airflow/.local/lib/python3.12/site-packages/airflow/example_dags/tutorial_taskflow_api.py took 0.035 seconds
[2025-11-14T22:12:13.041+0000] {processor.py:186} INFO - Started process (PID=6273) to work on /home/airflow/.local/lib/python3.12/site-packages/airflow/example_dags/tutorial_taskflow_api.py
[2025-11-14T22:12:13.042+0000] {processor.py:914} INFO - Processing file /home/airflow/.local/lib/python3.12/site-packages/airflow/example_dags/tutorial_taskflow_api.py for tasks to queue
[2025-11-14T22:12:13.043+0000] {logging_mixin.py:190} INFO - [2025-11-14T22:12:13.043+0000] {dagbag.py:588} INFO - Filling up the DagBag from /home/airflow/.local/lib/python3.12/site-packages/airflow/example_dags/tutorial_taskflow_api.py
[2025-11-14T22:12:13.047+0000] {processor.py:925} INFO - DAG(s) 'tutorial_taskflow_api' retrieved from /home/airflow/.local/lib/python3.12/site-packages/airflow/example_dags/tutorial_taskflow_api.py
[2025-11-14T22:12:13.054+0000] {logging_mixin.py:190} INFO - [2025-11-14T22:12:13.054+0000] {dag.py:3239} INFO - Sync 1 DAGs
[2025-11-14T22:12:13.059+0000] {logging_mixin.py:190} INFO - [2025-11-14T22:12:13.059+0000] {dag.py:4180} INFO - Setting next_dagrun for tutorial_taskflow_api to None, run_after=None
[2025-11-14T22:12:13.069+0000] {processor.py:208} INFO - Processing /home/airflow/.local/lib/python3.12/site-packages/airflow/example_dags/tutorial_taskflow_api.py took 0.030 seconds
[2025-11-14T22:12:44.198+0000] {processor.py:186} INFO - Started process (PID=6336) to work on /home/airflow/.local/lib/python3.12/site-packages/airflow/example_dags/tutorial_taskflow_api.py
[2025-11-14T22:12:44.200+0000] {processor.py:914} INFO - Processing file /home/airflow/.local/lib/python3.12/site-packages/airflow/example_dags/tutorial_taskflow_api.py for tasks to queue
[2025-11-14T22:12:44.201+0000] {logging_mixin.py:190} INFO - [2025-11-14T22:12:44.201+0000] {dagbag.py:588} INFO - Filling up the DagBag from /home/airflow/.local/lib/python3.12/site-packages/airflow/example_dags/tutorial_taskflow_api.py
[2025-11-14T22:12:44.205+0000] {processor.py:925} INFO - DAG(s) 'tutorial_taskflow_api' retrieved from /home/airflow/.local/lib/python3.12/site-packages/airflow/example_dags/tutorial_taskflow_api.py
[2025-11-14T22:12:44.212+0000] {logging_mixin.py:190} INFO - [2025-11-14T22:12:44.212+0000] {dag.py:3239} INFO - Sync 1 DAGs
[2025-11-14T22:12:44.219+0000] {logging_mixin.py:190} INFO - [2025-11-14T22:12:44.219+0000] {dag.py:4180} INFO - Setting next_dagrun for tutorial_taskflow_api to None, run_after=None
[2025-11-14T22:12:44.226+0000] {processor.py:208} INFO - Processing /home/airflow/.local/lib/python3.12/site-packages/airflow/example_dags/tutorial_taskflow_api.py took 0.031 seconds
[2025-11-14T22:13:15.351+0000] {processor.py:186} INFO - Started process (PID=6398) to work on /home/airflow/.local/lib/python3.12/site-packages/airflow/example_dags/tutorial_taskflow_api.py
[2025-11-14T22:13:15.354+0000] {processor.py:914} INFO - Processing file /home/airflow/.local/lib/python3.12/site-packages/airflow/example_dags/tutorial_taskflow_api.py for tasks to queue
[2025-11-14T22:13:15.355+0000] {logging_mixin.py:190} INFO - [2025-11-14T22:13:15.355+0000] {dagbag.py:588} INFO - Filling up the DagBag from /home/airflow/.local/lib/python3.12/site-packages/airflow/example_dags/tutorial_taskflow_api.py
[2025-11-14T22:13:15.359+0000] {processor.py:925} INFO - DAG(s) 'tutorial_taskflow_api' retrieved from /home/airflow/.local/lib/python3.12/site-packages/airflow/example_dags/tutorial_taskflow_api.py
[2025-11-14T22:13:15.368+0000] {logging_mixin.py:190} INFO - [2025-11-14T22:13:15.368+0000] {dag.py:3239} INFO - Sync 1 DAGs
[2025-11-14T22:13:15.373+0000] {logging_mixin.py:190} INFO - [2025-11-14T22:13:15.373+0000] {dag.py:4180} INFO - Setting next_dagrun for tutorial_taskflow_api to None, run_after=None
[2025-11-14T22:13:15.381+0000] {processor.py:208} INFO - Processing /home/airflow/.local/lib/python3.12/site-packages/airflow/example_dags/tutorial_taskflow_api.py took 0.032 seconds
[2025-11-14T22:14:08.859+0000] {processor.py:186} INFO - Started process (PID=6460) to work on /home/airflow/.local/lib/python3.12/site-packages/airflow/example_dags/tutorial_taskflow_api.py
[2025-11-14T22:14:08.862+0000] {processor.py:914} INFO - Processing file /home/airflow/.local/lib/python3.12/site-packages/airflow/example_dags/tutorial_taskflow_api.py for tasks to queue
[2025-11-14T22:14:08.863+0000] {logging_mixin.py:190} INFO - [2025-11-14T22:14:08.863+0000] {dagbag.py:588} INFO - Filling up the DagBag from /home/airflow/.local/lib/python3.12/site-packages/airflow/example_dags/tutorial_taskflow_api.py
[2025-11-14T22:14:08.867+0000] {processor.py:925} INFO - DAG(s) 'tutorial_taskflow_api' retrieved from /home/airflow/.local/lib/python3.12/site-packages/airflow/example_dags/tutorial_taskflow_api.py
[2025-11-14T22:14:08.875+0000] {logging_mixin.py:190} INFO - [2025-11-14T22:14:08.875+0000] {dag.py:3239} INFO - Sync 1 DAGs
[2025-11-14T22:14:08.880+0000] {logging_mixin.py:190} INFO - [2025-11-14T22:14:08.880+0000] {dag.py:4180} INFO - Setting next_dagrun for tutorial_taskflow_api to None, run_after=None
[2025-11-14T22:14:08.886+0000] {processor.py:208} INFO - Processing /home/airflow/.local/lib/python3.12/site-packages/airflow/example_dags/tutorial_taskflow_api.py took 0.029 seconds
[2025-11-14T22:16:33.469+0000] {processor.py:186} INFO - Started process (PID=6522) to work on /home/airflow/.local/lib/python3.12/site-packages/airflow/example_dags/tutorial_taskflow_api.py
[2025-11-14T22:16:33.470+0000] {processor.py:914} INFO - Processing file /home/airflow/.local/lib/python3.12/site-packages/airflow/example_dags/tutorial_taskflow_api.py for tasks to queue
[2025-11-14T22:16:33.471+0000] {logging_mixin.py:190} INFO - [2025-11-14T22:16:33.471+0000] {dagbag.py:588} INFO - Filling up the DagBag from /home/airflow/.local/lib/python3.12/site-packages/airflow/example_dags/tutorial_taskflow_api.py
[2025-11-14T22:16:33.475+0000] {processor.py:925} INFO - DAG(s) 'tutorial_taskflow_api' retrieved from /home/airflow/.local/lib/python3.12/site-packages/airflow/example_dags/tutorial_taskflow_api.py
[2025-11-14T22:16:33.492+0000] {logging_mixin.py:190} INFO - [2025-11-14T22:16:33.492+0000] {dag.py:3239} INFO - Sync 1 DAGs
[2025-11-14T22:16:33.501+0000] {logging_mixin.py:190} INFO - [2025-11-14T22:16:33.501+0000] {dag.py:4180} INFO - Setting next_dagrun for tutorial_taskflow_api to None, run_after=None
[2025-11-14T22:16:33.514+0000] {processor.py:208} INFO - Processing /home/airflow/.local/lib/python3.12/site-packages/airflow/example_dags/tutorial_taskflow_api.py took 0.048 seconds
[2025-11-14T22:17:04.396+0000] {processor.py:186} INFO - Started process (PID=6584) to work on /home/airflow/.local/lib/python3.12/site-packages/airflow/example_dags/tutorial_taskflow_api.py
[2025-11-14T22:17:04.396+0000] {processor.py:914} INFO - Processing file /home/airflow/.local/lib/python3.12/site-packages/airflow/example_dags/tutorial_taskflow_api.py for tasks to queue
[2025-11-14T22:17:04.398+0000] {logging_mixin.py:190} INFO - [2025-11-14T22:17:04.397+0000] {dagbag.py:588} INFO - Filling up the DagBag from /home/airflow/.local/lib/python3.12/site-packages/airflow/example_dags/tutorial_taskflow_api.py
[2025-11-14T22:17:04.401+0000] {processor.py:925} INFO - DAG(s) 'tutorial_taskflow_api' retrieved from /home/airflow/.local/lib/python3.12/site-packages/airflow/example_dags/tutorial_taskflow_api.py
[2025-11-14T22:17:04.413+0000] {logging_mixin.py:190} INFO - [2025-11-14T22:17:04.413+0000] {dag.py:3239} INFO - Sync 1 DAGs
[2025-11-14T22:17:04.419+0000] {logging_mixin.py:190} INFO - [2025-11-14T22:17:04.418+0000] {dag.py:4180} INFO - Setting next_dagrun for tutorial_taskflow_api to None, run_after=None
[2025-11-14T22:17:04.431+0000] {processor.py:208} INFO - Processing /home/airflow/.local/lib/python3.12/site-packages/airflow/example_dags/tutorial_taskflow_api.py took 0.037 seconds
[2025-11-14T22:18:00.970+0000] {processor.py:186} INFO - Started process (PID=6646) to work on /home/airflow/.local/lib/python3.12/site-packages/airflow/example_dags/tutorial_taskflow_api.py
[2025-11-14T22:18:00.971+0000] {processor.py:914} INFO - Processing file /home/airflow/.local/lib/python3.12/site-packages/airflow/example_dags/tutorial_taskflow_api.py for tasks to queue
[2025-11-14T22:18:00.974+0000] {logging_mixin.py:190} INFO - [2025-11-14T22:18:00.973+0000] {dagbag.py:588} INFO - Filling up the DagBag from /home/airflow/.local/lib/python3.12/site-packages/airflow/example_dags/tutorial_taskflow_api.py
[2025-11-14T22:18:00.978+0000] {processor.py:925} INFO - DAG(s) 'tutorial_taskflow_api' retrieved from /home/airflow/.local/lib/python3.12/site-packages/airflow/example_dags/tutorial_taskflow_api.py
[2025-11-14T22:18:00.991+0000] {logging_mixin.py:190} INFO - [2025-11-14T22:18:00.991+0000] {dag.py:3239} INFO - Sync 1 DAGs
[2025-11-14T22:18:00.995+0000] {logging_mixin.py:190} INFO - [2025-11-14T22:18:00.995+0000] {dag.py:4180} INFO - Setting next_dagrun for tutorial_taskflow_api to None, run_after=None
[2025-11-14T22:18:01.004+0000] {processor.py:208} INFO - Processing /home/airflow/.local/lib/python3.12/site-packages/airflow/example_dags/tutorial_taskflow_api.py took 0.037 seconds
[2025-11-14T22:19:04.504+0000] {processor.py:186} INFO - Started process (PID=6708) to work on /home/airflow/.local/lib/python3.12/site-packages/airflow/example_dags/tutorial_taskflow_api.py
[2025-11-14T22:19:04.507+0000] {processor.py:914} INFO - Processing file /home/airflow/.local/lib/python3.12/site-packages/airflow/example_dags/tutorial_taskflow_api.py for tasks to queue
[2025-11-14T22:19:04.509+0000] {logging_mixin.py:190} INFO - [2025-11-14T22:19:04.509+0000] {dagbag.py:588} INFO - Filling up the DagBag from /home/airflow/.local/lib/python3.12/site-packages/airflow/example_dags/tutorial_taskflow_api.py
[2025-11-14T22:19:04.514+0000] {processor.py:925} INFO - DAG(s) 'tutorial_taskflow_api' retrieved from /home/airflow/.local/lib/python3.12/site-packages/airflow/example_dags/tutorial_taskflow_api.py
[2025-11-14T22:19:04.526+0000] {logging_mixin.py:190} INFO - [2025-11-14T22:19:04.526+0000] {dag.py:3239} INFO - Sync 1 DAGs
[2025-11-14T22:19:04.532+0000] {logging_mixin.py:190} INFO - [2025-11-14T22:19:04.532+0000] {dag.py:4180} INFO - Setting next_dagrun for tutorial_taskflow_api to None, run_after=None
[2025-11-14T22:19:04.541+0000] {processor.py:208} INFO - Processing /home/airflow/.local/lib/python3.12/site-packages/airflow/example_dags/tutorial_taskflow_api.py took 0.040 seconds
[2025-11-14T22:19:34.760+0000] {processor.py:186} INFO - Started process (PID=6770) to work on /home/airflow/.local/lib/python3.12/site-packages/airflow/example_dags/tutorial_taskflow_api.py
[2025-11-14T22:19:34.761+0000] {processor.py:914} INFO - Processing file /home/airflow/.local/lib/python3.12/site-packages/airflow/example_dags/tutorial_taskflow_api.py for tasks to queue
[2025-11-14T22:19:34.762+0000] {logging_mixin.py:190} INFO - [2025-11-14T22:19:34.762+0000] {dagbag.py:588} INFO - Filling up the DagBag from /home/airflow/.local/lib/python3.12/site-packages/airflow/example_dags/tutorial_taskflow_api.py
[2025-11-14T22:19:34.766+0000] {processor.py:925} INFO - DAG(s) 'tutorial_taskflow_api' retrieved from /home/airflow/.local/lib/python3.12/site-packages/airflow/example_dags/tutorial_taskflow_api.py
[2025-11-14T22:19:34.773+0000] {logging_mixin.py:190} INFO - [2025-11-14T22:19:34.773+0000] {dag.py:3239} INFO - Sync 1 DAGs
[2025-11-14T22:19:34.780+0000] {logging_mixin.py:190} INFO - [2025-11-14T22:19:34.779+0000] {dag.py:4180} INFO - Setting next_dagrun for tutorial_taskflow_api to None, run_after=None
[2025-11-14T22:19:34.789+0000] {processor.py:208} INFO - Processing /home/airflow/.local/lib/python3.12/site-packages/airflow/example_dags/tutorial_taskflow_api.py took 0.031 seconds
[2025-11-14T22:20:32.807+0000] {processor.py:186} INFO - Started process (PID=6832) to work on /home/airflow/.local/lib/python3.12/site-packages/airflow/example_dags/tutorial_taskflow_api.py
[2025-11-14T22:20:32.808+0000] {processor.py:914} INFO - Processing file /home/airflow/.local/lib/python3.12/site-packages/airflow/example_dags/tutorial_taskflow_api.py for tasks to queue
[2025-11-14T22:20:32.809+0000] {logging_mixin.py:190} INFO - [2025-11-14T22:20:32.809+0000] {dagbag.py:588} INFO - Filling up the DagBag from /home/airflow/.local/lib/python3.12/site-packages/airflow/example_dags/tutorial_taskflow_api.py
[2025-11-14T22:20:32.813+0000] {processor.py:925} INFO - DAG(s) 'tutorial_taskflow_api' retrieved from /home/airflow/.local/lib/python3.12/site-packages/airflow/example_dags/tutorial_taskflow_api.py
[2025-11-14T22:20:32.824+0000] {logging_mixin.py:190} INFO - [2025-11-14T22:20:32.824+0000] {dag.py:3239} INFO - Sync 1 DAGs
[2025-11-14T22:20:32.830+0000] {logging_mixin.py:190} INFO - [2025-11-14T22:20:32.830+0000] {dag.py:4180} INFO - Setting next_dagrun for tutorial_taskflow_api to None, run_after=None
[2025-11-14T22:20:32.840+0000] {processor.py:208} INFO - Processing /home/airflow/.local/lib/python3.12/site-packages/airflow/example_dags/tutorial_taskflow_api.py took 0.035 seconds
[2025-11-14T22:21:10.285+0000] {processor.py:186} INFO - Started process (PID=6894) to work on /home/airflow/.local/lib/python3.12/site-packages/airflow/example_dags/tutorial_taskflow_api.py
[2025-11-14T22:21:10.285+0000] {processor.py:914} INFO - Processing file /home/airflow/.local/lib/python3.12/site-packages/airflow/example_dags/tutorial_taskflow_api.py for tasks to queue
[2025-11-14T22:21:10.287+0000] {logging_mixin.py:190} INFO - [2025-11-14T22:21:10.287+0000] {dagbag.py:588} INFO - Filling up the DagBag from /home/airflow/.local/lib/python3.12/site-packages/airflow/example_dags/tutorial_taskflow_api.py
[2025-11-14T22:21:10.290+0000] {processor.py:925} INFO - DAG(s) 'tutorial_taskflow_api' retrieved from /home/airflow/.local/lib/python3.12/site-packages/airflow/example_dags/tutorial_taskflow_api.py
[2025-11-14T22:21:10.297+0000] {logging_mixin.py:190} INFO - [2025-11-14T22:21:10.297+0000] {dag.py:3239} INFO - Sync 1 DAGs
[2025-11-14T22:21:10.304+0000] {logging_mixin.py:190} INFO - [2025-11-14T22:21:10.304+0000] {dag.py:4180} INFO - Setting next_dagrun for tutorial_taskflow_api to None, run_after=None
[2025-11-14T22:21:10.319+0000] {processor.py:208} INFO - Processing /home/airflow/.local/lib/python3.12/site-packages/airflow/example_dags/tutorial_taskflow_api.py took 0.037 seconds
[2025-11-14T22:21:40.591+0000] {processor.py:186} INFO - Started process (PID=6956) to work on /home/airflow/.local/lib/python3.12/site-packages/airflow/example_dags/tutorial_taskflow_api.py
[2025-11-14T22:21:40.592+0000] {processor.py:914} INFO - Processing file /home/airflow/.local/lib/python3.12/site-packages/airflow/example_dags/tutorial_taskflow_api.py for tasks to queue
[2025-11-14T22:21:40.593+0000] {logging_mixin.py:190} INFO - [2025-11-14T22:21:40.593+0000] {dagbag.py:588} INFO - Filling up the DagBag from /home/airflow/.local/lib/python3.12/site-packages/airflow/example_dags/tutorial_taskflow_api.py
[2025-11-14T22:21:40.599+0000] {processor.py:925} INFO - DAG(s) 'tutorial_taskflow_api' retrieved from /home/airflow/.local/lib/python3.12/site-packages/airflow/example_dags/tutorial_taskflow_api.py
[2025-11-14T22:21:40.609+0000] {logging_mixin.py:190} INFO - [2025-11-14T22:21:40.609+0000] {dag.py:3239} INFO - Sync 1 DAGs
[2025-11-14T22:21:40.616+0000] {logging_mixin.py:190} INFO - [2025-11-14T22:21:40.616+0000] {dag.py:4180} INFO - Setting next_dagrun for tutorial_taskflow_api to None, run_after=None
[2025-11-14T22:21:40.626+0000] {processor.py:208} INFO - Processing /home/airflow/.local/lib/python3.12/site-packages/airflow/example_dags/tutorial_taskflow_api.py took 0.037 seconds
[2025-11-14T22:23:02.402+0000] {processor.py:186} INFO - Started process (PID=7018) to work on /home/airflow/.local/lib/python3.12/site-packages/airflow/example_dags/tutorial_taskflow_api.py
[2025-11-14T22:23:02.404+0000] {processor.py:914} INFO - Processing file /home/airflow/.local/lib/python3.12/site-packages/airflow/example_dags/tutorial_taskflow_api.py for tasks to queue
[2025-11-14T22:23:02.406+0000] {logging_mixin.py:190} INFO - [2025-11-14T22:23:02.406+0000] {dagbag.py:588} INFO - Filling up the DagBag from /home/airflow/.local/lib/python3.12/site-packages/airflow/example_dags/tutorial_taskflow_api.py
[2025-11-14T22:23:02.411+0000] {processor.py:925} INFO - DAG(s) 'tutorial_taskflow_api' retrieved from /home/airflow/.local/lib/python3.12/site-packages/airflow/example_dags/tutorial_taskflow_api.py
[2025-11-14T22:23:02.422+0000] {logging_mixin.py:190} INFO - [2025-11-14T22:23:02.422+0000] {dag.py:3239} INFO - Sync 1 DAGs
[2025-11-14T22:23:02.427+0000] {logging_mixin.py:190} INFO - [2025-11-14T22:23:02.427+0000] {dag.py:4180} INFO - Setting next_dagrun for tutorial_taskflow_api to None, run_after=None
[2025-11-14T22:23:02.433+0000] {processor.py:208} INFO - Processing /home/airflow/.local/lib/python3.12/site-packages/airflow/example_dags/tutorial_taskflow_api.py took 0.034 seconds
[2025-11-14T22:23:47.865+0000] {processor.py:186} INFO - Started process (PID=7080) to work on /home/airflow/.local/lib/python3.12/site-packages/airflow/example_dags/tutorial_taskflow_api.py
[2025-11-14T22:23:47.866+0000] {processor.py:914} INFO - Processing file /home/airflow/.local/lib/python3.12/site-packages/airflow/example_dags/tutorial_taskflow_api.py for tasks to queue
[2025-11-14T22:23:47.869+0000] {logging_mixin.py:190} INFO - [2025-11-14T22:23:47.869+0000] {dagbag.py:588} INFO - Filling up the DagBag from /home/airflow/.local/lib/python3.12/site-packages/airflow/example_dags/tutorial_taskflow_api.py
[2025-11-14T22:23:47.876+0000] {processor.py:925} INFO - DAG(s) 'tutorial_taskflow_api' retrieved from /home/airflow/.local/lib/python3.12/site-packages/airflow/example_dags/tutorial_taskflow_api.py
[2025-11-14T22:23:47.894+0000] {logging_mixin.py:190} INFO - [2025-11-14T22:23:47.894+0000] {dag.py:3239} INFO - Sync 1 DAGs
[2025-11-14T22:23:47.905+0000] {logging_mixin.py:190} INFO - [2025-11-14T22:23:47.904+0000] {dag.py:4180} INFO - Setting next_dagrun for tutorial_taskflow_api to None, run_after=None
[2025-11-14T22:23:47.915+0000] {processor.py:208} INFO - Processing /home/airflow/.local/lib/python3.12/site-packages/airflow/example_dags/tutorial_taskflow_api.py took 0.057 seconds
[2025-11-14T22:33:28.762+0000] {processor.py:186} INFO - Started process (PID=7142) to work on /home/airflow/.local/lib/python3.12/site-packages/airflow/example_dags/tutorial_taskflow_api.py
[2025-11-14T22:33:28.764+0000] {processor.py:914} INFO - Processing file /home/airflow/.local/lib/python3.12/site-packages/airflow/example_dags/tutorial_taskflow_api.py for tasks to queue
[2025-11-14T22:33:28.769+0000] {logging_mixin.py:190} INFO - [2025-11-14T22:33:28.769+0000] {dagbag.py:588} INFO - Filling up the DagBag from /home/airflow/.local/lib/python3.12/site-packages/airflow/example_dags/tutorial_taskflow_api.py
[2025-11-14T22:33:28.776+0000] {processor.py:925} INFO - DAG(s) 'tutorial_taskflow_api' retrieved from /home/airflow/.local/lib/python3.12/site-packages/airflow/example_dags/tutorial_taskflow_api.py
[2025-11-14T22:33:28.790+0000] {logging_mixin.py:190} INFO - [2025-11-14T22:33:28.790+0000] {dag.py:3239} INFO - Sync 1 DAGs
[2025-11-14T22:33:28.798+0000] {logging_mixin.py:190} INFO - [2025-11-14T22:33:28.797+0000] {dag.py:4180} INFO - Setting next_dagrun for tutorial_taskflow_api to None, run_after=None
[2025-11-14T22:33:28.805+0000] {processor.py:208} INFO - Processing /home/airflow/.local/lib/python3.12/site-packages/airflow/example_dags/tutorial_taskflow_api.py took 0.047 seconds
[2025-11-14T22:33:59.713+0000] {processor.py:186} INFO - Started process (PID=7204) to work on /home/airflow/.local/lib/python3.12/site-packages/airflow/example_dags/tutorial_taskflow_api.py
[2025-11-14T22:33:59.714+0000] {processor.py:914} INFO - Processing file /home/airflow/.local/lib/python3.12/site-packages/airflow/example_dags/tutorial_taskflow_api.py for tasks to queue
[2025-11-14T22:33:59.715+0000] {logging_mixin.py:190} INFO - [2025-11-14T22:33:59.715+0000] {dagbag.py:588} INFO - Filling up the DagBag from /home/airflow/.local/lib/python3.12/site-packages/airflow/example_dags/tutorial_taskflow_api.py
[2025-11-14T22:33:59.719+0000] {processor.py:925} INFO - DAG(s) 'tutorial_taskflow_api' retrieved from /home/airflow/.local/lib/python3.12/site-packages/airflow/example_dags/tutorial_taskflow_api.py
[2025-11-14T22:33:59.727+0000] {logging_mixin.py:190} INFO - [2025-11-14T22:33:59.727+0000] {dag.py:3239} INFO - Sync 1 DAGs
[2025-11-14T22:33:59.733+0000] {logging_mixin.py:190} INFO - [2025-11-14T22:33:59.733+0000] {dag.py:4180} INFO - Setting next_dagrun for tutorial_taskflow_api to None, run_after=None
[2025-11-14T22:33:59.744+0000] {processor.py:208} INFO - Processing /home/airflow/.local/lib/python3.12/site-packages/airflow/example_dags/tutorial_taskflow_api.py took 0.034 seconds
[2025-11-14T22:34:30.262+0000] {processor.py:186} INFO - Started process (PID=7266) to work on /home/airflow/.local/lib/python3.12/site-packages/airflow/example_dags/tutorial_taskflow_api.py
[2025-11-14T22:34:30.263+0000] {processor.py:914} INFO - Processing file /home/airflow/.local/lib/python3.12/site-packages/airflow/example_dags/tutorial_taskflow_api.py for tasks to queue
[2025-11-14T22:34:30.264+0000] {logging_mixin.py:190} INFO - [2025-11-14T22:34:30.264+0000] {dagbag.py:588} INFO - Filling up the DagBag from /home/airflow/.local/lib/python3.12/site-packages/airflow/example_dags/tutorial_taskflow_api.py
[2025-11-14T22:34:30.269+0000] {processor.py:925} INFO - DAG(s) 'tutorial_taskflow_api' retrieved from /home/airflow/.local/lib/python3.12/site-packages/airflow/example_dags/tutorial_taskflow_api.py
[2025-11-14T22:34:30.280+0000] {logging_mixin.py:190} INFO - [2025-11-14T22:34:30.280+0000] {dag.py:3239} INFO - Sync 1 DAGs
[2025-11-14T22:34:30.285+0000] {logging_mixin.py:190} INFO - [2025-11-14T22:34:30.285+0000] {dag.py:4180} INFO - Setting next_dagrun for tutorial_taskflow_api to None, run_after=None
[2025-11-14T22:34:30.297+0000] {processor.py:208} INFO - Processing /home/airflow/.local/lib/python3.12/site-packages/airflow/example_dags/tutorial_taskflow_api.py took 0.037 seconds
[2025-11-14T22:35:00.538+0000] {processor.py:186} INFO - Started process (PID=7328) to work on /home/airflow/.local/lib/python3.12/site-packages/airflow/example_dags/tutorial_taskflow_api.py
[2025-11-14T22:35:00.538+0000] {processor.py:914} INFO - Processing file /home/airflow/.local/lib/python3.12/site-packages/airflow/example_dags/tutorial_taskflow_api.py for tasks to queue
[2025-11-14T22:35:00.540+0000] {logging_mixin.py:190} INFO - [2025-11-14T22:35:00.539+0000] {dagbag.py:588} INFO - Filling up the DagBag from /home/airflow/.local/lib/python3.12/site-packages/airflow/example_dags/tutorial_taskflow_api.py
[2025-11-14T22:35:00.543+0000] {processor.py:925} INFO - DAG(s) 'tutorial_taskflow_api' retrieved from /home/airflow/.local/lib/python3.12/site-packages/airflow/example_dags/tutorial_taskflow_api.py
[2025-11-14T22:35:00.553+0000] {logging_mixin.py:190} INFO - [2025-11-14T22:35:00.553+0000] {dag.py:3239} INFO - Sync 1 DAGs
[2025-11-14T22:35:00.560+0000] {logging_mixin.py:190} INFO - [2025-11-14T22:35:00.560+0000] {dag.py:4180} INFO - Setting next_dagrun for tutorial_taskflow_api to None, run_after=None
[2025-11-14T22:35:00.570+0000] {processor.py:208} INFO - Processing /home/airflow/.local/lib/python3.12/site-packages/airflow/example_dags/tutorial_taskflow_api.py took 0.035 seconds
[2025-11-14T22:35:30.708+0000] {processor.py:186} INFO - Started process (PID=7390) to work on /home/airflow/.local/lib/python3.12/site-packages/airflow/example_dags/tutorial_taskflow_api.py
[2025-11-14T22:35:30.709+0000] {processor.py:914} INFO - Processing file /home/airflow/.local/lib/python3.12/site-packages/airflow/example_dags/tutorial_taskflow_api.py for tasks to queue
[2025-11-14T22:35:30.710+0000] {logging_mixin.py:190} INFO - [2025-11-14T22:35:30.710+0000] {dagbag.py:588} INFO - Filling up the DagBag from /home/airflow/.local/lib/python3.12/site-packages/airflow/example_dags/tutorial_taskflow_api.py
[2025-11-14T22:35:30.713+0000] {processor.py:925} INFO - DAG(s) 'tutorial_taskflow_api' retrieved from /home/airflow/.local/lib/python3.12/site-packages/airflow/example_dags/tutorial_taskflow_api.py
[2025-11-14T22:35:30.722+0000] {logging_mixin.py:190} INFO - [2025-11-14T22:35:30.722+0000] {dag.py:3239} INFO - Sync 1 DAGs
[2025-11-14T22:35:30.728+0000] {logging_mixin.py:190} INFO - [2025-11-14T22:35:30.728+0000] {dag.py:4180} INFO - Setting next_dagrun for tutorial_taskflow_api to None, run_after=None
[2025-11-14T22:35:30.738+0000] {processor.py:208} INFO - Processing /home/airflow/.local/lib/python3.12/site-packages/airflow/example_dags/tutorial_taskflow_api.py took 0.032 seconds
[2025-11-14T22:36:01.730+0000] {processor.py:186} INFO - Started process (PID=7452) to work on /home/airflow/.local/lib/python3.12/site-packages/airflow/example_dags/tutorial_taskflow_api.py
[2025-11-14T22:36:01.730+0000] {processor.py:914} INFO - Processing file /home/airflow/.local/lib/python3.12/site-packages/airflow/example_dags/tutorial_taskflow_api.py for tasks to queue
[2025-11-14T22:36:01.731+0000] {logging_mixin.py:190} INFO - [2025-11-14T22:36:01.731+0000] {dagbag.py:588} INFO - Filling up the DagBag from /home/airflow/.local/lib/python3.12/site-packages/airflow/example_dags/tutorial_taskflow_api.py
[2025-11-14T22:36:01.736+0000] {processor.py:925} INFO - DAG(s) 'tutorial_taskflow_api' retrieved from /home/airflow/.local/lib/python3.12/site-packages/airflow/example_dags/tutorial_taskflow_api.py
[2025-11-14T22:36:01.747+0000] {logging_mixin.py:190} INFO - [2025-11-14T22:36:01.747+0000] {dag.py:3239} INFO - Sync 1 DAGs
[2025-11-14T22:36:01.751+0000] {logging_mixin.py:190} INFO - [2025-11-14T22:36:01.751+0000] {dag.py:4180} INFO - Setting next_dagrun for tutorial_taskflow_api to None, run_after=None
[2025-11-14T22:36:01.760+0000] {processor.py:208} INFO - Processing /home/airflow/.local/lib/python3.12/site-packages/airflow/example_dags/tutorial_taskflow_api.py took 0.033 seconds
[2025-11-14T22:36:32.337+0000] {processor.py:186} INFO - Started process (PID=7514) to work on /home/airflow/.local/lib/python3.12/site-packages/airflow/example_dags/tutorial_taskflow_api.py
[2025-11-14T22:36:32.339+0000] {processor.py:914} INFO - Processing file /home/airflow/.local/lib/python3.12/site-packages/airflow/example_dags/tutorial_taskflow_api.py for tasks to queue
[2025-11-14T22:36:32.341+0000] {logging_mixin.py:190} INFO - [2025-11-14T22:36:32.340+0000] {dagbag.py:588} INFO - Filling up the DagBag from /home/airflow/.local/lib/python3.12/site-packages/airflow/example_dags/tutorial_taskflow_api.py
[2025-11-14T22:36:32.347+0000] {processor.py:925} INFO - DAG(s) 'tutorial_taskflow_api' retrieved from /home/airflow/.local/lib/python3.12/site-packages/airflow/example_dags/tutorial_taskflow_api.py
[2025-11-14T22:36:32.359+0000] {logging_mixin.py:190} INFO - [2025-11-14T22:36:32.359+0000] {dag.py:3239} INFO - Sync 1 DAGs
[2025-11-14T22:36:32.364+0000] {logging_mixin.py:190} INFO - [2025-11-14T22:36:32.364+0000] {dag.py:4180} INFO - Setting next_dagrun for tutorial_taskflow_api to None, run_after=None
[2025-11-14T22:36:32.374+0000] {processor.py:208} INFO - Processing /home/airflow/.local/lib/python3.12/site-packages/airflow/example_dags/tutorial_taskflow_api.py took 0.041 seconds
[2025-11-14T22:37:15.918+0000] {processor.py:186} INFO - Started process (PID=62) to work on /home/airflow/.local/lib/python3.12/site-packages/airflow/example_dags/tutorial_taskflow_api.py
[2025-11-14T22:37:15.921+0000] {processor.py:914} INFO - Processing file /home/airflow/.local/lib/python3.12/site-packages/airflow/example_dags/tutorial_taskflow_api.py for tasks to queue
[2025-11-14T22:37:15.929+0000] {logging_mixin.py:190} INFO - [2025-11-14T22:37:15.929+0000] {dagbag.py:588} INFO - Filling up the DagBag from /home/airflow/.local/lib/python3.12/site-packages/airflow/example_dags/tutorial_taskflow_api.py
[2025-11-14T22:37:15.948+0000] {processor.py:925} INFO - DAG(s) 'tutorial_taskflow_api' retrieved from /home/airflow/.local/lib/python3.12/site-packages/airflow/example_dags/tutorial_taskflow_api.py
[2025-11-14T22:37:15.964+0000] {logging_mixin.py:190} INFO - [2025-11-14T22:37:15.964+0000] {dag.py:3239} INFO - Sync 1 DAGs
[2025-11-14T22:37:15.976+0000] {logging_mixin.py:190} INFO - [2025-11-14T22:37:15.976+0000] {dag.py:4180} INFO - Setting next_dagrun for tutorial_taskflow_api to None, run_after=None
[2025-11-14T22:37:15.985+0000] {processor.py:208} INFO - Processing /home/airflow/.local/lib/python3.12/site-packages/airflow/example_dags/tutorial_taskflow_api.py took 0.085 seconds
[2025-11-14T22:37:46.891+0000] {processor.py:186} INFO - Started process (PID=124) to work on /home/airflow/.local/lib/python3.12/site-packages/airflow/example_dags/tutorial_taskflow_api.py
[2025-11-14T22:37:46.892+0000] {processor.py:914} INFO - Processing file /home/airflow/.local/lib/python3.12/site-packages/airflow/example_dags/tutorial_taskflow_api.py for tasks to queue
[2025-11-14T22:37:46.893+0000] {logging_mixin.py:190} INFO - [2025-11-14T22:37:46.893+0000] {dagbag.py:588} INFO - Filling up the DagBag from /home/airflow/.local/lib/python3.12/site-packages/airflow/example_dags/tutorial_taskflow_api.py
[2025-11-14T22:37:46.898+0000] {processor.py:925} INFO - DAG(s) 'tutorial_taskflow_api' retrieved from /home/airflow/.local/lib/python3.12/site-packages/airflow/example_dags/tutorial_taskflow_api.py
[2025-11-14T22:37:46.914+0000] {logging_mixin.py:190} INFO - [2025-11-14T22:37:46.913+0000] {dag.py:3239} INFO - Sync 1 DAGs
[2025-11-14T22:37:46.923+0000] {logging_mixin.py:190} INFO - [2025-11-14T22:37:46.923+0000] {dag.py:4180} INFO - Setting next_dagrun for tutorial_taskflow_api to None, run_after=None
[2025-11-14T22:37:46.933+0000] {processor.py:208} INFO - Processing /home/airflow/.local/lib/python3.12/site-packages/airflow/example_dags/tutorial_taskflow_api.py took 0.046 seconds
