[2025-11-14T21:21:16.976+0000] {processor.py:186} INFO - Started process (PID=91) to work on /home/airflow/.local/lib/python3.12/site-packages/airflow/example_dags/tutorial.py
[2025-11-14T21:21:16.977+0000] {processor.py:914} INFO - Processing file /home/airflow/.local/lib/python3.12/site-packages/airflow/example_dags/tutorial.py for tasks to queue
[2025-11-14T21:21:16.980+0000] {logging_mixin.py:190} INFO - [2025-11-14T21:21:16.979+0000] {dagbag.py:588} INFO - Filling up the DagBag from /home/airflow/.local/lib/python3.12/site-packages/airflow/example_dags/tutorial.py
[2025-11-14T21:21:16.987+0000] {processor.py:925} INFO - DAG(s) 'tutorial' retrieved from /home/airflow/.local/lib/python3.12/site-packages/airflow/example_dags/tutorial.py
[2025-11-14T21:21:17.031+0000] {logging_mixin.py:190} INFO - [2025-11-14T21:21:17.030+0000] {override.py:1900} INFO - Created Permission View: can edit on DAG:tutorial
[2025-11-14T21:21:17.036+0000] {logging_mixin.py:190} INFO - [2025-11-14T21:21:17.036+0000] {override.py:1900} INFO - Created Permission View: can read on DAG:tutorial
[2025-11-14T21:21:17.039+0000] {logging_mixin.py:190} INFO - [2025-11-14T21:21:17.039+0000] {override.py:1900} INFO - Created Permission View: can delete on DAG:tutorial
[2025-11-14T21:21:17.041+0000] {logging_mixin.py:190} INFO - [2025-11-14T21:21:17.041+0000] {override.py:1900} INFO - Created Permission View: menu access on DAG Run:tutorial
[2025-11-14T21:21:17.043+0000] {logging_mixin.py:190} INFO - [2025-11-14T21:21:17.043+0000] {override.py:1900} INFO - Created Permission View: can delete on DAG Run:tutorial
[2025-11-14T21:21:17.047+0000] {logging_mixin.py:190} INFO - [2025-11-14T21:21:17.046+0000] {override.py:1900} INFO - Created Permission View: can read on DAG Run:tutorial
[2025-11-14T21:21:17.048+0000] {logging_mixin.py:190} INFO - [2025-11-14T21:21:17.048+0000] {override.py:1900} INFO - Created Permission View: can create on DAG Run:tutorial
[2025-11-14T21:21:17.048+0000] {logging_mixin.py:190} INFO - [2025-11-14T21:21:17.048+0000] {dag.py:3239} INFO - Sync 1 DAGs
[2025-11-14T21:21:17.054+0000] {logging_mixin.py:190} INFO - [2025-11-14T21:21:17.054+0000] {dag.py:3262} INFO - Creating ORM DAG for tutorial
[2025-11-14T21:21:17.058+0000] {logging_mixin.py:190} INFO - [2025-11-14T21:21:17.058+0000] {dag.py:4180} INFO - Setting next_dagrun for tutorial to 2025-11-13 00:00:00+00:00, run_after=2025-11-14 00:00:00+00:00
[2025-11-14T21:21:17.064+0000] {processor.py:208} INFO - Processing /home/airflow/.local/lib/python3.12/site-packages/airflow/example_dags/tutorial.py took 0.091 seconds
[2025-11-14T21:21:47.872+0000] {processor.py:186} INFO - Started process (PID=153) to work on /home/airflow/.local/lib/python3.12/site-packages/airflow/example_dags/tutorial.py
[2025-11-14T21:21:47.875+0000] {processor.py:914} INFO - Processing file /home/airflow/.local/lib/python3.12/site-packages/airflow/example_dags/tutorial.py for tasks to queue
[2025-11-14T21:21:47.877+0000] {logging_mixin.py:190} INFO - [2025-11-14T21:21:47.877+0000] {dagbag.py:588} INFO - Filling up the DagBag from /home/airflow/.local/lib/python3.12/site-packages/airflow/example_dags/tutorial.py
[2025-11-14T21:21:47.882+0000] {processor.py:925} INFO - DAG(s) 'tutorial' retrieved from /home/airflow/.local/lib/python3.12/site-packages/airflow/example_dags/tutorial.py
[2025-11-14T21:21:47.892+0000] {logging_mixin.py:190} INFO - [2025-11-14T21:21:47.892+0000] {dag.py:3239} INFO - Sync 1 DAGs
[2025-11-14T21:21:47.907+0000] {logging_mixin.py:190} INFO - [2025-11-14T21:21:47.906+0000] {dag.py:4180} INFO - Setting next_dagrun for tutorial to 2025-11-13 00:00:00+00:00, run_after=2025-11-14 00:00:00+00:00
[2025-11-14T21:21:47.915+0000] {processor.py:208} INFO - Processing /home/airflow/.local/lib/python3.12/site-packages/airflow/example_dags/tutorial.py took 0.048 seconds
[2025-11-14T21:22:18.192+0000] {processor.py:186} INFO - Started process (PID=215) to work on /home/airflow/.local/lib/python3.12/site-packages/airflow/example_dags/tutorial.py
[2025-11-14T21:22:18.192+0000] {processor.py:914} INFO - Processing file /home/airflow/.local/lib/python3.12/site-packages/airflow/example_dags/tutorial.py for tasks to queue
[2025-11-14T21:22:18.194+0000] {logging_mixin.py:190} INFO - [2025-11-14T21:22:18.194+0000] {dagbag.py:588} INFO - Filling up the DagBag from /home/airflow/.local/lib/python3.12/site-packages/airflow/example_dags/tutorial.py
[2025-11-14T21:22:18.197+0000] {processor.py:925} INFO - DAG(s) 'tutorial' retrieved from /home/airflow/.local/lib/python3.12/site-packages/airflow/example_dags/tutorial.py
[2025-11-14T21:22:18.206+0000] {logging_mixin.py:190} INFO - [2025-11-14T21:22:18.205+0000] {dag.py:3239} INFO - Sync 1 DAGs
[2025-11-14T21:22:18.216+0000] {logging_mixin.py:190} INFO - [2025-11-14T21:22:18.216+0000] {dag.py:4180} INFO - Setting next_dagrun for tutorial to 2025-11-13 00:00:00+00:00, run_after=2025-11-14 00:00:00+00:00
[2025-11-14T21:22:18.223+0000] {processor.py:208} INFO - Processing /home/airflow/.local/lib/python3.12/site-packages/airflow/example_dags/tutorial.py took 0.035 seconds
[2025-11-14T21:22:48.620+0000] {processor.py:186} INFO - Started process (PID=277) to work on /home/airflow/.local/lib/python3.12/site-packages/airflow/example_dags/tutorial.py
[2025-11-14T21:22:48.621+0000] {processor.py:914} INFO - Processing file /home/airflow/.local/lib/python3.12/site-packages/airflow/example_dags/tutorial.py for tasks to queue
[2025-11-14T21:22:48.622+0000] {logging_mixin.py:190} INFO - [2025-11-14T21:22:48.622+0000] {dagbag.py:588} INFO - Filling up the DagBag from /home/airflow/.local/lib/python3.12/site-packages/airflow/example_dags/tutorial.py
[2025-11-14T21:22:48.626+0000] {processor.py:925} INFO - DAG(s) 'tutorial' retrieved from /home/airflow/.local/lib/python3.12/site-packages/airflow/example_dags/tutorial.py
[2025-11-14T21:22:48.638+0000] {logging_mixin.py:190} INFO - [2025-11-14T21:22:48.638+0000] {dag.py:3239} INFO - Sync 1 DAGs
[2025-11-14T21:22:48.647+0000] {logging_mixin.py:190} INFO - [2025-11-14T21:22:48.647+0000] {dag.py:4180} INFO - Setting next_dagrun for tutorial to 2025-11-13 00:00:00+00:00, run_after=2025-11-14 00:00:00+00:00
[2025-11-14T21:22:48.653+0000] {processor.py:208} INFO - Processing /home/airflow/.local/lib/python3.12/site-packages/airflow/example_dags/tutorial.py took 0.038 seconds
[2025-11-14T21:23:18.765+0000] {processor.py:186} INFO - Started process (PID=339) to work on /home/airflow/.local/lib/python3.12/site-packages/airflow/example_dags/tutorial.py
[2025-11-14T21:23:18.768+0000] {processor.py:914} INFO - Processing file /home/airflow/.local/lib/python3.12/site-packages/airflow/example_dags/tutorial.py for tasks to queue
[2025-11-14T21:23:18.769+0000] {logging_mixin.py:190} INFO - [2025-11-14T21:23:18.769+0000] {dagbag.py:588} INFO - Filling up the DagBag from /home/airflow/.local/lib/python3.12/site-packages/airflow/example_dags/tutorial.py
[2025-11-14T21:23:18.772+0000] {processor.py:925} INFO - DAG(s) 'tutorial' retrieved from /home/airflow/.local/lib/python3.12/site-packages/airflow/example_dags/tutorial.py
[2025-11-14T21:23:18.782+0000] {logging_mixin.py:190} INFO - [2025-11-14T21:23:18.782+0000] {dag.py:3239} INFO - Sync 1 DAGs
[2025-11-14T21:23:18.792+0000] {logging_mixin.py:190} INFO - [2025-11-14T21:23:18.792+0000] {dag.py:4180} INFO - Setting next_dagrun for tutorial to 2025-11-13 00:00:00+00:00, run_after=2025-11-14 00:00:00+00:00
[2025-11-14T21:23:18.799+0000] {processor.py:208} INFO - Processing /home/airflow/.local/lib/python3.12/site-packages/airflow/example_dags/tutorial.py took 0.037 seconds
[2025-11-14T21:23:49.195+0000] {processor.py:186} INFO - Started process (PID=400) to work on /home/airflow/.local/lib/python3.12/site-packages/airflow/example_dags/tutorial.py
[2025-11-14T21:23:49.196+0000] {processor.py:914} INFO - Processing file /home/airflow/.local/lib/python3.12/site-packages/airflow/example_dags/tutorial.py for tasks to queue
[2025-11-14T21:23:49.198+0000] {logging_mixin.py:190} INFO - [2025-11-14T21:23:49.197+0000] {dagbag.py:588} INFO - Filling up the DagBag from /home/airflow/.local/lib/python3.12/site-packages/airflow/example_dags/tutorial.py
[2025-11-14T21:23:49.201+0000] {processor.py:925} INFO - DAG(s) 'tutorial' retrieved from /home/airflow/.local/lib/python3.12/site-packages/airflow/example_dags/tutorial.py
[2025-11-14T21:23:49.209+0000] {logging_mixin.py:190} INFO - [2025-11-14T21:23:49.209+0000] {dag.py:3239} INFO - Sync 1 DAGs
[2025-11-14T21:23:49.217+0000] {logging_mixin.py:190} INFO - [2025-11-14T21:23:49.217+0000] {dag.py:4180} INFO - Setting next_dagrun for tutorial to 2025-11-13 00:00:00+00:00, run_after=2025-11-14 00:00:00+00:00
[2025-11-14T21:23:49.224+0000] {processor.py:208} INFO - Processing /home/airflow/.local/lib/python3.12/site-packages/airflow/example_dags/tutorial.py took 0.031 seconds
[2025-11-14T21:24:19.612+0000] {processor.py:186} INFO - Started process (PID=462) to work on /home/airflow/.local/lib/python3.12/site-packages/airflow/example_dags/tutorial.py
[2025-11-14T21:24:19.614+0000] {processor.py:914} INFO - Processing file /home/airflow/.local/lib/python3.12/site-packages/airflow/example_dags/tutorial.py for tasks to queue
[2025-11-14T21:24:19.619+0000] {logging_mixin.py:190} INFO - [2025-11-14T21:24:19.619+0000] {dagbag.py:588} INFO - Filling up the DagBag from /home/airflow/.local/lib/python3.12/site-packages/airflow/example_dags/tutorial.py
[2025-11-14T21:24:19.623+0000] {processor.py:925} INFO - DAG(s) 'tutorial' retrieved from /home/airflow/.local/lib/python3.12/site-packages/airflow/example_dags/tutorial.py
[2025-11-14T21:24:19.633+0000] {logging_mixin.py:190} INFO - [2025-11-14T21:24:19.632+0000] {dag.py:3239} INFO - Sync 1 DAGs
[2025-11-14T21:24:19.644+0000] {logging_mixin.py:190} INFO - [2025-11-14T21:24:19.644+0000] {dag.py:4180} INFO - Setting next_dagrun for tutorial to 2025-11-13 00:00:00+00:00, run_after=2025-11-14 00:00:00+00:00
[2025-11-14T21:24:19.653+0000] {processor.py:208} INFO - Processing /home/airflow/.local/lib/python3.12/site-packages/airflow/example_dags/tutorial.py took 0.043 seconds
[2025-11-14T21:24:50.069+0000] {processor.py:186} INFO - Started process (PID=524) to work on /home/airflow/.local/lib/python3.12/site-packages/airflow/example_dags/tutorial.py
[2025-11-14T21:24:50.069+0000] {processor.py:914} INFO - Processing file /home/airflow/.local/lib/python3.12/site-packages/airflow/example_dags/tutorial.py for tasks to queue
[2025-11-14T21:24:50.070+0000] {logging_mixin.py:190} INFO - [2025-11-14T21:24:50.070+0000] {dagbag.py:588} INFO - Filling up the DagBag from /home/airflow/.local/lib/python3.12/site-packages/airflow/example_dags/tutorial.py
[2025-11-14T21:24:50.075+0000] {processor.py:925} INFO - DAG(s) 'tutorial' retrieved from /home/airflow/.local/lib/python3.12/site-packages/airflow/example_dags/tutorial.py
[2025-11-14T21:24:50.084+0000] {logging_mixin.py:190} INFO - [2025-11-14T21:24:50.084+0000] {dag.py:3239} INFO - Sync 1 DAGs
[2025-11-14T21:24:50.093+0000] {logging_mixin.py:190} INFO - [2025-11-14T21:24:50.093+0000] {dag.py:4180} INFO - Setting next_dagrun for tutorial to 2025-11-13 00:00:00+00:00, run_after=2025-11-14 00:00:00+00:00
[2025-11-14T21:24:50.099+0000] {processor.py:208} INFO - Processing /home/airflow/.local/lib/python3.12/site-packages/airflow/example_dags/tutorial.py took 0.033 seconds
[2025-11-14T21:25:21.053+0000] {processor.py:186} INFO - Started process (PID=586) to work on /home/airflow/.local/lib/python3.12/site-packages/airflow/example_dags/tutorial.py
[2025-11-14T21:25:21.055+0000] {processor.py:914} INFO - Processing file /home/airflow/.local/lib/python3.12/site-packages/airflow/example_dags/tutorial.py for tasks to queue
[2025-11-14T21:25:21.056+0000] {logging_mixin.py:190} INFO - [2025-11-14T21:25:21.056+0000] {dagbag.py:588} INFO - Filling up the DagBag from /home/airflow/.local/lib/python3.12/site-packages/airflow/example_dags/tutorial.py
[2025-11-14T21:25:21.060+0000] {processor.py:925} INFO - DAG(s) 'tutorial' retrieved from /home/airflow/.local/lib/python3.12/site-packages/airflow/example_dags/tutorial.py
[2025-11-14T21:25:21.068+0000] {logging_mixin.py:190} INFO - [2025-11-14T21:25:21.067+0000] {dag.py:3239} INFO - Sync 1 DAGs
[2025-11-14T21:25:21.077+0000] {logging_mixin.py:190} INFO - [2025-11-14T21:25:21.077+0000] {dag.py:4180} INFO - Setting next_dagrun for tutorial to 2025-11-13 00:00:00+00:00, run_after=2025-11-14 00:00:00+00:00
[2025-11-14T21:25:21.083+0000] {processor.py:208} INFO - Processing /home/airflow/.local/lib/python3.12/site-packages/airflow/example_dags/tutorial.py took 0.032 seconds
[2025-11-14T21:25:51.132+0000] {processor.py:186} INFO - Started process (PID=648) to work on /home/airflow/.local/lib/python3.12/site-packages/airflow/example_dags/tutorial.py
[2025-11-14T21:25:51.134+0000] {processor.py:914} INFO - Processing file /home/airflow/.local/lib/python3.12/site-packages/airflow/example_dags/tutorial.py for tasks to queue
[2025-11-14T21:25:51.138+0000] {logging_mixin.py:190} INFO - [2025-11-14T21:25:51.138+0000] {dagbag.py:588} INFO - Filling up the DagBag from /home/airflow/.local/lib/python3.12/site-packages/airflow/example_dags/tutorial.py
[2025-11-14T21:25:51.141+0000] {processor.py:925} INFO - DAG(s) 'tutorial' retrieved from /home/airflow/.local/lib/python3.12/site-packages/airflow/example_dags/tutorial.py
[2025-11-14T21:25:51.149+0000] {logging_mixin.py:190} INFO - [2025-11-14T21:25:51.149+0000] {dag.py:3239} INFO - Sync 1 DAGs
[2025-11-14T21:25:51.157+0000] {logging_mixin.py:190} INFO - [2025-11-14T21:25:51.157+0000] {dag.py:4180} INFO - Setting next_dagrun for tutorial to 2025-11-13 00:00:00+00:00, run_after=2025-11-14 00:00:00+00:00
[2025-11-14T21:25:51.163+0000] {processor.py:208} INFO - Processing /home/airflow/.local/lib/python3.12/site-packages/airflow/example_dags/tutorial.py took 0.034 seconds
[2025-11-14T21:26:21.222+0000] {processor.py:186} INFO - Started process (PID=710) to work on /home/airflow/.local/lib/python3.12/site-packages/airflow/example_dags/tutorial.py
[2025-11-14T21:26:21.225+0000] {processor.py:914} INFO - Processing file /home/airflow/.local/lib/python3.12/site-packages/airflow/example_dags/tutorial.py for tasks to queue
[2025-11-14T21:26:21.226+0000] {logging_mixin.py:190} INFO - [2025-11-14T21:26:21.226+0000] {dagbag.py:588} INFO - Filling up the DagBag from /home/airflow/.local/lib/python3.12/site-packages/airflow/example_dags/tutorial.py
[2025-11-14T21:26:21.229+0000] {processor.py:925} INFO - DAG(s) 'tutorial' retrieved from /home/airflow/.local/lib/python3.12/site-packages/airflow/example_dags/tutorial.py
[2025-11-14T21:26:21.236+0000] {logging_mixin.py:190} INFO - [2025-11-14T21:26:21.236+0000] {dag.py:3239} INFO - Sync 1 DAGs
[2025-11-14T21:26:21.244+0000] {logging_mixin.py:190} INFO - [2025-11-14T21:26:21.244+0000] {dag.py:4180} INFO - Setting next_dagrun for tutorial to 2025-11-13 00:00:00+00:00, run_after=2025-11-14 00:00:00+00:00
[2025-11-14T21:26:21.252+0000] {processor.py:208} INFO - Processing /home/airflow/.local/lib/python3.12/site-packages/airflow/example_dags/tutorial.py took 0.032 seconds
[2025-11-14T21:26:51.436+0000] {processor.py:186} INFO - Started process (PID=772) to work on /home/airflow/.local/lib/python3.12/site-packages/airflow/example_dags/tutorial.py
[2025-11-14T21:26:51.437+0000] {processor.py:914} INFO - Processing file /home/airflow/.local/lib/python3.12/site-packages/airflow/example_dags/tutorial.py for tasks to queue
[2025-11-14T21:26:51.438+0000] {logging_mixin.py:190} INFO - [2025-11-14T21:26:51.438+0000] {dagbag.py:588} INFO - Filling up the DagBag from /home/airflow/.local/lib/python3.12/site-packages/airflow/example_dags/tutorial.py
[2025-11-14T21:26:51.441+0000] {processor.py:925} INFO - DAG(s) 'tutorial' retrieved from /home/airflow/.local/lib/python3.12/site-packages/airflow/example_dags/tutorial.py
[2025-11-14T21:26:51.451+0000] {logging_mixin.py:190} INFO - [2025-11-14T21:26:51.451+0000] {dag.py:3239} INFO - Sync 1 DAGs
[2025-11-14T21:26:51.459+0000] {logging_mixin.py:190} INFO - [2025-11-14T21:26:51.459+0000] {dag.py:4180} INFO - Setting next_dagrun for tutorial to 2025-11-13 00:00:00+00:00, run_after=2025-11-14 00:00:00+00:00
[2025-11-14T21:26:51.466+0000] {processor.py:208} INFO - Processing /home/airflow/.local/lib/python3.12/site-packages/airflow/example_dags/tutorial.py took 0.033 seconds
[2025-11-14T21:27:22.446+0000] {processor.py:186} INFO - Started process (PID=834) to work on /home/airflow/.local/lib/python3.12/site-packages/airflow/example_dags/tutorial.py
[2025-11-14T21:27:22.449+0000] {processor.py:914} INFO - Processing file /home/airflow/.local/lib/python3.12/site-packages/airflow/example_dags/tutorial.py for tasks to queue
[2025-11-14T21:27:22.450+0000] {logging_mixin.py:190} INFO - [2025-11-14T21:27:22.450+0000] {dagbag.py:588} INFO - Filling up the DagBag from /home/airflow/.local/lib/python3.12/site-packages/airflow/example_dags/tutorial.py
[2025-11-14T21:27:22.454+0000] {processor.py:925} INFO - DAG(s) 'tutorial' retrieved from /home/airflow/.local/lib/python3.12/site-packages/airflow/example_dags/tutorial.py
[2025-11-14T21:27:22.461+0000] {logging_mixin.py:190} INFO - [2025-11-14T21:27:22.461+0000] {dag.py:3239} INFO - Sync 1 DAGs
[2025-11-14T21:27:22.471+0000] {logging_mixin.py:190} INFO - [2025-11-14T21:27:22.470+0000] {dag.py:4180} INFO - Setting next_dagrun for tutorial to 2025-11-13 00:00:00+00:00, run_after=2025-11-14 00:00:00+00:00
[2025-11-14T21:27:22.476+0000] {processor.py:208} INFO - Processing /home/airflow/.local/lib/python3.12/site-packages/airflow/example_dags/tutorial.py took 0.033 seconds
[2025-11-14T21:27:53.364+0000] {processor.py:186} INFO - Started process (PID=896) to work on /home/airflow/.local/lib/python3.12/site-packages/airflow/example_dags/tutorial.py
[2025-11-14T21:27:53.367+0000] {processor.py:914} INFO - Processing file /home/airflow/.local/lib/python3.12/site-packages/airflow/example_dags/tutorial.py for tasks to queue
[2025-11-14T21:27:53.368+0000] {logging_mixin.py:190} INFO - [2025-11-14T21:27:53.368+0000] {dagbag.py:588} INFO - Filling up the DagBag from /home/airflow/.local/lib/python3.12/site-packages/airflow/example_dags/tutorial.py
[2025-11-14T21:27:53.371+0000] {processor.py:925} INFO - DAG(s) 'tutorial' retrieved from /home/airflow/.local/lib/python3.12/site-packages/airflow/example_dags/tutorial.py
[2025-11-14T21:27:53.380+0000] {logging_mixin.py:190} INFO - [2025-11-14T21:27:53.379+0000] {dag.py:3239} INFO - Sync 1 DAGs
[2025-11-14T21:27:53.391+0000] {logging_mixin.py:190} INFO - [2025-11-14T21:27:53.391+0000] {dag.py:4180} INFO - Setting next_dagrun for tutorial to 2025-11-13 00:00:00+00:00, run_after=2025-11-14 00:00:00+00:00
[2025-11-14T21:27:53.397+0000] {processor.py:208} INFO - Processing /home/airflow/.local/lib/python3.12/site-packages/airflow/example_dags/tutorial.py took 0.035 seconds
[2025-11-14T21:28:24.249+0000] {processor.py:186} INFO - Started process (PID=958) to work on /home/airflow/.local/lib/python3.12/site-packages/airflow/example_dags/tutorial.py
[2025-11-14T21:28:24.249+0000] {processor.py:914} INFO - Processing file /home/airflow/.local/lib/python3.12/site-packages/airflow/example_dags/tutorial.py for tasks to queue
[2025-11-14T21:28:24.250+0000] {logging_mixin.py:190} INFO - [2025-11-14T21:28:24.250+0000] {dagbag.py:588} INFO - Filling up the DagBag from /home/airflow/.local/lib/python3.12/site-packages/airflow/example_dags/tutorial.py
[2025-11-14T21:28:24.254+0000] {processor.py:925} INFO - DAG(s) 'tutorial' retrieved from /home/airflow/.local/lib/python3.12/site-packages/airflow/example_dags/tutorial.py
[2025-11-14T21:28:24.262+0000] {logging_mixin.py:190} INFO - [2025-11-14T21:28:24.262+0000] {dag.py:3239} INFO - Sync 1 DAGs
[2025-11-14T21:28:24.271+0000] {logging_mixin.py:190} INFO - [2025-11-14T21:28:24.270+0000] {dag.py:4180} INFO - Setting next_dagrun for tutorial to 2025-11-13 00:00:00+00:00, run_after=2025-11-14 00:00:00+00:00
[2025-11-14T21:28:24.279+0000] {processor.py:208} INFO - Processing /home/airflow/.local/lib/python3.12/site-packages/airflow/example_dags/tutorial.py took 0.033 seconds
[2025-11-14T21:28:55.264+0000] {processor.py:186} INFO - Started process (PID=1020) to work on /home/airflow/.local/lib/python3.12/site-packages/airflow/example_dags/tutorial.py
[2025-11-14T21:28:55.264+0000] {processor.py:914} INFO - Processing file /home/airflow/.local/lib/python3.12/site-packages/airflow/example_dags/tutorial.py for tasks to queue
[2025-11-14T21:28:55.265+0000] {logging_mixin.py:190} INFO - [2025-11-14T21:28:55.265+0000] {dagbag.py:588} INFO - Filling up the DagBag from /home/airflow/.local/lib/python3.12/site-packages/airflow/example_dags/tutorial.py
[2025-11-14T21:28:55.268+0000] {processor.py:925} INFO - DAG(s) 'tutorial' retrieved from /home/airflow/.local/lib/python3.12/site-packages/airflow/example_dags/tutorial.py
[2025-11-14T21:28:55.275+0000] {logging_mixin.py:190} INFO - [2025-11-14T21:28:55.275+0000] {dag.py:3239} INFO - Sync 1 DAGs
[2025-11-14T21:28:55.283+0000] {logging_mixin.py:190} INFO - [2025-11-14T21:28:55.283+0000] {dag.py:4180} INFO - Setting next_dagrun for tutorial to 2025-11-13 00:00:00+00:00, run_after=2025-11-14 00:00:00+00:00
[2025-11-14T21:28:55.288+0000] {processor.py:208} INFO - Processing /home/airflow/.local/lib/python3.12/site-packages/airflow/example_dags/tutorial.py took 0.027 seconds
[2025-11-14T21:29:26.204+0000] {processor.py:186} INFO - Started process (PID=1082) to work on /home/airflow/.local/lib/python3.12/site-packages/airflow/example_dags/tutorial.py
[2025-11-14T21:29:26.207+0000] {processor.py:914} INFO - Processing file /home/airflow/.local/lib/python3.12/site-packages/airflow/example_dags/tutorial.py for tasks to queue
[2025-11-14T21:29:26.208+0000] {logging_mixin.py:190} INFO - [2025-11-14T21:29:26.208+0000] {dagbag.py:588} INFO - Filling up the DagBag from /home/airflow/.local/lib/python3.12/site-packages/airflow/example_dags/tutorial.py
[2025-11-14T21:29:26.212+0000] {processor.py:925} INFO - DAG(s) 'tutorial' retrieved from /home/airflow/.local/lib/python3.12/site-packages/airflow/example_dags/tutorial.py
[2025-11-14T21:29:26.221+0000] {logging_mixin.py:190} INFO - [2025-11-14T21:29:26.221+0000] {dag.py:3239} INFO - Sync 1 DAGs
[2025-11-14T21:29:26.229+0000] {logging_mixin.py:190} INFO - [2025-11-14T21:29:26.229+0000] {dag.py:4180} INFO - Setting next_dagrun for tutorial to 2025-11-13 00:00:00+00:00, run_after=2025-11-14 00:00:00+00:00
[2025-11-14T21:29:26.235+0000] {processor.py:208} INFO - Processing /home/airflow/.local/lib/python3.12/site-packages/airflow/example_dags/tutorial.py took 0.033 seconds
[2025-11-14T21:29:57.386+0000] {processor.py:186} INFO - Started process (PID=1144) to work on /home/airflow/.local/lib/python3.12/site-packages/airflow/example_dags/tutorial.py
[2025-11-14T21:29:57.388+0000] {processor.py:914} INFO - Processing file /home/airflow/.local/lib/python3.12/site-packages/airflow/example_dags/tutorial.py for tasks to queue
[2025-11-14T21:29:57.389+0000] {logging_mixin.py:190} INFO - [2025-11-14T21:29:57.389+0000] {dagbag.py:588} INFO - Filling up the DagBag from /home/airflow/.local/lib/python3.12/site-packages/airflow/example_dags/tutorial.py
[2025-11-14T21:29:57.394+0000] {processor.py:925} INFO - DAG(s) 'tutorial' retrieved from /home/airflow/.local/lib/python3.12/site-packages/airflow/example_dags/tutorial.py
[2025-11-14T21:29:57.404+0000] {logging_mixin.py:190} INFO - [2025-11-14T21:29:57.404+0000] {dag.py:3239} INFO - Sync 1 DAGs
[2025-11-14T21:29:57.415+0000] {logging_mixin.py:190} INFO - [2025-11-14T21:29:57.415+0000] {dag.py:4180} INFO - Setting next_dagrun for tutorial to 2025-11-13 00:00:00+00:00, run_after=2025-11-14 00:00:00+00:00
[2025-11-14T21:29:57.423+0000] {processor.py:208} INFO - Processing /home/airflow/.local/lib/python3.12/site-packages/airflow/example_dags/tutorial.py took 0.039 seconds
[2025-11-14T21:30:27.437+0000] {processor.py:186} INFO - Started process (PID=1206) to work on /home/airflow/.local/lib/python3.12/site-packages/airflow/example_dags/tutorial.py
[2025-11-14T21:30:27.438+0000] {processor.py:914} INFO - Processing file /home/airflow/.local/lib/python3.12/site-packages/airflow/example_dags/tutorial.py for tasks to queue
[2025-11-14T21:30:27.439+0000] {logging_mixin.py:190} INFO - [2025-11-14T21:30:27.439+0000] {dagbag.py:588} INFO - Filling up the DagBag from /home/airflow/.local/lib/python3.12/site-packages/airflow/example_dags/tutorial.py
[2025-11-14T21:30:27.442+0000] {processor.py:925} INFO - DAG(s) 'tutorial' retrieved from /home/airflow/.local/lib/python3.12/site-packages/airflow/example_dags/tutorial.py
[2025-11-14T21:30:27.450+0000] {logging_mixin.py:190} INFO - [2025-11-14T21:30:27.450+0000] {dag.py:3239} INFO - Sync 1 DAGs
[2025-11-14T21:30:27.458+0000] {logging_mixin.py:190} INFO - [2025-11-14T21:30:27.458+0000] {dag.py:4180} INFO - Setting next_dagrun for tutorial to 2025-11-13 00:00:00+00:00, run_after=2025-11-14 00:00:00+00:00
[2025-11-14T21:30:27.464+0000] {processor.py:208} INFO - Processing /home/airflow/.local/lib/python3.12/site-packages/airflow/example_dags/tutorial.py took 0.029 seconds
[2025-11-14T21:30:58.360+0000] {processor.py:186} INFO - Started process (PID=1268) to work on /home/airflow/.local/lib/python3.12/site-packages/airflow/example_dags/tutorial.py
[2025-11-14T21:30:58.363+0000] {processor.py:914} INFO - Processing file /home/airflow/.local/lib/python3.12/site-packages/airflow/example_dags/tutorial.py for tasks to queue
[2025-11-14T21:30:58.364+0000] {logging_mixin.py:190} INFO - [2025-11-14T21:30:58.364+0000] {dagbag.py:588} INFO - Filling up the DagBag from /home/airflow/.local/lib/python3.12/site-packages/airflow/example_dags/tutorial.py
[2025-11-14T21:30:58.367+0000] {processor.py:925} INFO - DAG(s) 'tutorial' retrieved from /home/airflow/.local/lib/python3.12/site-packages/airflow/example_dags/tutorial.py
[2025-11-14T21:30:58.376+0000] {logging_mixin.py:190} INFO - [2025-11-14T21:30:58.376+0000] {dag.py:3239} INFO - Sync 1 DAGs
[2025-11-14T21:30:58.386+0000] {logging_mixin.py:190} INFO - [2025-11-14T21:30:58.386+0000] {dag.py:4180} INFO - Setting next_dagrun for tutorial to 2025-11-13 00:00:00+00:00, run_after=2025-11-14 00:00:00+00:00
[2025-11-14T21:30:58.393+0000] {processor.py:208} INFO - Processing /home/airflow/.local/lib/python3.12/site-packages/airflow/example_dags/tutorial.py took 0.036 seconds
[2025-11-14T21:31:29.286+0000] {processor.py:186} INFO - Started process (PID=1330) to work on /home/airflow/.local/lib/python3.12/site-packages/airflow/example_dags/tutorial.py
[2025-11-14T21:31:29.287+0000] {processor.py:914} INFO - Processing file /home/airflow/.local/lib/python3.12/site-packages/airflow/example_dags/tutorial.py for tasks to queue
[2025-11-14T21:31:29.288+0000] {logging_mixin.py:190} INFO - [2025-11-14T21:31:29.288+0000] {dagbag.py:588} INFO - Filling up the DagBag from /home/airflow/.local/lib/python3.12/site-packages/airflow/example_dags/tutorial.py
[2025-11-14T21:31:29.291+0000] {processor.py:925} INFO - DAG(s) 'tutorial' retrieved from /home/airflow/.local/lib/python3.12/site-packages/airflow/example_dags/tutorial.py
[2025-11-14T21:31:29.303+0000] {logging_mixin.py:190} INFO - [2025-11-14T21:31:29.303+0000] {dag.py:3239} INFO - Sync 1 DAGs
[2025-11-14T21:31:29.311+0000] {logging_mixin.py:190} INFO - [2025-11-14T21:31:29.311+0000] {dag.py:4180} INFO - Setting next_dagrun for tutorial to 2025-11-13 00:00:00+00:00, run_after=2025-11-14 00:00:00+00:00
[2025-11-14T21:31:29.319+0000] {processor.py:208} INFO - Processing /home/airflow/.local/lib/python3.12/site-packages/airflow/example_dags/tutorial.py took 0.036 seconds
[2025-11-14T21:32:00.259+0000] {processor.py:186} INFO - Started process (PID=1392) to work on /home/airflow/.local/lib/python3.12/site-packages/airflow/example_dags/tutorial.py
[2025-11-14T21:32:00.261+0000] {processor.py:914} INFO - Processing file /home/airflow/.local/lib/python3.12/site-packages/airflow/example_dags/tutorial.py for tasks to queue
[2025-11-14T21:32:00.262+0000] {logging_mixin.py:190} INFO - [2025-11-14T21:32:00.262+0000] {dagbag.py:588} INFO - Filling up the DagBag from /home/airflow/.local/lib/python3.12/site-packages/airflow/example_dags/tutorial.py
[2025-11-14T21:32:00.268+0000] {processor.py:925} INFO - DAG(s) 'tutorial' retrieved from /home/airflow/.local/lib/python3.12/site-packages/airflow/example_dags/tutorial.py
[2025-11-14T21:32:00.277+0000] {logging_mixin.py:190} INFO - [2025-11-14T21:32:00.277+0000] {dag.py:3239} INFO - Sync 1 DAGs
[2025-11-14T21:32:00.287+0000] {logging_mixin.py:190} INFO - [2025-11-14T21:32:00.287+0000] {dag.py:4180} INFO - Setting next_dagrun for tutorial to 2025-11-13 00:00:00+00:00, run_after=2025-11-14 00:00:00+00:00
[2025-11-14T21:32:00.297+0000] {processor.py:208} INFO - Processing /home/airflow/.local/lib/python3.12/site-packages/airflow/example_dags/tutorial.py took 0.040 seconds
[2025-11-14T21:32:31.398+0000] {processor.py:186} INFO - Started process (PID=1454) to work on /home/airflow/.local/lib/python3.12/site-packages/airflow/example_dags/tutorial.py
[2025-11-14T21:32:31.399+0000] {processor.py:914} INFO - Processing file /home/airflow/.local/lib/python3.12/site-packages/airflow/example_dags/tutorial.py for tasks to queue
[2025-11-14T21:32:31.400+0000] {logging_mixin.py:190} INFO - [2025-11-14T21:32:31.400+0000] {dagbag.py:588} INFO - Filling up the DagBag from /home/airflow/.local/lib/python3.12/site-packages/airflow/example_dags/tutorial.py
[2025-11-14T21:32:31.407+0000] {processor.py:925} INFO - DAG(s) 'tutorial' retrieved from /home/airflow/.local/lib/python3.12/site-packages/airflow/example_dags/tutorial.py
[2025-11-14T21:32:31.414+0000] {logging_mixin.py:190} INFO - [2025-11-14T21:32:31.414+0000] {dag.py:3239} INFO - Sync 1 DAGs
[2025-11-14T21:32:31.423+0000] {logging_mixin.py:190} INFO - [2025-11-14T21:32:31.423+0000] {dag.py:4180} INFO - Setting next_dagrun for tutorial to 2025-11-13 00:00:00+00:00, run_after=2025-11-14 00:00:00+00:00
[2025-11-14T21:32:31.429+0000] {processor.py:208} INFO - Processing /home/airflow/.local/lib/python3.12/site-packages/airflow/example_dags/tutorial.py took 0.033 seconds
[2025-11-14T21:33:02.636+0000] {processor.py:186} INFO - Started process (PID=1516) to work on /home/airflow/.local/lib/python3.12/site-packages/airflow/example_dags/tutorial.py
[2025-11-14T21:33:02.637+0000] {processor.py:914} INFO - Processing file /home/airflow/.local/lib/python3.12/site-packages/airflow/example_dags/tutorial.py for tasks to queue
[2025-11-14T21:33:02.638+0000] {logging_mixin.py:190} INFO - [2025-11-14T21:33:02.637+0000] {dagbag.py:588} INFO - Filling up the DagBag from /home/airflow/.local/lib/python3.12/site-packages/airflow/example_dags/tutorial.py
[2025-11-14T21:33:02.641+0000] {processor.py:925} INFO - DAG(s) 'tutorial' retrieved from /home/airflow/.local/lib/python3.12/site-packages/airflow/example_dags/tutorial.py
[2025-11-14T21:33:02.650+0000] {logging_mixin.py:190} INFO - [2025-11-14T21:33:02.650+0000] {dag.py:3239} INFO - Sync 1 DAGs
[2025-11-14T21:33:02.659+0000] {logging_mixin.py:190} INFO - [2025-11-14T21:33:02.658+0000] {dag.py:4180} INFO - Setting next_dagrun for tutorial to 2025-11-13 00:00:00+00:00, run_after=2025-11-14 00:00:00+00:00
[2025-11-14T21:33:02.664+0000] {processor.py:208} INFO - Processing /home/airflow/.local/lib/python3.12/site-packages/airflow/example_dags/tutorial.py took 0.031 seconds
[2025-11-14T21:33:34.456+0000] {processor.py:186} INFO - Started process (PID=1578) to work on /home/airflow/.local/lib/python3.12/site-packages/airflow/example_dags/tutorial.py
[2025-11-14T21:33:34.456+0000] {processor.py:914} INFO - Processing file /home/airflow/.local/lib/python3.12/site-packages/airflow/example_dags/tutorial.py for tasks to queue
[2025-11-14T21:33:34.457+0000] {logging_mixin.py:190} INFO - [2025-11-14T21:33:34.457+0000] {dagbag.py:588} INFO - Filling up the DagBag from /home/airflow/.local/lib/python3.12/site-packages/airflow/example_dags/tutorial.py
[2025-11-14T21:33:34.480+0000] {processor.py:925} INFO - DAG(s) 'tutorial' retrieved from /home/airflow/.local/lib/python3.12/site-packages/airflow/example_dags/tutorial.py
[2025-11-14T21:33:34.488+0000] {logging_mixin.py:190} INFO - [2025-11-14T21:33:34.488+0000] {dag.py:3239} INFO - Sync 1 DAGs
[2025-11-14T21:33:34.496+0000] {logging_mixin.py:190} INFO - [2025-11-14T21:33:34.496+0000] {dag.py:4180} INFO - Setting next_dagrun for tutorial to 2025-11-13 00:00:00+00:00, run_after=2025-11-14 00:00:00+00:00
[2025-11-14T21:33:34.504+0000] {processor.py:208} INFO - Processing /home/airflow/.local/lib/python3.12/site-packages/airflow/example_dags/tutorial.py took 0.051 seconds
[2025-11-14T21:34:04.836+0000] {processor.py:186} INFO - Started process (PID=1640) to work on /home/airflow/.local/lib/python3.12/site-packages/airflow/example_dags/tutorial.py
[2025-11-14T21:34:04.836+0000] {processor.py:914} INFO - Processing file /home/airflow/.local/lib/python3.12/site-packages/airflow/example_dags/tutorial.py for tasks to queue
[2025-11-14T21:34:04.837+0000] {logging_mixin.py:190} INFO - [2025-11-14T21:34:04.837+0000] {dagbag.py:588} INFO - Filling up the DagBag from /home/airflow/.local/lib/python3.12/site-packages/airflow/example_dags/tutorial.py
[2025-11-14T21:34:04.841+0000] {processor.py:925} INFO - DAG(s) 'tutorial' retrieved from /home/airflow/.local/lib/python3.12/site-packages/airflow/example_dags/tutorial.py
[2025-11-14T21:34:04.848+0000] {logging_mixin.py:190} INFO - [2025-11-14T21:34:04.848+0000] {dag.py:3239} INFO - Sync 1 DAGs
[2025-11-14T21:34:04.855+0000] {logging_mixin.py:190} INFO - [2025-11-14T21:34:04.855+0000] {dag.py:4180} INFO - Setting next_dagrun for tutorial to 2025-11-13 00:00:00+00:00, run_after=2025-11-14 00:00:00+00:00
[2025-11-14T21:34:04.860+0000] {processor.py:208} INFO - Processing /home/airflow/.local/lib/python3.12/site-packages/airflow/example_dags/tutorial.py took 0.027 seconds
[2025-11-14T21:34:35.180+0000] {processor.py:186} INFO - Started process (PID=1702) to work on /home/airflow/.local/lib/python3.12/site-packages/airflow/example_dags/tutorial.py
[2025-11-14T21:34:35.180+0000] {processor.py:914} INFO - Processing file /home/airflow/.local/lib/python3.12/site-packages/airflow/example_dags/tutorial.py for tasks to queue
[2025-11-14T21:34:35.181+0000] {logging_mixin.py:190} INFO - [2025-11-14T21:34:35.181+0000] {dagbag.py:588} INFO - Filling up the DagBag from /home/airflow/.local/lib/python3.12/site-packages/airflow/example_dags/tutorial.py
[2025-11-14T21:34:35.184+0000] {processor.py:925} INFO - DAG(s) 'tutorial' retrieved from /home/airflow/.local/lib/python3.12/site-packages/airflow/example_dags/tutorial.py
[2025-11-14T21:34:35.192+0000] {logging_mixin.py:190} INFO - [2025-11-14T21:34:35.192+0000] {dag.py:3239} INFO - Sync 1 DAGs
[2025-11-14T21:34:35.204+0000] {logging_mixin.py:190} INFO - [2025-11-14T21:34:35.203+0000] {dag.py:4180} INFO - Setting next_dagrun for tutorial to 2025-11-13 00:00:00+00:00, run_after=2025-11-14 00:00:00+00:00
[2025-11-14T21:34:35.211+0000] {processor.py:208} INFO - Processing /home/airflow/.local/lib/python3.12/site-packages/airflow/example_dags/tutorial.py took 0.034 seconds
[2025-11-14T21:35:05.328+0000] {processor.py:186} INFO - Started process (PID=1764) to work on /home/airflow/.local/lib/python3.12/site-packages/airflow/example_dags/tutorial.py
[2025-11-14T21:35:05.328+0000] {processor.py:914} INFO - Processing file /home/airflow/.local/lib/python3.12/site-packages/airflow/example_dags/tutorial.py for tasks to queue
[2025-11-14T21:35:05.329+0000] {logging_mixin.py:190} INFO - [2025-11-14T21:35:05.329+0000] {dagbag.py:588} INFO - Filling up the DagBag from /home/airflow/.local/lib/python3.12/site-packages/airflow/example_dags/tutorial.py
[2025-11-14T21:35:05.332+0000] {processor.py:925} INFO - DAG(s) 'tutorial' retrieved from /home/airflow/.local/lib/python3.12/site-packages/airflow/example_dags/tutorial.py
[2025-11-14T21:35:05.341+0000] {logging_mixin.py:190} INFO - [2025-11-14T21:35:05.341+0000] {dag.py:3239} INFO - Sync 1 DAGs
[2025-11-14T21:35:05.349+0000] {logging_mixin.py:190} INFO - [2025-11-14T21:35:05.349+0000] {dag.py:4180} INFO - Setting next_dagrun for tutorial to 2025-11-13 00:00:00+00:00, run_after=2025-11-14 00:00:00+00:00
[2025-11-14T21:35:05.354+0000] {processor.py:208} INFO - Processing /home/airflow/.local/lib/python3.12/site-packages/airflow/example_dags/tutorial.py took 0.028 seconds
[2025-11-14T21:35:36.357+0000] {processor.py:186} INFO - Started process (PID=1826) to work on /home/airflow/.local/lib/python3.12/site-packages/airflow/example_dags/tutorial.py
[2025-11-14T21:35:36.358+0000] {processor.py:914} INFO - Processing file /home/airflow/.local/lib/python3.12/site-packages/airflow/example_dags/tutorial.py for tasks to queue
[2025-11-14T21:35:36.359+0000] {logging_mixin.py:190} INFO - [2025-11-14T21:35:36.359+0000] {dagbag.py:588} INFO - Filling up the DagBag from /home/airflow/.local/lib/python3.12/site-packages/airflow/example_dags/tutorial.py
[2025-11-14T21:35:36.363+0000] {processor.py:925} INFO - DAG(s) 'tutorial' retrieved from /home/airflow/.local/lib/python3.12/site-packages/airflow/example_dags/tutorial.py
[2025-11-14T21:35:36.370+0000] {logging_mixin.py:190} INFO - [2025-11-14T21:35:36.370+0000] {dag.py:3239} INFO - Sync 1 DAGs
[2025-11-14T21:35:36.378+0000] {logging_mixin.py:190} INFO - [2025-11-14T21:35:36.378+0000] {dag.py:4180} INFO - Setting next_dagrun for tutorial to 2025-11-13 00:00:00+00:00, run_after=2025-11-14 00:00:00+00:00
[2025-11-14T21:35:36.384+0000] {processor.py:208} INFO - Processing /home/airflow/.local/lib/python3.12/site-packages/airflow/example_dags/tutorial.py took 0.029 seconds
[2025-11-14T21:36:07.815+0000] {processor.py:186} INFO - Started process (PID=1888) to work on /home/airflow/.local/lib/python3.12/site-packages/airflow/example_dags/tutorial.py
[2025-11-14T21:36:07.817+0000] {processor.py:914} INFO - Processing file /home/airflow/.local/lib/python3.12/site-packages/airflow/example_dags/tutorial.py for tasks to queue
[2025-11-14T21:36:07.822+0000] {logging_mixin.py:190} INFO - [2025-11-14T21:36:07.822+0000] {dagbag.py:588} INFO - Filling up the DagBag from /home/airflow/.local/lib/python3.12/site-packages/airflow/example_dags/tutorial.py
[2025-11-14T21:36:07.826+0000] {processor.py:925} INFO - DAG(s) 'tutorial' retrieved from /home/airflow/.local/lib/python3.12/site-packages/airflow/example_dags/tutorial.py
[2025-11-14T21:36:07.835+0000] {logging_mixin.py:190} INFO - [2025-11-14T21:36:07.835+0000] {dag.py:3239} INFO - Sync 1 DAGs
[2025-11-14T21:36:07.844+0000] {logging_mixin.py:190} INFO - [2025-11-14T21:36:07.844+0000] {dag.py:4180} INFO - Setting next_dagrun for tutorial to 2025-11-13 00:00:00+00:00, run_after=2025-11-14 00:00:00+00:00
[2025-11-14T21:36:07.851+0000] {processor.py:208} INFO - Processing /home/airflow/.local/lib/python3.12/site-packages/airflow/example_dags/tutorial.py took 0.039 seconds
[2025-11-14T21:36:38.353+0000] {processor.py:186} INFO - Started process (PID=1950) to work on /home/airflow/.local/lib/python3.12/site-packages/airflow/example_dags/tutorial.py
[2025-11-14T21:36:38.354+0000] {processor.py:914} INFO - Processing file /home/airflow/.local/lib/python3.12/site-packages/airflow/example_dags/tutorial.py for tasks to queue
[2025-11-14T21:36:38.355+0000] {logging_mixin.py:190} INFO - [2025-11-14T21:36:38.355+0000] {dagbag.py:588} INFO - Filling up the DagBag from /home/airflow/.local/lib/python3.12/site-packages/airflow/example_dags/tutorial.py
[2025-11-14T21:36:38.360+0000] {processor.py:925} INFO - DAG(s) 'tutorial' retrieved from /home/airflow/.local/lib/python3.12/site-packages/airflow/example_dags/tutorial.py
[2025-11-14T21:36:38.367+0000] {logging_mixin.py:190} INFO - [2025-11-14T21:36:38.367+0000] {dag.py:3239} INFO - Sync 1 DAGs
[2025-11-14T21:36:38.376+0000] {logging_mixin.py:190} INFO - [2025-11-14T21:36:38.376+0000] {dag.py:4180} INFO - Setting next_dagrun for tutorial to 2025-11-13 00:00:00+00:00, run_after=2025-11-14 00:00:00+00:00
[2025-11-14T21:36:38.382+0000] {processor.py:208} INFO - Processing /home/airflow/.local/lib/python3.12/site-packages/airflow/example_dags/tutorial.py took 0.031 seconds
[2025-11-14T21:37:09.888+0000] {processor.py:186} INFO - Started process (PID=2012) to work on /home/airflow/.local/lib/python3.12/site-packages/airflow/example_dags/tutorial.py
[2025-11-14T21:37:09.889+0000] {processor.py:914} INFO - Processing file /home/airflow/.local/lib/python3.12/site-packages/airflow/example_dags/tutorial.py for tasks to queue
[2025-11-14T21:37:09.890+0000] {logging_mixin.py:190} INFO - [2025-11-14T21:37:09.890+0000] {dagbag.py:588} INFO - Filling up the DagBag from /home/airflow/.local/lib/python3.12/site-packages/airflow/example_dags/tutorial.py
[2025-11-14T21:37:09.896+0000] {processor.py:925} INFO - DAG(s) 'tutorial' retrieved from /home/airflow/.local/lib/python3.12/site-packages/airflow/example_dags/tutorial.py
[2025-11-14T21:37:09.904+0000] {logging_mixin.py:190} INFO - [2025-11-14T21:37:09.904+0000] {dag.py:3239} INFO - Sync 1 DAGs
[2025-11-14T21:37:09.912+0000] {logging_mixin.py:190} INFO - [2025-11-14T21:37:09.912+0000] {dag.py:4180} INFO - Setting next_dagrun for tutorial to 2025-11-13 00:00:00+00:00, run_after=2025-11-14 00:00:00+00:00
[2025-11-14T21:37:09.918+0000] {processor.py:208} INFO - Processing /home/airflow/.local/lib/python3.12/site-packages/airflow/example_dags/tutorial.py took 0.032 seconds
[2025-11-14T21:37:40.106+0000] {processor.py:186} INFO - Started process (PID=2074) to work on /home/airflow/.local/lib/python3.12/site-packages/airflow/example_dags/tutorial.py
[2025-11-14T21:37:40.106+0000] {processor.py:914} INFO - Processing file /home/airflow/.local/lib/python3.12/site-packages/airflow/example_dags/tutorial.py for tasks to queue
[2025-11-14T21:37:40.107+0000] {logging_mixin.py:190} INFO - [2025-11-14T21:37:40.107+0000] {dagbag.py:588} INFO - Filling up the DagBag from /home/airflow/.local/lib/python3.12/site-packages/airflow/example_dags/tutorial.py
[2025-11-14T21:37:40.113+0000] {processor.py:925} INFO - DAG(s) 'tutorial' retrieved from /home/airflow/.local/lib/python3.12/site-packages/airflow/example_dags/tutorial.py
[2025-11-14T21:37:40.121+0000] {logging_mixin.py:190} INFO - [2025-11-14T21:37:40.121+0000] {dag.py:3239} INFO - Sync 1 DAGs
[2025-11-14T21:37:40.130+0000] {logging_mixin.py:190} INFO - [2025-11-14T21:37:40.130+0000] {dag.py:4180} INFO - Setting next_dagrun for tutorial to 2025-11-13 00:00:00+00:00, run_after=2025-11-14 00:00:00+00:00
[2025-11-14T21:37:40.137+0000] {processor.py:208} INFO - Processing /home/airflow/.local/lib/python3.12/site-packages/airflow/example_dags/tutorial.py took 0.033 seconds
[2025-11-14T21:38:10.586+0000] {processor.py:186} INFO - Started process (PID=2136) to work on /home/airflow/.local/lib/python3.12/site-packages/airflow/example_dags/tutorial.py
[2025-11-14T21:38:10.589+0000] {processor.py:914} INFO - Processing file /home/airflow/.local/lib/python3.12/site-packages/airflow/example_dags/tutorial.py for tasks to queue
[2025-11-14T21:38:10.590+0000] {logging_mixin.py:190} INFO - [2025-11-14T21:38:10.590+0000] {dagbag.py:588} INFO - Filling up the DagBag from /home/airflow/.local/lib/python3.12/site-packages/airflow/example_dags/tutorial.py
[2025-11-14T21:38:10.594+0000] {processor.py:925} INFO - DAG(s) 'tutorial' retrieved from /home/airflow/.local/lib/python3.12/site-packages/airflow/example_dags/tutorial.py
[2025-11-14T21:38:10.602+0000] {logging_mixin.py:190} INFO - [2025-11-14T21:38:10.601+0000] {dag.py:3239} INFO - Sync 1 DAGs
[2025-11-14T21:38:10.610+0000] {logging_mixin.py:190} INFO - [2025-11-14T21:38:10.610+0000] {dag.py:4180} INFO - Setting next_dagrun for tutorial to 2025-11-13 00:00:00+00:00, run_after=2025-11-14 00:00:00+00:00
[2025-11-14T21:38:10.617+0000] {processor.py:208} INFO - Processing /home/airflow/.local/lib/python3.12/site-packages/airflow/example_dags/tutorial.py took 0.033 seconds
[2025-11-14T21:38:41.906+0000] {processor.py:186} INFO - Started process (PID=2198) to work on /home/airflow/.local/lib/python3.12/site-packages/airflow/example_dags/tutorial.py
[2025-11-14T21:38:41.907+0000] {processor.py:914} INFO - Processing file /home/airflow/.local/lib/python3.12/site-packages/airflow/example_dags/tutorial.py for tasks to queue
[2025-11-14T21:38:41.908+0000] {logging_mixin.py:190} INFO - [2025-11-14T21:38:41.908+0000] {dagbag.py:588} INFO - Filling up the DagBag from /home/airflow/.local/lib/python3.12/site-packages/airflow/example_dags/tutorial.py
[2025-11-14T21:38:41.915+0000] {processor.py:925} INFO - DAG(s) 'tutorial' retrieved from /home/airflow/.local/lib/python3.12/site-packages/airflow/example_dags/tutorial.py
[2025-11-14T21:38:41.923+0000] {logging_mixin.py:190} INFO - [2025-11-14T21:38:41.923+0000] {dag.py:3239} INFO - Sync 1 DAGs
[2025-11-14T21:38:41.933+0000] {logging_mixin.py:190} INFO - [2025-11-14T21:38:41.933+0000] {dag.py:4180} INFO - Setting next_dagrun for tutorial to 2025-11-13 00:00:00+00:00, run_after=2025-11-14 00:00:00+00:00
[2025-11-14T21:38:41.939+0000] {processor.py:208} INFO - Processing /home/airflow/.local/lib/python3.12/site-packages/airflow/example_dags/tutorial.py took 0.036 seconds
[2025-11-14T21:39:12.358+0000] {processor.py:186} INFO - Started process (PID=2260) to work on /home/airflow/.local/lib/python3.12/site-packages/airflow/example_dags/tutorial.py
[2025-11-14T21:39:12.361+0000] {processor.py:914} INFO - Processing file /home/airflow/.local/lib/python3.12/site-packages/airflow/example_dags/tutorial.py for tasks to queue
[2025-11-14T21:39:12.363+0000] {logging_mixin.py:190} INFO - [2025-11-14T21:39:12.362+0000] {dagbag.py:588} INFO - Filling up the DagBag from /home/airflow/.local/lib/python3.12/site-packages/airflow/example_dags/tutorial.py
[2025-11-14T21:39:12.366+0000] {processor.py:925} INFO - DAG(s) 'tutorial' retrieved from /home/airflow/.local/lib/python3.12/site-packages/airflow/example_dags/tutorial.py
[2025-11-14T21:39:12.374+0000] {logging_mixin.py:190} INFO - [2025-11-14T21:39:12.374+0000] {dag.py:3239} INFO - Sync 1 DAGs
[2025-11-14T21:39:12.382+0000] {logging_mixin.py:190} INFO - [2025-11-14T21:39:12.382+0000] {dag.py:4180} INFO - Setting next_dagrun for tutorial to 2025-11-13 00:00:00+00:00, run_after=2025-11-14 00:00:00+00:00
[2025-11-14T21:39:12.389+0000] {processor.py:208} INFO - Processing /home/airflow/.local/lib/python3.12/site-packages/airflow/example_dags/tutorial.py took 0.033 seconds
[2025-11-14T21:39:43.572+0000] {processor.py:186} INFO - Started process (PID=2322) to work on /home/airflow/.local/lib/python3.12/site-packages/airflow/example_dags/tutorial.py
[2025-11-14T21:39:43.575+0000] {processor.py:914} INFO - Processing file /home/airflow/.local/lib/python3.12/site-packages/airflow/example_dags/tutorial.py for tasks to queue
[2025-11-14T21:39:43.577+0000] {logging_mixin.py:190} INFO - [2025-11-14T21:39:43.576+0000] {dagbag.py:588} INFO - Filling up the DagBag from /home/airflow/.local/lib/python3.12/site-packages/airflow/example_dags/tutorial.py
[2025-11-14T21:39:43.580+0000] {processor.py:925} INFO - DAG(s) 'tutorial' retrieved from /home/airflow/.local/lib/python3.12/site-packages/airflow/example_dags/tutorial.py
[2025-11-14T21:39:43.591+0000] {logging_mixin.py:190} INFO - [2025-11-14T21:39:43.591+0000] {dag.py:3239} INFO - Sync 1 DAGs
[2025-11-14T21:39:43.601+0000] {logging_mixin.py:190} INFO - [2025-11-14T21:39:43.601+0000] {dag.py:4180} INFO - Setting next_dagrun for tutorial to 2025-11-13 00:00:00+00:00, run_after=2025-11-14 00:00:00+00:00
[2025-11-14T21:39:43.609+0000] {processor.py:208} INFO - Processing /home/airflow/.local/lib/python3.12/site-packages/airflow/example_dags/tutorial.py took 0.039 seconds
[2025-11-14T21:40:14.140+0000] {processor.py:186} INFO - Started process (PID=2384) to work on /home/airflow/.local/lib/python3.12/site-packages/airflow/example_dags/tutorial.py
[2025-11-14T21:40:14.143+0000] {processor.py:914} INFO - Processing file /home/airflow/.local/lib/python3.12/site-packages/airflow/example_dags/tutorial.py for tasks to queue
[2025-11-14T21:40:14.144+0000] {logging_mixin.py:190} INFO - [2025-11-14T21:40:14.144+0000] {dagbag.py:588} INFO - Filling up the DagBag from /home/airflow/.local/lib/python3.12/site-packages/airflow/example_dags/tutorial.py
[2025-11-14T21:40:14.148+0000] {processor.py:925} INFO - DAG(s) 'tutorial' retrieved from /home/airflow/.local/lib/python3.12/site-packages/airflow/example_dags/tutorial.py
[2025-11-14T21:40:14.155+0000] {logging_mixin.py:190} INFO - [2025-11-14T21:40:14.155+0000] {dag.py:3239} INFO - Sync 1 DAGs
[2025-11-14T21:40:14.164+0000] {logging_mixin.py:190} INFO - [2025-11-14T21:40:14.164+0000] {dag.py:4180} INFO - Setting next_dagrun for tutorial to 2025-11-13 00:00:00+00:00, run_after=2025-11-14 00:00:00+00:00
[2025-11-14T21:40:14.170+0000] {processor.py:208} INFO - Processing /home/airflow/.local/lib/python3.12/site-packages/airflow/example_dags/tutorial.py took 0.033 seconds
[2025-11-14T21:40:45.468+0000] {processor.py:186} INFO - Started process (PID=2446) to work on /home/airflow/.local/lib/python3.12/site-packages/airflow/example_dags/tutorial.py
[2025-11-14T21:40:45.471+0000] {processor.py:914} INFO - Processing file /home/airflow/.local/lib/python3.12/site-packages/airflow/example_dags/tutorial.py for tasks to queue
[2025-11-14T21:40:45.473+0000] {logging_mixin.py:190} INFO - [2025-11-14T21:40:45.472+0000] {dagbag.py:588} INFO - Filling up the DagBag from /home/airflow/.local/lib/python3.12/site-packages/airflow/example_dags/tutorial.py
[2025-11-14T21:40:45.476+0000] {processor.py:925} INFO - DAG(s) 'tutorial' retrieved from /home/airflow/.local/lib/python3.12/site-packages/airflow/example_dags/tutorial.py
[2025-11-14T21:40:45.485+0000] {logging_mixin.py:190} INFO - [2025-11-14T21:40:45.485+0000] {dag.py:3239} INFO - Sync 1 DAGs
[2025-11-14T21:40:45.498+0000] {logging_mixin.py:190} INFO - [2025-11-14T21:40:45.497+0000] {dag.py:4180} INFO - Setting next_dagrun for tutorial to 2025-11-13 00:00:00+00:00, run_after=2025-11-14 00:00:00+00:00
[2025-11-14T21:40:45.504+0000] {processor.py:208} INFO - Processing /home/airflow/.local/lib/python3.12/site-packages/airflow/example_dags/tutorial.py took 0.038 seconds
[2025-11-14T21:41:16.575+0000] {processor.py:186} INFO - Started process (PID=2508) to work on /home/airflow/.local/lib/python3.12/site-packages/airflow/example_dags/tutorial.py
[2025-11-14T21:41:16.576+0000] {processor.py:914} INFO - Processing file /home/airflow/.local/lib/python3.12/site-packages/airflow/example_dags/tutorial.py for tasks to queue
[2025-11-14T21:41:16.577+0000] {logging_mixin.py:190} INFO - [2025-11-14T21:41:16.577+0000] {dagbag.py:588} INFO - Filling up the DagBag from /home/airflow/.local/lib/python3.12/site-packages/airflow/example_dags/tutorial.py
[2025-11-14T21:41:16.581+0000] {processor.py:925} INFO - DAG(s) 'tutorial' retrieved from /home/airflow/.local/lib/python3.12/site-packages/airflow/example_dags/tutorial.py
[2025-11-14T21:41:16.593+0000] {logging_mixin.py:190} INFO - [2025-11-14T21:41:16.593+0000] {dag.py:3239} INFO - Sync 1 DAGs
[2025-11-14T21:41:16.607+0000] {logging_mixin.py:190} INFO - [2025-11-14T21:41:16.606+0000] {dag.py:4180} INFO - Setting next_dagrun for tutorial to 2025-11-13 00:00:00+00:00, run_after=2025-11-14 00:00:00+00:00
[2025-11-14T21:41:16.616+0000] {processor.py:208} INFO - Processing /home/airflow/.local/lib/python3.12/site-packages/airflow/example_dags/tutorial.py took 0.044 seconds
[2025-11-14T21:41:48.181+0000] {processor.py:186} INFO - Started process (PID=2570) to work on /home/airflow/.local/lib/python3.12/site-packages/airflow/example_dags/tutorial.py
[2025-11-14T21:41:48.181+0000] {processor.py:914} INFO - Processing file /home/airflow/.local/lib/python3.12/site-packages/airflow/example_dags/tutorial.py for tasks to queue
[2025-11-14T21:41:48.182+0000] {logging_mixin.py:190} INFO - [2025-11-14T21:41:48.182+0000] {dagbag.py:588} INFO - Filling up the DagBag from /home/airflow/.local/lib/python3.12/site-packages/airflow/example_dags/tutorial.py
[2025-11-14T21:41:48.186+0000] {processor.py:925} INFO - DAG(s) 'tutorial' retrieved from /home/airflow/.local/lib/python3.12/site-packages/airflow/example_dags/tutorial.py
[2025-11-14T21:41:48.197+0000] {logging_mixin.py:190} INFO - [2025-11-14T21:41:48.197+0000] {dag.py:3239} INFO - Sync 1 DAGs
[2025-11-14T21:41:48.208+0000] {logging_mixin.py:190} INFO - [2025-11-14T21:41:48.208+0000] {dag.py:4180} INFO - Setting next_dagrun for tutorial to 2025-11-13 00:00:00+00:00, run_after=2025-11-14 00:00:00+00:00
[2025-11-14T21:41:48.219+0000] {processor.py:208} INFO - Processing /home/airflow/.local/lib/python3.12/site-packages/airflow/example_dags/tutorial.py took 0.040 seconds
[2025-11-14T21:42:19.253+0000] {processor.py:186} INFO - Started process (PID=2638) to work on /home/airflow/.local/lib/python3.12/site-packages/airflow/example_dags/tutorial.py
[2025-11-14T21:42:19.254+0000] {processor.py:914} INFO - Processing file /home/airflow/.local/lib/python3.12/site-packages/airflow/example_dags/tutorial.py for tasks to queue
[2025-11-14T21:42:19.256+0000] {logging_mixin.py:190} INFO - [2025-11-14T21:42:19.256+0000] {dagbag.py:588} INFO - Filling up the DagBag from /home/airflow/.local/lib/python3.12/site-packages/airflow/example_dags/tutorial.py
[2025-11-14T21:42:19.259+0000] {processor.py:925} INFO - DAG(s) 'tutorial' retrieved from /home/airflow/.local/lib/python3.12/site-packages/airflow/example_dags/tutorial.py
[2025-11-14T21:42:19.270+0000] {logging_mixin.py:190} INFO - [2025-11-14T21:42:19.270+0000] {dag.py:3239} INFO - Sync 1 DAGs
[2025-11-14T21:42:19.279+0000] {logging_mixin.py:190} INFO - [2025-11-14T21:42:19.279+0000] {dag.py:4180} INFO - Setting next_dagrun for tutorial to 2025-11-13 00:00:00+00:00, run_after=2025-11-14 00:00:00+00:00
[2025-11-14T21:42:19.287+0000] {processor.py:208} INFO - Processing /home/airflow/.local/lib/python3.12/site-packages/airflow/example_dags/tutorial.py took 0.036 seconds
[2025-11-14T21:42:50.700+0000] {processor.py:186} INFO - Started process (PID=2700) to work on /home/airflow/.local/lib/python3.12/site-packages/airflow/example_dags/tutorial.py
[2025-11-14T21:42:50.702+0000] {processor.py:914} INFO - Processing file /home/airflow/.local/lib/python3.12/site-packages/airflow/example_dags/tutorial.py for tasks to queue
[2025-11-14T21:42:50.705+0000] {logging_mixin.py:190} INFO - [2025-11-14T21:42:50.705+0000] {dagbag.py:588} INFO - Filling up the DagBag from /home/airflow/.local/lib/python3.12/site-packages/airflow/example_dags/tutorial.py
[2025-11-14T21:42:50.713+0000] {processor.py:925} INFO - DAG(s) 'tutorial' retrieved from /home/airflow/.local/lib/python3.12/site-packages/airflow/example_dags/tutorial.py
[2025-11-14T21:42:50.749+0000] {logging_mixin.py:190} INFO - [2025-11-14T21:42:50.749+0000] {dag.py:3239} INFO - Sync 1 DAGs
[2025-11-14T21:42:50.778+0000] {logging_mixin.py:190} INFO - [2025-11-14T21:42:50.778+0000] {dag.py:4180} INFO - Setting next_dagrun for tutorial to 2025-11-13 00:00:00+00:00, run_after=2025-11-14 00:00:00+00:00
[2025-11-14T21:42:50.875+0000] {processor.py:208} INFO - Processing /home/airflow/.local/lib/python3.12/site-packages/airflow/example_dags/tutorial.py took 0.181 seconds
[2025-11-14T21:43:21.797+0000] {processor.py:186} INFO - Started process (PID=2762) to work on /home/airflow/.local/lib/python3.12/site-packages/airflow/example_dags/tutorial.py
[2025-11-14T21:43:21.798+0000] {processor.py:914} INFO - Processing file /home/airflow/.local/lib/python3.12/site-packages/airflow/example_dags/tutorial.py for tasks to queue
[2025-11-14T21:43:21.799+0000] {logging_mixin.py:190} INFO - [2025-11-14T21:43:21.799+0000] {dagbag.py:588} INFO - Filling up the DagBag from /home/airflow/.local/lib/python3.12/site-packages/airflow/example_dags/tutorial.py
[2025-11-14T21:43:21.803+0000] {processor.py:925} INFO - DAG(s) 'tutorial' retrieved from /home/airflow/.local/lib/python3.12/site-packages/airflow/example_dags/tutorial.py
[2025-11-14T21:43:21.811+0000] {logging_mixin.py:190} INFO - [2025-11-14T21:43:21.811+0000] {dag.py:3239} INFO - Sync 1 DAGs
[2025-11-14T21:43:21.822+0000] {logging_mixin.py:190} INFO - [2025-11-14T21:43:21.822+0000] {dag.py:4180} INFO - Setting next_dagrun for tutorial to 2025-11-13 00:00:00+00:00, run_after=2025-11-14 00:00:00+00:00
[2025-11-14T21:43:21.831+0000] {processor.py:208} INFO - Processing /home/airflow/.local/lib/python3.12/site-packages/airflow/example_dags/tutorial.py took 0.036 seconds
[2025-11-14T21:43:52.650+0000] {processor.py:186} INFO - Started process (PID=2824) to work on /home/airflow/.local/lib/python3.12/site-packages/airflow/example_dags/tutorial.py
[2025-11-14T21:43:52.651+0000] {processor.py:914} INFO - Processing file /home/airflow/.local/lib/python3.12/site-packages/airflow/example_dags/tutorial.py for tasks to queue
[2025-11-14T21:43:52.653+0000] {logging_mixin.py:190} INFO - [2025-11-14T21:43:52.653+0000] {dagbag.py:588} INFO - Filling up the DagBag from /home/airflow/.local/lib/python3.12/site-packages/airflow/example_dags/tutorial.py
[2025-11-14T21:43:52.658+0000] {processor.py:925} INFO - DAG(s) 'tutorial' retrieved from /home/airflow/.local/lib/python3.12/site-packages/airflow/example_dags/tutorial.py
[2025-11-14T21:43:52.669+0000] {logging_mixin.py:190} INFO - [2025-11-14T21:43:52.669+0000] {dag.py:3239} INFO - Sync 1 DAGs
[2025-11-14T21:43:52.679+0000] {logging_mixin.py:190} INFO - [2025-11-14T21:43:52.679+0000] {dag.py:4180} INFO - Setting next_dagrun for tutorial to 2025-11-13 00:00:00+00:00, run_after=2025-11-14 00:00:00+00:00
[2025-11-14T21:43:52.690+0000] {processor.py:208} INFO - Processing /home/airflow/.local/lib/python3.12/site-packages/airflow/example_dags/tutorial.py took 0.044 seconds
[2025-11-14T21:44:23.288+0000] {processor.py:186} INFO - Started process (PID=2886) to work on /home/airflow/.local/lib/python3.12/site-packages/airflow/example_dags/tutorial.py
[2025-11-14T21:44:23.291+0000] {processor.py:914} INFO - Processing file /home/airflow/.local/lib/python3.12/site-packages/airflow/example_dags/tutorial.py for tasks to queue
[2025-11-14T21:44:23.292+0000] {logging_mixin.py:190} INFO - [2025-11-14T21:44:23.292+0000] {dagbag.py:588} INFO - Filling up the DagBag from /home/airflow/.local/lib/python3.12/site-packages/airflow/example_dags/tutorial.py
[2025-11-14T21:44:23.297+0000] {processor.py:925} INFO - DAG(s) 'tutorial' retrieved from /home/airflow/.local/lib/python3.12/site-packages/airflow/example_dags/tutorial.py
[2025-11-14T21:44:23.307+0000] {logging_mixin.py:190} INFO - [2025-11-14T21:44:23.307+0000] {dag.py:3239} INFO - Sync 1 DAGs
[2025-11-14T21:44:23.320+0000] {logging_mixin.py:190} INFO - [2025-11-14T21:44:23.320+0000] {dag.py:4180} INFO - Setting next_dagrun for tutorial to 2025-11-13 00:00:00+00:00, run_after=2025-11-14 00:00:00+00:00
[2025-11-14T21:44:23.335+0000] {processor.py:208} INFO - Processing /home/airflow/.local/lib/python3.12/site-packages/airflow/example_dags/tutorial.py took 0.050 seconds
[2025-11-14T21:44:55.187+0000] {processor.py:186} INFO - Started process (PID=2948) to work on /home/airflow/.local/lib/python3.12/site-packages/airflow/example_dags/tutorial.py
[2025-11-14T21:44:55.189+0000] {processor.py:914} INFO - Processing file /home/airflow/.local/lib/python3.12/site-packages/airflow/example_dags/tutorial.py for tasks to queue
[2025-11-14T21:44:55.193+0000] {logging_mixin.py:190} INFO - [2025-11-14T21:44:55.193+0000] {dagbag.py:588} INFO - Filling up the DagBag from /home/airflow/.local/lib/python3.12/site-packages/airflow/example_dags/tutorial.py
[2025-11-14T21:44:55.198+0000] {processor.py:925} INFO - DAG(s) 'tutorial' retrieved from /home/airflow/.local/lib/python3.12/site-packages/airflow/example_dags/tutorial.py
[2025-11-14T21:44:55.207+0000] {logging_mixin.py:190} INFO - [2025-11-14T21:44:55.207+0000] {dag.py:3239} INFO - Sync 1 DAGs
[2025-11-14T21:44:55.218+0000] {logging_mixin.py:190} INFO - [2025-11-14T21:44:55.218+0000] {dag.py:4180} INFO - Setting next_dagrun for tutorial to 2025-11-13 00:00:00+00:00, run_after=2025-11-14 00:00:00+00:00
[2025-11-14T21:44:55.238+0000] {processor.py:208} INFO - Processing /home/airflow/.local/lib/python3.12/site-packages/airflow/example_dags/tutorial.py took 0.055 seconds
[2025-11-14T21:45:25.661+0000] {processor.py:186} INFO - Started process (PID=3010) to work on /home/airflow/.local/lib/python3.12/site-packages/airflow/example_dags/tutorial.py
[2025-11-14T21:45:25.663+0000] {processor.py:914} INFO - Processing file /home/airflow/.local/lib/python3.12/site-packages/airflow/example_dags/tutorial.py for tasks to queue
[2025-11-14T21:45:25.664+0000] {logging_mixin.py:190} INFO - [2025-11-14T21:45:25.664+0000] {dagbag.py:588} INFO - Filling up the DagBag from /home/airflow/.local/lib/python3.12/site-packages/airflow/example_dags/tutorial.py
[2025-11-14T21:45:25.669+0000] {processor.py:925} INFO - DAG(s) 'tutorial' retrieved from /home/airflow/.local/lib/python3.12/site-packages/airflow/example_dags/tutorial.py
[2025-11-14T21:45:25.679+0000] {logging_mixin.py:190} INFO - [2025-11-14T21:45:25.679+0000] {dag.py:3239} INFO - Sync 1 DAGs
[2025-11-14T21:45:25.801+0000] {logging_mixin.py:190} INFO - [2025-11-14T21:45:25.801+0000] {dag.py:4180} INFO - Setting next_dagrun for tutorial to 2025-11-13 00:00:00+00:00, run_after=2025-11-14 00:00:00+00:00
[2025-11-14T21:45:25.810+0000] {processor.py:208} INFO - Processing /home/airflow/.local/lib/python3.12/site-packages/airflow/example_dags/tutorial.py took 0.152 seconds
[2025-11-14T21:45:56.768+0000] {processor.py:186} INFO - Started process (PID=3072) to work on /home/airflow/.local/lib/python3.12/site-packages/airflow/example_dags/tutorial.py
[2025-11-14T21:45:56.769+0000] {processor.py:914} INFO - Processing file /home/airflow/.local/lib/python3.12/site-packages/airflow/example_dags/tutorial.py for tasks to queue
[2025-11-14T21:45:56.771+0000] {logging_mixin.py:190} INFO - [2025-11-14T21:45:56.771+0000] {dagbag.py:588} INFO - Filling up the DagBag from /home/airflow/.local/lib/python3.12/site-packages/airflow/example_dags/tutorial.py
[2025-11-14T21:45:56.776+0000] {processor.py:925} INFO - DAG(s) 'tutorial' retrieved from /home/airflow/.local/lib/python3.12/site-packages/airflow/example_dags/tutorial.py
[2025-11-14T21:45:56.786+0000] {logging_mixin.py:190} INFO - [2025-11-14T21:45:56.786+0000] {dag.py:3239} INFO - Sync 1 DAGs
[2025-11-14T21:45:56.800+0000] {logging_mixin.py:190} INFO - [2025-11-14T21:45:56.800+0000] {dag.py:4180} INFO - Setting next_dagrun for tutorial to 2025-11-13 00:00:00+00:00, run_after=2025-11-14 00:00:00+00:00
[2025-11-14T21:45:56.817+0000] {processor.py:208} INFO - Processing /home/airflow/.local/lib/python3.12/site-packages/airflow/example_dags/tutorial.py took 0.052 seconds
[2025-11-14T21:46:27.650+0000] {processor.py:186} INFO - Started process (PID=3134) to work on /home/airflow/.local/lib/python3.12/site-packages/airflow/example_dags/tutorial.py
[2025-11-14T21:46:27.651+0000] {processor.py:914} INFO - Processing file /home/airflow/.local/lib/python3.12/site-packages/airflow/example_dags/tutorial.py for tasks to queue
[2025-11-14T21:46:27.653+0000] {logging_mixin.py:190} INFO - [2025-11-14T21:46:27.653+0000] {dagbag.py:588} INFO - Filling up the DagBag from /home/airflow/.local/lib/python3.12/site-packages/airflow/example_dags/tutorial.py
[2025-11-14T21:46:27.657+0000] {processor.py:925} INFO - DAG(s) 'tutorial' retrieved from /home/airflow/.local/lib/python3.12/site-packages/airflow/example_dags/tutorial.py
[2025-11-14T21:46:27.663+0000] {logging_mixin.py:190} INFO - [2025-11-14T21:46:27.663+0000] {dag.py:3239} INFO - Sync 1 DAGs
[2025-11-14T21:46:27.672+0000] {logging_mixin.py:190} INFO - [2025-11-14T21:46:27.672+0000] {dag.py:4180} INFO - Setting next_dagrun for tutorial to 2025-11-13 00:00:00+00:00, run_after=2025-11-14 00:00:00+00:00
[2025-11-14T21:46:27.680+0000] {processor.py:208} INFO - Processing /home/airflow/.local/lib/python3.12/site-packages/airflow/example_dags/tutorial.py took 0.032 seconds
[2025-11-14T21:46:58.995+0000] {processor.py:186} INFO - Started process (PID=3196) to work on /home/airflow/.local/lib/python3.12/site-packages/airflow/example_dags/tutorial.py
[2025-11-14T21:46:58.998+0000] {processor.py:914} INFO - Processing file /home/airflow/.local/lib/python3.12/site-packages/airflow/example_dags/tutorial.py for tasks to queue
[2025-11-14T21:46:58.999+0000] {logging_mixin.py:190} INFO - [2025-11-14T21:46:58.999+0000] {dagbag.py:588} INFO - Filling up the DagBag from /home/airflow/.local/lib/python3.12/site-packages/airflow/example_dags/tutorial.py
[2025-11-14T21:46:59.002+0000] {processor.py:925} INFO - DAG(s) 'tutorial' retrieved from /home/airflow/.local/lib/python3.12/site-packages/airflow/example_dags/tutorial.py
[2025-11-14T21:46:59.010+0000] {logging_mixin.py:190} INFO - [2025-11-14T21:46:59.010+0000] {dag.py:3239} INFO - Sync 1 DAGs
[2025-11-14T21:46:59.019+0000] {logging_mixin.py:190} INFO - [2025-11-14T21:46:59.019+0000] {dag.py:4180} INFO - Setting next_dagrun for tutorial to 2025-11-13 00:00:00+00:00, run_after=2025-11-14 00:00:00+00:00
[2025-11-14T21:46:59.024+0000] {processor.py:208} INFO - Processing /home/airflow/.local/lib/python3.12/site-packages/airflow/example_dags/tutorial.py took 0.032 seconds
[2025-11-14T21:47:31.978+0000] {processor.py:186} INFO - Started process (PID=3258) to work on /home/airflow/.local/lib/python3.12/site-packages/airflow/example_dags/tutorial.py
[2025-11-14T21:47:31.979+0000] {processor.py:914} INFO - Processing file /home/airflow/.local/lib/python3.12/site-packages/airflow/example_dags/tutorial.py for tasks to queue
[2025-11-14T21:47:31.985+0000] {logging_mixin.py:190} INFO - [2025-11-14T21:47:31.984+0000] {dagbag.py:588} INFO - Filling up the DagBag from /home/airflow/.local/lib/python3.12/site-packages/airflow/example_dags/tutorial.py
[2025-11-14T21:47:32.000+0000] {processor.py:925} INFO - DAG(s) 'tutorial' retrieved from /home/airflow/.local/lib/python3.12/site-packages/airflow/example_dags/tutorial.py
[2025-11-14T21:47:32.148+0000] {logging_mixin.py:190} INFO - [2025-11-14T21:47:32.148+0000] {dag.py:3239} INFO - Sync 1 DAGs
[2025-11-14T21:47:32.155+0000] {logging_mixin.py:190} INFO - [2025-11-14T21:47:32.155+0000] {dag.py:4180} INFO - Setting next_dagrun for tutorial to 2025-11-13 00:00:00+00:00, run_after=2025-11-14 00:00:00+00:00
[2025-11-14T21:47:32.161+0000] {processor.py:208} INFO - Processing /home/airflow/.local/lib/python3.12/site-packages/airflow/example_dags/tutorial.py took 0.191 seconds
[2025-11-14T21:48:03.044+0000] {processor.py:186} INFO - Started process (PID=3320) to work on /home/airflow/.local/lib/python3.12/site-packages/airflow/example_dags/tutorial.py
[2025-11-14T21:48:03.045+0000] {processor.py:914} INFO - Processing file /home/airflow/.local/lib/python3.12/site-packages/airflow/example_dags/tutorial.py for tasks to queue
[2025-11-14T21:48:03.047+0000] {logging_mixin.py:190} INFO - [2025-11-14T21:48:03.047+0000] {dagbag.py:588} INFO - Filling up the DagBag from /home/airflow/.local/lib/python3.12/site-packages/airflow/example_dags/tutorial.py
[2025-11-14T21:48:03.054+0000] {processor.py:925} INFO - DAG(s) 'tutorial' retrieved from /home/airflow/.local/lib/python3.12/site-packages/airflow/example_dags/tutorial.py
[2025-11-14T21:48:03.065+0000] {logging_mixin.py:190} INFO - [2025-11-14T21:48:03.064+0000] {dag.py:3239} INFO - Sync 1 DAGs
[2025-11-14T21:48:03.162+0000] {logging_mixin.py:190} INFO - [2025-11-14T21:48:03.161+0000] {dag.py:4180} INFO - Setting next_dagrun for tutorial to 2025-11-13 00:00:00+00:00, run_after=2025-11-14 00:00:00+00:00
[2025-11-14T21:48:03.167+0000] {processor.py:208} INFO - Processing /home/airflow/.local/lib/python3.12/site-packages/airflow/example_dags/tutorial.py took 0.126 seconds
[2025-11-14T21:48:34.025+0000] {processor.py:186} INFO - Started process (PID=3382) to work on /home/airflow/.local/lib/python3.12/site-packages/airflow/example_dags/tutorial.py
[2025-11-14T21:48:34.026+0000] {processor.py:914} INFO - Processing file /home/airflow/.local/lib/python3.12/site-packages/airflow/example_dags/tutorial.py for tasks to queue
[2025-11-14T21:48:34.027+0000] {logging_mixin.py:190} INFO - [2025-11-14T21:48:34.027+0000] {dagbag.py:588} INFO - Filling up the DagBag from /home/airflow/.local/lib/python3.12/site-packages/airflow/example_dags/tutorial.py
[2025-11-14T21:48:34.031+0000] {processor.py:925} INFO - DAG(s) 'tutorial' retrieved from /home/airflow/.local/lib/python3.12/site-packages/airflow/example_dags/tutorial.py
[2025-11-14T21:48:34.041+0000] {logging_mixin.py:190} INFO - [2025-11-14T21:48:34.041+0000] {dag.py:3239} INFO - Sync 1 DAGs
[2025-11-14T21:48:34.049+0000] {logging_mixin.py:190} INFO - [2025-11-14T21:48:34.049+0000] {dag.py:4180} INFO - Setting next_dagrun for tutorial to 2025-11-13 00:00:00+00:00, run_after=2025-11-14 00:00:00+00:00
[2025-11-14T21:48:34.061+0000] {processor.py:208} INFO - Processing /home/airflow/.local/lib/python3.12/site-packages/airflow/example_dags/tutorial.py took 0.039 seconds
[2025-11-14T21:49:05.087+0000] {processor.py:186} INFO - Started process (PID=3444) to work on /home/airflow/.local/lib/python3.12/site-packages/airflow/example_dags/tutorial.py
[2025-11-14T21:49:05.087+0000] {processor.py:914} INFO - Processing file /home/airflow/.local/lib/python3.12/site-packages/airflow/example_dags/tutorial.py for tasks to queue
[2025-11-14T21:49:05.088+0000] {logging_mixin.py:190} INFO - [2025-11-14T21:49:05.088+0000] {dagbag.py:588} INFO - Filling up the DagBag from /home/airflow/.local/lib/python3.12/site-packages/airflow/example_dags/tutorial.py
[2025-11-14T21:49:05.092+0000] {processor.py:925} INFO - DAG(s) 'tutorial' retrieved from /home/airflow/.local/lib/python3.12/site-packages/airflow/example_dags/tutorial.py
[2025-11-14T21:49:05.100+0000] {logging_mixin.py:190} INFO - [2025-11-14T21:49:05.100+0000] {dag.py:3239} INFO - Sync 1 DAGs
[2025-11-14T21:49:05.108+0000] {logging_mixin.py:190} INFO - [2025-11-14T21:49:05.108+0000] {dag.py:4180} INFO - Setting next_dagrun for tutorial to 2025-11-13 00:00:00+00:00, run_after=2025-11-14 00:00:00+00:00
[2025-11-14T21:49:05.114+0000] {processor.py:208} INFO - Processing /home/airflow/.local/lib/python3.12/site-packages/airflow/example_dags/tutorial.py took 0.029 seconds
[2025-11-14T21:49:35.231+0000] {processor.py:186} INFO - Started process (PID=3506) to work on /home/airflow/.local/lib/python3.12/site-packages/airflow/example_dags/tutorial.py
[2025-11-14T21:49:35.232+0000] {processor.py:914} INFO - Processing file /home/airflow/.local/lib/python3.12/site-packages/airflow/example_dags/tutorial.py for tasks to queue
[2025-11-14T21:49:35.233+0000] {logging_mixin.py:190} INFO - [2025-11-14T21:49:35.233+0000] {dagbag.py:588} INFO - Filling up the DagBag from /home/airflow/.local/lib/python3.12/site-packages/airflow/example_dags/tutorial.py
[2025-11-14T21:49:35.237+0000] {processor.py:925} INFO - DAG(s) 'tutorial' retrieved from /home/airflow/.local/lib/python3.12/site-packages/airflow/example_dags/tutorial.py
[2025-11-14T21:49:35.248+0000] {logging_mixin.py:190} INFO - [2025-11-14T21:49:35.248+0000] {dag.py:3239} INFO - Sync 1 DAGs
[2025-11-14T21:49:35.266+0000] {logging_mixin.py:190} INFO - [2025-11-14T21:49:35.265+0000] {dag.py:4180} INFO - Setting next_dagrun for tutorial to 2025-11-13 00:00:00+00:00, run_after=2025-11-14 00:00:00+00:00
[2025-11-14T21:49:35.279+0000] {processor.py:208} INFO - Processing /home/airflow/.local/lib/python3.12/site-packages/airflow/example_dags/tutorial.py took 0.051 seconds
[2025-11-14T21:50:05.487+0000] {processor.py:186} INFO - Started process (PID=3568) to work on /home/airflow/.local/lib/python3.12/site-packages/airflow/example_dags/tutorial.py
[2025-11-14T21:50:05.487+0000] {processor.py:914} INFO - Processing file /home/airflow/.local/lib/python3.12/site-packages/airflow/example_dags/tutorial.py for tasks to queue
[2025-11-14T21:50:05.488+0000] {logging_mixin.py:190} INFO - [2025-11-14T21:50:05.488+0000] {dagbag.py:588} INFO - Filling up the DagBag from /home/airflow/.local/lib/python3.12/site-packages/airflow/example_dags/tutorial.py
[2025-11-14T21:50:05.492+0000] {processor.py:925} INFO - DAG(s) 'tutorial' retrieved from /home/airflow/.local/lib/python3.12/site-packages/airflow/example_dags/tutorial.py
[2025-11-14T21:50:05.504+0000] {logging_mixin.py:190} INFO - [2025-11-14T21:50:05.504+0000] {dag.py:3239} INFO - Sync 1 DAGs
[2025-11-14T21:50:05.514+0000] {logging_mixin.py:190} INFO - [2025-11-14T21:50:05.514+0000] {dag.py:4180} INFO - Setting next_dagrun for tutorial to 2025-11-13 00:00:00+00:00, run_after=2025-11-14 00:00:00+00:00
[2025-11-14T21:50:05.522+0000] {processor.py:208} INFO - Processing /home/airflow/.local/lib/python3.12/site-packages/airflow/example_dags/tutorial.py took 0.037 seconds
[2025-11-14T21:50:35.895+0000] {processor.py:186} INFO - Started process (PID=3630) to work on /home/airflow/.local/lib/python3.12/site-packages/airflow/example_dags/tutorial.py
[2025-11-14T21:50:35.896+0000] {processor.py:914} INFO - Processing file /home/airflow/.local/lib/python3.12/site-packages/airflow/example_dags/tutorial.py for tasks to queue
[2025-11-14T21:50:35.898+0000] {logging_mixin.py:190} INFO - [2025-11-14T21:50:35.897+0000] {dagbag.py:588} INFO - Filling up the DagBag from /home/airflow/.local/lib/python3.12/site-packages/airflow/example_dags/tutorial.py
[2025-11-14T21:50:35.903+0000] {processor.py:925} INFO - DAG(s) 'tutorial' retrieved from /home/airflow/.local/lib/python3.12/site-packages/airflow/example_dags/tutorial.py
[2025-11-14T21:50:35.919+0000] {logging_mixin.py:190} INFO - [2025-11-14T21:50:35.919+0000] {dag.py:3239} INFO - Sync 1 DAGs
[2025-11-14T21:50:35.933+0000] {logging_mixin.py:190} INFO - [2025-11-14T21:50:35.933+0000] {dag.py:4180} INFO - Setting next_dagrun for tutorial to 2025-11-13 00:00:00+00:00, run_after=2025-11-14 00:00:00+00:00
[2025-11-14T21:50:35.941+0000] {processor.py:208} INFO - Processing /home/airflow/.local/lib/python3.12/site-packages/airflow/example_dags/tutorial.py took 0.051 seconds
[2025-11-14T21:51:06.438+0000] {processor.py:186} INFO - Started process (PID=3692) to work on /home/airflow/.local/lib/python3.12/site-packages/airflow/example_dags/tutorial.py
[2025-11-14T21:51:06.439+0000] {processor.py:914} INFO - Processing file /home/airflow/.local/lib/python3.12/site-packages/airflow/example_dags/tutorial.py for tasks to queue
[2025-11-14T21:51:06.440+0000] {logging_mixin.py:190} INFO - [2025-11-14T21:51:06.440+0000] {dagbag.py:588} INFO - Filling up the DagBag from /home/airflow/.local/lib/python3.12/site-packages/airflow/example_dags/tutorial.py
[2025-11-14T21:51:06.443+0000] {processor.py:925} INFO - DAG(s) 'tutorial' retrieved from /home/airflow/.local/lib/python3.12/site-packages/airflow/example_dags/tutorial.py
[2025-11-14T21:51:06.457+0000] {logging_mixin.py:190} INFO - [2025-11-14T21:51:06.456+0000] {dag.py:3239} INFO - Sync 1 DAGs
[2025-11-14T21:51:06.466+0000] {logging_mixin.py:190} INFO - [2025-11-14T21:51:06.466+0000] {dag.py:4180} INFO - Setting next_dagrun for tutorial to 2025-11-13 00:00:00+00:00, run_after=2025-11-14 00:00:00+00:00
[2025-11-14T21:51:06.473+0000] {processor.py:208} INFO - Processing /home/airflow/.local/lib/python3.12/site-packages/airflow/example_dags/tutorial.py took 0.037 seconds
[2025-11-14T21:51:36.861+0000] {processor.py:186} INFO - Started process (PID=3754) to work on /home/airflow/.local/lib/python3.12/site-packages/airflow/example_dags/tutorial.py
[2025-11-14T21:51:36.862+0000] {processor.py:914} INFO - Processing file /home/airflow/.local/lib/python3.12/site-packages/airflow/example_dags/tutorial.py for tasks to queue
[2025-11-14T21:51:36.863+0000] {logging_mixin.py:190} INFO - [2025-11-14T21:51:36.863+0000] {dagbag.py:588} INFO - Filling up the DagBag from /home/airflow/.local/lib/python3.12/site-packages/airflow/example_dags/tutorial.py
[2025-11-14T21:51:36.866+0000] {processor.py:925} INFO - DAG(s) 'tutorial' retrieved from /home/airflow/.local/lib/python3.12/site-packages/airflow/example_dags/tutorial.py
[2025-11-14T21:51:36.879+0000] {logging_mixin.py:190} INFO - [2025-11-14T21:51:36.879+0000] {dag.py:3239} INFO - Sync 1 DAGs
[2025-11-14T21:51:36.890+0000] {logging_mixin.py:190} INFO - [2025-11-14T21:51:36.890+0000] {dag.py:4180} INFO - Setting next_dagrun for tutorial to 2025-11-13 00:00:00+00:00, run_after=2025-11-14 00:00:00+00:00
[2025-11-14T21:51:36.899+0000] {processor.py:208} INFO - Processing /home/airflow/.local/lib/python3.12/site-packages/airflow/example_dags/tutorial.py took 0.041 seconds
[2025-11-14T21:52:07.913+0000] {processor.py:186} INFO - Started process (PID=3816) to work on /home/airflow/.local/lib/python3.12/site-packages/airflow/example_dags/tutorial.py
[2025-11-14T21:52:07.915+0000] {processor.py:914} INFO - Processing file /home/airflow/.local/lib/python3.12/site-packages/airflow/example_dags/tutorial.py for tasks to queue
[2025-11-14T21:52:07.916+0000] {logging_mixin.py:190} INFO - [2025-11-14T21:52:07.916+0000] {dagbag.py:588} INFO - Filling up the DagBag from /home/airflow/.local/lib/python3.12/site-packages/airflow/example_dags/tutorial.py
[2025-11-14T21:52:07.920+0000] {processor.py:925} INFO - DAG(s) 'tutorial' retrieved from /home/airflow/.local/lib/python3.12/site-packages/airflow/example_dags/tutorial.py
[2025-11-14T21:52:07.929+0000] {logging_mixin.py:190} INFO - [2025-11-14T21:52:07.929+0000] {dag.py:3239} INFO - Sync 1 DAGs
[2025-11-14T21:52:07.938+0000] {logging_mixin.py:190} INFO - [2025-11-14T21:52:07.938+0000] {dag.py:4180} INFO - Setting next_dagrun for tutorial to 2025-11-13 00:00:00+00:00, run_after=2025-11-14 00:00:00+00:00
[2025-11-14T21:52:07.947+0000] {processor.py:208} INFO - Processing /home/airflow/.local/lib/python3.12/site-packages/airflow/example_dags/tutorial.py took 0.036 seconds
[2025-11-14T21:52:39.370+0000] {processor.py:186} INFO - Started process (PID=3878) to work on /home/airflow/.local/lib/python3.12/site-packages/airflow/example_dags/tutorial.py
[2025-11-14T21:52:39.371+0000] {processor.py:914} INFO - Processing file /home/airflow/.local/lib/python3.12/site-packages/airflow/example_dags/tutorial.py for tasks to queue
[2025-11-14T21:52:39.373+0000] {logging_mixin.py:190} INFO - [2025-11-14T21:52:39.373+0000] {dagbag.py:588} INFO - Filling up the DagBag from /home/airflow/.local/lib/python3.12/site-packages/airflow/example_dags/tutorial.py
[2025-11-14T21:52:39.380+0000] {processor.py:925} INFO - DAG(s) 'tutorial' retrieved from /home/airflow/.local/lib/python3.12/site-packages/airflow/example_dags/tutorial.py
[2025-11-14T21:52:39.398+0000] {logging_mixin.py:190} INFO - [2025-11-14T21:52:39.397+0000] {dag.py:3239} INFO - Sync 1 DAGs
[2025-11-14T21:52:39.414+0000] {logging_mixin.py:190} INFO - [2025-11-14T21:52:39.413+0000] {dag.py:4180} INFO - Setting next_dagrun for tutorial to 2025-11-13 00:00:00+00:00, run_after=2025-11-14 00:00:00+00:00
[2025-11-14T21:52:39.428+0000] {processor.py:208} INFO - Processing /home/airflow/.local/lib/python3.12/site-packages/airflow/example_dags/tutorial.py took 0.064 seconds
[2025-11-14T21:53:10.047+0000] {processor.py:186} INFO - Started process (PID=3940) to work on /home/airflow/.local/lib/python3.12/site-packages/airflow/example_dags/tutorial.py
[2025-11-14T21:53:10.048+0000] {processor.py:914} INFO - Processing file /home/airflow/.local/lib/python3.12/site-packages/airflow/example_dags/tutorial.py for tasks to queue
[2025-11-14T21:53:10.049+0000] {logging_mixin.py:190} INFO - [2025-11-14T21:53:10.048+0000] {dagbag.py:588} INFO - Filling up the DagBag from /home/airflow/.local/lib/python3.12/site-packages/airflow/example_dags/tutorial.py
[2025-11-14T21:53:10.052+0000] {processor.py:925} INFO - DAG(s) 'tutorial' retrieved from /home/airflow/.local/lib/python3.12/site-packages/airflow/example_dags/tutorial.py
[2025-11-14T21:53:10.061+0000] {logging_mixin.py:190} INFO - [2025-11-14T21:53:10.061+0000] {dag.py:3239} INFO - Sync 1 DAGs
[2025-11-14T21:53:10.069+0000] {logging_mixin.py:190} INFO - [2025-11-14T21:53:10.069+0000] {dag.py:4180} INFO - Setting next_dagrun for tutorial to 2025-11-13 00:00:00+00:00, run_after=2025-11-14 00:00:00+00:00
[2025-11-14T21:53:10.075+0000] {processor.py:208} INFO - Processing /home/airflow/.local/lib/python3.12/site-packages/airflow/example_dags/tutorial.py took 0.031 seconds
[2025-11-14T21:53:40.589+0000] {processor.py:186} INFO - Started process (PID=4002) to work on /home/airflow/.local/lib/python3.12/site-packages/airflow/example_dags/tutorial.py
[2025-11-14T21:53:40.589+0000] {processor.py:914} INFO - Processing file /home/airflow/.local/lib/python3.12/site-packages/airflow/example_dags/tutorial.py for tasks to queue
[2025-11-14T21:53:40.590+0000] {logging_mixin.py:190} INFO - [2025-11-14T21:53:40.590+0000] {dagbag.py:588} INFO - Filling up the DagBag from /home/airflow/.local/lib/python3.12/site-packages/airflow/example_dags/tutorial.py
[2025-11-14T21:53:40.594+0000] {processor.py:925} INFO - DAG(s) 'tutorial' retrieved from /home/airflow/.local/lib/python3.12/site-packages/airflow/example_dags/tutorial.py
[2025-11-14T21:53:40.602+0000] {logging_mixin.py:190} INFO - [2025-11-14T21:53:40.602+0000] {dag.py:3239} INFO - Sync 1 DAGs
[2025-11-14T21:53:40.612+0000] {logging_mixin.py:190} INFO - [2025-11-14T21:53:40.612+0000] {dag.py:4180} INFO - Setting next_dagrun for tutorial to 2025-11-13 00:00:00+00:00, run_after=2025-11-14 00:00:00+00:00
[2025-11-14T21:53:40.619+0000] {processor.py:208} INFO - Processing /home/airflow/.local/lib/python3.12/site-packages/airflow/example_dags/tutorial.py took 0.033 seconds
[2025-11-14T21:54:11.197+0000] {processor.py:186} INFO - Started process (PID=4064) to work on /home/airflow/.local/lib/python3.12/site-packages/airflow/example_dags/tutorial.py
[2025-11-14T21:54:11.197+0000] {processor.py:914} INFO - Processing file /home/airflow/.local/lib/python3.12/site-packages/airflow/example_dags/tutorial.py for tasks to queue
[2025-11-14T21:54:11.199+0000] {logging_mixin.py:190} INFO - [2025-11-14T21:54:11.199+0000] {dagbag.py:588} INFO - Filling up the DagBag from /home/airflow/.local/lib/python3.12/site-packages/airflow/example_dags/tutorial.py
[2025-11-14T21:54:11.202+0000] {processor.py:925} INFO - DAG(s) 'tutorial' retrieved from /home/airflow/.local/lib/python3.12/site-packages/airflow/example_dags/tutorial.py
[2025-11-14T21:54:11.212+0000] {logging_mixin.py:190} INFO - [2025-11-14T21:54:11.212+0000] {dag.py:3239} INFO - Sync 1 DAGs
[2025-11-14T21:54:11.222+0000] {logging_mixin.py:190} INFO - [2025-11-14T21:54:11.222+0000] {dag.py:4180} INFO - Setting next_dagrun for tutorial to 2025-11-13 00:00:00+00:00, run_after=2025-11-14 00:00:00+00:00
[2025-11-14T21:54:11.228+0000] {processor.py:208} INFO - Processing /home/airflow/.local/lib/python3.12/site-packages/airflow/example_dags/tutorial.py took 0.034 seconds
[2025-11-14T21:54:41.784+0000] {processor.py:186} INFO - Started process (PID=4126) to work on /home/airflow/.local/lib/python3.12/site-packages/airflow/example_dags/tutorial.py
[2025-11-14T21:54:41.786+0000] {processor.py:914} INFO - Processing file /home/airflow/.local/lib/python3.12/site-packages/airflow/example_dags/tutorial.py for tasks to queue
[2025-11-14T21:54:41.787+0000] {logging_mixin.py:190} INFO - [2025-11-14T21:54:41.787+0000] {dagbag.py:588} INFO - Filling up the DagBag from /home/airflow/.local/lib/python3.12/site-packages/airflow/example_dags/tutorial.py
[2025-11-14T21:54:41.790+0000] {processor.py:925} INFO - DAG(s) 'tutorial' retrieved from /home/airflow/.local/lib/python3.12/site-packages/airflow/example_dags/tutorial.py
[2025-11-14T21:54:41.799+0000] {logging_mixin.py:190} INFO - [2025-11-14T21:54:41.799+0000] {dag.py:3239} INFO - Sync 1 DAGs
[2025-11-14T21:54:41.810+0000] {logging_mixin.py:190} INFO - [2025-11-14T21:54:41.810+0000] {dag.py:4180} INFO - Setting next_dagrun for tutorial to 2025-11-13 00:00:00+00:00, run_after=2025-11-14 00:00:00+00:00
[2025-11-14T21:54:41.820+0000] {processor.py:208} INFO - Processing /home/airflow/.local/lib/python3.12/site-packages/airflow/example_dags/tutorial.py took 0.038 seconds
[2025-11-14T21:55:12.074+0000] {processor.py:186} INFO - Started process (PID=4188) to work on /home/airflow/.local/lib/python3.12/site-packages/airflow/example_dags/tutorial.py
[2025-11-14T21:55:12.077+0000] {processor.py:914} INFO - Processing file /home/airflow/.local/lib/python3.12/site-packages/airflow/example_dags/tutorial.py for tasks to queue
[2025-11-14T21:55:12.078+0000] {logging_mixin.py:190} INFO - [2025-11-14T21:55:12.078+0000] {dagbag.py:588} INFO - Filling up the DagBag from /home/airflow/.local/lib/python3.12/site-packages/airflow/example_dags/tutorial.py
[2025-11-14T21:55:12.082+0000] {processor.py:925} INFO - DAG(s) 'tutorial' retrieved from /home/airflow/.local/lib/python3.12/site-packages/airflow/example_dags/tutorial.py
[2025-11-14T21:55:12.091+0000] {logging_mixin.py:190} INFO - [2025-11-14T21:55:12.091+0000] {dag.py:3239} INFO - Sync 1 DAGs
[2025-11-14T21:55:12.100+0000] {logging_mixin.py:190} INFO - [2025-11-14T21:55:12.100+0000] {dag.py:4180} INFO - Setting next_dagrun for tutorial to 2025-11-13 00:00:00+00:00, run_after=2025-11-14 00:00:00+00:00
[2025-11-14T21:55:12.106+0000] {processor.py:208} INFO - Processing /home/airflow/.local/lib/python3.12/site-packages/airflow/example_dags/tutorial.py took 0.036 seconds
[2025-11-14T21:55:42.463+0000] {processor.py:186} INFO - Started process (PID=4250) to work on /home/airflow/.local/lib/python3.12/site-packages/airflow/example_dags/tutorial.py
[2025-11-14T21:55:42.466+0000] {processor.py:914} INFO - Processing file /home/airflow/.local/lib/python3.12/site-packages/airflow/example_dags/tutorial.py for tasks to queue
[2025-11-14T21:55:42.467+0000] {logging_mixin.py:190} INFO - [2025-11-14T21:55:42.467+0000] {dagbag.py:588} INFO - Filling up the DagBag from /home/airflow/.local/lib/python3.12/site-packages/airflow/example_dags/tutorial.py
[2025-11-14T21:55:42.471+0000] {processor.py:925} INFO - DAG(s) 'tutorial' retrieved from /home/airflow/.local/lib/python3.12/site-packages/airflow/example_dags/tutorial.py
[2025-11-14T21:55:42.480+0000] {logging_mixin.py:190} INFO - [2025-11-14T21:55:42.480+0000] {dag.py:3239} INFO - Sync 1 DAGs
[2025-11-14T21:55:42.489+0000] {logging_mixin.py:190} INFO - [2025-11-14T21:55:42.489+0000] {dag.py:4180} INFO - Setting next_dagrun for tutorial to 2025-11-13 00:00:00+00:00, run_after=2025-11-14 00:00:00+00:00
[2025-11-14T21:55:42.495+0000] {processor.py:208} INFO - Processing /home/airflow/.local/lib/python3.12/site-packages/airflow/example_dags/tutorial.py took 0.034 seconds
[2025-11-14T21:56:12.990+0000] {processor.py:186} INFO - Started process (PID=4312) to work on /home/airflow/.local/lib/python3.12/site-packages/airflow/example_dags/tutorial.py
[2025-11-14T21:56:12.991+0000] {processor.py:914} INFO - Processing file /home/airflow/.local/lib/python3.12/site-packages/airflow/example_dags/tutorial.py for tasks to queue
[2025-11-14T21:56:12.992+0000] {logging_mixin.py:190} INFO - [2025-11-14T21:56:12.992+0000] {dagbag.py:588} INFO - Filling up the DagBag from /home/airflow/.local/lib/python3.12/site-packages/airflow/example_dags/tutorial.py
[2025-11-14T21:56:12.996+0000] {processor.py:925} INFO - DAG(s) 'tutorial' retrieved from /home/airflow/.local/lib/python3.12/site-packages/airflow/example_dags/tutorial.py
[2025-11-14T21:56:13.007+0000] {logging_mixin.py:190} INFO - [2025-11-14T21:56:13.006+0000] {dag.py:3239} INFO - Sync 1 DAGs
[2025-11-14T21:56:13.016+0000] {logging_mixin.py:190} INFO - [2025-11-14T21:56:13.016+0000] {dag.py:4180} INFO - Setting next_dagrun for tutorial to 2025-11-13 00:00:00+00:00, run_after=2025-11-14 00:00:00+00:00
[2025-11-14T21:56:13.023+0000] {processor.py:208} INFO - Processing /home/airflow/.local/lib/python3.12/site-packages/airflow/example_dags/tutorial.py took 0.036 seconds
[2025-11-14T21:56:43.931+0000] {processor.py:186} INFO - Started process (PID=4374) to work on /home/airflow/.local/lib/python3.12/site-packages/airflow/example_dags/tutorial.py
[2025-11-14T21:56:43.932+0000] {processor.py:914} INFO - Processing file /home/airflow/.local/lib/python3.12/site-packages/airflow/example_dags/tutorial.py for tasks to queue
[2025-11-14T21:56:43.933+0000] {logging_mixin.py:190} INFO - [2025-11-14T21:56:43.932+0000] {dagbag.py:588} INFO - Filling up the DagBag from /home/airflow/.local/lib/python3.12/site-packages/airflow/example_dags/tutorial.py
[2025-11-14T21:56:43.936+0000] {processor.py:925} INFO - DAG(s) 'tutorial' retrieved from /home/airflow/.local/lib/python3.12/site-packages/airflow/example_dags/tutorial.py
[2025-11-14T21:56:43.943+0000] {logging_mixin.py:190} INFO - [2025-11-14T21:56:43.943+0000] {dag.py:3239} INFO - Sync 1 DAGs
[2025-11-14T21:56:43.950+0000] {logging_mixin.py:190} INFO - [2025-11-14T21:56:43.950+0000] {dag.py:4180} INFO - Setting next_dagrun for tutorial to 2025-11-13 00:00:00+00:00, run_after=2025-11-14 00:00:00+00:00
[2025-11-14T21:56:43.956+0000] {processor.py:208} INFO - Processing /home/airflow/.local/lib/python3.12/site-packages/airflow/example_dags/tutorial.py took 0.027 seconds
[2025-11-14T21:57:14.386+0000] {processor.py:186} INFO - Started process (PID=4436) to work on /home/airflow/.local/lib/python3.12/site-packages/airflow/example_dags/tutorial.py
[2025-11-14T21:57:14.387+0000] {processor.py:914} INFO - Processing file /home/airflow/.local/lib/python3.12/site-packages/airflow/example_dags/tutorial.py for tasks to queue
[2025-11-14T21:57:14.388+0000] {logging_mixin.py:190} INFO - [2025-11-14T21:57:14.388+0000] {dagbag.py:588} INFO - Filling up the DagBag from /home/airflow/.local/lib/python3.12/site-packages/airflow/example_dags/tutorial.py
[2025-11-14T21:57:14.392+0000] {processor.py:925} INFO - DAG(s) 'tutorial' retrieved from /home/airflow/.local/lib/python3.12/site-packages/airflow/example_dags/tutorial.py
[2025-11-14T21:57:14.400+0000] {logging_mixin.py:190} INFO - [2025-11-14T21:57:14.400+0000] {dag.py:3239} INFO - Sync 1 DAGs
[2025-11-14T21:57:14.409+0000] {logging_mixin.py:190} INFO - [2025-11-14T21:57:14.409+0000] {dag.py:4180} INFO - Setting next_dagrun for tutorial to 2025-11-13 00:00:00+00:00, run_after=2025-11-14 00:00:00+00:00
[2025-11-14T21:57:14.417+0000] {processor.py:208} INFO - Processing /home/airflow/.local/lib/python3.12/site-packages/airflow/example_dags/tutorial.py took 0.034 seconds
[2025-11-14T21:57:45.580+0000] {processor.py:186} INFO - Started process (PID=4498) to work on /home/airflow/.local/lib/python3.12/site-packages/airflow/example_dags/tutorial.py
[2025-11-14T21:57:45.581+0000] {processor.py:914} INFO - Processing file /home/airflow/.local/lib/python3.12/site-packages/airflow/example_dags/tutorial.py for tasks to queue
[2025-11-14T21:57:45.585+0000] {logging_mixin.py:190} INFO - [2025-11-14T21:57:45.584+0000] {dagbag.py:588} INFO - Filling up the DagBag from /home/airflow/.local/lib/python3.12/site-packages/airflow/example_dags/tutorial.py
[2025-11-14T21:57:45.592+0000] {processor.py:925} INFO - DAG(s) 'tutorial' retrieved from /home/airflow/.local/lib/python3.12/site-packages/airflow/example_dags/tutorial.py
[2025-11-14T21:57:45.612+0000] {logging_mixin.py:190} INFO - [2025-11-14T21:57:45.611+0000] {dag.py:3239} INFO - Sync 1 DAGs
[2025-11-14T21:57:45.623+0000] {logging_mixin.py:190} INFO - [2025-11-14T21:57:45.623+0000] {dag.py:4180} INFO - Setting next_dagrun for tutorial to 2025-11-13 00:00:00+00:00, run_after=2025-11-14 00:00:00+00:00
[2025-11-14T21:57:45.636+0000] {processor.py:208} INFO - Processing /home/airflow/.local/lib/python3.12/site-packages/airflow/example_dags/tutorial.py took 0.065 seconds
[2025-11-14T21:58:15.822+0000] {processor.py:186} INFO - Started process (PID=4560) to work on /home/airflow/.local/lib/python3.12/site-packages/airflow/example_dags/tutorial.py
[2025-11-14T21:58:15.822+0000] {processor.py:914} INFO - Processing file /home/airflow/.local/lib/python3.12/site-packages/airflow/example_dags/tutorial.py for tasks to queue
[2025-11-14T21:58:15.824+0000] {logging_mixin.py:190} INFO - [2025-11-14T21:58:15.823+0000] {dagbag.py:588} INFO - Filling up the DagBag from /home/airflow/.local/lib/python3.12/site-packages/airflow/example_dags/tutorial.py
[2025-11-14T21:58:15.827+0000] {processor.py:925} INFO - DAG(s) 'tutorial' retrieved from /home/airflow/.local/lib/python3.12/site-packages/airflow/example_dags/tutorial.py
[2025-11-14T21:58:15.837+0000] {logging_mixin.py:190} INFO - [2025-11-14T21:58:15.837+0000] {dag.py:3239} INFO - Sync 1 DAGs
[2025-11-14T21:58:15.847+0000] {logging_mixin.py:190} INFO - [2025-11-14T21:58:15.847+0000] {dag.py:4180} INFO - Setting next_dagrun for tutorial to 2025-11-13 00:00:00+00:00, run_after=2025-11-14 00:00:00+00:00
[2025-11-14T21:58:15.853+0000] {processor.py:208} INFO - Processing /home/airflow/.local/lib/python3.12/site-packages/airflow/example_dags/tutorial.py took 0.034 seconds
[2025-11-14T21:58:47.050+0000] {processor.py:186} INFO - Started process (PID=4622) to work on /home/airflow/.local/lib/python3.12/site-packages/airflow/example_dags/tutorial.py
[2025-11-14T21:58:47.051+0000] {processor.py:914} INFO - Processing file /home/airflow/.local/lib/python3.12/site-packages/airflow/example_dags/tutorial.py for tasks to queue
[2025-11-14T21:58:47.053+0000] {logging_mixin.py:190} INFO - [2025-11-14T21:58:47.053+0000] {dagbag.py:588} INFO - Filling up the DagBag from /home/airflow/.local/lib/python3.12/site-packages/airflow/example_dags/tutorial.py
[2025-11-14T21:58:47.059+0000] {processor.py:925} INFO - DAG(s) 'tutorial' retrieved from /home/airflow/.local/lib/python3.12/site-packages/airflow/example_dags/tutorial.py
[2025-11-14T21:58:47.072+0000] {logging_mixin.py:190} INFO - [2025-11-14T21:58:47.072+0000] {dag.py:3239} INFO - Sync 1 DAGs
[2025-11-14T21:58:47.081+0000] {logging_mixin.py:190} INFO - [2025-11-14T21:58:47.081+0000] {dag.py:4180} INFO - Setting next_dagrun for tutorial to 2025-11-13 00:00:00+00:00, run_after=2025-11-14 00:00:00+00:00
[2025-11-14T21:58:47.093+0000] {processor.py:208} INFO - Processing /home/airflow/.local/lib/python3.12/site-packages/airflow/example_dags/tutorial.py took 0.046 seconds
[2025-11-14T21:59:17.734+0000] {processor.py:186} INFO - Started process (PID=4684) to work on /home/airflow/.local/lib/python3.12/site-packages/airflow/example_dags/tutorial.py
[2025-11-14T21:59:17.735+0000] {processor.py:914} INFO - Processing file /home/airflow/.local/lib/python3.12/site-packages/airflow/example_dags/tutorial.py for tasks to queue
[2025-11-14T21:59:17.736+0000] {logging_mixin.py:190} INFO - [2025-11-14T21:59:17.736+0000] {dagbag.py:588} INFO - Filling up the DagBag from /home/airflow/.local/lib/python3.12/site-packages/airflow/example_dags/tutorial.py
[2025-11-14T21:59:17.739+0000] {processor.py:925} INFO - DAG(s) 'tutorial' retrieved from /home/airflow/.local/lib/python3.12/site-packages/airflow/example_dags/tutorial.py
[2025-11-14T21:59:17.751+0000] {logging_mixin.py:190} INFO - [2025-11-14T21:59:17.750+0000] {dag.py:3239} INFO - Sync 1 DAGs
[2025-11-14T21:59:17.761+0000] {logging_mixin.py:190} INFO - [2025-11-14T21:59:17.761+0000] {dag.py:4180} INFO - Setting next_dagrun for tutorial to 2025-11-13 00:00:00+00:00, run_after=2025-11-14 00:00:00+00:00
[2025-11-14T21:59:17.770+0000] {processor.py:208} INFO - Processing /home/airflow/.local/lib/python3.12/site-packages/airflow/example_dags/tutorial.py took 0.038 seconds
[2025-11-14T21:59:48.660+0000] {processor.py:186} INFO - Started process (PID=4746) to work on /home/airflow/.local/lib/python3.12/site-packages/airflow/example_dags/tutorial.py
[2025-11-14T21:59:48.660+0000] {processor.py:914} INFO - Processing file /home/airflow/.local/lib/python3.12/site-packages/airflow/example_dags/tutorial.py for tasks to queue
[2025-11-14T21:59:48.662+0000] {logging_mixin.py:190} INFO - [2025-11-14T21:59:48.662+0000] {dagbag.py:588} INFO - Filling up the DagBag from /home/airflow/.local/lib/python3.12/site-packages/airflow/example_dags/tutorial.py
[2025-11-14T21:59:48.666+0000] {processor.py:925} INFO - DAG(s) 'tutorial' retrieved from /home/airflow/.local/lib/python3.12/site-packages/airflow/example_dags/tutorial.py
[2025-11-14T21:59:48.677+0000] {logging_mixin.py:190} INFO - [2025-11-14T21:59:48.677+0000] {dag.py:3239} INFO - Sync 1 DAGs
[2025-11-14T21:59:48.688+0000] {logging_mixin.py:190} INFO - [2025-11-14T21:59:48.688+0000] {dag.py:4180} INFO - Setting next_dagrun for tutorial to 2025-11-13 00:00:00+00:00, run_after=2025-11-14 00:00:00+00:00
[2025-11-14T21:59:48.698+0000] {processor.py:208} INFO - Processing /home/airflow/.local/lib/python3.12/site-packages/airflow/example_dags/tutorial.py took 0.042 seconds
[2025-11-14T22:00:19.192+0000] {processor.py:186} INFO - Started process (PID=4808) to work on /home/airflow/.local/lib/python3.12/site-packages/airflow/example_dags/tutorial.py
[2025-11-14T22:00:19.193+0000] {processor.py:914} INFO - Processing file /home/airflow/.local/lib/python3.12/site-packages/airflow/example_dags/tutorial.py for tasks to queue
[2025-11-14T22:00:19.195+0000] {logging_mixin.py:190} INFO - [2025-11-14T22:00:19.195+0000] {dagbag.py:588} INFO - Filling up the DagBag from /home/airflow/.local/lib/python3.12/site-packages/airflow/example_dags/tutorial.py
[2025-11-14T22:00:19.202+0000] {processor.py:925} INFO - DAG(s) 'tutorial' retrieved from /home/airflow/.local/lib/python3.12/site-packages/airflow/example_dags/tutorial.py
[2025-11-14T22:00:19.212+0000] {logging_mixin.py:190} INFO - [2025-11-14T22:00:19.212+0000] {dag.py:3239} INFO - Sync 1 DAGs
[2025-11-14T22:00:19.221+0000] {logging_mixin.py:190} INFO - [2025-11-14T22:00:19.221+0000] {dag.py:4180} INFO - Setting next_dagrun for tutorial to 2025-11-13 00:00:00+00:00, run_after=2025-11-14 00:00:00+00:00
[2025-11-14T22:00:19.227+0000] {processor.py:208} INFO - Processing /home/airflow/.local/lib/python3.12/site-packages/airflow/example_dags/tutorial.py took 0.040 seconds
[2025-11-14T22:00:49.446+0000] {processor.py:186} INFO - Started process (PID=4870) to work on /home/airflow/.local/lib/python3.12/site-packages/airflow/example_dags/tutorial.py
[2025-11-14T22:00:49.447+0000] {processor.py:914} INFO - Processing file /home/airflow/.local/lib/python3.12/site-packages/airflow/example_dags/tutorial.py for tasks to queue
[2025-11-14T22:00:49.448+0000] {logging_mixin.py:190} INFO - [2025-11-14T22:00:49.448+0000] {dagbag.py:588} INFO - Filling up the DagBag from /home/airflow/.local/lib/python3.12/site-packages/airflow/example_dags/tutorial.py
[2025-11-14T22:00:49.451+0000] {processor.py:925} INFO - DAG(s) 'tutorial' retrieved from /home/airflow/.local/lib/python3.12/site-packages/airflow/example_dags/tutorial.py
[2025-11-14T22:00:49.459+0000] {logging_mixin.py:190} INFO - [2025-11-14T22:00:49.459+0000] {dag.py:3239} INFO - Sync 1 DAGs
[2025-11-14T22:00:49.470+0000] {logging_mixin.py:190} INFO - [2025-11-14T22:00:49.470+0000] {dag.py:4180} INFO - Setting next_dagrun for tutorial to 2025-11-13 00:00:00+00:00, run_after=2025-11-14 00:00:00+00:00
[2025-11-14T22:00:49.481+0000] {processor.py:208} INFO - Processing /home/airflow/.local/lib/python3.12/site-packages/airflow/example_dags/tutorial.py took 0.038 seconds
[2025-11-14T22:01:19.820+0000] {processor.py:186} INFO - Started process (PID=4932) to work on /home/airflow/.local/lib/python3.12/site-packages/airflow/example_dags/tutorial.py
[2025-11-14T22:01:19.821+0000] {processor.py:914} INFO - Processing file /home/airflow/.local/lib/python3.12/site-packages/airflow/example_dags/tutorial.py for tasks to queue
[2025-11-14T22:01:19.822+0000] {logging_mixin.py:190} INFO - [2025-11-14T22:01:19.821+0000] {dagbag.py:588} INFO - Filling up the DagBag from /home/airflow/.local/lib/python3.12/site-packages/airflow/example_dags/tutorial.py
[2025-11-14T22:01:19.825+0000] {processor.py:925} INFO - DAG(s) 'tutorial' retrieved from /home/airflow/.local/lib/python3.12/site-packages/airflow/example_dags/tutorial.py
[2025-11-14T22:01:19.832+0000] {logging_mixin.py:190} INFO - [2025-11-14T22:01:19.832+0000] {dag.py:3239} INFO - Sync 1 DAGs
[2025-11-14T22:01:19.841+0000] {logging_mixin.py:190} INFO - [2025-11-14T22:01:19.841+0000] {dag.py:4180} INFO - Setting next_dagrun for tutorial to 2025-11-13 00:00:00+00:00, run_after=2025-11-14 00:00:00+00:00
[2025-11-14T22:01:19.849+0000] {processor.py:208} INFO - Processing /home/airflow/.local/lib/python3.12/site-packages/airflow/example_dags/tutorial.py took 0.031 seconds
[2025-11-14T22:01:50.963+0000] {processor.py:186} INFO - Started process (PID=4994) to work on /home/airflow/.local/lib/python3.12/site-packages/airflow/example_dags/tutorial.py
[2025-11-14T22:01:50.964+0000] {processor.py:914} INFO - Processing file /home/airflow/.local/lib/python3.12/site-packages/airflow/example_dags/tutorial.py for tasks to queue
[2025-11-14T22:01:50.966+0000] {logging_mixin.py:190} INFO - [2025-11-14T22:01:50.966+0000] {dagbag.py:588} INFO - Filling up the DagBag from /home/airflow/.local/lib/python3.12/site-packages/airflow/example_dags/tutorial.py
[2025-11-14T22:01:50.973+0000] {processor.py:925} INFO - DAG(s) 'tutorial' retrieved from /home/airflow/.local/lib/python3.12/site-packages/airflow/example_dags/tutorial.py
[2025-11-14T22:01:50.988+0000] {logging_mixin.py:190} INFO - [2025-11-14T22:01:50.988+0000] {dag.py:3239} INFO - Sync 1 DAGs
[2025-11-14T22:01:51.006+0000] {logging_mixin.py:190} INFO - [2025-11-14T22:01:51.006+0000] {dag.py:4180} INFO - Setting next_dagrun for tutorial to 2025-11-13 00:00:00+00:00, run_after=2025-11-14 00:00:00+00:00
[2025-11-14T22:01:51.020+0000] {processor.py:208} INFO - Processing /home/airflow/.local/lib/python3.12/site-packages/airflow/example_dags/tutorial.py took 0.063 seconds
[2025-11-14T22:02:21.898+0000] {processor.py:186} INFO - Started process (PID=5056) to work on /home/airflow/.local/lib/python3.12/site-packages/airflow/example_dags/tutorial.py
[2025-11-14T22:02:21.899+0000] {processor.py:914} INFO - Processing file /home/airflow/.local/lib/python3.12/site-packages/airflow/example_dags/tutorial.py for tasks to queue
[2025-11-14T22:02:21.900+0000] {logging_mixin.py:190} INFO - [2025-11-14T22:02:21.900+0000] {dagbag.py:588} INFO - Filling up the DagBag from /home/airflow/.local/lib/python3.12/site-packages/airflow/example_dags/tutorial.py
[2025-11-14T22:02:21.903+0000] {processor.py:925} INFO - DAG(s) 'tutorial' retrieved from /home/airflow/.local/lib/python3.12/site-packages/airflow/example_dags/tutorial.py
[2025-11-14T22:02:21.913+0000] {logging_mixin.py:190} INFO - [2025-11-14T22:02:21.913+0000] {dag.py:3239} INFO - Sync 1 DAGs
[2025-11-14T22:02:21.923+0000] {logging_mixin.py:190} INFO - [2025-11-14T22:02:21.923+0000] {dag.py:4180} INFO - Setting next_dagrun for tutorial to 2025-11-13 00:00:00+00:00, run_after=2025-11-14 00:00:00+00:00
[2025-11-14T22:02:21.934+0000] {processor.py:208} INFO - Processing /home/airflow/.local/lib/python3.12/site-packages/airflow/example_dags/tutorial.py took 0.039 seconds
[2025-11-14T22:02:52.560+0000] {processor.py:186} INFO - Started process (PID=5118) to work on /home/airflow/.local/lib/python3.12/site-packages/airflow/example_dags/tutorial.py
[2025-11-14T22:02:52.561+0000] {processor.py:914} INFO - Processing file /home/airflow/.local/lib/python3.12/site-packages/airflow/example_dags/tutorial.py for tasks to queue
[2025-11-14T22:02:52.563+0000] {logging_mixin.py:190} INFO - [2025-11-14T22:02:52.563+0000] {dagbag.py:588} INFO - Filling up the DagBag from /home/airflow/.local/lib/python3.12/site-packages/airflow/example_dags/tutorial.py
[2025-11-14T22:02:52.571+0000] {processor.py:925} INFO - DAG(s) 'tutorial' retrieved from /home/airflow/.local/lib/python3.12/site-packages/airflow/example_dags/tutorial.py
[2025-11-14T22:02:52.586+0000] {logging_mixin.py:190} INFO - [2025-11-14T22:02:52.586+0000] {dag.py:3239} INFO - Sync 1 DAGs
[2025-11-14T22:02:52.612+0000] {logging_mixin.py:190} INFO - [2025-11-14T22:02:52.612+0000] {dag.py:4180} INFO - Setting next_dagrun for tutorial to 2025-11-13 00:00:00+00:00, run_after=2025-11-14 00:00:00+00:00
[2025-11-14T22:02:52.630+0000] {processor.py:208} INFO - Processing /home/airflow/.local/lib/python3.12/site-packages/airflow/example_dags/tutorial.py took 0.074 seconds
[2025-11-14T22:03:23.253+0000] {processor.py:186} INFO - Started process (PID=5186) to work on /home/airflow/.local/lib/python3.12/site-packages/airflow/example_dags/tutorial.py
[2025-11-14T22:03:23.254+0000] {processor.py:914} INFO - Processing file /home/airflow/.local/lib/python3.12/site-packages/airflow/example_dags/tutorial.py for tasks to queue
[2025-11-14T22:03:23.256+0000] {logging_mixin.py:190} INFO - [2025-11-14T22:03:23.255+0000] {dagbag.py:588} INFO - Filling up the DagBag from /home/airflow/.local/lib/python3.12/site-packages/airflow/example_dags/tutorial.py
[2025-11-14T22:03:23.260+0000] {processor.py:925} INFO - DAG(s) 'tutorial' retrieved from /home/airflow/.local/lib/python3.12/site-packages/airflow/example_dags/tutorial.py
[2025-11-14T22:03:23.273+0000] {logging_mixin.py:190} INFO - [2025-11-14T22:03:23.272+0000] {dag.py:3239} INFO - Sync 1 DAGs
[2025-11-14T22:03:23.285+0000] {logging_mixin.py:190} INFO - [2025-11-14T22:03:23.285+0000] {dag.py:4180} INFO - Setting next_dagrun for tutorial to 2025-11-13 00:00:00+00:00, run_after=2025-11-14 00:00:00+00:00
[2025-11-14T22:03:23.296+0000] {processor.py:208} INFO - Processing /home/airflow/.local/lib/python3.12/site-packages/airflow/example_dags/tutorial.py took 0.046 seconds
[2025-11-14T22:03:53.730+0000] {processor.py:186} INFO - Started process (PID=5248) to work on /home/airflow/.local/lib/python3.12/site-packages/airflow/example_dags/tutorial.py
[2025-11-14T22:03:53.731+0000] {processor.py:914} INFO - Processing file /home/airflow/.local/lib/python3.12/site-packages/airflow/example_dags/tutorial.py for tasks to queue
[2025-11-14T22:03:53.732+0000] {logging_mixin.py:190} INFO - [2025-11-14T22:03:53.732+0000] {dagbag.py:588} INFO - Filling up the DagBag from /home/airflow/.local/lib/python3.12/site-packages/airflow/example_dags/tutorial.py
[2025-11-14T22:03:53.736+0000] {processor.py:925} INFO - DAG(s) 'tutorial' retrieved from /home/airflow/.local/lib/python3.12/site-packages/airflow/example_dags/tutorial.py
[2025-11-14T22:03:53.748+0000] {logging_mixin.py:190} INFO - [2025-11-14T22:03:53.748+0000] {dag.py:3239} INFO - Sync 1 DAGs
[2025-11-14T22:03:53.758+0000] {logging_mixin.py:190} INFO - [2025-11-14T22:03:53.758+0000] {dag.py:4180} INFO - Setting next_dagrun for tutorial to 2025-11-13 00:00:00+00:00, run_after=2025-11-14 00:00:00+00:00
[2025-11-14T22:03:53.767+0000] {processor.py:208} INFO - Processing /home/airflow/.local/lib/python3.12/site-packages/airflow/example_dags/tutorial.py took 0.041 seconds
[2025-11-14T22:04:24.111+0000] {processor.py:186} INFO - Started process (PID=5310) to work on /home/airflow/.local/lib/python3.12/site-packages/airflow/example_dags/tutorial.py
[2025-11-14T22:04:24.112+0000] {processor.py:914} INFO - Processing file /home/airflow/.local/lib/python3.12/site-packages/airflow/example_dags/tutorial.py for tasks to queue
[2025-11-14T22:04:24.114+0000] {logging_mixin.py:190} INFO - [2025-11-14T22:04:24.114+0000] {dagbag.py:588} INFO - Filling up the DagBag from /home/airflow/.local/lib/python3.12/site-packages/airflow/example_dags/tutorial.py
[2025-11-14T22:04:24.117+0000] {processor.py:925} INFO - DAG(s) 'tutorial' retrieved from /home/airflow/.local/lib/python3.12/site-packages/airflow/example_dags/tutorial.py
[2025-11-14T22:04:24.128+0000] {logging_mixin.py:190} INFO - [2025-11-14T22:04:24.128+0000] {dag.py:3239} INFO - Sync 1 DAGs
[2025-11-14T22:04:24.143+0000] {logging_mixin.py:190} INFO - [2025-11-14T22:04:24.143+0000] {dag.py:4180} INFO - Setting next_dagrun for tutorial to 2025-11-13 00:00:00+00:00, run_after=2025-11-14 00:00:00+00:00
[2025-11-14T22:04:24.153+0000] {processor.py:208} INFO - Processing /home/airflow/.local/lib/python3.12/site-packages/airflow/example_dags/tutorial.py took 0.045 seconds
[2025-11-14T22:04:54.532+0000] {processor.py:186} INFO - Started process (PID=5372) to work on /home/airflow/.local/lib/python3.12/site-packages/airflow/example_dags/tutorial.py
[2025-11-14T22:04:54.532+0000] {processor.py:914} INFO - Processing file /home/airflow/.local/lib/python3.12/site-packages/airflow/example_dags/tutorial.py for tasks to queue
[2025-11-14T22:04:54.534+0000] {logging_mixin.py:190} INFO - [2025-11-14T22:04:54.533+0000] {dagbag.py:588} INFO - Filling up the DagBag from /home/airflow/.local/lib/python3.12/site-packages/airflow/example_dags/tutorial.py
[2025-11-14T22:04:54.539+0000] {processor.py:925} INFO - DAG(s) 'tutorial' retrieved from /home/airflow/.local/lib/python3.12/site-packages/airflow/example_dags/tutorial.py
[2025-11-14T22:04:54.549+0000] {logging_mixin.py:190} INFO - [2025-11-14T22:04:54.549+0000] {dag.py:3239} INFO - Sync 1 DAGs
[2025-11-14T22:04:54.560+0000] {logging_mixin.py:190} INFO - [2025-11-14T22:04:54.560+0000] {dag.py:4180} INFO - Setting next_dagrun for tutorial to 2025-11-13 00:00:00+00:00, run_after=2025-11-14 00:00:00+00:00
[2025-11-14T22:04:54.566+0000] {processor.py:208} INFO - Processing /home/airflow/.local/lib/python3.12/site-packages/airflow/example_dags/tutorial.py took 0.037 seconds
[2025-11-14T22:05:25.321+0000] {processor.py:186} INFO - Started process (PID=5434) to work on /home/airflow/.local/lib/python3.12/site-packages/airflow/example_dags/tutorial.py
[2025-11-14T22:05:25.322+0000] {processor.py:914} INFO - Processing file /home/airflow/.local/lib/python3.12/site-packages/airflow/example_dags/tutorial.py for tasks to queue
[2025-11-14T22:05:25.324+0000] {logging_mixin.py:190} INFO - [2025-11-14T22:05:25.324+0000] {dagbag.py:588} INFO - Filling up the DagBag from /home/airflow/.local/lib/python3.12/site-packages/airflow/example_dags/tutorial.py
[2025-11-14T22:05:25.330+0000] {processor.py:925} INFO - DAG(s) 'tutorial' retrieved from /home/airflow/.local/lib/python3.12/site-packages/airflow/example_dags/tutorial.py
[2025-11-14T22:05:25.346+0000] {logging_mixin.py:190} INFO - [2025-11-14T22:05:25.346+0000] {dag.py:3239} INFO - Sync 1 DAGs
[2025-11-14T22:05:25.359+0000] {logging_mixin.py:190} INFO - [2025-11-14T22:05:25.359+0000] {dag.py:4180} INFO - Setting next_dagrun for tutorial to 2025-11-13 00:00:00+00:00, run_after=2025-11-14 00:00:00+00:00
[2025-11-14T22:05:25.372+0000] {processor.py:208} INFO - Processing /home/airflow/.local/lib/python3.12/site-packages/airflow/example_dags/tutorial.py took 0.053 seconds
[2025-11-14T22:05:56.398+0000] {processor.py:186} INFO - Started process (PID=5496) to work on /home/airflow/.local/lib/python3.12/site-packages/airflow/example_dags/tutorial.py
[2025-11-14T22:05:56.399+0000] {processor.py:914} INFO - Processing file /home/airflow/.local/lib/python3.12/site-packages/airflow/example_dags/tutorial.py for tasks to queue
[2025-11-14T22:05:56.400+0000] {logging_mixin.py:190} INFO - [2025-11-14T22:05:56.400+0000] {dagbag.py:588} INFO - Filling up the DagBag from /home/airflow/.local/lib/python3.12/site-packages/airflow/example_dags/tutorial.py
[2025-11-14T22:05:56.406+0000] {processor.py:925} INFO - DAG(s) 'tutorial' retrieved from /home/airflow/.local/lib/python3.12/site-packages/airflow/example_dags/tutorial.py
[2025-11-14T22:05:56.423+0000] {logging_mixin.py:190} INFO - [2025-11-14T22:05:56.423+0000] {dag.py:3239} INFO - Sync 1 DAGs
[2025-11-14T22:05:56.435+0000] {logging_mixin.py:190} INFO - [2025-11-14T22:05:56.435+0000] {dag.py:4180} INFO - Setting next_dagrun for tutorial to 2025-11-13 00:00:00+00:00, run_after=2025-11-14 00:00:00+00:00
[2025-11-14T22:05:56.451+0000] {processor.py:208} INFO - Processing /home/airflow/.local/lib/python3.12/site-packages/airflow/example_dags/tutorial.py took 0.057 seconds
[2025-11-14T22:06:27.129+0000] {processor.py:186} INFO - Started process (PID=5558) to work on /home/airflow/.local/lib/python3.12/site-packages/airflow/example_dags/tutorial.py
[2025-11-14T22:06:27.129+0000] {processor.py:914} INFO - Processing file /home/airflow/.local/lib/python3.12/site-packages/airflow/example_dags/tutorial.py for tasks to queue
[2025-11-14T22:06:27.131+0000] {logging_mixin.py:190} INFO - [2025-11-14T22:06:27.130+0000] {dagbag.py:588} INFO - Filling up the DagBag from /home/airflow/.local/lib/python3.12/site-packages/airflow/example_dags/tutorial.py
[2025-11-14T22:06:27.135+0000] {processor.py:925} INFO - DAG(s) 'tutorial' retrieved from /home/airflow/.local/lib/python3.12/site-packages/airflow/example_dags/tutorial.py
[2025-11-14T22:06:27.147+0000] {logging_mixin.py:190} INFO - [2025-11-14T22:06:27.147+0000] {dag.py:3239} INFO - Sync 1 DAGs
[2025-11-14T22:06:27.157+0000] {logging_mixin.py:190} INFO - [2025-11-14T22:06:27.157+0000] {dag.py:4180} INFO - Setting next_dagrun for tutorial to 2025-11-13 00:00:00+00:00, run_after=2025-11-14 00:00:00+00:00
[2025-11-14T22:06:27.169+0000] {processor.py:208} INFO - Processing /home/airflow/.local/lib/python3.12/site-packages/airflow/example_dags/tutorial.py took 0.044 seconds
[2025-11-14T22:06:57.834+0000] {processor.py:186} INFO - Started process (PID=5619) to work on /home/airflow/.local/lib/python3.12/site-packages/airflow/example_dags/tutorial.py
[2025-11-14T22:06:57.835+0000] {processor.py:914} INFO - Processing file /home/airflow/.local/lib/python3.12/site-packages/airflow/example_dags/tutorial.py for tasks to queue
[2025-11-14T22:06:57.836+0000] {logging_mixin.py:190} INFO - [2025-11-14T22:06:57.836+0000] {dagbag.py:588} INFO - Filling up the DagBag from /home/airflow/.local/lib/python3.12/site-packages/airflow/example_dags/tutorial.py
[2025-11-14T22:06:57.841+0000] {processor.py:925} INFO - DAG(s) 'tutorial' retrieved from /home/airflow/.local/lib/python3.12/site-packages/airflow/example_dags/tutorial.py
[2025-11-14T22:06:57.849+0000] {logging_mixin.py:190} INFO - [2025-11-14T22:06:57.849+0000] {dag.py:3239} INFO - Sync 1 DAGs
[2025-11-14T22:06:57.857+0000] {logging_mixin.py:190} INFO - [2025-11-14T22:06:57.857+0000] {dag.py:4180} INFO - Setting next_dagrun for tutorial to 2025-11-13 00:00:00+00:00, run_after=2025-11-14 00:00:00+00:00
[2025-11-14T22:06:57.864+0000] {processor.py:208} INFO - Processing /home/airflow/.local/lib/python3.12/site-packages/airflow/example_dags/tutorial.py took 0.033 seconds
[2025-11-14T22:07:28.155+0000] {processor.py:186} INFO - Started process (PID=5681) to work on /home/airflow/.local/lib/python3.12/site-packages/airflow/example_dags/tutorial.py
[2025-11-14T22:07:28.157+0000] {processor.py:914} INFO - Processing file /home/airflow/.local/lib/python3.12/site-packages/airflow/example_dags/tutorial.py for tasks to queue
[2025-11-14T22:07:28.158+0000] {logging_mixin.py:190} INFO - [2025-11-14T22:07:28.158+0000] {dagbag.py:588} INFO - Filling up the DagBag from /home/airflow/.local/lib/python3.12/site-packages/airflow/example_dags/tutorial.py
[2025-11-14T22:07:28.162+0000] {processor.py:925} INFO - DAG(s) 'tutorial' retrieved from /home/airflow/.local/lib/python3.12/site-packages/airflow/example_dags/tutorial.py
[2025-11-14T22:07:28.170+0000] {logging_mixin.py:190} INFO - [2025-11-14T22:07:28.170+0000] {dag.py:3239} INFO - Sync 1 DAGs
[2025-11-14T22:07:28.181+0000] {logging_mixin.py:190} INFO - [2025-11-14T22:07:28.181+0000] {dag.py:4180} INFO - Setting next_dagrun for tutorial to 2025-11-13 00:00:00+00:00, run_after=2025-11-14 00:00:00+00:00
[2025-11-14T22:07:28.187+0000] {processor.py:208} INFO - Processing /home/airflow/.local/lib/python3.12/site-packages/airflow/example_dags/tutorial.py took 0.035 seconds
[2025-11-14T22:07:58.669+0000] {processor.py:186} INFO - Started process (PID=5743) to work on /home/airflow/.local/lib/python3.12/site-packages/airflow/example_dags/tutorial.py
[2025-11-14T22:07:58.669+0000] {processor.py:914} INFO - Processing file /home/airflow/.local/lib/python3.12/site-packages/airflow/example_dags/tutorial.py for tasks to queue
[2025-11-14T22:07:58.670+0000] {logging_mixin.py:190} INFO - [2025-11-14T22:07:58.670+0000] {dagbag.py:588} INFO - Filling up the DagBag from /home/airflow/.local/lib/python3.12/site-packages/airflow/example_dags/tutorial.py
[2025-11-14T22:07:58.674+0000] {processor.py:925} INFO - DAG(s) 'tutorial' retrieved from /home/airflow/.local/lib/python3.12/site-packages/airflow/example_dags/tutorial.py
[2025-11-14T22:07:58.683+0000] {logging_mixin.py:190} INFO - [2025-11-14T22:07:58.683+0000] {dag.py:3239} INFO - Sync 1 DAGs
[2025-11-14T22:07:58.694+0000] {logging_mixin.py:190} INFO - [2025-11-14T22:07:58.693+0000] {dag.py:4180} INFO - Setting next_dagrun for tutorial to 2025-11-13 00:00:00+00:00, run_after=2025-11-14 00:00:00+00:00
[2025-11-14T22:07:58.700+0000] {processor.py:208} INFO - Processing /home/airflow/.local/lib/python3.12/site-packages/airflow/example_dags/tutorial.py took 0.034 seconds
[2025-11-14T22:08:28.925+0000] {processor.py:186} INFO - Started process (PID=5805) to work on /home/airflow/.local/lib/python3.12/site-packages/airflow/example_dags/tutorial.py
[2025-11-14T22:08:28.927+0000] {processor.py:914} INFO - Processing file /home/airflow/.local/lib/python3.12/site-packages/airflow/example_dags/tutorial.py for tasks to queue
[2025-11-14T22:08:28.928+0000] {logging_mixin.py:190} INFO - [2025-11-14T22:08:28.928+0000] {dagbag.py:588} INFO - Filling up the DagBag from /home/airflow/.local/lib/python3.12/site-packages/airflow/example_dags/tutorial.py
[2025-11-14T22:08:28.932+0000] {processor.py:925} INFO - DAG(s) 'tutorial' retrieved from /home/airflow/.local/lib/python3.12/site-packages/airflow/example_dags/tutorial.py
[2025-11-14T22:08:28.940+0000] {logging_mixin.py:190} INFO - [2025-11-14T22:08:28.939+0000] {dag.py:3239} INFO - Sync 1 DAGs
[2025-11-14T22:08:28.951+0000] {logging_mixin.py:190} INFO - [2025-11-14T22:08:28.951+0000] {dag.py:4180} INFO - Setting next_dagrun for tutorial to 2025-11-13 00:00:00+00:00, run_after=2025-11-14 00:00:00+00:00
[2025-11-14T22:08:28.958+0000] {processor.py:208} INFO - Processing /home/airflow/.local/lib/python3.12/site-packages/airflow/example_dags/tutorial.py took 0.035 seconds
[2025-11-14T22:09:00.127+0000] {processor.py:186} INFO - Started process (PID=5867) to work on /home/airflow/.local/lib/python3.12/site-packages/airflow/example_dags/tutorial.py
[2025-11-14T22:09:00.129+0000] {processor.py:914} INFO - Processing file /home/airflow/.local/lib/python3.12/site-packages/airflow/example_dags/tutorial.py for tasks to queue
[2025-11-14T22:09:00.130+0000] {logging_mixin.py:190} INFO - [2025-11-14T22:09:00.130+0000] {dagbag.py:588} INFO - Filling up the DagBag from /home/airflow/.local/lib/python3.12/site-packages/airflow/example_dags/tutorial.py
[2025-11-14T22:09:00.134+0000] {processor.py:925} INFO - DAG(s) 'tutorial' retrieved from /home/airflow/.local/lib/python3.12/site-packages/airflow/example_dags/tutorial.py
[2025-11-14T22:09:00.141+0000] {logging_mixin.py:190} INFO - [2025-11-14T22:09:00.141+0000] {dag.py:3239} INFO - Sync 1 DAGs
[2025-11-14T22:09:00.152+0000] {logging_mixin.py:190} INFO - [2025-11-14T22:09:00.152+0000] {dag.py:4180} INFO - Setting next_dagrun for tutorial to 2025-11-13 00:00:00+00:00, run_after=2025-11-14 00:00:00+00:00
[2025-11-14T22:09:00.159+0000] {processor.py:208} INFO - Processing /home/airflow/.local/lib/python3.12/site-packages/airflow/example_dags/tutorial.py took 0.035 seconds
[2025-11-14T22:09:30.500+0000] {processor.py:186} INFO - Started process (PID=5929) to work on /home/airflow/.local/lib/python3.12/site-packages/airflow/example_dags/tutorial.py
[2025-11-14T22:09:30.503+0000] {processor.py:914} INFO - Processing file /home/airflow/.local/lib/python3.12/site-packages/airflow/example_dags/tutorial.py for tasks to queue
[2025-11-14T22:09:30.505+0000] {logging_mixin.py:190} INFO - [2025-11-14T22:09:30.505+0000] {dagbag.py:588} INFO - Filling up the DagBag from /home/airflow/.local/lib/python3.12/site-packages/airflow/example_dags/tutorial.py
[2025-11-14T22:09:30.508+0000] {processor.py:925} INFO - DAG(s) 'tutorial' retrieved from /home/airflow/.local/lib/python3.12/site-packages/airflow/example_dags/tutorial.py
[2025-11-14T22:09:30.516+0000] {logging_mixin.py:190} INFO - [2025-11-14T22:09:30.516+0000] {dag.py:3239} INFO - Sync 1 DAGs
[2025-11-14T22:09:30.526+0000] {logging_mixin.py:190} INFO - [2025-11-14T22:09:30.526+0000] {dag.py:4180} INFO - Setting next_dagrun for tutorial to 2025-11-13 00:00:00+00:00, run_after=2025-11-14 00:00:00+00:00
[2025-11-14T22:09:30.532+0000] {processor.py:208} INFO - Processing /home/airflow/.local/lib/python3.12/site-packages/airflow/example_dags/tutorial.py took 0.034 seconds
[2025-11-14T22:10:01.680+0000] {processor.py:186} INFO - Started process (PID=5991) to work on /home/airflow/.local/lib/python3.12/site-packages/airflow/example_dags/tutorial.py
[2025-11-14T22:10:01.683+0000] {processor.py:914} INFO - Processing file /home/airflow/.local/lib/python3.12/site-packages/airflow/example_dags/tutorial.py for tasks to queue
[2025-11-14T22:10:01.684+0000] {logging_mixin.py:190} INFO - [2025-11-14T22:10:01.684+0000] {dagbag.py:588} INFO - Filling up the DagBag from /home/airflow/.local/lib/python3.12/site-packages/airflow/example_dags/tutorial.py
[2025-11-14T22:10:01.688+0000] {processor.py:925} INFO - DAG(s) 'tutorial' retrieved from /home/airflow/.local/lib/python3.12/site-packages/airflow/example_dags/tutorial.py
[2025-11-14T22:10:01.695+0000] {logging_mixin.py:190} INFO - [2025-11-14T22:10:01.695+0000] {dag.py:3239} INFO - Sync 1 DAGs
[2025-11-14T22:10:01.704+0000] {logging_mixin.py:190} INFO - [2025-11-14T22:10:01.704+0000] {dag.py:4180} INFO - Setting next_dagrun for tutorial to 2025-11-13 00:00:00+00:00, run_after=2025-11-14 00:00:00+00:00
[2025-11-14T22:10:01.710+0000] {processor.py:208} INFO - Processing /home/airflow/.local/lib/python3.12/site-packages/airflow/example_dags/tutorial.py took 0.033 seconds
[2025-11-14T22:10:32.012+0000] {processor.py:186} INFO - Started process (PID=6053) to work on /home/airflow/.local/lib/python3.12/site-packages/airflow/example_dags/tutorial.py
[2025-11-14T22:10:32.012+0000] {processor.py:914} INFO - Processing file /home/airflow/.local/lib/python3.12/site-packages/airflow/example_dags/tutorial.py for tasks to queue
[2025-11-14T22:10:32.016+0000] {logging_mixin.py:190} INFO - [2025-11-14T22:10:32.016+0000] {dagbag.py:588} INFO - Filling up the DagBag from /home/airflow/.local/lib/python3.12/site-packages/airflow/example_dags/tutorial.py
[2025-11-14T22:10:32.019+0000] {processor.py:925} INFO - DAG(s) 'tutorial' retrieved from /home/airflow/.local/lib/python3.12/site-packages/airflow/example_dags/tutorial.py
[2025-11-14T22:10:32.027+0000] {logging_mixin.py:190} INFO - [2025-11-14T22:10:32.027+0000] {dag.py:3239} INFO - Sync 1 DAGs
[2025-11-14T22:10:32.036+0000] {logging_mixin.py:190} INFO - [2025-11-14T22:10:32.036+0000] {dag.py:4180} INFO - Setting next_dagrun for tutorial to 2025-11-13 00:00:00+00:00, run_after=2025-11-14 00:00:00+00:00
[2025-11-14T22:10:32.042+0000] {processor.py:208} INFO - Processing /home/airflow/.local/lib/python3.12/site-packages/airflow/example_dags/tutorial.py took 0.032 seconds
[2025-11-14T22:11:02.293+0000] {processor.py:186} INFO - Started process (PID=6115) to work on /home/airflow/.local/lib/python3.12/site-packages/airflow/example_dags/tutorial.py
[2025-11-14T22:11:02.294+0000] {processor.py:914} INFO - Processing file /home/airflow/.local/lib/python3.12/site-packages/airflow/example_dags/tutorial.py for tasks to queue
[2025-11-14T22:11:02.298+0000] {logging_mixin.py:190} INFO - [2025-11-14T22:11:02.297+0000] {dagbag.py:588} INFO - Filling up the DagBag from /home/airflow/.local/lib/python3.12/site-packages/airflow/example_dags/tutorial.py
[2025-11-14T22:11:02.302+0000] {processor.py:925} INFO - DAG(s) 'tutorial' retrieved from /home/airflow/.local/lib/python3.12/site-packages/airflow/example_dags/tutorial.py
[2025-11-14T22:11:02.310+0000] {logging_mixin.py:190} INFO - [2025-11-14T22:11:02.310+0000] {dag.py:3239} INFO - Sync 1 DAGs
[2025-11-14T22:11:02.320+0000] {logging_mixin.py:190} INFO - [2025-11-14T22:11:02.320+0000] {dag.py:4180} INFO - Setting next_dagrun for tutorial to 2025-11-13 00:00:00+00:00, run_after=2025-11-14 00:00:00+00:00
[2025-11-14T22:11:02.326+0000] {processor.py:208} INFO - Processing /home/airflow/.local/lib/python3.12/site-packages/airflow/example_dags/tutorial.py took 0.035 seconds
[2025-11-14T22:11:33.492+0000] {processor.py:186} INFO - Started process (PID=6177) to work on /home/airflow/.local/lib/python3.12/site-packages/airflow/example_dags/tutorial.py
[2025-11-14T22:11:33.495+0000] {processor.py:914} INFO - Processing file /home/airflow/.local/lib/python3.12/site-packages/airflow/example_dags/tutorial.py for tasks to queue
[2025-11-14T22:11:33.496+0000] {logging_mixin.py:190} INFO - [2025-11-14T22:11:33.496+0000] {dagbag.py:588} INFO - Filling up the DagBag from /home/airflow/.local/lib/python3.12/site-packages/airflow/example_dags/tutorial.py
[2025-11-14T22:11:33.500+0000] {processor.py:925} INFO - DAG(s) 'tutorial' retrieved from /home/airflow/.local/lib/python3.12/site-packages/airflow/example_dags/tutorial.py
[2025-11-14T22:11:33.507+0000] {logging_mixin.py:190} INFO - [2025-11-14T22:11:33.507+0000] {dag.py:3239} INFO - Sync 1 DAGs
[2025-11-14T22:11:33.516+0000] {logging_mixin.py:190} INFO - [2025-11-14T22:11:33.516+0000] {dag.py:4180} INFO - Setting next_dagrun for tutorial to 2025-11-13 00:00:00+00:00, run_after=2025-11-14 00:00:00+00:00
[2025-11-14T22:11:33.524+0000] {processor.py:208} INFO - Processing /home/airflow/.local/lib/python3.12/site-packages/airflow/example_dags/tutorial.py took 0.035 seconds
[2025-11-14T22:12:04.944+0000] {processor.py:186} INFO - Started process (PID=6239) to work on /home/airflow/.local/lib/python3.12/site-packages/airflow/example_dags/tutorial.py
[2025-11-14T22:12:04.945+0000] {processor.py:914} INFO - Processing file /home/airflow/.local/lib/python3.12/site-packages/airflow/example_dags/tutorial.py for tasks to queue
[2025-11-14T22:12:04.946+0000] {logging_mixin.py:190} INFO - [2025-11-14T22:12:04.945+0000] {dagbag.py:588} INFO - Filling up the DagBag from /home/airflow/.local/lib/python3.12/site-packages/airflow/example_dags/tutorial.py
[2025-11-14T22:12:04.950+0000] {processor.py:925} INFO - DAG(s) 'tutorial' retrieved from /home/airflow/.local/lib/python3.12/site-packages/airflow/example_dags/tutorial.py
[2025-11-14T22:12:04.958+0000] {logging_mixin.py:190} INFO - [2025-11-14T22:12:04.958+0000] {dag.py:3239} INFO - Sync 1 DAGs
[2025-11-14T22:12:04.965+0000] {logging_mixin.py:190} INFO - [2025-11-14T22:12:04.965+0000] {dag.py:4180} INFO - Setting next_dagrun for tutorial to 2025-11-13 00:00:00+00:00, run_after=2025-11-14 00:00:00+00:00
[2025-11-14T22:12:04.970+0000] {processor.py:208} INFO - Processing /home/airflow/.local/lib/python3.12/site-packages/airflow/example_dags/tutorial.py took 0.029 seconds
[2025-11-14T22:12:35.086+0000] {processor.py:186} INFO - Started process (PID=6301) to work on /home/airflow/.local/lib/python3.12/site-packages/airflow/example_dags/tutorial.py
[2025-11-14T22:12:35.086+0000] {processor.py:914} INFO - Processing file /home/airflow/.local/lib/python3.12/site-packages/airflow/example_dags/tutorial.py for tasks to queue
[2025-11-14T22:12:35.089+0000] {logging_mixin.py:190} INFO - [2025-11-14T22:12:35.089+0000] {dagbag.py:588} INFO - Filling up the DagBag from /home/airflow/.local/lib/python3.12/site-packages/airflow/example_dags/tutorial.py
[2025-11-14T22:12:35.093+0000] {processor.py:925} INFO - DAG(s) 'tutorial' retrieved from /home/airflow/.local/lib/python3.12/site-packages/airflow/example_dags/tutorial.py
[2025-11-14T22:12:35.102+0000] {logging_mixin.py:190} INFO - [2025-11-14T22:12:35.102+0000] {dag.py:3239} INFO - Sync 1 DAGs
[2025-11-14T22:12:35.111+0000] {logging_mixin.py:190} INFO - [2025-11-14T22:12:35.110+0000] {dag.py:4180} INFO - Setting next_dagrun for tutorial to 2025-11-13 00:00:00+00:00, run_after=2025-11-14 00:00:00+00:00
[2025-11-14T22:12:35.116+0000] {processor.py:208} INFO - Processing /home/airflow/.local/lib/python3.12/site-packages/airflow/example_dags/tutorial.py took 0.034 seconds
[2025-11-14T22:13:06.083+0000] {processor.py:186} INFO - Started process (PID=6363) to work on /home/airflow/.local/lib/python3.12/site-packages/airflow/example_dags/tutorial.py
[2025-11-14T22:13:06.083+0000] {processor.py:914} INFO - Processing file /home/airflow/.local/lib/python3.12/site-packages/airflow/example_dags/tutorial.py for tasks to queue
[2025-11-14T22:13:06.085+0000] {logging_mixin.py:190} INFO - [2025-11-14T22:13:06.085+0000] {dagbag.py:588} INFO - Filling up the DagBag from /home/airflow/.local/lib/python3.12/site-packages/airflow/example_dags/tutorial.py
[2025-11-14T22:13:06.089+0000] {processor.py:925} INFO - DAG(s) 'tutorial' retrieved from /home/airflow/.local/lib/python3.12/site-packages/airflow/example_dags/tutorial.py
[2025-11-14T22:13:06.097+0000] {logging_mixin.py:190} INFO - [2025-11-14T22:13:06.097+0000] {dag.py:3239} INFO - Sync 1 DAGs
[2025-11-14T22:13:06.106+0000] {logging_mixin.py:190} INFO - [2025-11-14T22:13:06.105+0000] {dag.py:4180} INFO - Setting next_dagrun for tutorial to 2025-11-13 00:00:00+00:00, run_after=2025-11-14 00:00:00+00:00
[2025-11-14T22:13:06.112+0000] {processor.py:208} INFO - Processing /home/airflow/.local/lib/python3.12/site-packages/airflow/example_dags/tutorial.py took 0.032 seconds
[2025-11-14T22:13:36.394+0000] {processor.py:186} INFO - Started process (PID=6425) to work on /home/airflow/.local/lib/python3.12/site-packages/airflow/example_dags/tutorial.py
[2025-11-14T22:13:36.394+0000] {processor.py:914} INFO - Processing file /home/airflow/.local/lib/python3.12/site-packages/airflow/example_dags/tutorial.py for tasks to queue
[2025-11-14T22:13:36.395+0000] {logging_mixin.py:190} INFO - [2025-11-14T22:13:36.395+0000] {dagbag.py:588} INFO - Filling up the DagBag from /home/airflow/.local/lib/python3.12/site-packages/airflow/example_dags/tutorial.py
[2025-11-14T22:13:36.399+0000] {processor.py:925} INFO - DAG(s) 'tutorial' retrieved from /home/airflow/.local/lib/python3.12/site-packages/airflow/example_dags/tutorial.py
[2025-11-14T22:13:36.408+0000] {logging_mixin.py:190} INFO - [2025-11-14T22:13:36.408+0000] {dag.py:3239} INFO - Sync 1 DAGs
[2025-11-14T22:13:36.417+0000] {logging_mixin.py:190} INFO - [2025-11-14T22:13:36.417+0000] {dag.py:4180} INFO - Setting next_dagrun for tutorial to 2025-11-13 00:00:00+00:00, run_after=2025-11-14 00:00:00+00:00
[2025-11-14T22:13:36.423+0000] {processor.py:208} INFO - Processing /home/airflow/.local/lib/python3.12/site-packages/airflow/example_dags/tutorial.py took 0.032 seconds
[2025-11-14T22:14:09.511+0000] {processor.py:186} INFO - Started process (PID=6481) to work on /home/airflow/.local/lib/python3.12/site-packages/airflow/example_dags/tutorial.py
[2025-11-14T22:14:09.511+0000] {processor.py:914} INFO - Processing file /home/airflow/.local/lib/python3.12/site-packages/airflow/example_dags/tutorial.py for tasks to queue
[2025-11-14T22:14:09.512+0000] {logging_mixin.py:190} INFO - [2025-11-14T22:14:09.512+0000] {dagbag.py:588} INFO - Filling up the DagBag from /home/airflow/.local/lib/python3.12/site-packages/airflow/example_dags/tutorial.py
[2025-11-14T22:14:09.515+0000] {processor.py:925} INFO - DAG(s) 'tutorial' retrieved from /home/airflow/.local/lib/python3.12/site-packages/airflow/example_dags/tutorial.py
[2025-11-14T22:14:09.524+0000] {logging_mixin.py:190} INFO - [2025-11-14T22:14:09.524+0000] {dag.py:3239} INFO - Sync 1 DAGs
[2025-11-14T22:14:09.531+0000] {logging_mixin.py:190} INFO - [2025-11-14T22:14:09.531+0000] {dag.py:4180} INFO - Setting next_dagrun for tutorial to 2025-11-13 00:00:00+00:00, run_after=2025-11-14 00:00:00+00:00
[2025-11-14T22:14:09.536+0000] {processor.py:208} INFO - Processing /home/airflow/.local/lib/python3.12/site-packages/airflow/example_dags/tutorial.py took 0.028 seconds
[2025-11-14T22:16:34.543+0000] {processor.py:186} INFO - Started process (PID=6543) to work on /home/airflow/.local/lib/python3.12/site-packages/airflow/example_dags/tutorial.py
[2025-11-14T22:16:34.544+0000] {processor.py:914} INFO - Processing file /home/airflow/.local/lib/python3.12/site-packages/airflow/example_dags/tutorial.py for tasks to queue
[2025-11-14T22:16:34.545+0000] {logging_mixin.py:190} INFO - [2025-11-14T22:16:34.545+0000] {dagbag.py:588} INFO - Filling up the DagBag from /home/airflow/.local/lib/python3.12/site-packages/airflow/example_dags/tutorial.py
[2025-11-14T22:16:34.549+0000] {processor.py:925} INFO - DAG(s) 'tutorial' retrieved from /home/airflow/.local/lib/python3.12/site-packages/airflow/example_dags/tutorial.py
[2025-11-14T22:16:34.557+0000] {logging_mixin.py:190} INFO - [2025-11-14T22:16:34.557+0000] {dag.py:3239} INFO - Sync 1 DAGs
[2025-11-14T22:16:34.566+0000] {logging_mixin.py:190} INFO - [2025-11-14T22:16:34.566+0000] {dag.py:4180} INFO - Setting next_dagrun for tutorial to 2025-11-13 00:00:00+00:00, run_after=2025-11-14 00:00:00+00:00
[2025-11-14T22:16:34.572+0000] {processor.py:208} INFO - Processing /home/airflow/.local/lib/python3.12/site-packages/airflow/example_dags/tutorial.py took 0.031 seconds
[2025-11-14T22:17:05.042+0000] {processor.py:186} INFO - Started process (PID=6605) to work on /home/airflow/.local/lib/python3.12/site-packages/airflow/example_dags/tutorial.py
[2025-11-14T22:17:05.043+0000] {processor.py:914} INFO - Processing file /home/airflow/.local/lib/python3.12/site-packages/airflow/example_dags/tutorial.py for tasks to queue
[2025-11-14T22:17:05.044+0000] {logging_mixin.py:190} INFO - [2025-11-14T22:17:05.044+0000] {dagbag.py:588} INFO - Filling up the DagBag from /home/airflow/.local/lib/python3.12/site-packages/airflow/example_dags/tutorial.py
[2025-11-14T22:17:05.048+0000] {processor.py:925} INFO - DAG(s) 'tutorial' retrieved from /home/airflow/.local/lib/python3.12/site-packages/airflow/example_dags/tutorial.py
[2025-11-14T22:17:05.056+0000] {logging_mixin.py:190} INFO - [2025-11-14T22:17:05.056+0000] {dag.py:3239} INFO - Sync 1 DAGs
[2025-11-14T22:17:05.064+0000] {logging_mixin.py:190} INFO - [2025-11-14T22:17:05.064+0000] {dag.py:4180} INFO - Setting next_dagrun for tutorial to 2025-11-13 00:00:00+00:00, run_after=2025-11-14 00:00:00+00:00
[2025-11-14T22:17:05.074+0000] {processor.py:208} INFO - Processing /home/airflow/.local/lib/python3.12/site-packages/airflow/example_dags/tutorial.py took 0.034 seconds
[2025-11-14T22:18:01.653+0000] {processor.py:186} INFO - Started process (PID=6667) to work on /home/airflow/.local/lib/python3.12/site-packages/airflow/example_dags/tutorial.py
[2025-11-14T22:18:01.654+0000] {processor.py:914} INFO - Processing file /home/airflow/.local/lib/python3.12/site-packages/airflow/example_dags/tutorial.py for tasks to queue
[2025-11-14T22:18:01.655+0000] {logging_mixin.py:190} INFO - [2025-11-14T22:18:01.655+0000] {dagbag.py:588} INFO - Filling up the DagBag from /home/airflow/.local/lib/python3.12/site-packages/airflow/example_dags/tutorial.py
[2025-11-14T22:18:01.659+0000] {processor.py:925} INFO - DAG(s) 'tutorial' retrieved from /home/airflow/.local/lib/python3.12/site-packages/airflow/example_dags/tutorial.py
[2025-11-14T22:18:01.668+0000] {logging_mixin.py:190} INFO - [2025-11-14T22:18:01.668+0000] {dag.py:3239} INFO - Sync 1 DAGs
[2025-11-14T22:18:01.676+0000] {logging_mixin.py:190} INFO - [2025-11-14T22:18:01.676+0000] {dag.py:4180} INFO - Setting next_dagrun for tutorial to 2025-11-13 00:00:00+00:00, run_after=2025-11-14 00:00:00+00:00
[2025-11-14T22:18:01.682+0000] {processor.py:208} INFO - Processing /home/airflow/.local/lib/python3.12/site-packages/airflow/example_dags/tutorial.py took 0.032 seconds
[2025-11-14T22:19:05.297+0000] {processor.py:186} INFO - Started process (PID=6729) to work on /home/airflow/.local/lib/python3.12/site-packages/airflow/example_dags/tutorial.py
[2025-11-14T22:19:05.298+0000] {processor.py:914} INFO - Processing file /home/airflow/.local/lib/python3.12/site-packages/airflow/example_dags/tutorial.py for tasks to queue
[2025-11-14T22:19:05.299+0000] {logging_mixin.py:190} INFO - [2025-11-14T22:19:05.299+0000] {dagbag.py:588} INFO - Filling up the DagBag from /home/airflow/.local/lib/python3.12/site-packages/airflow/example_dags/tutorial.py
[2025-11-14T22:19:05.303+0000] {processor.py:925} INFO - DAG(s) 'tutorial' retrieved from /home/airflow/.local/lib/python3.12/site-packages/airflow/example_dags/tutorial.py
[2025-11-14T22:19:05.311+0000] {logging_mixin.py:190} INFO - [2025-11-14T22:19:05.311+0000] {dag.py:3239} INFO - Sync 1 DAGs
[2025-11-14T22:19:05.321+0000] {logging_mixin.py:190} INFO - [2025-11-14T22:19:05.321+0000] {dag.py:4180} INFO - Setting next_dagrun for tutorial to 2025-11-13 00:00:00+00:00, run_after=2025-11-14 00:00:00+00:00
[2025-11-14T22:19:05.329+0000] {processor.py:208} INFO - Processing /home/airflow/.local/lib/python3.12/site-packages/airflow/example_dags/tutorial.py took 0.035 seconds
[2025-11-14T22:19:35.466+0000] {processor.py:186} INFO - Started process (PID=6791) to work on /home/airflow/.local/lib/python3.12/site-packages/airflow/example_dags/tutorial.py
[2025-11-14T22:19:35.466+0000] {processor.py:914} INFO - Processing file /home/airflow/.local/lib/python3.12/site-packages/airflow/example_dags/tutorial.py for tasks to queue
[2025-11-14T22:19:35.467+0000] {logging_mixin.py:190} INFO - [2025-11-14T22:19:35.467+0000] {dagbag.py:588} INFO - Filling up the DagBag from /home/airflow/.local/lib/python3.12/site-packages/airflow/example_dags/tutorial.py
[2025-11-14T22:19:35.475+0000] {processor.py:925} INFO - DAG(s) 'tutorial' retrieved from /home/airflow/.local/lib/python3.12/site-packages/airflow/example_dags/tutorial.py
[2025-11-14T22:19:35.486+0000] {logging_mixin.py:190} INFO - [2025-11-14T22:19:35.486+0000] {dag.py:3239} INFO - Sync 1 DAGs
[2025-11-14T22:19:35.494+0000] {logging_mixin.py:190} INFO - [2025-11-14T22:19:35.494+0000] {dag.py:4180} INFO - Setting next_dagrun for tutorial to 2025-11-13 00:00:00+00:00, run_after=2025-11-14 00:00:00+00:00
[2025-11-14T22:19:35.500+0000] {processor.py:208} INFO - Processing /home/airflow/.local/lib/python3.12/site-packages/airflow/example_dags/tutorial.py took 0.038 seconds
[2025-11-14T22:20:33.562+0000] {processor.py:186} INFO - Started process (PID=6853) to work on /home/airflow/.local/lib/python3.12/site-packages/airflow/example_dags/tutorial.py
[2025-11-14T22:20:33.563+0000] {processor.py:914} INFO - Processing file /home/airflow/.local/lib/python3.12/site-packages/airflow/example_dags/tutorial.py for tasks to queue
[2025-11-14T22:20:33.565+0000] {logging_mixin.py:190} INFO - [2025-11-14T22:20:33.565+0000] {dagbag.py:588} INFO - Filling up the DagBag from /home/airflow/.local/lib/python3.12/site-packages/airflow/example_dags/tutorial.py
[2025-11-14T22:20:33.568+0000] {processor.py:925} INFO - DAG(s) 'tutorial' retrieved from /home/airflow/.local/lib/python3.12/site-packages/airflow/example_dags/tutorial.py
[2025-11-14T22:20:33.585+0000] {logging_mixin.py:190} INFO - [2025-11-14T22:20:33.585+0000] {dag.py:3239} INFO - Sync 1 DAGs
[2025-11-14T22:20:33.597+0000] {logging_mixin.py:190} INFO - [2025-11-14T22:20:33.597+0000] {dag.py:4180} INFO - Setting next_dagrun for tutorial to 2025-11-13 00:00:00+00:00, run_after=2025-11-14 00:00:00+00:00
[2025-11-14T22:20:33.603+0000] {processor.py:208} INFO - Processing /home/airflow/.local/lib/python3.12/site-packages/airflow/example_dags/tutorial.py took 0.043 seconds
[2025-11-14T22:21:11.029+0000] {processor.py:186} INFO - Started process (PID=6915) to work on /home/airflow/.local/lib/python3.12/site-packages/airflow/example_dags/tutorial.py
[2025-11-14T22:21:11.031+0000] {processor.py:914} INFO - Processing file /home/airflow/.local/lib/python3.12/site-packages/airflow/example_dags/tutorial.py for tasks to queue
[2025-11-14T22:21:11.032+0000] {logging_mixin.py:190} INFO - [2025-11-14T22:21:11.032+0000] {dagbag.py:588} INFO - Filling up the DagBag from /home/airflow/.local/lib/python3.12/site-packages/airflow/example_dags/tutorial.py
[2025-11-14T22:21:11.036+0000] {processor.py:925} INFO - DAG(s) 'tutorial' retrieved from /home/airflow/.local/lib/python3.12/site-packages/airflow/example_dags/tutorial.py
[2025-11-14T22:21:11.045+0000] {logging_mixin.py:190} INFO - [2025-11-14T22:21:11.045+0000] {dag.py:3239} INFO - Sync 1 DAGs
[2025-11-14T22:21:11.054+0000] {logging_mixin.py:190} INFO - [2025-11-14T22:21:11.054+0000] {dag.py:4180} INFO - Setting next_dagrun for tutorial to 2025-11-13 00:00:00+00:00, run_after=2025-11-14 00:00:00+00:00
[2025-11-14T22:21:11.061+0000] {processor.py:208} INFO - Processing /home/airflow/.local/lib/python3.12/site-packages/airflow/example_dags/tutorial.py took 0.034 seconds
[2025-11-14T22:21:41.461+0000] {processor.py:186} INFO - Started process (PID=6977) to work on /home/airflow/.local/lib/python3.12/site-packages/airflow/example_dags/tutorial.py
[2025-11-14T22:21:41.461+0000] {processor.py:914} INFO - Processing file /home/airflow/.local/lib/python3.12/site-packages/airflow/example_dags/tutorial.py for tasks to queue
[2025-11-14T22:21:41.464+0000] {logging_mixin.py:190} INFO - [2025-11-14T22:21:41.464+0000] {dagbag.py:588} INFO - Filling up the DagBag from /home/airflow/.local/lib/python3.12/site-packages/airflow/example_dags/tutorial.py
[2025-11-14T22:21:41.468+0000] {processor.py:925} INFO - DAG(s) 'tutorial' retrieved from /home/airflow/.local/lib/python3.12/site-packages/airflow/example_dags/tutorial.py
[2025-11-14T22:21:41.481+0000] {logging_mixin.py:190} INFO - [2025-11-14T22:21:41.480+0000] {dag.py:3239} INFO - Sync 1 DAGs
[2025-11-14T22:21:41.490+0000] {logging_mixin.py:190} INFO - [2025-11-14T22:21:41.490+0000] {dag.py:4180} INFO - Setting next_dagrun for tutorial to 2025-11-13 00:00:00+00:00, run_after=2025-11-14 00:00:00+00:00
[2025-11-14T22:21:41.498+0000] {processor.py:208} INFO - Processing /home/airflow/.local/lib/python3.12/site-packages/airflow/example_dags/tutorial.py took 0.041 seconds
[2025-11-14T22:23:03.100+0000] {processor.py:186} INFO - Started process (PID=7039) to work on /home/airflow/.local/lib/python3.12/site-packages/airflow/example_dags/tutorial.py
[2025-11-14T22:23:03.101+0000] {processor.py:914} INFO - Processing file /home/airflow/.local/lib/python3.12/site-packages/airflow/example_dags/tutorial.py for tasks to queue
[2025-11-14T22:23:03.102+0000] {logging_mixin.py:190} INFO - [2025-11-14T22:23:03.102+0000] {dagbag.py:588} INFO - Filling up the DagBag from /home/airflow/.local/lib/python3.12/site-packages/airflow/example_dags/tutorial.py
[2025-11-14T22:23:03.106+0000] {processor.py:925} INFO - DAG(s) 'tutorial' retrieved from /home/airflow/.local/lib/python3.12/site-packages/airflow/example_dags/tutorial.py
[2025-11-14T22:23:03.120+0000] {logging_mixin.py:190} INFO - [2025-11-14T22:23:03.120+0000] {dag.py:3239} INFO - Sync 1 DAGs
[2025-11-14T22:23:03.133+0000] {logging_mixin.py:190} INFO - [2025-11-14T22:23:03.133+0000] {dag.py:4180} INFO - Setting next_dagrun for tutorial to 2025-11-13 00:00:00+00:00, run_after=2025-11-14 00:00:00+00:00
[2025-11-14T22:23:03.146+0000] {processor.py:208} INFO - Processing /home/airflow/.local/lib/python3.12/site-packages/airflow/example_dags/tutorial.py took 0.048 seconds
[2025-11-14T22:23:48.868+0000] {processor.py:186} INFO - Started process (PID=7107) to work on /home/airflow/.local/lib/python3.12/site-packages/airflow/example_dags/tutorial.py
[2025-11-14T22:23:48.869+0000] {processor.py:914} INFO - Processing file /home/airflow/.local/lib/python3.12/site-packages/airflow/example_dags/tutorial.py for tasks to queue
[2025-11-14T22:23:48.870+0000] {logging_mixin.py:190} INFO - [2025-11-14T22:23:48.870+0000] {dagbag.py:588} INFO - Filling up the DagBag from /home/airflow/.local/lib/python3.12/site-packages/airflow/example_dags/tutorial.py
[2025-11-14T22:23:48.874+0000] {processor.py:925} INFO - DAG(s) 'tutorial' retrieved from /home/airflow/.local/lib/python3.12/site-packages/airflow/example_dags/tutorial.py
[2025-11-14T22:23:48.883+0000] {logging_mixin.py:190} INFO - [2025-11-14T22:23:48.883+0000] {dag.py:3239} INFO - Sync 1 DAGs
[2025-11-14T22:23:48.894+0000] {logging_mixin.py:190} INFO - [2025-11-14T22:23:48.894+0000] {dag.py:4180} INFO - Setting next_dagrun for tutorial to 2025-11-13 00:00:00+00:00, run_after=2025-11-14 00:00:00+00:00
[2025-11-14T22:23:48.901+0000] {processor.py:208} INFO - Processing /home/airflow/.local/lib/python3.12/site-packages/airflow/example_dags/tutorial.py took 0.037 seconds
[2025-11-14T22:33:29.863+0000] {processor.py:186} INFO - Started process (PID=7163) to work on /home/airflow/.local/lib/python3.12/site-packages/airflow/example_dags/tutorial.py
[2025-11-14T22:33:29.864+0000] {processor.py:914} INFO - Processing file /home/airflow/.local/lib/python3.12/site-packages/airflow/example_dags/tutorial.py for tasks to queue
[2025-11-14T22:33:29.866+0000] {logging_mixin.py:190} INFO - [2025-11-14T22:33:29.866+0000] {dagbag.py:588} INFO - Filling up the DagBag from /home/airflow/.local/lib/python3.12/site-packages/airflow/example_dags/tutorial.py
[2025-11-14T22:33:29.871+0000] {processor.py:925} INFO - DAG(s) 'tutorial' retrieved from /home/airflow/.local/lib/python3.12/site-packages/airflow/example_dags/tutorial.py
[2025-11-14T22:33:29.888+0000] {logging_mixin.py:190} INFO - [2025-11-14T22:33:29.888+0000] {dag.py:3239} INFO - Sync 1 DAGs
[2025-11-14T22:33:29.904+0000] {logging_mixin.py:190} INFO - [2025-11-14T22:33:29.904+0000] {dag.py:4180} INFO - Setting next_dagrun for tutorial to 2025-11-13 00:00:00+00:00, run_after=2025-11-14 00:00:00+00:00
[2025-11-14T22:33:29.918+0000] {processor.py:208} INFO - Processing /home/airflow/.local/lib/python3.12/site-packages/airflow/example_dags/tutorial.py took 0.058 seconds
[2025-11-14T22:34:00.539+0000] {processor.py:186} INFO - Started process (PID=7225) to work on /home/airflow/.local/lib/python3.12/site-packages/airflow/example_dags/tutorial.py
[2025-11-14T22:34:00.542+0000] {processor.py:914} INFO - Processing file /home/airflow/.local/lib/python3.12/site-packages/airflow/example_dags/tutorial.py for tasks to queue
[2025-11-14T22:34:00.544+0000] {logging_mixin.py:190} INFO - [2025-11-14T22:34:00.544+0000] {dagbag.py:588} INFO - Filling up the DagBag from /home/airflow/.local/lib/python3.12/site-packages/airflow/example_dags/tutorial.py
[2025-11-14T22:34:00.549+0000] {processor.py:925} INFO - DAG(s) 'tutorial' retrieved from /home/airflow/.local/lib/python3.12/site-packages/airflow/example_dags/tutorial.py
[2025-11-14T22:34:00.560+0000] {logging_mixin.py:190} INFO - [2025-11-14T22:34:00.560+0000] {dag.py:3239} INFO - Sync 1 DAGs
[2025-11-14T22:34:00.570+0000] {logging_mixin.py:190} INFO - [2025-11-14T22:34:00.570+0000] {dag.py:4180} INFO - Setting next_dagrun for tutorial to 2025-11-13 00:00:00+00:00, run_after=2025-11-14 00:00:00+00:00
[2025-11-14T22:34:00.584+0000] {processor.py:208} INFO - Processing /home/airflow/.local/lib/python3.12/site-packages/airflow/example_dags/tutorial.py took 0.050 seconds
[2025-11-14T22:34:30.961+0000] {processor.py:186} INFO - Started process (PID=7287) to work on /home/airflow/.local/lib/python3.12/site-packages/airflow/example_dags/tutorial.py
[2025-11-14T22:34:30.962+0000] {processor.py:914} INFO - Processing file /home/airflow/.local/lib/python3.12/site-packages/airflow/example_dags/tutorial.py for tasks to queue
[2025-11-14T22:34:30.964+0000] {logging_mixin.py:190} INFO - [2025-11-14T22:34:30.964+0000] {dagbag.py:588} INFO - Filling up the DagBag from /home/airflow/.local/lib/python3.12/site-packages/airflow/example_dags/tutorial.py
[2025-11-14T22:34:30.969+0000] {processor.py:925} INFO - DAG(s) 'tutorial' retrieved from /home/airflow/.local/lib/python3.12/site-packages/airflow/example_dags/tutorial.py
[2025-11-14T22:34:30.978+0000] {logging_mixin.py:190} INFO - [2025-11-14T22:34:30.978+0000] {dag.py:3239} INFO - Sync 1 DAGs
[2025-11-14T22:34:30.986+0000] {logging_mixin.py:190} INFO - [2025-11-14T22:34:30.986+0000] {dag.py:4180} INFO - Setting next_dagrun for tutorial to 2025-11-13 00:00:00+00:00, run_after=2025-11-14 00:00:00+00:00
[2025-11-14T22:34:30.993+0000] {processor.py:208} INFO - Processing /home/airflow/.local/lib/python3.12/site-packages/airflow/example_dags/tutorial.py took 0.035 seconds
[2025-11-14T22:35:01.209+0000] {processor.py:186} INFO - Started process (PID=7349) to work on /home/airflow/.local/lib/python3.12/site-packages/airflow/example_dags/tutorial.py
[2025-11-14T22:35:01.210+0000] {processor.py:914} INFO - Processing file /home/airflow/.local/lib/python3.12/site-packages/airflow/example_dags/tutorial.py for tasks to queue
[2025-11-14T22:35:01.212+0000] {logging_mixin.py:190} INFO - [2025-11-14T22:35:01.212+0000] {dagbag.py:588} INFO - Filling up the DagBag from /home/airflow/.local/lib/python3.12/site-packages/airflow/example_dags/tutorial.py
[2025-11-14T22:35:01.217+0000] {processor.py:925} INFO - DAG(s) 'tutorial' retrieved from /home/airflow/.local/lib/python3.12/site-packages/airflow/example_dags/tutorial.py
[2025-11-14T22:35:01.226+0000] {logging_mixin.py:190} INFO - [2025-11-14T22:35:01.226+0000] {dag.py:3239} INFO - Sync 1 DAGs
[2025-11-14T22:35:01.235+0000] {logging_mixin.py:190} INFO - [2025-11-14T22:35:01.235+0000] {dag.py:4180} INFO - Setting next_dagrun for tutorial to 2025-11-13 00:00:00+00:00, run_after=2025-11-14 00:00:00+00:00
[2025-11-14T22:35:01.241+0000] {processor.py:208} INFO - Processing /home/airflow/.local/lib/python3.12/site-packages/airflow/example_dags/tutorial.py took 0.035 seconds
[2025-11-14T22:35:31.375+0000] {processor.py:186} INFO - Started process (PID=7411) to work on /home/airflow/.local/lib/python3.12/site-packages/airflow/example_dags/tutorial.py
[2025-11-14T22:35:31.376+0000] {processor.py:914} INFO - Processing file /home/airflow/.local/lib/python3.12/site-packages/airflow/example_dags/tutorial.py for tasks to queue
[2025-11-14T22:35:31.380+0000] {logging_mixin.py:190} INFO - [2025-11-14T22:35:31.379+0000] {dagbag.py:588} INFO - Filling up the DagBag from /home/airflow/.local/lib/python3.12/site-packages/airflow/example_dags/tutorial.py
[2025-11-14T22:35:31.384+0000] {processor.py:925} INFO - DAG(s) 'tutorial' retrieved from /home/airflow/.local/lib/python3.12/site-packages/airflow/example_dags/tutorial.py
[2025-11-14T22:35:31.394+0000] {logging_mixin.py:190} INFO - [2025-11-14T22:35:31.394+0000] {dag.py:3239} INFO - Sync 1 DAGs
[2025-11-14T22:35:31.403+0000] {logging_mixin.py:190} INFO - [2025-11-14T22:35:31.403+0000] {dag.py:4180} INFO - Setting next_dagrun for tutorial to 2025-11-13 00:00:00+00:00, run_after=2025-11-14 00:00:00+00:00
[2025-11-14T22:35:31.409+0000] {processor.py:208} INFO - Processing /home/airflow/.local/lib/python3.12/site-packages/airflow/example_dags/tutorial.py took 0.036 seconds
[2025-11-14T22:36:02.421+0000] {processor.py:186} INFO - Started process (PID=7473) to work on /home/airflow/.local/lib/python3.12/site-packages/airflow/example_dags/tutorial.py
[2025-11-14T22:36:02.422+0000] {processor.py:914} INFO - Processing file /home/airflow/.local/lib/python3.12/site-packages/airflow/example_dags/tutorial.py for tasks to queue
[2025-11-14T22:36:02.423+0000] {logging_mixin.py:190} INFO - [2025-11-14T22:36:02.423+0000] {dagbag.py:588} INFO - Filling up the DagBag from /home/airflow/.local/lib/python3.12/site-packages/airflow/example_dags/tutorial.py
[2025-11-14T22:36:02.427+0000] {processor.py:925} INFO - DAG(s) 'tutorial' retrieved from /home/airflow/.local/lib/python3.12/site-packages/airflow/example_dags/tutorial.py
[2025-11-14T22:36:02.436+0000] {logging_mixin.py:190} INFO - [2025-11-14T22:36:02.436+0000] {dag.py:3239} INFO - Sync 1 DAGs
[2025-11-14T22:36:02.444+0000] {logging_mixin.py:190} INFO - [2025-11-14T22:36:02.444+0000] {dag.py:4180} INFO - Setting next_dagrun for tutorial to 2025-11-13 00:00:00+00:00, run_after=2025-11-14 00:00:00+00:00
[2025-11-14T22:36:02.452+0000] {processor.py:208} INFO - Processing /home/airflow/.local/lib/python3.12/site-packages/airflow/example_dags/tutorial.py took 0.033 seconds
[2025-11-14T22:36:33.130+0000] {processor.py:186} INFO - Started process (PID=7535) to work on /home/airflow/.local/lib/python3.12/site-packages/airflow/example_dags/tutorial.py
[2025-11-14T22:36:33.131+0000] {processor.py:914} INFO - Processing file /home/airflow/.local/lib/python3.12/site-packages/airflow/example_dags/tutorial.py for tasks to queue
[2025-11-14T22:36:33.132+0000] {logging_mixin.py:190} INFO - [2025-11-14T22:36:33.131+0000] {dagbag.py:588} INFO - Filling up the DagBag from /home/airflow/.local/lib/python3.12/site-packages/airflow/example_dags/tutorial.py
[2025-11-14T22:36:33.136+0000] {processor.py:925} INFO - DAG(s) 'tutorial' retrieved from /home/airflow/.local/lib/python3.12/site-packages/airflow/example_dags/tutorial.py
[2025-11-14T22:36:33.144+0000] {logging_mixin.py:190} INFO - [2025-11-14T22:36:33.144+0000] {dag.py:3239} INFO - Sync 1 DAGs
[2025-11-14T22:36:33.154+0000] {logging_mixin.py:190} INFO - [2025-11-14T22:36:33.154+0000] {dag.py:4180} INFO - Setting next_dagrun for tutorial to 2025-11-13 00:00:00+00:00, run_after=2025-11-14 00:00:00+00:00
[2025-11-14T22:36:33.161+0000] {processor.py:208} INFO - Processing /home/airflow/.local/lib/python3.12/site-packages/airflow/example_dags/tutorial.py took 0.034 seconds
[2025-11-14T22:37:17.531+0000] {processor.py:186} INFO - Started process (PID=83) to work on /home/airflow/.local/lib/python3.12/site-packages/airflow/example_dags/tutorial.py
[2025-11-14T22:37:17.536+0000] {processor.py:914} INFO - Processing file /home/airflow/.local/lib/python3.12/site-packages/airflow/example_dags/tutorial.py for tasks to queue
[2025-11-14T22:37:17.544+0000] {logging_mixin.py:190} INFO - [2025-11-14T22:37:17.544+0000] {dagbag.py:588} INFO - Filling up the DagBag from /home/airflow/.local/lib/python3.12/site-packages/airflow/example_dags/tutorial.py
[2025-11-14T22:37:17.552+0000] {processor.py:925} INFO - DAG(s) 'tutorial' retrieved from /home/airflow/.local/lib/python3.12/site-packages/airflow/example_dags/tutorial.py
[2025-11-14T22:37:17.568+0000] {logging_mixin.py:190} INFO - [2025-11-14T22:37:17.567+0000] {dag.py:3239} INFO - Sync 1 DAGs
[2025-11-14T22:37:17.583+0000] {logging_mixin.py:190} INFO - [2025-11-14T22:37:17.583+0000] {dag.py:4180} INFO - Setting next_dagrun for tutorial to 2025-11-13 00:00:00+00:00, run_after=2025-11-14 00:00:00+00:00
[2025-11-14T22:37:17.596+0000] {processor.py:208} INFO - Processing /home/airflow/.local/lib/python3.12/site-packages/airflow/example_dags/tutorial.py took 0.090 seconds
[2025-11-14T22:37:48.012+0000] {processor.py:186} INFO - Started process (PID=145) to work on /home/airflow/.local/lib/python3.12/site-packages/airflow/example_dags/tutorial.py
[2025-11-14T22:37:48.012+0000] {processor.py:914} INFO - Processing file /home/airflow/.local/lib/python3.12/site-packages/airflow/example_dags/tutorial.py for tasks to queue
[2025-11-14T22:37:48.013+0000] {logging_mixin.py:190} INFO - [2025-11-14T22:37:48.013+0000] {dagbag.py:588} INFO - Filling up the DagBag from /home/airflow/.local/lib/python3.12/site-packages/airflow/example_dags/tutorial.py
[2025-11-14T22:37:48.018+0000] {processor.py:925} INFO - DAG(s) 'tutorial' retrieved from /home/airflow/.local/lib/python3.12/site-packages/airflow/example_dags/tutorial.py
[2025-11-14T22:37:48.027+0000] {logging_mixin.py:190} INFO - [2025-11-14T22:37:48.027+0000] {dag.py:3239} INFO - Sync 1 DAGs
[2025-11-14T22:37:48.035+0000] {logging_mixin.py:190} INFO - [2025-11-14T22:37:48.035+0000] {dag.py:4180} INFO - Setting next_dagrun for tutorial to 2025-11-13 00:00:00+00:00, run_after=2025-11-14 00:00:00+00:00
[2025-11-14T22:37:48.043+0000] {processor.py:208} INFO - Processing /home/airflow/.local/lib/python3.12/site-packages/airflow/example_dags/tutorial.py took 0.034 seconds
