{"timestamp":"2025-12-07T03:42:01.564561","level":"info","event":"DAG bundles loaded: dags-folder, example_dags","logger":"airflow.dag_processing.bundles.manager.DagBundlesManager"}
{"timestamp":"2025-12-07T03:42:01.566620","level":"info","event":"Filling up the DagBag from /opt/airflow/dags/music_load_dag.py","logger":"airflow.models.dagbag.DagBag"}
{"timestamp":"2025-12-07T03:42:02.662358Z","level":"info","event":"postgresql+psycopg2://airflow:airflow@postgres/airflow","chan":"stdout","logger":"task"}
{"timestamp":"2025-12-07T03:42:02.744603Z","level":"info","event":"Task instance is in running state","chan":"stdout","logger":"task"}
{"timestamp":"2025-12-07T03:42:02.744904Z","level":"info","event":" Previous state of the Task instance: TaskInstanceState.QUEUED","chan":"stdout","logger":"task"}
{"timestamp":"2025-12-07T03:42:02.745271Z","level":"info","event":"Current task name:load_music_data","chan":"stdout","logger":"task"}
{"timestamp":"2025-12-07T03:42:02.745358Z","level":"info","event":"Dag name:weekly_music_pipeline","chan":"stdout","logger":"task"}
{"timestamp":"2025-12-07T03:42:17.979350Z","level":"info","event":"  Searching Spotify for 100 songs...","chan":"stdout","logger":"task"}
{"timestamp":"2025-12-07T03:42:17.983599Z","level":"info","event":"  Processing song 1/100: Blurred Lines by Robin Thicke Featuring T.I. + Pharrell","chan":"stdout","logger":"task"}
{"timestamp":"2025-12-07T03:42:18.700994Z","level":"info","event":"1","chan":"stdout","logger":"task"}
{"timestamp":"2025-12-07T03:42:19.413588Z","level":"info","event":"2","chan":"stdout","logger":"task"}
{"timestamp":"2025-12-07T03:42:20.055065Z","level":"info","event":"3","chan":"stdout","logger":"task"}
{"timestamp":"2025-12-07T03:42:20.964786Z","level":"info","event":"4","chan":"stdout","logger":"task"}
{"timestamp":"2025-12-07T03:42:21.824693Z","level":"info","event":"5","chan":"stdout","logger":"task"}
{"timestamp":"2025-12-07T03:42:22.800672Z","level":"info","event":"6","chan":"stdout","logger":"task"}
{"timestamp":"2025-12-07T03:42:23.527181Z","level":"info","event":"7","chan":"stdout","logger":"task"}
{"timestamp":"2025-12-07T03:42:24.196516Z","level":"info","event":"8","chan":"stdout","logger":"task"}
{"timestamp":"2025-12-07T03:42:24.915634Z","level":"info","event":"9","chan":"stdout","logger":"task"}
{"timestamp":"2025-12-07T03:42:24.916476Z","level":"info","event":"  Processing song 10/100: I Love It by Icona Pop Featuring Charli xcx","chan":"stdout","logger":"task"}
{"timestamp":"2025-12-07T03:42:25.592106Z","level":"info","event":"10","chan":"stdout","logger":"task"}
{"timestamp":"2025-12-07T03:42:26.612680Z","level":"info","event":"11","chan":"stdout","logger":"task"}
{"timestamp":"2025-12-07T03:42:27.545568Z","level":"info","event":"12","chan":"stdout","logger":"task"}
{"timestamp":"2025-12-07T03:42:28.295324Z","level":"info","event":"13","chan":"stdout","logger":"task"}
{"timestamp":"2025-12-07T03:42:29.010998Z","level":"info","event":"14","chan":"stdout","logger":"task"}
{"timestamp":"2025-12-07T03:42:29.891270Z","level":"info","event":"15","chan":"stdout","logger":"task"}
{"timestamp":"2025-12-07T03:42:30.602839Z","level":"info","event":"16","chan":"stdout","logger":"task"}
{"timestamp":"2025-12-07T03:42:31.276989Z","level":"info","event":"17","chan":"stdout","logger":"task"}
{"timestamp":"2025-12-07T03:42:31.963066Z","level":"info","event":"18","chan":"stdout","logger":"task"}
{"timestamp":"2025-12-07T03:42:32.735634Z","level":"info","event":"19","chan":"stdout","logger":"task"}
{"timestamp":"2025-12-07T03:42:32.736383Z","level":"info","event":"  Processing song 20/100: Heart Attack by Demi Lovato","chan":"stdout","logger":"task"}
{"timestamp":"2025-12-07T03:42:33.436977Z","level":"info","event":"20","chan":"stdout","logger":"task"}
{"timestamp":"2025-12-07T03:42:34.171673Z","level":"info","event":"21","chan":"stdout","logger":"task"}
{"timestamp":"2025-12-07T03:42:35.049016Z","level":"info","event":"22","chan":"stdout","logger":"task"}
{"timestamp":"2025-12-07T03:42:35.814004Z","level":"info","event":"23","chan":"stdout","logger":"task"}
{"timestamp":"2025-12-07T03:42:36.614884Z","level":"info","event":"24","chan":"stdout","logger":"task"}
{"timestamp":"2025-12-07T03:42:37.265310Z","level":"info","event":"25","chan":"stdout","logger":"task"}
{"timestamp":"2025-12-07T03:42:38.215964Z","level":"info","event":"26","chan":"stdout","logger":"task"}
{"timestamp":"2025-12-07T03:42:39.067808Z","level":"info","event":"27","chan":"stdout","logger":"task"}
{"timestamp":"2025-12-07T03:42:39.875718Z","level":"info","event":"28","chan":"stdout","logger":"task"}
{"timestamp":"2025-12-07T03:42:40.953929Z","level":"info","event":"29","chan":"stdout","logger":"task"}
{"timestamp":"2025-12-07T03:42:40.955066Z","level":"info","event":"  Processing song 30/100: Feel This Moment by Pitbull Featuring Christina Aguilera","chan":"stdout","logger":"task"}
{"timestamp":"2025-12-07T03:42:41.714511Z","level":"info","event":"30","chan":"stdout","logger":"task"}
{"timestamp":"2025-12-07T03:42:42.445838Z","level":"info","event":"31","chan":"stdout","logger":"task"}
{"timestamp":"2025-12-07T03:42:43.306456Z","level":"info","event":"32","chan":"stdout","logger":"task"}
{"timestamp":"2025-12-07T03:42:43.959077Z","level":"info","event":"33","chan":"stdout","logger":"task"}
{"timestamp":"2025-12-07T03:42:44.637621Z","level":"info","event":"34","chan":"stdout","logger":"task"}
{"timestamp":"2025-12-07T03:42:45.460440Z","level":"info","event":"35","chan":"stdout","logger":"task"}
{"timestamp":"2025-12-07T03:42:46.245159Z","level":"info","event":"36","chan":"stdout","logger":"task"}
{"timestamp":"2025-12-07T03:42:46.923772Z","level":"info","event":"37","chan":"stdout","logger":"task"}
{"timestamp":"2025-12-07T03:42:47.925452Z","level":"info","event":"38","chan":"stdout","logger":"task"}
{"timestamp":"2025-12-07T03:42:48.750202Z","level":"info","event":"39","chan":"stdout","logger":"task"}
{"timestamp":"2025-12-07T03:42:48.751019Z","level":"info","event":"  Processing song 40/100: Love Me by Lil Wayne Featuring Drake & Future","chan":"stdout","logger":"task"}
{"timestamp":"2025-12-07T03:42:49.521679Z","level":"info","event":"40","chan":"stdout","logger":"task"}
{"timestamp":"2025-12-07T03:42:50.193381Z","level":"info","event":"41","chan":"stdout","logger":"task"}
{"timestamp":"2025-12-07T03:42:50.774191Z","level":"info","event":"42","chan":"stdout","logger":"task"}
{"timestamp":"2025-12-07T03:42:51.560401Z","level":"info","event":"43","chan":"stdout","logger":"task"}
{"timestamp":"2025-12-07T03:42:52.371174Z","level":"info","event":"44","chan":"stdout","logger":"task"}
{"timestamp":"2025-12-07T03:42:53.046056Z","level":"info","event":"45","chan":"stdout","logger":"task"}
{"timestamp":"2025-12-07T03:42:53.747671Z","level":"info","event":"46","chan":"stdout","logger":"task"}
{"timestamp":"2025-12-07T03:42:54.350861Z","level":"info","event":"47","chan":"stdout","logger":"task"}
{"timestamp":"2025-12-07T03:42:55.038040Z","level":"info","event":"48","chan":"stdout","logger":"task"}
{"timestamp":"2025-12-07T03:42:55.654171Z","level":"info","event":"49","chan":"stdout","logger":"task"}
{"timestamp":"2025-12-07T03:42:55.654985Z","level":"info","event":"  Processing song 50/100: Gone, Gone, Gone by Phillip Phillips","chan":"stdout","logger":"task"}
{"timestamp":"2025-12-07T03:42:56.326638Z","level":"info","event":"50","chan":"stdout","logger":"task"}
{"timestamp":"2025-12-07T03:42:56.984832Z","level":"info","event":"51","chan":"stdout","logger":"task"}
{"timestamp":"2025-12-07T03:42:57.669035Z","level":"info","event":"52","chan":"stdout","logger":"task"}
{"timestamp":"2025-12-07T03:42:58.294788Z","level":"info","event":"53","chan":"stdout","logger":"task"}
{"timestamp":"2025-12-07T03:42:59.027026Z","level":"info","event":"54","chan":"stdout","logger":"task"}
{"timestamp":"2025-12-07T03:42:59.698035Z","level":"info","event":"55","chan":"stdout","logger":"task"}
{"timestamp":"2025-12-07T03:43:00.389233Z","level":"info","event":"56","chan":"stdout","logger":"task"}
{"timestamp":"2025-12-07T03:43:01.118608Z","level":"info","event":"57","chan":"stdout","logger":"task"}
{"timestamp":"2025-12-07T03:43:01.857470Z","level":"info","event":"58","chan":"stdout","logger":"task"}
{"timestamp":"2025-12-07T03:43:02.968350Z","level":"info","event":"59","chan":"stdout","logger":"task"}
{"timestamp":"2025-12-07T03:43:02.969828Z","level":"info","event":"  Processing song 60/100: Mama's Broken Heart by Miranda Lambert","chan":"stdout","logger":"task"}
{"timestamp":"2025-12-07T03:43:03.676627Z","level":"info","event":"60","chan":"stdout","logger":"task"}
{"timestamp":"2025-12-07T03:43:04.401264Z","level":"info","event":"61","chan":"stdout","logger":"task"}
{"timestamp":"2025-12-07T03:43:05.254647Z","level":"info","event":"62","chan":"stdout","logger":"task"}
{"timestamp":"2025-12-07T03:43:06.142076Z","level":"info","event":"63","chan":"stdout","logger":"task"}
{"timestamp":"2025-12-07T03:43:06.788320Z","level":"info","event":"64","chan":"stdout","logger":"task"}
{"timestamp":"2025-12-07T03:43:07.524613Z","level":"info","event":"65","chan":"stdout","logger":"task"}
{"timestamp":"2025-12-07T03:43:08.145293Z","level":"info","event":"66","chan":"stdout","logger":"task"}
{"timestamp":"2025-12-07T03:43:09.014036Z","level":"info","event":"67","chan":"stdout","logger":"task"}
{"timestamp":"2025-12-07T03:43:09.786441Z","level":"info","event":"68","chan":"stdout","logger":"task"}
{"timestamp":"2025-12-07T03:43:10.451945Z","level":"info","event":"69","chan":"stdout","logger":"task"}
{"timestamp":"2025-12-07T03:43:10.452213Z","level":"info","event":"  Processing song 70/100: Slow Down by Selena Gomez","chan":"stdout","logger":"task"}
{"timestamp":"2025-12-07T03:43:11.063644Z","level":"info","event":"70","chan":"stdout","logger":"task"}
{"timestamp":"2025-12-07T03:43:11.708296Z","level":"info","event":"71","chan":"stdout","logger":"task"}
{"timestamp":"2025-12-07T03:43:12.298915Z","level":"info","event":"72","chan":"stdout","logger":"task"}
{"timestamp":"2025-12-07T03:43:12.973800Z","level":"info","event":"73","chan":"stdout","logger":"task"}
{"timestamp":"2025-12-07T03:43:14.132707Z","level":"info","event":"74","chan":"stdout","logger":"task"}
{"timestamp":"2025-12-07T03:43:14.834041Z","level":"info","event":"75","chan":"stdout","logger":"task"}
{"timestamp":"2025-12-07T03:43:15.768932Z","level":"info","event":"76","chan":"stdout","logger":"task"}
{"timestamp":"2025-12-07T03:43:16.470541Z","level":"info","event":"77","chan":"stdout","logger":"task"}
{"timestamp":"2025-12-07T03:43:17.093700Z","level":"info","event":"78","chan":"stdout","logger":"task"}
{"timestamp":"2025-12-07T03:43:17.749047Z","level":"info","event":"79","chan":"stdout","logger":"task"}
{"timestamp":"2025-12-07T03:43:17.749601Z","level":"info","event":"  Processing song 80/100: Jump Right In by Zac Brown Band","chan":"stdout","logger":"task"}
{"timestamp":"2025-12-07T03:43:18.640463Z","level":"info","event":"80","chan":"stdout","logger":"task"}
{"timestamp":"2025-12-07T03:43:19.291355Z","level":"info","event":"81","chan":"stdout","logger":"task"}
{"timestamp":"2025-12-07T03:43:20.084359Z","level":"info","event":"82","chan":"stdout","logger":"task"}
{"timestamp":"2025-12-07T03:43:20.752468Z","level":"info","event":"83","chan":"stdout","logger":"task"}
{"timestamp":"2025-12-07T03:43:21.468336Z","level":"info","event":"84","chan":"stdout","logger":"task"}
{"timestamp":"2025-12-07T03:43:22.319000Z","level":"info","event":"85","chan":"stdout","logger":"task"}
{"timestamp":"2025-12-07T03:43:23.036681Z","level":"info","event":"86","chan":"stdout","logger":"task"}
{"timestamp":"2025-12-07T03:43:23.955918Z","level":"info","event":"87","chan":"stdout","logger":"task"}
{"timestamp":"2025-12-07T03:43:24.826806Z","level":"info","event":"88","chan":"stdout","logger":"task"}
{"timestamp":"2025-12-07T03:43:25.737754Z","level":"info","event":"89","chan":"stdout","logger":"task"}
{"timestamp":"2025-12-07T03:43:25.740106Z","level":"info","event":"  Processing song 90/100: Hey Girl by Billy Currington","chan":"stdout","logger":"task"}
{"timestamp":"2025-12-07T03:43:26.654539Z","level":"info","event":"90","chan":"stdout","logger":"task"}
{"timestamp":"2025-12-07T03:43:27.371416Z","level":"info","event":"91","chan":"stdout","logger":"task"}
{"timestamp":"2025-12-07T03:43:28.282132Z","level":"info","event":"92","chan":"stdout","logger":"task"}
{"timestamp":"2025-12-07T03:43:29.077999Z","level":"info","event":"93","chan":"stdout","logger":"task"}
{"timestamp":"2025-12-07T03:43:29.822519Z","level":"info","event":"94","chan":"stdout","logger":"task"}
{"timestamp":"2025-12-07T03:43:30.823530Z","level":"info","event":"95","chan":"stdout","logger":"task"}
{"timestamp":"2025-12-07T03:43:31.683199Z","level":"info","event":"96","chan":"stdout","logger":"task"}
{"timestamp":"2025-12-07T03:43:32.455414Z","level":"info","event":"97","chan":"stdout","logger":"task"}
{"timestamp":"2025-12-07T03:43:33.381768Z","level":"info","event":"98","chan":"stdout","logger":"task"}
{"timestamp":"2025-12-07T03:43:34.229270Z","level":"info","event":"99","chan":"stdout","logger":"task"}
{"timestamp":"2025-12-07T03:43:34.230208Z","level":"info","event":"  Processing song 100/100: Work by A$AP Ferg","chan":"stdout","logger":"task"}
{"timestamp":"2025-12-07T03:43:35.117258Z","level":"info","event":"100","chan":"stdout","logger":"task"}
{"timestamp":"2025-12-07T03:43:35.118249Z","level":"info","event":"{'name': 'Robin Thicke', 'id': '0ZrpamOxcZybMHGg1AYtHP', 'url': 'https://open.spotify.com/artist/0ZrpamOxcZybMHGg1AYtHP'}","chan":"stdout","logger":"task"}
{"timestamp":"2025-12-07T03:43:35.118489Z","level":"info","event":"https://musicbrainz.org/ws/2/url?resource=https://open.spotify.com/artist/0ZrpamOxcZybMHGg1AYtHP&inc=artist-rels&fmt=json","chan":"stdout","logger":"task"}
{"timestamp":"2025-12-07T03:43:35.329515Z","level":"info","event":"Network error: HTTPSConnectionPool(host='musicbrainz.org', port=443): Max retries exceeded with url: /ws/2/url?resource=https://open.spotify.com/artist/0ZrpamOxcZybMHGg1AYtHP&inc=artist-rels&fmt=json (Caused by SSLError(SSLEOFError(8, '[SSL: UNEXPECTED_EOF_WHILE_READING] EOF occurred in violation of protocol (_ssl.c:1010)'))). Attempt 1/3","chan":"stdout","logger":"task"}
{"timestamp":"2025-12-07T03:43:36.684754Z","level":"info","event":"https://musicbrainz.org/ws/2/artist/ddfd9b2f-186e-4b2c-ad09-01aa5380c225?inc=tags&fmt=json","chan":"stdout","logger":"task"}
{"timestamp":"2025-12-07T03:43:37.801134Z","level":"info","event":"{'name': 'T.I.', 'id': '4OBJLual30L7gRl5UkeRcT', 'url': 'https://open.spotify.com/artist/4OBJLual30L7gRl5UkeRcT'}","chan":"stdout","logger":"task"}
{"timestamp":"2025-12-07T03:43:37.801443Z","level":"info","event":"https://musicbrainz.org/ws/2/url?resource=https://open.spotify.com/artist/4OBJLual30L7gRl5UkeRcT&inc=artist-rels&fmt=json","chan":"stdout","logger":"task"}
{"timestamp":"2025-12-07T03:43:37.914083Z","level":"info","event":"https://musicbrainz.org/ws/2/artist/f7ba7fbe-c6bd-4ac0-bee9-c25c558d7d62?inc=tags&fmt=json","chan":"stdout","logger":"task"}
{"timestamp":"2025-12-07T03:43:39.032518Z","level":"info","event":"{'name': 'Pharrell Williams', 'id': '2RdwBSPQiwcmiDo9kixcl8', 'url': 'https://open.spotify.com/artist/2RdwBSPQiwcmiDo9kixcl8'}","chan":"stdout","logger":"task"}
{"timestamp":"2025-12-07T03:43:39.034122Z","level":"info","event":"https://musicbrainz.org/ws/2/url?resource=https://open.spotify.com/artist/2RdwBSPQiwcmiDo9kixcl8&inc=artist-rels&fmt=json","chan":"stdout","logger":"task"}
{"timestamp":"2025-12-07T03:43:39.160246Z","level":"info","event":"https://musicbrainz.org/ws/2/artist/149f91ef-1287-46da-9a8e-87fee02f1471?inc=tags&fmt=json","chan":"stdout","logger":"task"}
{"timestamp":"2025-12-07T03:43:40.322713Z","level":"info","event":"{'name': 'Macklemore', 'id': '3JhNCzhSMTxs9WLGJJxWOY', 'url': 'https://open.spotify.com/artist/3JhNCzhSMTxs9WLGJJxWOY'}","chan":"stdout","logger":"task"}
{"timestamp":"2025-12-07T03:43:40.324728Z","level":"info","event":"https://musicbrainz.org/ws/2/url?resource=https://open.spotify.com/artist/3JhNCzhSMTxs9WLGJJxWOY&inc=artist-rels&fmt=json","chan":"stdout","logger":"task"}
{"timestamp":"2025-12-07T03:43:40.437329Z","level":"info","event":"https://musicbrainz.org/ws/2/artist/b6d7ec94-830c-44dd-b699-ce66556b7e55?inc=tags&fmt=json","chan":"stdout","logger":"task"}
{"timestamp":"2025-12-07T03:43:41.559188Z","level":"info","event":"{'name': 'Ryan Lewis', 'id': '5mZJerulcERBZV7xnhrVp1', 'url': 'https://open.spotify.com/artist/5mZJerulcERBZV7xnhrVp1'}","chan":"stdout","logger":"task"}
{"timestamp":"2025-12-07T03:43:41.560153Z","level":"info","event":"https://musicbrainz.org/ws/2/url?resource=https://open.spotify.com/artist/5mZJerulcERBZV7xnhrVp1&inc=artist-rels&fmt=json","chan":"stdout","logger":"task"}
{"timestamp":"2025-12-07T03:43:41.755914Z","level":"info","event":"HTTP 404: Not Found","chan":"stdout","logger":"task"}
{"timestamp":"2025-12-07T03:43:41.756644Z","level":"info","event":"unable to get mbid for https://open.spotify.com/artist/5mZJerulcERBZV7xnhrVp1","chan":"stdout","logger":"task"}
{"timestamp":"2025-12-07T03:43:42.757662Z","level":"info","event":"{'name': 'Macklemore & Ryan Lewis', 'id': '5BcAKTbp20cv7tC5VqPFoC', 'url': 'https://open.spotify.com/artist/5BcAKTbp20cv7tC5VqPFoC'}","chan":"stdout","logger":"task"}
{"timestamp":"2025-12-07T03:43:42.760108Z","level":"info","event":"https://musicbrainz.org/ws/2/url?resource=https://open.spotify.com/artist/5BcAKTbp20cv7tC5VqPFoC&inc=artist-rels&fmt=json","chan":"stdout","logger":"task"}
{"timestamp":"2025-12-07T03:43:42.910732Z","level":"info","event":"https://musicbrainz.org/ws/2/artist/97b226c8-7140-4da3-91ac-15e62e131a81?inc=tags&fmt=json","chan":"stdout","logger":"task"}
{"timestamp":"2025-12-07T03:43:44.025891Z","level":"info","event":"{'name': 'Ray Dalton', 'id': '4e0nWw2r4BoQSKPQ2zpU13', 'url': 'https://open.spotify.com/artist/4e0nWw2r4BoQSKPQ2zpU13'}","chan":"stdout","logger":"task"}
{"timestamp":"2025-12-07T03:43:44.026322Z","level":"info","event":"https://musicbrainz.org/ws/2/url?resource=https://open.spotify.com/artist/4e0nWw2r4BoQSKPQ2zpU13&inc=artist-rels&fmt=json","chan":"stdout","logger":"task"}
{"timestamp":"2025-12-07T03:43:44.153192Z","level":"info","event":"https://musicbrainz.org/ws/2/artist/6c7f57c4-8f11-4c59-9d63-bca189f343c1?inc=tags&fmt=json","chan":"stdout","logger":"task"}
{"timestamp":"2025-12-07T03:43:45.274260Z","level":"info","event":"{'name': 'Daft Punk', 'id': '4tZwfgrHOc3mvqYlEYSvVi', 'url': 'https://open.spotify.com/artist/4tZwfgrHOc3mvqYlEYSvVi'}","chan":"stdout","logger":"task"}
{"timestamp":"2025-12-07T03:43:45.275705Z","level":"info","event":"https://musicbrainz.org/ws/2/url?resource=https://open.spotify.com/artist/4tZwfgrHOc3mvqYlEYSvVi&inc=artist-rels&fmt=json","chan":"stdout","logger":"task"}
{"timestamp":"2025-12-07T03:43:45.393817Z","level":"info","event":"https://musicbrainz.org/ws/2/artist/056e4f3e-d505-4dad-8ec1-d04f521cbb56?inc=tags&fmt=json","chan":"stdout","logger":"task"}
{"timestamp":"2025-12-07T03:43:46.508132Z","level":"info","event":"{'name': 'Nile Rodgers', 'id': '3yDIp0kaq9EFKe07X1X2rz', 'url': 'https://open.spotify.com/artist/3yDIp0kaq9EFKe07X1X2rz'}","chan":"stdout","logger":"task"}
{"timestamp":"2025-12-07T03:43:46.509235Z","level":"info","event":"https://musicbrainz.org/ws/2/url?resource=https://open.spotify.com/artist/3yDIp0kaq9EFKe07X1X2rz&inc=artist-rels&fmt=json","chan":"stdout","logger":"task"}
{"timestamp":"2025-12-07T03:43:46.630506Z","level":"info","event":"Rate limit hit. Retrying in 1s...","chan":"stdout","logger":"task"}
{"timestamp":"2025-12-07T03:43:47.750671Z","level":"info","event":"https://musicbrainz.org/ws/2/artist/c6d571dd-c0ae-4ac8-9500-780b1b9b25e5?inc=tags&fmt=json","chan":"stdout","logger":"task"}
{"timestamp":"2025-12-07T03:43:48.863188Z","level":"info","event":"{'name': 'Justin Timberlake', 'id': '31TPClRtHm23RisEBtV3X7', 'url': 'https://open.spotify.com/artist/31TPClRtHm23RisEBtV3X7'}","chan":"stdout","logger":"task"}
{"timestamp":"2025-12-07T03:43:48.864979Z","level":"info","event":"https://musicbrainz.org/ws/2/url?resource=https://open.spotify.com/artist/31TPClRtHm23RisEBtV3X7&inc=artist-rels&fmt=json","chan":"stdout","logger":"task"}
{"timestamp":"2025-12-07T03:43:48.984956Z","level":"info","event":"https://musicbrainz.org/ws/2/artist/596ffa74-3d08-44ef-b113-765d43d12738?inc=tags&fmt=json","chan":"stdout","logger":"task"}
{"timestamp":"2025-12-07T03:43:50.127774Z","level":"info","event":"{'name': 'Florida Georgia Line', 'id': '3b8QkneNDz4JHKKKlLgYZg', 'url': 'https://open.spotify.com/artist/3b8QkneNDz4JHKKKlLgYZg'}","chan":"stdout","logger":"task"}
{"timestamp":"2025-12-07T03:43:50.128540Z","level":"info","event":"https://musicbrainz.org/ws/2/url?resource=https://open.spotify.com/artist/3b8QkneNDz4JHKKKlLgYZg&inc=artist-rels&fmt=json","chan":"stdout","logger":"task"}
{"timestamp":"2025-12-07T03:43:50.247560Z","level":"info","event":"https://musicbrainz.org/ws/2/artist/c16817df-0160-490d-a437-c128cbca9218?inc=tags&fmt=json","chan":"stdout","logger":"task"}
{"timestamp":"2025-12-07T03:43:51.360175Z","level":"info","event":"{'name': 'Imagine Dragons', 'id': '53XhwfbYqKCa1cC15pYq2q', 'url': 'https://open.spotify.com/artist/53XhwfbYqKCa1cC15pYq2q'}","chan":"stdout","logger":"task"}
{"timestamp":"2025-12-07T03:43:51.360941Z","level":"info","event":"https://musicbrainz.org/ws/2/url?resource=https://open.spotify.com/artist/53XhwfbYqKCa1cC15pYq2q&inc=artist-rels&fmt=json","chan":"stdout","logger":"task"}
{"timestamp":"2025-12-07T03:43:51.479145Z","level":"info","event":"https://musicbrainz.org/ws/2/artist/012151a8-0f9a-44c9-997f-ebd68b5389f9?inc=tags&fmt=json","chan":"stdout","logger":"task"}
{"timestamp":"2025-12-07T03:43:52.604548Z","level":"info","event":"{'name': 'P!nk', 'id': '1KCSPY1glIKqW2TotWuXOR', 'url': 'https://open.spotify.com/artist/1KCSPY1glIKqW2TotWuXOR'}","chan":"stdout","logger":"task"}
{"timestamp":"2025-12-07T03:43:52.606413Z","level":"info","event":"https://musicbrainz.org/ws/2/url?resource=https://open.spotify.com/artist/1KCSPY1glIKqW2TotWuXOR&inc=artist-rels&fmt=json","chan":"stdout","logger":"task"}
{"timestamp":"2025-12-07T03:43:52.718198Z","level":"info","event":"https://musicbrainz.org/ws/2/artist/f4d5cc07-3bc9-4836-9b15-88a08359bc63?inc=tags&fmt=json","chan":"stdout","logger":"task"}
{"timestamp":"2025-12-07T03:43:53.842734Z","level":"info","event":"{'name': 'Nate Ruess', 'id': '1qUjOF5fzrpoNycD36b2jZ', 'url': 'https://open.spotify.com/artist/1qUjOF5fzrpoNycD36b2jZ'}","chan":"stdout","logger":"task"}
{"timestamp":"2025-12-07T03:43:53.843270Z","level":"info","event":"https://musicbrainz.org/ws/2/url?resource=https://open.spotify.com/artist/1qUjOF5fzrpoNycD36b2jZ&inc=artist-rels&fmt=json","chan":"stdout","logger":"task"}
{"timestamp":"2025-12-07T03:43:53.955619Z","level":"info","event":"https://musicbrainz.org/ws/2/artist/a049a513-f794-4b8d-8c3a-f106cfd22841?inc=tags&fmt=json","chan":"stdout","logger":"task"}
{"timestamp":"2025-12-07T03:43:55.227885Z","level":"info","event":"{'name': 'Selena Gomez', 'id': '0C8ZW7ezQVs4URX5aX7Kqx', 'url': 'https://open.spotify.com/artist/0C8ZW7ezQVs4URX5aX7Kqx'}","chan":"stdout","logger":"task"}
{"timestamp":"2025-12-07T03:43:55.229867Z","level":"info","event":"https://musicbrainz.org/ws/2/url?resource=https://open.spotify.com/artist/0C8ZW7ezQVs4URX5aX7Kqx&inc=artist-rels&fmt=json","chan":"stdout","logger":"task"}
{"timestamp":"2025-12-07T03:43:55.341522Z","level":"info","event":"https://musicbrainz.org/ws/2/artist/e4bc69e2-a064-4f93-ada1-f7f209cc1cc3?inc=tags&fmt=json","chan":"stdout","logger":"task"}
{"timestamp":"2025-12-07T03:43:56.497517Z","level":"info","event":"{'name': 'Ariana Grande', 'id': '66CXWjxzNUsdJxJ2JdwvnR', 'url': 'https://open.spotify.com/artist/66CXWjxzNUsdJxJ2JdwvnR'}","chan":"stdout","logger":"task"}
{"timestamp":"2025-12-07T03:43:56.498180Z","level":"info","event":"https://musicbrainz.org/ws/2/url?resource=https://open.spotify.com/artist/66CXWjxzNUsdJxJ2JdwvnR&inc=artist-rels&fmt=json","chan":"stdout","logger":"task"}
{"timestamp":"2025-12-07T03:43:56.614244Z","level":"info","event":"https://musicbrainz.org/ws/2/artist/f4fdbb4c-e4b7-47a0-b83b-d91bbfcfa387?inc=tags&fmt=json","chan":"stdout","logger":"task"}
{"timestamp":"2025-12-07T03:43:56.722118Z","level":"info","event":"Rate limit hit. Retrying in 1s...","chan":"stdout","logger":"task"}
{"timestamp":"2025-12-07T03:43:58.844948Z","level":"info","event":"{'name': 'Mac Miller', 'id': '4LLpKhyESsyAXpc4laK94U', 'url': 'https://open.spotify.com/artist/4LLpKhyESsyAXpc4laK94U'}","chan":"stdout","logger":"task"}
{"timestamp":"2025-12-07T03:43:58.846082Z","level":"info","event":"https://musicbrainz.org/ws/2/url?resource=https://open.spotify.com/artist/4LLpKhyESsyAXpc4laK94U&inc=artist-rels&fmt=json","chan":"stdout","logger":"task"}
{"timestamp":"2025-12-07T03:43:58.955780Z","level":"info","event":"https://musicbrainz.org/ws/2/artist/a0e8a1b1-5f8f-475a-a253-17415c17d0ff?inc=tags&fmt=json","chan":"stdout","logger":"task"}
{"timestamp":"2025-12-07T03:44:00.077726Z","level":"info","event":"{'name': 'Icona Pop', 'id': '1VBflYyxBhnDc9uVib98rw', 'url': 'https://open.spotify.com/artist/1VBflYyxBhnDc9uVib98rw'}","chan":"stdout","logger":"task"}
{"timestamp":"2025-12-07T03:44:00.079917Z","level":"info","event":"https://musicbrainz.org/ws/2/url?resource=https://open.spotify.com/artist/1VBflYyxBhnDc9uVib98rw&inc=artist-rels&fmt=json","chan":"stdout","logger":"task"}
{"timestamp":"2025-12-07T03:44:00.193426Z","level":"info","event":"https://musicbrainz.org/ws/2/artist/c5f259d0-abd8-418e-81ee-3965fd4e4e9a?inc=tags&fmt=json","chan":"stdout","logger":"task"}
{"timestamp":"2025-12-07T03:44:01.309591Z","level":"info","event":"{'name': 'Charli xcx', 'id': '25uiPmTg16RbhZWAqwLBy5', 'url': 'https://open.spotify.com/artist/25uiPmTg16RbhZWAqwLBy5'}","chan":"stdout","logger":"task"}
{"timestamp":"2025-12-07T03:44:01.310311Z","level":"info","event":"https://musicbrainz.org/ws/2/url?resource=https://open.spotify.com/artist/25uiPmTg16RbhZWAqwLBy5&inc=artist-rels&fmt=json","chan":"stdout","logger":"task"}
{"timestamp":"2025-12-07T03:44:01.426695Z","level":"info","event":"https://musicbrainz.org/ws/2/artist/260b6184-8828-48eb-945c-bc4cb6fc34ca?inc=tags&fmt=json","chan":"stdout","logger":"task"}
{"timestamp":"2025-12-07T03:44:02.534024Z","level":"info","event":"{'name': 'Miley Cyrus', 'id': '5YGY8feqx7naU7z4HrwZM6', 'url': 'https://open.spotify.com/artist/5YGY8feqx7naU7z4HrwZM6'}","chan":"stdout","logger":"task"}
{"timestamp":"2025-12-07T03:44:02.535444Z","level":"info","event":"https://musicbrainz.org/ws/2/url?resource=https://open.spotify.com/artist/5YGY8feqx7naU7z4HrwZM6&inc=artist-rels&fmt=json","chan":"stdout","logger":"task"}
{"timestamp":"2025-12-07T03:44:02.694023Z","level":"info","event":"https://musicbrainz.org/ws/2/artist/7e9bd05a-117f-4cce-87bc-e011527a8b18?inc=tags&fmt=json","chan":"stdout","logger":"task"}
{"timestamp":"2025-12-07T03:44:03.931221Z","level":"info","event":"{'name': 'Rihanna', 'id': '5pKCCKE2ajJHZ9KAiaK11H', 'url': 'https://open.spotify.com/artist/5pKCCKE2ajJHZ9KAiaK11H'}","chan":"stdout","logger":"task"}
{"timestamp":"2025-12-07T03:44:03.932166Z","level":"info","event":"https://musicbrainz.org/ws/2/url?resource=https://open.spotify.com/artist/5pKCCKE2ajJHZ9KAiaK11H&inc=artist-rels&fmt=json","chan":"stdout","logger":"task"}
{"timestamp":"2025-12-07T03:44:04.058461Z","level":"info","event":"https://musicbrainz.org/ws/2/artist/73e5e69d-3554-40d8-8516-00cb38737a1c?inc=tags&fmt=json","chan":"stdout","logger":"task"}
{"timestamp":"2025-12-07T03:44:05.176436Z","level":"info","event":"{'name': 'Mikky Ekko', 'id': '1buzCmyYZE4kcdLRudsb8V', 'url': 'https://open.spotify.com/artist/1buzCmyYZE4kcdLRudsb8V'}","chan":"stdout","logger":"task"}
{"timestamp":"2025-12-07T03:44:05.179951Z","level":"info","event":"https://musicbrainz.org/ws/2/url?resource=https://open.spotify.com/artist/1buzCmyYZE4kcdLRudsb8V&inc=artist-rels&fmt=json","chan":"stdout","logger":"task"}
{"timestamp":"2025-12-07T03:44:05.332377Z","level":"info","event":"https://musicbrainz.org/ws/2/artist/ff4fc9b6-bdcd-44ee-b053-c1ccbe47fe4b?inc=tags&fmt=json","chan":"stdout","logger":"task"}
{"timestamp":"2025-12-07T03:44:06.447789Z","level":"info","event":"{'name': 'Blake Shelton', 'id': '1UTPBmNbXNTittyMJrNkvw', 'url': 'https://open.spotify.com/artist/1UTPBmNbXNTittyMJrNkvw'}","chan":"stdout","logger":"task"}
{"timestamp":"2025-12-07T03:44:06.448823Z","level":"info","event":"https://musicbrainz.org/ws/2/url?resource=https://open.spotify.com/artist/1UTPBmNbXNTittyMJrNkvw&inc=artist-rels&fmt=json","chan":"stdout","logger":"task"}
{"timestamp":"2025-12-07T03:44:06.573927Z","level":"info","event":"https://musicbrainz.org/ws/2/artist/2ad66473-ccb3-41d2-8756-b56680cdfe62?inc=tags&fmt=json","chan":"stdout","logger":"task"}
{"timestamp":"2025-12-07T03:44:07.686642Z","level":"info","event":"{'name': 'Pistol Annies', 'id': '2wSgVsgLUZeDJwoLcPO7ny', 'url': 'https://open.spotify.com/artist/2wSgVsgLUZeDJwoLcPO7ny'}","chan":"stdout","logger":"task"}
{"timestamp":"2025-12-07T03:44:07.688139Z","level":"info","event":"https://musicbrainz.org/ws/2/url?resource=https://open.spotify.com/artist/2wSgVsgLUZeDJwoLcPO7ny&inc=artist-rels&fmt=json","chan":"stdout","logger":"task"}
{"timestamp":"2025-12-07T03:44:07.802820Z","level":"info","event":"Rate limit hit. Retrying in 1s...","chan":"stdout","logger":"task"}
{"timestamp":"2025-12-07T03:44:08.915161Z","level":"info","event":"https://musicbrainz.org/ws/2/artist/c8b457e5-cfb7-42bf-99a2-af151867f6cc?inc=tags&fmt=json","chan":"stdout","logger":"task"}
{"timestamp":"2025-12-07T03:44:10.029897Z","level":"info","event":"{'name': 'Bruno Mars', 'id': '0du5cEVh5yTK9QJze8zA0C', 'url': 'https://open.spotify.com/artist/0du5cEVh5yTK9QJze8zA0C'}","chan":"stdout","logger":"task"}
{"timestamp":"2025-12-07T03:44:10.030218Z","level":"info","event":"https://musicbrainz.org/ws/2/url?resource=https://open.spotify.com/artist/0du5cEVh5yTK9QJze8zA0C&inc=artist-rels&fmt=json","chan":"stdout","logger":"task"}
{"timestamp":"2025-12-07T03:44:10.144992Z","level":"info","event":"https://musicbrainz.org/ws/2/artist/afb680f2-b6eb-4cd7-a70b-a63b25c763d5?inc=tags&fmt=json","chan":"stdout","logger":"task"}
{"timestamp":"2025-12-07T03:44:11.253464Z","level":"info","event":"{'name': 'Mariah Carey', 'id': '4iHNK0tOyZPYnBU7nGAgpQ', 'url': 'https://open.spotify.com/artist/4iHNK0tOyZPYnBU7nGAgpQ'}","chan":"stdout","logger":"task"}
{"timestamp":"2025-12-07T03:44:11.256250Z","level":"info","event":"https://musicbrainz.org/ws/2/url?resource=https://open.spotify.com/artist/4iHNK0tOyZPYnBU7nGAgpQ&inc=artist-rels&fmt=json","chan":"stdout","logger":"task"}
{"timestamp":"2025-12-07T03:44:11.367249Z","level":"info","event":"https://musicbrainz.org/ws/2/artist/494e8d09-f85b-4543-892f-a5096aed1cd4?inc=tags&fmt=json","chan":"stdout","logger":"task"}
{"timestamp":"2025-12-07T03:44:12.486211Z","level":"info","event":"{'name': 'Miguel', 'id': '360IAlyVv4PCEVjgyMZrxK', 'url': 'https://open.spotify.com/artist/360IAlyVv4PCEVjgyMZrxK'}","chan":"stdout","logger":"task"}
{"timestamp":"2025-12-07T03:44:12.488260Z","level":"info","event":"https://musicbrainz.org/ws/2/url?resource=https://open.spotify.com/artist/360IAlyVv4PCEVjgyMZrxK&inc=artist-rels&fmt=json","chan":"stdout","logger":"task"}
{"timestamp":"2025-12-07T03:44:12.602442Z","level":"info","event":"https://musicbrainz.org/ws/2/artist/285e1285-aecc-478f-a8da-0c8cf69e1217?inc=tags&fmt=json","chan":"stdout","logger":"task"}
{"timestamp":"2025-12-07T03:44:13.712668Z","level":"info","event":"{'name': 'Wanz', 'id': '56xTxG4nQMAs1GW9kvn0uA', 'url': 'https://open.spotify.com/artist/56xTxG4nQMAs1GW9kvn0uA'}","chan":"stdout","logger":"task"}
{"timestamp":"2025-12-07T03:44:13.719175Z","level":"info","event":"https://musicbrainz.org/ws/2/url?resource=https://open.spotify.com/artist/56xTxG4nQMAs1GW9kvn0uA&inc=artist-rels&fmt=json","chan":"stdout","logger":"task"}
{"timestamp":"2025-12-07T03:44:13.833493Z","level":"info","event":"https://musicbrainz.org/ws/2/artist/1f6cdf02-c7d3-4165-bbde-b4e54420a00b?inc=tags&fmt=json","chan":"stdout","logger":"task"}
{"timestamp":"2025-12-07T03:44:14.946323Z","level":"info","event":"{'name': 'Darius Rucker', 'id': '7FY5V3XMwlNBPitEjXowHQ', 'url': 'https://open.spotify.com/artist/7FY5V3XMwlNBPitEjXowHQ'}","chan":"stdout","logger":"task"}
{"timestamp":"2025-12-07T03:44:14.948190Z","level":"info","event":"https://musicbrainz.org/ws/2/url?resource=https://open.spotify.com/artist/7FY5V3XMwlNBPitEjXowHQ&inc=artist-rels&fmt=json","chan":"stdout","logger":"task"}
{"timestamp":"2025-12-07T03:44:15.066197Z","level":"info","event":"https://musicbrainz.org/ws/2/artist/3ae70f76-ea53-4cc5-906e-d47a384202a1?inc=tags&fmt=json","chan":"stdout","logger":"task"}
{"timestamp":"2025-12-07T03:44:16.187702Z","level":"info","event":"{'name': 'Fall Out Boy', 'id': '4UXqAaa6dQYAk18Lv7PEgX', 'url': 'https://open.spotify.com/artist/4UXqAaa6dQYAk18Lv7PEgX'}","chan":"stdout","logger":"task"}
{"timestamp":"2025-12-07T03:44:16.188713Z","level":"info","event":"https://musicbrainz.org/ws/2/url?resource=https://open.spotify.com/artist/4UXqAaa6dQYAk18Lv7PEgX&inc=artist-rels&fmt=json","chan":"stdout","logger":"task"}
{"timestamp":"2025-12-07T03:44:16.313180Z","level":"info","event":"https://musicbrainz.org/ws/2/artist/516cef4d-0718-4007-9939-f9b38af3f784?inc=tags&fmt=json","chan":"stdout","logger":"task"}
{"timestamp":"2025-12-07T03:44:17.426486Z","level":"info","event":"{'name': 'Demi Lovato', 'id': '6S2OmqARrzebs0tKUEyXyp', 'url': 'https://open.spotify.com/artist/6S2OmqARrzebs0tKUEyXyp'}","chan":"stdout","logger":"task"}
{"timestamp":"2025-12-07T03:44:17.427208Z","level":"info","event":"https://musicbrainz.org/ws/2/url?resource=https://open.spotify.com/artist/6S2OmqARrzebs0tKUEyXyp&inc=artist-rels&fmt=json","chan":"stdout","logger":"task"}
{"timestamp":"2025-12-07T03:44:17.550237Z","level":"info","event":"https://musicbrainz.org/ws/2/artist/faf4cefb-036c-4c88-b93a-5b03dd0a0e6b?inc=tags&fmt=json","chan":"stdout","logger":"task"}
{"timestamp":"2025-12-07T03:44:17.720020Z","level":"info","event":"Rate limit hit. Retrying in 1s...","chan":"stdout","logger":"task"}
{"timestamp":"2025-12-07T03:44:18.840836Z","level":"info","event":"Rate limit hit. Retrying in 2s...","chan":"stdout","logger":"task"}
{"timestamp":"2025-12-07T03:44:21.970287Z","level":"info","event":"{'name': 'Wale', 'id': '67nwj3Y5sZQLl72VNUHEYE', 'url': 'https://open.spotify.com/artist/67nwj3Y5sZQLl72VNUHEYE'}","chan":"stdout","logger":"task"}
{"timestamp":"2025-12-07T03:44:21.971424Z","level":"info","event":"https://musicbrainz.org/ws/2/url?resource=https://open.spotify.com/artist/67nwj3Y5sZQLl72VNUHEYE&inc=artist-rels&fmt=json","chan":"stdout","logger":"task"}
{"timestamp":"2025-12-07T03:44:22.090665Z","level":"info","event":"https://musicbrainz.org/ws/2/artist/e34e41f2-f480-45d3-8190-a3ce5ab34fab?inc=tags&fmt=json","chan":"stdout","logger":"task"}
{"timestamp":"2025-12-07T03:44:23.208787Z","level":"info","event":"{'name': 'Anna Kendrick', 'id': '6xfqnpe2HnLVUaYXs2F8YS', 'url': 'https://open.spotify.com/artist/6xfqnpe2HnLVUaYXs2F8YS'}","chan":"stdout","logger":"task"}
{"timestamp":"2025-12-07T03:44:23.209613Z","level":"info","event":"https://musicbrainz.org/ws/2/url?resource=https://open.spotify.com/artist/6xfqnpe2HnLVUaYXs2F8YS&inc=artist-rels&fmt=json","chan":"stdout","logger":"task"}
{"timestamp":"2025-12-07T03:44:23.327776Z","level":"info","event":"https://musicbrainz.org/ws/2/artist/5c3dffd4-dc80-4331-a98e-101046d6b747?inc=tags&fmt=json","chan":"stdout","logger":"task"}
{"timestamp":"2025-12-07T03:44:24.438098Z","level":"info","event":"{'name': 'J. Cole', 'id': '6l3HvQ5sa6mXTsMTB19rO5', 'url': 'https://open.spotify.com/artist/6l3HvQ5sa6mXTsMTB19rO5'}","chan":"stdout","logger":"task"}
{"timestamp":"2025-12-07T03:44:24.439326Z","level":"info","event":"https://musicbrainz.org/ws/2/url?resource=https://open.spotify.com/artist/6l3HvQ5sa6mXTsMTB19rO5&inc=artist-rels&fmt=json","chan":"stdout","logger":"task"}
{"timestamp":"2025-12-07T03:44:24.553727Z","level":"info","event":"https://musicbrainz.org/ws/2/artist/875203e1-8e58-4b86-8dcb-7190faf411c5?inc=tags&fmt=json","chan":"stdout","logger":"task"}
{"timestamp":"2025-12-07T03:44:25.671430Z","level":"info","event":"{'name': 'Zedd', 'id': '2qxJFvFYMEDqd7ui6kSAcq', 'url': 'https://open.spotify.com/artist/2qxJFvFYMEDqd7ui6kSAcq'}","chan":"stdout","logger":"task"}
{"timestamp":"2025-12-07T03:44:25.671772Z","level":"info","event":"https://musicbrainz.org/ws/2/url?resource=https://open.spotify.com/artist/2qxJFvFYMEDqd7ui6kSAcq&inc=artist-rels&fmt=json","chan":"stdout","logger":"task"}
{"timestamp":"2025-12-07T03:44:25.795400Z","level":"info","event":"https://musicbrainz.org/ws/2/artist/56c4b861-0922-4c3a-a9b9-3bfcb00f8274?inc=tags&fmt=json","chan":"stdout","logger":"task"}
{"timestamp":"2025-12-07T03:44:26.913456Z","level":"info","event":"{'name': 'Foxes', 'id': '7qRll6DYV06u2VuRPAVqug', 'url': 'https://open.spotify.com/artist/7qRll6DYV06u2VuRPAVqug'}","chan":"stdout","logger":"task"}
{"timestamp":"2025-12-07T03:44:26.914739Z","level":"info","event":"https://musicbrainz.org/ws/2/url?resource=https://open.spotify.com/artist/7qRll6DYV06u2VuRPAVqug&inc=artist-rels&fmt=json","chan":"stdout","logger":"task"}
{"timestamp":"2025-12-07T03:44:27.033640Z","level":"info","event":"https://musicbrainz.org/ws/2/artist/19fccfa3-84ad-42b2-b52d-d5d9a5a6046e?inc=tags&fmt=json","chan":"stdout","logger":"task"}
{"timestamp":"2025-12-07T03:44:28.156776Z","level":"info","event":"{'name': 'Tim McGraw', 'id': '6roFdX1y5BYSbp60OTJWMd', 'url': 'https://open.spotify.com/artist/6roFdX1y5BYSbp60OTJWMd'}","chan":"stdout","logger":"task"}
{"timestamp":"2025-12-07T03:44:28.157079Z","level":"info","event":"https://musicbrainz.org/ws/2/url?resource=https://open.spotify.com/artist/6roFdX1y5BYSbp60OTJWMd&inc=artist-rels&fmt=json","chan":"stdout","logger":"task"}
{"timestamp":"2025-12-07T03:44:28.279426Z","level":"info","event":"https://musicbrainz.org/ws/2/artist/7e5cfc9a-e9e1-46f1-b81a-861b12049488?inc=tags&fmt=json","chan":"stdout","logger":"task"}
{"timestamp":"2025-12-07T03:44:29.410949Z","level":"info","event":"{'name': 'Taylor Swift', 'id': '06HL4z0CvFAxyc27GXpf02', 'url': 'https://open.spotify.com/artist/06HL4z0CvFAxyc27GXpf02'}","chan":"stdout","logger":"task"}
{"timestamp":"2025-12-07T03:44:29.420456Z","level":"info","event":"https://musicbrainz.org/ws/2/url?resource=https://open.spotify.com/artist/06HL4z0CvFAxyc27GXpf02&inc=artist-rels&fmt=json","chan":"stdout","logger":"task"}
{"timestamp":"2025-12-07T03:44:29.555389Z","level":"info","event":"https://musicbrainz.org/ws/2/artist/20244d07-534f-4eff-b4d4-930878889970?inc=tags&fmt=json","chan":"stdout","logger":"task"}
{"timestamp":"2025-12-07T03:44:30.671228Z","level":"info","event":"{'name': 'Keith Urban', 'id': '0u2FHSq3ln94y5Q57xazwf', 'url': 'https://open.spotify.com/artist/0u2FHSq3ln94y5Q57xazwf'}","chan":"stdout","logger":"task"}
{"timestamp":"2025-12-07T03:44:30.675100Z","level":"info","event":"https://musicbrainz.org/ws/2/url?resource=https://open.spotify.com/artist/0u2FHSq3ln94y5Q57xazwf&inc=artist-rels&fmt=json","chan":"stdout","logger":"task"}
{"timestamp":"2025-12-07T03:44:30.787361Z","level":"info","event":"Rate limit hit. Retrying in 1s...","chan":"stdout","logger":"task"}
{"timestamp":"2025-12-07T03:44:31.906776Z","level":"info","event":"https://musicbrainz.org/ws/2/artist/f45da029-7b00-4bf3-962c-0eeb20309cc4?inc=tags&fmt=json","chan":"stdout","logger":"task"}
{"timestamp":"2025-12-07T03:44:33.026444Z","level":"info","event":"{'name': 'Luke Bryan', 'id': '0BvkDsjIUla7X0k6CSWh1I', 'url': 'https://open.spotify.com/artist/0BvkDsjIUla7X0k6CSWh1I'}","chan":"stdout","logger":"task"}
{"timestamp":"2025-12-07T03:44:33.028356Z","level":"info","event":"https://musicbrainz.org/ws/2/url?resource=https://open.spotify.com/artist/0BvkDsjIUla7X0k6CSWh1I&inc=artist-rels&fmt=json","chan":"stdout","logger":"task"}
{"timestamp":"2025-12-07T03:44:33.150048Z","level":"info","event":"https://musicbrainz.org/ws/2/artist/aab35942-f176-4f77-bbf9-1d6aa98ccf3f?inc=tags&fmt=json","chan":"stdout","logger":"task"}
{"timestamp":"2025-12-07T03:44:34.263497Z","level":"info","event":"{'name': '2 Chainz', 'id': '17lzZA2AlOHwCwFALHttmp', 'url': 'https://open.spotify.com/artist/17lzZA2AlOHwCwFALHttmp'}","chan":"stdout","logger":"task"}
{"timestamp":"2025-12-07T03:44:34.265087Z","level":"info","event":"https://musicbrainz.org/ws/2/url?resource=https://open.spotify.com/artist/17lzZA2AlOHwCwFALHttmp&inc=artist-rels&fmt=json","chan":"stdout","logger":"task"}
{"timestamp":"2025-12-07T03:44:34.382833Z","level":"info","event":"https://musicbrainz.org/ws/2/artist/dff0d392-4cd5-4052-9fbb-f485df3891e5?inc=tags&fmt=json","chan":"stdout","logger":"task"}
{"timestamp":"2025-12-07T03:44:35.496367Z","level":"info","event":"{'name': 'Wiz Khalifa', 'id': '137W8MRPWKqSmrBGDBFSop', 'url': 'https://open.spotify.com/artist/137W8MRPWKqSmrBGDBFSop'}","chan":"stdout","logger":"task"}
{"timestamp":"2025-12-07T03:44:35.497519Z","level":"info","event":"https://musicbrainz.org/ws/2/url?resource=https://open.spotify.com/artist/137W8MRPWKqSmrBGDBFSop&inc=artist-rels&fmt=json","chan":"stdout","logger":"task"}
{"timestamp":"2025-12-07T03:44:35.613251Z","level":"info","event":"https://musicbrainz.org/ws/2/artist/f5dfa020-ad69-41cd-b3d4-fd7af0414e94?inc=tags&fmt=json","chan":"stdout","logger":"task"}
{"timestamp":"2025-12-07T03:44:36.735427Z","level":"info","event":"{'name': 'Jason Derulo', 'id': '07YZf4WDAMNwqr4jfgOZ8y', 'url': 'https://open.spotify.com/artist/07YZf4WDAMNwqr4jfgOZ8y'}","chan":"stdout","logger":"task"}
{"timestamp":"2025-12-07T03:44:36.737164Z","level":"info","event":"https://musicbrainz.org/ws/2/url?resource=https://open.spotify.com/artist/07YZf4WDAMNwqr4jfgOZ8y&inc=artist-rels&fmt=json","chan":"stdout","logger":"task"}
{"timestamp":"2025-12-07T03:44:36.861389Z","level":"info","event":"https://musicbrainz.org/ws/2/artist/6de0f914-3e60-4418-be3b-42e0feb6eb4d?inc=tags&fmt=json","chan":"stdout","logger":"task"}
{"timestamp":"2025-12-07T03:44:37.993666Z","level":"info","event":"{'name': 'Pitbull', 'id': '0TnOYISbd1XYRBk9myaseg', 'url': 'https://open.spotify.com/artist/0TnOYISbd1XYRBk9myaseg'}","chan":"stdout","logger":"task"}
{"timestamp":"2025-12-07T03:44:37.996429Z","level":"info","event":"https://musicbrainz.org/ws/2/url?resource=https://open.spotify.com/artist/0TnOYISbd1XYRBk9myaseg&inc=artist-rels&fmt=json","chan":"stdout","logger":"task"}
{"timestamp":"2025-12-07T03:44:38.120304Z","level":"info","event":"https://musicbrainz.org/ws/2/artist/d262ea27-3ffe-40f7-b922-85c42d625e67?inc=tags&fmt=json","chan":"stdout","logger":"task"}
{"timestamp":"2025-12-07T03:44:39.233918Z","level":"info","event":"{'name': 'Christina Aguilera', 'id': '1l7ZsJRRS8wlW3WfJfPfNS', 'url': 'https://open.spotify.com/artist/1l7ZsJRRS8wlW3WfJfPfNS'}","chan":"stdout","logger":"task"}
{"timestamp":"2025-12-07T03:44:39.235276Z","level":"info","event":"https://musicbrainz.org/ws/2/url?resource=https://open.spotify.com/artist/1l7ZsJRRS8wlW3WfJfPfNS&inc=artist-rels&fmt=json","chan":"stdout","logger":"task"}
{"timestamp":"2025-12-07T03:44:39.347524Z","level":"info","event":"https://musicbrainz.org/ws/2/artist/b202beb7-99bd-47e7-8b72-195c8d72ebdd?inc=tags&fmt=json","chan":"stdout","logger":"task"}
{"timestamp":"2025-12-07T03:44:40.465869Z","level":"info","event":"{'name': 'Drake', 'id': '3TVXtAsR1Inumwj472S9r4', 'url': 'https://open.spotify.com/artist/3TVXtAsR1Inumwj472S9r4'}","chan":"stdout","logger":"task"}
{"timestamp":"2025-12-07T03:44:40.467092Z","level":"info","event":"https://musicbrainz.org/ws/2/url?resource=https://open.spotify.com/artist/3TVXtAsR1Inumwj472S9r4&inc=artist-rels&fmt=json","chan":"stdout","logger":"task"}
{"timestamp":"2025-12-07T03:44:40.588133Z","level":"info","event":"https://musicbrainz.org/ws/2/artist/9fff2f8a-21e6-47de-a2b8-7f449929d43f?inc=tags&fmt=json","chan":"stdout","logger":"task"}
{"timestamp":"2025-12-07T03:44:40.703046Z","level":"info","event":"Rate limit hit. Retrying in 1s...","chan":"stdout","logger":"task"}
{"timestamp":"2025-12-07T03:44:41.825545Z","level":"info","event":"Rate limit hit. Retrying in 2s...","chan":"stdout","logger":"task"}
{"timestamp":"2025-12-07T03:44:44.956413Z","level":"info","event":"{'name': 'Emeli Sandé', 'id': '7sfgqEdoeBTjd8lQsPT3Cy', 'url': 'https://open.spotify.com/artist/7sfgqEdoeBTjd8lQsPT3Cy'}","chan":"stdout","logger":"task"}
{"timestamp":"2025-12-07T03:44:44.958532Z","level":"info","event":"https://musicbrainz.org/ws/2/url?resource=https://open.spotify.com/artist/7sfgqEdoeBTjd8lQsPT3Cy&inc=artist-rels&fmt=json","chan":"stdout","logger":"task"}
{"timestamp":"2025-12-07T03:44:45.078366Z","level":"info","event":"https://musicbrainz.org/ws/2/artist/7cfaac66-62e5-4fcd-af1b-9d3aa8f68e8b?inc=tags&fmt=json","chan":"stdout","logger":"task"}
{"timestamp":"2025-12-07T03:44:46.191885Z","level":"info","event":"{'name': 'will.i.am', 'id': '085pc2PYOi8bGKj0PNjekA', 'url': 'https://open.spotify.com/artist/085pc2PYOi8bGKj0PNjekA'}","chan":"stdout","logger":"task"}
{"timestamp":"2025-12-07T03:44:46.193224Z","level":"info","event":"https://musicbrainz.org/ws/2/url?resource=https://open.spotify.com/artist/085pc2PYOi8bGKj0PNjekA&inc=artist-rels&fmt=json","chan":"stdout","logger":"task"}
{"timestamp":"2025-12-07T03:44:46.307205Z","level":"info","event":"https://musicbrainz.org/ws/2/artist/d574c9bd-46f6-440a-8d6a-8412a283eeb1?inc=tags&fmt=json","chan":"stdout","logger":"task"}
{"timestamp":"2025-12-07T03:44:47.428699Z","level":"info","event":"{'name': 'Justin Bieber', 'id': '1uNFoZAHBGtllmzznpCI3s', 'url': 'https://open.spotify.com/artist/1uNFoZAHBGtllmzznpCI3s'}","chan":"stdout","logger":"task"}
{"timestamp":"2025-12-07T03:44:47.430968Z","level":"info","event":"https://musicbrainz.org/ws/2/url?resource=https://open.spotify.com/artist/1uNFoZAHBGtllmzznpCI3s&inc=artist-rels&fmt=json","chan":"stdout","logger":"task"}
{"timestamp":"2025-12-07T03:44:47.547136Z","level":"info","event":"https://musicbrainz.org/ws/2/artist/e0140a67-e4d1-4f13-8a01-364355bee46e?inc=tags&fmt=json","chan":"stdout","logger":"task"}
{"timestamp":"2025-12-07T03:44:48.661336Z","level":"info","event":"{'name': 'Avril Lavigne', 'id': '0p4nmQO2msCgU4IF37Wi3j', 'url': 'https://open.spotify.com/artist/0p4nmQO2msCgU4IF37Wi3j'}","chan":"stdout","logger":"task"}
{"timestamp":"2025-12-07T03:44:48.662912Z","level":"info","event":"https://musicbrainz.org/ws/2/url?resource=https://open.spotify.com/artist/0p4nmQO2msCgU4IF37Wi3j&inc=artist-rels&fmt=json","chan":"stdout","logger":"task"}
{"timestamp":"2025-12-07T03:44:48.781337Z","level":"info","event":"https://musicbrainz.org/ws/2/artist/0103c1cc-4a09-4a5d-a344-56ad99a77193?inc=tags&fmt=json","chan":"stdout","logger":"task"}
{"timestamp":"2025-12-07T03:44:49.964656Z","level":"info","event":"{'name': 'Maroon 5', 'id': '04gDigrS5kc9YWfZHwBETP', 'url': 'https://open.spotify.com/artist/04gDigrS5kc9YWfZHwBETP'}","chan":"stdout","logger":"task"}
{"timestamp":"2025-12-07T03:44:49.966527Z","level":"info","event":"https://musicbrainz.org/ws/2/url?resource=https://open.spotify.com/artist/04gDigrS5kc9YWfZHwBETP&inc=artist-rels&fmt=json","chan":"stdout","logger":"task"}
{"timestamp":"2025-12-07T03:44:50.080980Z","level":"info","event":"https://musicbrainz.org/ws/2/artist/0ab49580-c84f-44d4-875f-d83760ea2cfe?inc=tags&fmt=json","chan":"stdout","logger":"task"}
{"timestamp":"2025-12-07T03:44:51.188597Z","level":"info","event":"{'name': 'Hunter Hayes', 'id': '7H6dkUChT5EoOQtUVMg4cN', 'url': 'https://open.spotify.com/artist/7H6dkUChT5EoOQtUVMg4cN'}","chan":"stdout","logger":"task"}
{"timestamp":"2025-12-07T03:44:51.191269Z","level":"info","event":"https://musicbrainz.org/ws/2/url?resource=https://open.spotify.com/artist/7H6dkUChT5EoOQtUVMg4cN&inc=artist-rels&fmt=json","chan":"stdout","logger":"task"}
{"timestamp":"2025-12-07T03:44:51.306465Z","level":"info","event":"https://musicbrainz.org/ws/2/artist/0c75ddc6-2b5d-4b01-8c99-3d9479a14683?inc=tags&fmt=json","chan":"stdout","logger":"task"}
{"timestamp":"2025-12-07T03:44:52.426445Z","level":"info","event":"{'name': 'Cassadee Pope', 'id': '7ahuvq1mbb4idwG1iJbSFG', 'url': 'https://open.spotify.com/artist/7ahuvq1mbb4idwG1iJbSFG'}","chan":"stdout","logger":"task"}
{"timestamp":"2025-12-07T03:44:52.428182Z","level":"info","event":"https://musicbrainz.org/ws/2/url?resource=https://open.spotify.com/artist/7ahuvq1mbb4idwG1iJbSFG&inc=artist-rels&fmt=json","chan":"stdout","logger":"task"}
{"timestamp":"2025-12-07T03:44:52.576398Z","level":"info","event":"https://musicbrainz.org/ws/2/artist/4b714531-2c81-48d2-b134-4197f820caa1?inc=tags&fmt=json","chan":"stdout","logger":"task"}
{"timestamp":"2025-12-07T03:44:53.793614Z","level":"info","event":"{'name': 'Calvin Harris', 'id': '7CajNmpbOovFoOoasH2HaY', 'url': 'https://open.spotify.com/artist/7CajNmpbOovFoOoasH2HaY'}","chan":"stdout","logger":"task"}
{"timestamp":"2025-12-07T03:44:53.799712Z","level":"info","event":"https://musicbrainz.org/ws/2/url?resource=https://open.spotify.com/artist/7CajNmpbOovFoOoasH2HaY&inc=artist-rels&fmt=json","chan":"stdout","logger":"task"}
{"timestamp":"2025-12-07T03:44:53.911421Z","level":"info","event":"Rate limit hit. Retrying in 1s...","chan":"stdout","logger":"task"}
{"timestamp":"2025-12-07T03:44:55.023184Z","level":"info","event":"https://musicbrainz.org/ws/2/artist/8dd98bdc-80ec-4e93-8509-2f46bafc09a7?inc=tags&fmt=json","chan":"stdout","logger":"task"}
{"timestamp":"2025-12-07T03:44:56.502220Z","level":"info","event":"{'name': 'Ellie Goulding', 'id': '0X2BH1fck6amBIoJhDVmmJ', 'url': 'https://open.spotify.com/artist/0X2BH1fck6amBIoJhDVmmJ'}","chan":"stdout","logger":"task"}
{"timestamp":"2025-12-07T03:44:56.504255Z","level":"info","event":"https://musicbrainz.org/ws/2/url?resource=https://open.spotify.com/artist/0X2BH1fck6amBIoJhDVmmJ&inc=artist-rels&fmt=json","chan":"stdout","logger":"task"}
{"timestamp":"2025-12-07T03:44:56.636754Z","level":"info","event":"https://musicbrainz.org/ws/2/artist/33ca19f4-18c8-4411-98df-ac23890ce9f5?inc=tags&fmt=json","chan":"stdout","logger":"task"}
{"timestamp":"2025-12-07T03:44:57.756871Z","level":"info","event":"{'name': 'JAY-Z', 'id': '3nFkdlSjzX9mRTtwJOzDYB', 'url': 'https://open.spotify.com/artist/3nFkdlSjzX9mRTtwJOzDYB'}","chan":"stdout","logger":"task"}
{"timestamp":"2025-12-07T03:44:57.757875Z","level":"info","event":"https://musicbrainz.org/ws/2/url?resource=https://open.spotify.com/artist/3nFkdlSjzX9mRTtwJOzDYB&inc=artist-rels&fmt=json","chan":"stdout","logger":"task"}
{"timestamp":"2025-12-07T03:44:57.887217Z","level":"info","event":"https://musicbrainz.org/ws/2/artist/f82bcf78-5b69-4622-a5ef-73800768d9ac?inc=tags&fmt=json","chan":"stdout","logger":"task"}
{"timestamp":"2025-12-07T03:44:59.020864Z","level":"info","event":"{'name': 'Lil Wayne', 'id': '55Aa2cqylxrFIXC767Z865', 'url': 'https://open.spotify.com/artist/55Aa2cqylxrFIXC767Z865'}","chan":"stdout","logger":"task"}
{"timestamp":"2025-12-07T03:44:59.023132Z","level":"info","event":"https://musicbrainz.org/ws/2/url?resource=https://open.spotify.com/artist/55Aa2cqylxrFIXC767Z865&inc=artist-rels&fmt=json","chan":"stdout","logger":"task"}
{"timestamp":"2025-12-07T03:44:59.138664Z","level":"info","event":"https://musicbrainz.org/ws/2/artist/ac9a487a-d9d2-4f27-bb23-0f4686488345?inc=tags&fmt=json","chan":"stdout","logger":"task"}
{"timestamp":"2025-12-07T03:45:00.260873Z","level":"info","event":"{'name': 'Future', 'id': '1RyvyyTE3xzB2ZywiAwp0i', 'url': 'https://open.spotify.com/artist/1RyvyyTE3xzB2ZywiAwp0i'}","chan":"stdout","logger":"task"}
{"timestamp":"2025-12-07T03:45:00.262529Z","level":"info","event":"https://musicbrainz.org/ws/2/url?resource=https://open.spotify.com/artist/1RyvyyTE3xzB2ZywiAwp0i&inc=artist-rels&fmt=json","chan":"stdout","logger":"task"}
{"timestamp":"2025-12-07T03:45:00.385619Z","level":"info","event":"https://musicbrainz.org/ws/2/artist/48262e82-db9f-4a92-b650-dfef979b73ec?inc=tags&fmt=json","chan":"stdout","logger":"task"}
{"timestamp":"2025-12-07T03:45:01.501711Z","level":"info","event":"{'name': 'Kendrick Lamar', 'id': '2YZyLoL8N0Wb9xBt1NhZWg', 'url': 'https://open.spotify.com/artist/2YZyLoL8N0Wb9xBt1NhZWg'}","chan":"stdout","logger":"task"}
{"timestamp":"2025-12-07T03:45:01.503001Z","level":"info","event":"https://musicbrainz.org/ws/2/url?resource=https://open.spotify.com/artist/2YZyLoL8N0Wb9xBt1NhZWg&inc=artist-rels&fmt=json","chan":"stdout","logger":"task"}
{"timestamp":"2025-12-07T03:45:01.624288Z","level":"info","event":"https://musicbrainz.org/ws/2/artist/381086ea-f511-4aba-bdf9-71c753dc5077?inc=tags&fmt=json","chan":"stdout","logger":"task"}
{"timestamp":"2025-12-07T03:45:02.744282Z","level":"info","event":"{'name': 'The Lumineers', 'id': '16oZKvXb6WkQlVAjwo2Wbg', 'url': 'https://open.spotify.com/artist/16oZKvXb6WkQlVAjwo2Wbg'}","chan":"stdout","logger":"task"}
{"timestamp":"2025-12-07T03:45:02.745318Z","level":"info","event":"https://musicbrainz.org/ws/2/url?resource=https://open.spotify.com/artist/16oZKvXb6WkQlVAjwo2Wbg&inc=artist-rels&fmt=json","chan":"stdout","logger":"task"}
{"timestamp":"2025-12-07T03:45:02.864669Z","level":"info","event":"https://musicbrainz.org/ws/2/artist/bfcb6630-9b31-4e63-b11f-7b0363be72b5?inc=tags&fmt=json","chan":"stdout","logger":"task"}
{"timestamp":"2025-12-07T03:45:03.983441Z","level":"info","event":"{'name': 'Rocko', 'id': '0T5OJgMVjKIX3b3W3ekqOl', 'url': 'https://open.spotify.com/artist/0T5OJgMVjKIX3b3W3ekqOl'}","chan":"stdout","logger":"task"}
{"timestamp":"2025-12-07T03:45:03.984439Z","level":"info","event":"https://musicbrainz.org/ws/2/url?resource=https://open.spotify.com/artist/0T5OJgMVjKIX3b3W3ekqOl&inc=artist-rels&fmt=json","chan":"stdout","logger":"task"}
{"timestamp":"2025-12-07T03:45:04.101974Z","level":"info","event":"https://musicbrainz.org/ws/2/artist/0dc215ac-3186-474a-aab5-443f7168fcc8?inc=tags&fmt=json","chan":"stdout","logger":"task"}
{"timestamp":"2025-12-07T03:45:04.215976Z","level":"info","event":"Rate limit hit. Retrying in 1s...","chan":"stdout","logger":"task"}
{"timestamp":"2025-12-07T03:45:06.367454Z","level":"info","event":"{'name': 'Ciara', 'id': '2NdeV5rLm47xAvogXrYhJX', 'url': 'https://open.spotify.com/artist/2NdeV5rLm47xAvogXrYhJX'}","chan":"stdout","logger":"task"}
{"timestamp":"2025-12-07T03:45:06.376200Z","level":"info","event":"https://musicbrainz.org/ws/2/url?resource=https://open.spotify.com/artist/2NdeV5rLm47xAvogXrYhJX&inc=artist-rels&fmt=json","chan":"stdout","logger":"task"}
{"timestamp":"2025-12-07T03:45:06.492616Z","level":"info","event":"https://musicbrainz.org/ws/2/artist/03172286-f7ed-4864-a4db-459cd5ca9790?inc=tags&fmt=json","chan":"stdout","logger":"task"}
{"timestamp":"2025-12-07T03:45:07.663659Z","level":"info","event":"{'name': 'AWOLNATION', 'id': '4njdEjTnLfcGImKZu1iSrz', 'url': 'https://open.spotify.com/artist/4njdEjTnLfcGImKZu1iSrz'}","chan":"stdout","logger":"task"}
{"timestamp":"2025-12-07T03:45:07.664603Z","level":"info","event":"https://musicbrainz.org/ws/2/url?resource=https://open.spotify.com/artist/4njdEjTnLfcGImKZu1iSrz&inc=artist-rels&fmt=json","chan":"stdout","logger":"task"}
{"timestamp":"2025-12-07T03:45:07.772687Z","level":"info","event":"https://musicbrainz.org/ws/2/artist/77b29df2-056e-409e-a1b2-5e2bbfe421c4?inc=tags&fmt=json","chan":"stdout","logger":"task"}
{"timestamp":"2025-12-07T03:45:08.883516Z","level":"info","event":"{'name': 'Chris Brown', 'id': '7bXgB6jMjp9ATFy66eO08Z', 'url': 'https://open.spotify.com/artist/7bXgB6jMjp9ATFy66eO08Z'}","chan":"stdout","logger":"task"}
{"timestamp":"2025-12-07T03:45:08.885549Z","level":"info","event":"https://musicbrainz.org/ws/2/url?resource=https://open.spotify.com/artist/7bXgB6jMjp9ATFy66eO08Z&inc=artist-rels&fmt=json","chan":"stdout","logger":"task"}
{"timestamp":"2025-12-07T03:45:09.016770Z","level":"info","event":"https://musicbrainz.org/ws/2/artist/c234fa42-e6a6-443e-937e-2f4b073538a3?inc=tags&fmt=json","chan":"stdout","logger":"task"}
{"timestamp":"2025-12-07T03:45:10.129385Z","level":"info","event":"{'name': 'Phillip Phillips', 'id': '6p5JxpTc7USNnBnLzctyd4', 'url': 'https://open.spotify.com/artist/6p5JxpTc7USNnBnLzctyd4'}","chan":"stdout","logger":"task"}
{"timestamp":"2025-12-07T03:45:10.129729Z","level":"info","event":"https://musicbrainz.org/ws/2/url?resource=https://open.spotify.com/artist/6p5JxpTc7USNnBnLzctyd4&inc=artist-rels&fmt=json","chan":"stdout","logger":"task"}
{"timestamp":"2025-12-07T03:45:10.243724Z","level":"info","event":"https://musicbrainz.org/ws/2/artist/838483d3-a803-4194-9754-ad634fba8553?inc=tags&fmt=json","chan":"stdout","logger":"task"}
{"timestamp":"2025-12-07T03:45:11.362538Z","level":"info","event":"{'name': 'Macklemore & Ryan Lewis', 'id': '6WLvgbfYXQPO396oJEYCsi', 'url': 'https://open.spotify.com/artist/6WLvgbfYXQPO396oJEYCsi'}","chan":"stdout","logger":"task"}
{"timestamp":"2025-12-07T03:45:11.363821Z","level":"info","event":"https://musicbrainz.org/ws/2/url?resource=https://open.spotify.com/artist/6WLvgbfYXQPO396oJEYCsi&inc=artist-rels&fmt=json","chan":"stdout","logger":"task"}
{"timestamp":"2025-12-07T03:45:11.545038Z","level":"info","event":"HTTP 404: Not Found","chan":"stdout","logger":"task"}
{"timestamp":"2025-12-07T03:45:11.545824Z","level":"info","event":"unable to get mbid for https://open.spotify.com/artist/6WLvgbfYXQPO396oJEYCsi","chan":"stdout","logger":"task"}
{"timestamp":"2025-12-07T03:45:12.550380Z","level":"info","event":"{'name': 'Ryan Lewis', 'id': '4myTppRgh0rojLxx8RycOp', 'url': 'https://open.spotify.com/artist/4myTppRgh0rojLxx8RycOp'}","chan":"stdout","logger":"task"}
{"timestamp":"2025-12-07T03:45:12.550863Z","level":"info","event":"https://musicbrainz.org/ws/2/url?resource=https://open.spotify.com/artist/4myTppRgh0rojLxx8RycOp&inc=artist-rels&fmt=json","chan":"stdout","logger":"task"}
{"timestamp":"2025-12-07T03:45:12.670238Z","level":"info","event":"https://musicbrainz.org/ws/2/artist/c01560d1-6f69-48cf-a3c6-c94b65f099b1?inc=tags&fmt=json","chan":"stdout","logger":"task"}
{"timestamp":"2025-12-07T03:45:13.808281Z","level":"info","event":"{'name': 'Mary Lambert', 'id': '5Z2NUZiY3FA00HKu5WTMhA', 'url': 'https://open.spotify.com/artist/5Z2NUZiY3FA00HKu5WTMhA'}","chan":"stdout","logger":"task"}
{"timestamp":"2025-12-07T03:45:13.809357Z","level":"info","event":"https://musicbrainz.org/ws/2/url?resource=https://open.spotify.com/artist/5Z2NUZiY3FA00HKu5WTMhA&inc=artist-rels&fmt=json","chan":"stdout","logger":"task"}
{"timestamp":"2025-12-07T03:45:13.926373Z","level":"info","event":"https://musicbrainz.org/ws/2/artist/5479488b-0818-4da7-93c3-fed04336af3e?inc=tags&fmt=json","chan":"stdout","logger":"task"}
{"timestamp":"2025-12-07T03:45:15.048535Z","level":"info","event":"{'name': 'Jake Owen', 'id': '1n2pb9Tsfe4SwAjmUac6YT', 'url': 'https://open.spotify.com/artist/1n2pb9Tsfe4SwAjmUac6YT'}","chan":"stdout","logger":"task"}
{"timestamp":"2025-12-07T03:45:15.049870Z","level":"info","event":"https://musicbrainz.org/ws/2/url?resource=https://open.spotify.com/artist/1n2pb9Tsfe4SwAjmUac6YT&inc=artist-rels&fmt=json","chan":"stdout","logger":"task"}
{"timestamp":"2025-12-07T03:45:15.163695Z","level":"info","event":"https://musicbrainz.org/ws/2/artist/508f4f83-26dc-4d21-98d9-1a8c04d5ad4a?inc=tags&fmt=json","chan":"stdout","logger":"task"}
{"timestamp":"2025-12-07T03:45:15.278004Z","level":"info","event":"Rate limit hit. Retrying in 1s...","chan":"stdout","logger":"task"}
{"timestamp":"2025-12-07T03:45:17.412525Z","level":"info","event":"{'name': 'Ed Sheeran', 'id': '6eUKZXaKkcviH0Ku9w2n3V', 'url': 'https://open.spotify.com/artist/6eUKZXaKkcviH0Ku9w2n3V'}","chan":"stdout","logger":"task"}
{"timestamp":"2025-12-07T03:45:17.413088Z","level":"info","event":"https://musicbrainz.org/ws/2/url?resource=https://open.spotify.com/artist/6eUKZXaKkcviH0Ku9w2n3V&inc=artist-rels&fmt=json","chan":"stdout","logger":"task"}
{"timestamp":"2025-12-07T03:45:17.528697Z","level":"info","event":"https://musicbrainz.org/ws/2/artist/b8a7c51f-362c-4dcb-a259-bc6e0095f0a6?inc=tags&fmt=json","chan":"stdout","logger":"task"}
{"timestamp":"2025-12-07T03:45:18.644089Z","level":"info","event":"{'name': 'The Band Perry', 'id': '75FnCoo4FBxH5K1Rrx0k5A', 'url': 'https://open.spotify.com/artist/75FnCoo4FBxH5K1Rrx0k5A'}","chan":"stdout","logger":"task"}
{"timestamp":"2025-12-07T03:45:18.645356Z","level":"info","event":"https://musicbrainz.org/ws/2/url?resource=https://open.spotify.com/artist/75FnCoo4FBxH5K1Rrx0k5A&inc=artist-rels&fmt=json","chan":"stdout","logger":"task"}
{"timestamp":"2025-12-07T03:45:18.758260Z","level":"info","event":"https://musicbrainz.org/ws/2/artist/28955336-2348-488a-9381-e3a7b0107343?inc=tags&fmt=json","chan":"stdout","logger":"task"}
{"timestamp":"2025-12-07T03:45:19.868405Z","level":"info","event":"{'name': 'Ace Hood', 'id': '31HjiqargV4NAw4GZqUale', 'url': 'https://open.spotify.com/artist/31HjiqargV4NAw4GZqUale'}","chan":"stdout","logger":"task"}
{"timestamp":"2025-12-07T03:45:19.868847Z","level":"info","event":"https://musicbrainz.org/ws/2/url?resource=https://open.spotify.com/artist/31HjiqargV4NAw4GZqUale&inc=artist-rels&fmt=json","chan":"stdout","logger":"task"}
{"timestamp":"2025-12-07T03:45:19.979575Z","level":"info","event":"https://musicbrainz.org/ws/2/artist/986ee464-cf8a-4e59-a71f-74756102067f?inc=tags&fmt=json","chan":"stdout","logger":"task"}
{"timestamp":"2025-12-07T03:45:21.172212Z","level":"info","event":"{'name': 'Rick Ross', 'id': '1sBkRIssrMs1AbVkOJbc7a', 'url': 'https://open.spotify.com/artist/1sBkRIssrMs1AbVkOJbc7a'}","chan":"stdout","logger":"task"}
{"timestamp":"2025-12-07T03:45:21.173393Z","level":"info","event":"https://musicbrainz.org/ws/2/url?resource=https://open.spotify.com/artist/1sBkRIssrMs1AbVkOJbc7a&inc=artist-rels&fmt=json","chan":"stdout","logger":"task"}
{"timestamp":"2025-12-07T03:45:21.302417Z","level":"info","event":"https://musicbrainz.org/ws/2/artist/13bcb2bb-db37-4397-baf5-e0f085be2d64?inc=tags&fmt=json","chan":"stdout","logger":"task"}
{"timestamp":"2025-12-07T03:45:22.428110Z","level":"info","event":"{'name': 'DJ Khaled', 'id': '0QHgL1lAIqAw0HtD7YldmP', 'url': 'https://open.spotify.com/artist/0QHgL1lAIqAw0HtD7YldmP'}","chan":"stdout","logger":"task"}
{"timestamp":"2025-12-07T03:45:22.428610Z","level":"info","event":"https://musicbrainz.org/ws/2/url?resource=https://open.spotify.com/artist/0QHgL1lAIqAw0HtD7YldmP&inc=artist-rels&fmt=json","chan":"stdout","logger":"task"}
{"timestamp":"2025-12-07T03:45:22.547729Z","level":"info","event":"https://musicbrainz.org/ws/2/artist/081a2d60-9791-4e05-a075-f1890355eeee?inc=tags&fmt=json","chan":"stdout","logger":"task"}
{"timestamp":"2025-12-07T03:45:23.662794Z","level":"info","event":"{'name': 'Brad Paisley', 'id': '13YmWQJFwgZrd4bf5IjMY4', 'url': 'https://open.spotify.com/artist/13YmWQJFwgZrd4bf5IjMY4'}","chan":"stdout","logger":"task"}
{"timestamp":"2025-12-07T03:45:23.663073Z","level":"info","event":"https://musicbrainz.org/ws/2/url?resource=https://open.spotify.com/artist/13YmWQJFwgZrd4bf5IjMY4&inc=artist-rels&fmt=json","chan":"stdout","logger":"task"}
{"timestamp":"2025-12-07T03:45:23.780339Z","level":"info","event":"https://musicbrainz.org/ws/2/artist/6cfd7ffc-824f-4219-8e27-4b9417700f44?inc=tags&fmt=json","chan":"stdout","logger":"task"}
{"timestamp":"2025-12-07T03:45:24.902800Z","level":"info","event":"{'name': 'Randy Houser', 'id': '56x8mYvS3cyDGAi8N2FxbB', 'url': 'https://open.spotify.com/artist/56x8mYvS3cyDGAi8N2FxbB'}","chan":"stdout","logger":"task"}
{"timestamp":"2025-12-07T03:45:24.903624Z","level":"info","event":"https://musicbrainz.org/ws/2/url?resource=https://open.spotify.com/artist/56x8mYvS3cyDGAi8N2FxbB&inc=artist-rels&fmt=json","chan":"stdout","logger":"task"}
{"timestamp":"2025-12-07T03:45:25.021942Z","level":"info","event":"https://musicbrainz.org/ws/2/artist/50e3dd64-6b87-4b9a-a511-c375ae4ff1ca?inc=tags&fmt=json","chan":"stdout","logger":"task"}
{"timestamp":"2025-12-07T03:45:26.138714Z","level":"info","event":"{'name': 'Miranda Lambert', 'id': '66lH4jAE7pqPlOlzUKbwA0', 'url': 'https://open.spotify.com/artist/66lH4jAE7pqPlOlzUKbwA0'}","chan":"stdout","logger":"task"}
{"timestamp":"2025-12-07T03:45:26.144343Z","level":"info","event":"https://musicbrainz.org/ws/2/url?resource=https://open.spotify.com/artist/66lH4jAE7pqPlOlzUKbwA0&inc=artist-rels&fmt=json","chan":"stdout","logger":"task"}
{"timestamp":"2025-12-07T03:45:26.258888Z","level":"info","event":"Rate limit hit. Retrying in 1s...","chan":"stdout","logger":"task"}
{"timestamp":"2025-12-07T03:45:27.391138Z","level":"info","event":"https://musicbrainz.org/ws/2/artist/4eca1aa0-c79f-481b-af8a-4a2d6c41aa5c?inc=tags&fmt=json","chan":"stdout","logger":"task"}
{"timestamp":"2025-12-07T03:45:28.511488Z","level":"info","event":"{'name': 'Kesha', 'id': '6LqNN22kT3074XbTVUrhzX', 'url': 'https://open.spotify.com/artist/6LqNN22kT3074XbTVUrhzX'}","chan":"stdout","logger":"task"}
{"timestamp":"2025-12-07T03:45:28.513604Z","level":"info","event":"https://musicbrainz.org/ws/2/url?resource=https://open.spotify.com/artist/6LqNN22kT3074XbTVUrhzX&inc=artist-rels&fmt=json","chan":"stdout","logger":"task"}
{"timestamp":"2025-12-07T03:45:28.692323Z","level":"info","event":"https://musicbrainz.org/ws/2/artist/fab34286-b8e1-4879-bce3-194e1358fbd2?inc=tags&fmt=json","chan":"stdout","logger":"task"}
{"timestamp":"2025-12-07T03:45:29.845312Z","level":"info","event":"{'name': 'Carrie Underwood', 'id': '4xFUf1FHVy696Q1JQZMTRj', 'url': 'https://open.spotify.com/artist/4xFUf1FHVy696Q1JQZMTRj'}","chan":"stdout","logger":"task"}
{"timestamp":"2025-12-07T03:45:29.846277Z","level":"info","event":"https://musicbrainz.org/ws/2/url?resource=https://open.spotify.com/artist/4xFUf1FHVy696Q1JQZMTRj&inc=artist-rels&fmt=json","chan":"stdout","logger":"task"}
{"timestamp":"2025-12-07T03:45:29.964219Z","level":"info","event":"https://musicbrainz.org/ws/2/artist/70f0e309-5418-49b6-a130-666e2f76eecd?inc=tags&fmt=json","chan":"stdout","logger":"task"}
{"timestamp":"2025-12-07T03:45:31.089973Z","level":"info","event":"{'name': 'Baauer', 'id': '25fqWEebq6PoiGQIHIrdtv', 'url': 'https://open.spotify.com/artist/25fqWEebq6PoiGQIHIrdtv'}","chan":"stdout","logger":"task"}
{"timestamp":"2025-12-07T03:45:31.090566Z","level":"info","event":"https://musicbrainz.org/ws/2/url?resource=https://open.spotify.com/artist/25fqWEebq6PoiGQIHIrdtv&inc=artist-rels&fmt=json","chan":"stdout","logger":"task"}
{"timestamp":"2025-12-07T03:45:31.244323Z","level":"info","event":"https://musicbrainz.org/ws/2/artist/61a54a1e-3fa1-4ccc-bfc2-86c1a27e27de?inc=tags&fmt=json","chan":"stdout","logger":"task"}
{"timestamp":"2025-12-07T03:45:32.365362Z","level":"info","event":"{'name': 'Lana Del Rey', 'id': '00FQb4jTyendYWaN8pK0wa', 'url': 'https://open.spotify.com/artist/00FQb4jTyendYWaN8pK0wa'}","chan":"stdout","logger":"task"}
{"timestamp":"2025-12-07T03:45:32.366641Z","level":"info","event":"https://musicbrainz.org/ws/2/url?resource=https://open.spotify.com/artist/00FQb4jTyendYWaN8pK0wa&inc=artist-rels&fmt=json","chan":"stdout","logger":"task"}
{"timestamp":"2025-12-07T03:45:32.487792Z","level":"info","event":"https://musicbrainz.org/ws/2/artist/b7539c32-53e7-4908-bda3-81449c367da6?inc=tags&fmt=json","chan":"stdout","logger":"task"}
{"timestamp":"2025-12-07T03:45:33.608749Z","level":"info","event":"{'name': 'Capital Cities', 'id': '4gwpcMTbLWtBUlOijbVpuu', 'url': 'https://open.spotify.com/artist/4gwpcMTbLWtBUlOijbVpuu'}","chan":"stdout","logger":"task"}
{"timestamp":"2025-12-07T03:45:33.609755Z","level":"info","event":"https://musicbrainz.org/ws/2/url?resource=https://open.spotify.com/artist/4gwpcMTbLWtBUlOijbVpuu&inc=artist-rels&fmt=json","chan":"stdout","logger":"task"}
{"timestamp":"2025-12-07T03:45:33.726192Z","level":"info","event":"https://musicbrainz.org/ws/2/artist/119a2c67-e6d6-41cf-a58c-c51b75c80daa?inc=tags&fmt=json","chan":"stdout","logger":"task"}
{"timestamp":"2025-12-07T03:45:34.846163Z","level":"info","event":"{'name': 'Kip Moore', 'id': '2hJPr4lk7Q8SSvCVBl9fWM', 'url': 'https://open.spotify.com/artist/2hJPr4lk7Q8SSvCVBl9fWM'}","chan":"stdout","logger":"task"}
{"timestamp":"2025-12-07T03:45:34.846786Z","level":"info","event":"https://musicbrainz.org/ws/2/url?resource=https://open.spotify.com/artist/2hJPr4lk7Q8SSvCVBl9fWM&inc=artist-rels&fmt=json","chan":"stdout","logger":"task"}
{"timestamp":"2025-12-07T03:45:34.965936Z","level":"info","event":"https://musicbrainz.org/ws/2/artist/3afa378a-4a7f-46f5-b686-f41ee2287c0c?inc=tags&fmt=json","chan":"stdout","logger":"task"}
{"timestamp":"2025-12-07T03:45:36.161000Z","level":"info","event":"{'name': 'Eric Church', 'id': '2IvkS5MXK0vPGnwyJsrEyV', 'url': 'https://open.spotify.com/artist/2IvkS5MXK0vPGnwyJsrEyV'}","chan":"stdout","logger":"task"}
{"timestamp":"2025-12-07T03:45:36.161255Z","level":"info","event":"https://musicbrainz.org/ws/2/url?resource=https://open.spotify.com/artist/2IvkS5MXK0vPGnwyJsrEyV&inc=artist-rels&fmt=json","chan":"stdout","logger":"task"}
{"timestamp":"2025-12-07T03:45:36.275183Z","level":"info","event":"https://musicbrainz.org/ws/2/artist/15856215-cc51-4423-879c-9ac955ccb11a?inc=tags&fmt=json","chan":"stdout","logger":"task"}
{"timestamp":"2025-12-07T03:45:36.388713Z","level":"info","event":"Rate limit hit. Retrying in 1s...","chan":"stdout","logger":"task"}
{"timestamp":"2025-12-07T03:45:38.513285Z","level":"info","event":"{'name': 'Rich Gang', 'id': '5pU9lKGn9IUnVvOCONrcIS', 'url': 'https://open.spotify.com/artist/5pU9lKGn9IUnVvOCONrcIS'}","chan":"stdout","logger":"task"}
{"timestamp":"2025-12-07T03:45:38.515842Z","level":"info","event":"https://musicbrainz.org/ws/2/url?resource=https://open.spotify.com/artist/5pU9lKGn9IUnVvOCONrcIS&inc=artist-rels&fmt=json","chan":"stdout","logger":"task"}
{"timestamp":"2025-12-07T03:45:38.646718Z","level":"info","event":"HTTP 404: Not Found","chan":"stdout","logger":"task"}
{"timestamp":"2025-12-07T03:45:38.646949Z","level":"info","event":"unable to get mbid for https://open.spotify.com/artist/5pU9lKGn9IUnVvOCONrcIS","chan":"stdout","logger":"task"}
{"timestamp":"2025-12-07T03:45:39.652763Z","level":"info","event":"{'name': 'Birdman', 'id': '35sCXuy5gN6Or69rZ9vqBs', 'url': 'https://open.spotify.com/artist/35sCXuy5gN6Or69rZ9vqBs'}","chan":"stdout","logger":"task"}
{"timestamp":"2025-12-07T03:45:39.653607Z","level":"info","event":"https://musicbrainz.org/ws/2/url?resource=https://open.spotify.com/artist/35sCXuy5gN6Or69rZ9vqBs&inc=artist-rels&fmt=json","chan":"stdout","logger":"task"}
{"timestamp":"2025-12-07T03:45:39.782011Z","level":"info","event":"https://musicbrainz.org/ws/2/artist/dcf5807c-ef1f-4291-b452-6824080ecac4?inc=tags&fmt=json","chan":"stdout","logger":"task"}
{"timestamp":"2025-12-07T03:45:40.906125Z","level":"info","event":"{'name': 'Mack Maine', 'id': '18AOdS1Qw4XXnQSiPJQr1B', 'url': 'https://open.spotify.com/artist/18AOdS1Qw4XXnQSiPJQr1B'}","chan":"stdout","logger":"task"}
{"timestamp":"2025-12-07T03:45:40.907276Z","level":"info","event":"https://musicbrainz.org/ws/2/url?resource=https://open.spotify.com/artist/18AOdS1Qw4XXnQSiPJQr1B&inc=artist-rels&fmt=json","chan":"stdout","logger":"task"}
{"timestamp":"2025-12-07T03:45:41.052138Z","level":"info","event":"HTTP 404: Not Found","chan":"stdout","logger":"task"}
{"timestamp":"2025-12-07T03:45:41.053278Z","level":"info","event":"unable to get mbid for https://open.spotify.com/artist/18AOdS1Qw4XXnQSiPJQr1B","chan":"stdout","logger":"task"}
{"timestamp":"2025-12-07T03:45:42.058373Z","level":"info","event":"{'name': 'Nicki Minaj', 'id': '0hCNtLu0JehylgoiP8L4Gh', 'url': 'https://open.spotify.com/artist/0hCNtLu0JehylgoiP8L4Gh'}","chan":"stdout","logger":"task"}
{"timestamp":"2025-12-07T03:45:42.060133Z","level":"info","event":"https://musicbrainz.org/ws/2/url?resource=https://open.spotify.com/artist/0hCNtLu0JehylgoiP8L4Gh&inc=artist-rels&fmt=json","chan":"stdout","logger":"task"}
{"timestamp":"2025-12-07T03:45:42.181485Z","level":"info","event":"https://musicbrainz.org/ws/2/artist/1036b808-f58c-4a3e-b461-a2c4492ecf1b?inc=tags&fmt=json","chan":"stdout","logger":"task"}
{"timestamp":"2025-12-07T03:45:43.343147Z","level":"info","event":"{'name': 'B.o.B', 'id': '5ndkK3dpZLKtBklKjxNQwT', 'url': 'https://open.spotify.com/artist/5ndkK3dpZLKtBklKjxNQwT'}","chan":"stdout","logger":"task"}
{"timestamp":"2025-12-07T03:45:43.351346Z","level":"info","event":"https://musicbrainz.org/ws/2/url?resource=https://open.spotify.com/artist/5ndkK3dpZLKtBklKjxNQwT&inc=artist-rels&fmt=json","chan":"stdout","logger":"task"}
{"timestamp":"2025-12-07T03:45:43.479979Z","level":"info","event":"https://musicbrainz.org/ws/2/artist/94c338ff-1985-4429-9dc8-997b61bb5932?inc=tags&fmt=json","chan":"stdout","logger":"task"}
{"timestamp":"2025-12-07T03:45:44.601922Z","level":"info","event":"{'name': 'Juicy J', 'id': '5gCRApTajqwbnHHPbr2Fpi', 'url': 'https://open.spotify.com/artist/5gCRApTajqwbnHHPbr2Fpi'}","chan":"stdout","logger":"task"}
{"timestamp":"2025-12-07T03:45:44.603928Z","level":"info","event":"https://musicbrainz.org/ws/2/url?resource=https://open.spotify.com/artist/5gCRApTajqwbnHHPbr2Fpi&inc=artist-rels&fmt=json","chan":"stdout","logger":"task"}
{"timestamp":"2025-12-07T03:45:44.723020Z","level":"info","event":"https://musicbrainz.org/ws/2/artist/c45d161f-83ce-4464-ba41-44202e6916d9?inc=tags&fmt=json","chan":"stdout","logger":"task"}
{"timestamp":"2025-12-07T03:45:45.861910Z","level":"info","event":"{'name': 'Sean Kingston', 'id': '6S0dmVVn4udvppDhZIWxCr', 'url': 'https://open.spotify.com/artist/6S0dmVVn4udvppDhZIWxCr'}","chan":"stdout","logger":"task"}
{"timestamp":"2025-12-07T03:45:45.863409Z","level":"info","event":"https://musicbrainz.org/ws/2/url?resource=https://open.spotify.com/artist/6S0dmVVn4udvppDhZIWxCr&inc=artist-rels&fmt=json","chan":"stdout","logger":"task"}
{"timestamp":"2025-12-07T03:45:45.980433Z","level":"info","event":"https://musicbrainz.org/ws/2/artist/f7eb3be3-1065-4a53-94d4-e2d0c15c0b33?inc=tags&fmt=json","chan":"stdout","logger":"task"}
{"timestamp":"2025-12-07T03:45:47.108068Z","level":"info","event":"{'name': 'Krewella', 'id': '0Cd6nHYwecCNM1sVEXKlYr', 'url': 'https://open.spotify.com/artist/0Cd6nHYwecCNM1sVEXKlYr'}","chan":"stdout","logger":"task"}
{"timestamp":"2025-12-07T03:45:47.109112Z","level":"info","event":"https://musicbrainz.org/ws/2/url?resource=https://open.spotify.com/artist/0Cd6nHYwecCNM1sVEXKlYr&inc=artist-rels&fmt=json","chan":"stdout","logger":"task"}
{"timestamp":"2025-12-07T03:45:47.217089Z","level":"info","event":"https://musicbrainz.org/ws/2/artist/d87475fa-76a1-4e12-962c-fc9941fdda72?inc=tags&fmt=json","chan":"stdout","logger":"task"}
{"timestamp":"2025-12-07T03:45:48.336201Z","level":"info","event":"{'name': 'PSY', 'id': '2dd5mrQZvg6SmahdgVKDzh', 'url': 'https://open.spotify.com/artist/2dd5mrQZvg6SmahdgVKDzh'}","chan":"stdout","logger":"task"}
{"timestamp":"2025-12-07T03:45:48.337487Z","level":"info","event":"https://musicbrainz.org/ws/2/url?resource=https://open.spotify.com/artist/2dd5mrQZvg6SmahdgVKDzh&inc=artist-rels&fmt=json","chan":"stdout","logger":"task"}
{"timestamp":"2025-12-07T03:45:48.460906Z","level":"info","event":"https://musicbrainz.org/ws/2/artist/f99b7d67-4e63-4678-aa66-4c6ac0f7d24a?inc=tags&fmt=json","chan":"stdout","logger":"task"}
{"timestamp":"2025-12-07T03:45:49.576938Z","level":"info","event":"{'name': 'Lady A', 'id': '32WkQRZEVKSzVAAYqukAEA', 'url': 'https://open.spotify.com/artist/32WkQRZEVKSzVAAYqukAEA'}","chan":"stdout","logger":"task"}
{"timestamp":"2025-12-07T03:45:49.577158Z","level":"info","event":"https://musicbrainz.org/ws/2/url?resource=https://open.spotify.com/artist/32WkQRZEVKSzVAAYqukAEA&inc=artist-rels&fmt=json","chan":"stdout","logger":"task"}
{"timestamp":"2025-12-07T03:45:49.702558Z","level":"info","event":"https://musicbrainz.org/ws/2/artist/0eedfc95-e79a-4fd9-832a-cd816a0b3fda?inc=tags&fmt=json","chan":"stdout","logger":"task"}
{"timestamp":"2025-12-07T03:45:50.850682Z","level":"info","event":"{'name': 'Brett Eldredge', 'id': '0qSX3s5pJnAlSsgsCne8Cz', 'url': 'https://open.spotify.com/artist/0qSX3s5pJnAlSsgsCne8Cz'}","chan":"stdout","logger":"task"}
{"timestamp":"2025-12-07T03:45:50.851816Z","level":"info","event":"https://musicbrainz.org/ws/2/url?resource=https://open.spotify.com/artist/0qSX3s5pJnAlSsgsCne8Cz&inc=artist-rels&fmt=json","chan":"stdout","logger":"task"}
{"timestamp":"2025-12-07T03:45:50.971575Z","level":"info","event":"https://musicbrainz.org/ws/2/artist/46510d46-ce20-4dde-b9ea-207e474353f4?inc=tags&fmt=json","chan":"stdout","logger":"task"}
{"timestamp":"2025-12-07T03:45:52.093131Z","level":"info","event":"{'name': 'Kelly Clarkson', 'id': '3BmGtnKgCSGYIUhmivXKWX', 'url': 'https://open.spotify.com/artist/3BmGtnKgCSGYIUhmivXKWX'}","chan":"stdout","logger":"task"}
{"timestamp":"2025-12-07T03:45:52.095384Z","level":"info","event":"https://musicbrainz.org/ws/2/url?resource=https://open.spotify.com/artist/3BmGtnKgCSGYIUhmivXKWX&inc=artist-rels&fmt=json","chan":"stdout","logger":"task"}
{"timestamp":"2025-12-07T03:45:52.220420Z","level":"info","event":"https://musicbrainz.org/ws/2/artist/d339efbb-77b9-4147-ba9e-59f2f24550b2?inc=tags&fmt=json","chan":"stdout","logger":"task"}
{"timestamp":"2025-12-07T03:45:53.339043Z","level":"info","event":"{'name': 'Zac Brown Band', 'id': '6yJCxee7QumYr820xdIsjo', 'url': 'https://open.spotify.com/artist/6yJCxee7QumYr820xdIsjo'}","chan":"stdout","logger":"task"}
{"timestamp":"2025-12-07T03:45:53.340172Z","level":"info","event":"https://musicbrainz.org/ws/2/url?resource=https://open.spotify.com/artist/6yJCxee7QumYr820xdIsjo&inc=artist-rels&fmt=json","chan":"stdout","logger":"task"}
{"timestamp":"2025-12-07T03:45:53.455916Z","level":"info","event":"https://musicbrainz.org/ws/2/artist/507226f4-0842-4f43-950e-81a7017230ec?inc=tags&fmt=json","chan":"stdout","logger":"task"}
{"timestamp":"2025-12-07T03:45:54.568137Z","level":"info","event":"{'name': 'Easton Corbin', 'id': '070kGpqtESdDsLb3gdMIyx', 'url': 'https://open.spotify.com/artist/070kGpqtESdDsLb3gdMIyx'}","chan":"stdout","logger":"task"}
{"timestamp":"2025-12-07T03:45:54.569472Z","level":"info","event":"https://musicbrainz.org/ws/2/url?resource=https://open.spotify.com/artist/070kGpqtESdDsLb3gdMIyx&inc=artist-rels&fmt=json","chan":"stdout","logger":"task"}
{"timestamp":"2025-12-07T03:45:54.685181Z","level":"info","event":"https://musicbrainz.org/ws/2/artist/c6ada25c-8590-4b75-8013-883a8df55882?inc=tags&fmt=json","chan":"stdout","logger":"task"}
{"timestamp":"2025-12-07T03:45:55.817973Z","level":"info","event":"{'name': 'Jennifer Lopez', 'id': '2DlGxzQSjYe5N6G9nkYghR', 'url': 'https://open.spotify.com/artist/2DlGxzQSjYe5N6G9nkYghR'}","chan":"stdout","logger":"task"}
{"timestamp":"2025-12-07T03:45:55.818939Z","level":"info","event":"https://musicbrainz.org/ws/2/url?resource=https://open.spotify.com/artist/2DlGxzQSjYe5N6G9nkYghR&inc=artist-rels&fmt=json","chan":"stdout","logger":"task"}
{"timestamp":"2025-12-07T03:45:55.936864Z","level":"info","event":"https://musicbrainz.org/ws/2/artist/f0602f55-1770-483d-89bd-4bae0d0ac086?inc=tags&fmt=json","chan":"stdout","logger":"task"}
{"timestamp":"2025-12-07T03:45:57.049255Z","level":"info","event":"{'name': 'Brantley Gilbert', 'id': '5q8HGNo0BjLWaTAhRtbwxa', 'url': 'https://open.spotify.com/artist/5q8HGNo0BjLWaTAhRtbwxa'}","chan":"stdout","logger":"task"}
{"timestamp":"2025-12-07T03:45:57.055227Z","level":"info","event":"https://musicbrainz.org/ws/2/url?resource=https://open.spotify.com/artist/5q8HGNo0BjLWaTAhRtbwxa&inc=artist-rels&fmt=json","chan":"stdout","logger":"task"}
{"timestamp":"2025-12-07T03:45:57.170338Z","level":"info","event":"https://musicbrainz.org/ws/2/artist/9ad8aede-6938-48f2-93fa-908bc4da9ef6?inc=tags&fmt=json","chan":"stdout","logger":"task"}
{"timestamp":"2025-12-07T03:45:57.279633Z","level":"info","event":"Rate limit hit. Retrying in 1s...","chan":"stdout","logger":"task"}
{"timestamp":"2025-12-07T03:45:58.399967Z","level":"info","event":"Rate limit hit. Retrying in 2s...","chan":"stdout","logger":"task"}
{"timestamp":"2025-12-07T03:46:01.548845Z","level":"info","event":"{'name': 'A$AP Rocky', 'id': '13ubrt8QOOCPljQ2FL1Kca', 'url': 'https://open.spotify.com/artist/13ubrt8QOOCPljQ2FL1Kca'}","chan":"stdout","logger":"task"}
{"timestamp":"2025-12-07T03:46:01.552612Z","level":"info","event":"https://musicbrainz.org/ws/2/url?resource=https://open.spotify.com/artist/13ubrt8QOOCPljQ2FL1Kca&inc=artist-rels&fmt=json","chan":"stdout","logger":"task"}
{"timestamp":"2025-12-07T03:46:01.657995Z","level":"info","event":"https://musicbrainz.org/ws/2/artist/25b7b584-d952-4662-a8b9-dd8cdfbfeb64?inc=tags&fmt=json","chan":"stdout","logger":"task"}
{"timestamp":"2025-12-07T03:46:02.784490Z","level":"info","event":"{'name': 'Skrillex', 'id': '5he5w2lnU9x7JFhnwcekXX', 'url': 'https://open.spotify.com/artist/5he5w2lnU9x7JFhnwcekXX'}","chan":"stdout","logger":"task"}
{"timestamp":"2025-12-07T03:46:02.785308Z","level":"info","event":"https://musicbrainz.org/ws/2/url?resource=https://open.spotify.com/artist/5he5w2lnU9x7JFhnwcekXX&inc=artist-rels&fmt=json","chan":"stdout","logger":"task"}
{"timestamp":"2025-12-07T03:46:02.907517Z","level":"info","event":"https://musicbrainz.org/ws/2/artist/ae002c5d-aac6-490b-a39a-30aa9e2edf2b?inc=tags&fmt=json","chan":"stdout","logger":"task"}
{"timestamp":"2025-12-07T03:46:04.031258Z","level":"info","event":"{'name': 'Birdy Nam Nam', 'id': '4e7qJTThm5uI3CplqZObfT', 'url': 'https://open.spotify.com/artist/4e7qJTThm5uI3CplqZObfT'}","chan":"stdout","logger":"task"}
{"timestamp":"2025-12-07T03:46:04.032982Z","level":"info","event":"https://musicbrainz.org/ws/2/url?resource=https://open.spotify.com/artist/4e7qJTThm5uI3CplqZObfT&inc=artist-rels&fmt=json","chan":"stdout","logger":"task"}
{"timestamp":"2025-12-07T03:46:04.154012Z","level":"info","event":"https://musicbrainz.org/ws/2/artist/3255ddb2-bd7f-4850-b314-bdfa10d14706?inc=tags&fmt=json","chan":"stdout","logger":"task"}
{"timestamp":"2025-12-07T03:46:05.281402Z","level":"info","event":"{'name': 'Lord Flacko', 'id': '5XJdV8h0NLbf3CZdfwX3lg', 'url': 'https://open.spotify.com/artist/5XJdV8h0NLbf3CZdfwX3lg'}","chan":"stdout","logger":"task"}
{"timestamp":"2025-12-07T03:46:05.282797Z","level":"info","event":"https://musicbrainz.org/ws/2/url?resource=https://open.spotify.com/artist/5XJdV8h0NLbf3CZdfwX3lg&inc=artist-rels&fmt=json","chan":"stdout","logger":"task"}
{"timestamp":"2025-12-07T03:46:05.410235Z","level":"info","event":"HTTP 404: Not Found","chan":"stdout","logger":"task"}
{"timestamp":"2025-12-07T03:46:05.410982Z","level":"info","event":"unable to get mbid for https://open.spotify.com/artist/5XJdV8h0NLbf3CZdfwX3lg","chan":"stdout","logger":"task"}
{"timestamp":"2025-12-07T03:46:06.411639Z","level":"info","event":"{'name': 'Michelle Chamuel', 'id': '6AXr7aXrJYFI3XjslAWDPY', 'url': 'https://open.spotify.com/artist/6AXr7aXrJYFI3XjslAWDPY'}","chan":"stdout","logger":"task"}
{"timestamp":"2025-12-07T03:46:06.412120Z","level":"info","event":"https://musicbrainz.org/ws/2/url?resource=https://open.spotify.com/artist/6AXr7aXrJYFI3XjslAWDPY&inc=artist-rels&fmt=json","chan":"stdout","logger":"task"}
{"timestamp":"2025-12-07T03:46:06.570128Z","level":"info","event":"https://musicbrainz.org/ws/2/artist/2d4ddc45-1219-4bea-a169-9c4fe93f37e8?inc=tags&fmt=json","chan":"stdout","logger":"task"}
{"timestamp":"2025-12-07T03:46:07.714159Z","level":"info","event":"{'name': 'Tyler Farr', 'id': '3vHV92ecrylnUHDM4d2MtC', 'url': 'https://open.spotify.com/artist/3vHV92ecrylnUHDM4d2MtC'}","chan":"stdout","logger":"task"}
{"timestamp":"2025-12-07T03:46:07.716440Z","level":"info","event":"https://musicbrainz.org/ws/2/url?resource=https://open.spotify.com/artist/3vHV92ecrylnUHDM4d2MtC&inc=artist-rels&fmt=json","chan":"stdout","logger":"task"}
{"timestamp":"2025-12-07T03:46:08.009936Z","level":"info","event":"https://musicbrainz.org/ws/2/artist/0a623782-931b-4f2d-8d8b-e8bfc8b95cda?inc=tags&fmt=json","chan":"stdout","logger":"task"}
{"timestamp":"2025-12-07T03:46:09.188842Z","level":"info","event":"{'name': 'David Guetta', 'id': '1Cs0zKBU1kc0i8ypK3B9ai', 'url': 'https://open.spotify.com/artist/1Cs0zKBU1kc0i8ypK3B9ai'}","chan":"stdout","logger":"task"}
{"timestamp":"2025-12-07T03:46:09.191525Z","level":"info","event":"https://musicbrainz.org/ws/2/url?resource=https://open.spotify.com/artist/1Cs0zKBU1kc0i8ypK3B9ai&inc=artist-rels&fmt=json","chan":"stdout","logger":"task"}
{"timestamp":"2025-12-07T03:46:09.334992Z","level":"info","event":"https://musicbrainz.org/ws/2/artist/302bd7b9-d012-4360-897a-93b00c855680?inc=tags&fmt=json","chan":"stdout","logger":"task"}
{"timestamp":"2025-12-07T03:46:10.465611Z","level":"info","event":"{'name': 'Ne-Yo', 'id': '21E3waRsmPlU7jZsS13rcj', 'url': 'https://open.spotify.com/artist/21E3waRsmPlU7jZsS13rcj'}","chan":"stdout","logger":"task"}
{"timestamp":"2025-12-07T03:46:10.466385Z","level":"info","event":"https://musicbrainz.org/ws/2/url?resource=https://open.spotify.com/artist/21E3waRsmPlU7jZsS13rcj&inc=artist-rels&fmt=json","chan":"stdout","logger":"task"}
{"timestamp":"2025-12-07T03:46:10.584804Z","level":"info","event":"https://musicbrainz.org/ws/2/artist/a4a01f5d-18e7-4571-8c3a-76ec0e24e2d7?inc=tags&fmt=json","chan":"stdout","logger":"task"}
{"timestamp":"2025-12-07T03:46:11.711655Z","level":"info","event":"{'name': 'Akon', 'id': '0z4gvV4rjIZ9wHck67ucSV', 'url': 'https://open.spotify.com/artist/0z4gvV4rjIZ9wHck67ucSV'}","chan":"stdout","logger":"task"}
{"timestamp":"2025-12-07T03:46:11.712489Z","level":"info","event":"https://musicbrainz.org/ws/2/url?resource=https://open.spotify.com/artist/0z4gvV4rjIZ9wHck67ucSV&inc=artist-rels&fmt=json","chan":"stdout","logger":"task"}
{"timestamp":"2025-12-07T03:46:11.831317Z","level":"info","event":"https://musicbrainz.org/ws/2/artist/1138a764-2212-4d0a-b02d-0dc14df91e08?inc=tags&fmt=json","chan":"stdout","logger":"task"}
{"timestamp":"2025-12-07T03:46:12.955047Z","level":"info","event":"{'name': 'Justin Moore', 'id': '30e8DmahrEamvLbFRPdWmk', 'url': 'https://open.spotify.com/artist/30e8DmahrEamvLbFRPdWmk'}","chan":"stdout","logger":"task"}
{"timestamp":"2025-12-07T03:46:12.956274Z","level":"info","event":"https://musicbrainz.org/ws/2/url?resource=https://open.spotify.com/artist/30e8DmahrEamvLbFRPdWmk&inc=artist-rels&fmt=json","chan":"stdout","logger":"task"}
{"timestamp":"2025-12-07T03:46:13.105255Z","level":"info","event":"https://musicbrainz.org/ws/2/artist/ab5d785b-ff87-48b5-b9e1-027e3c21ec0d?inc=tags&fmt=json","chan":"stdout","logger":"task"}
{"timestamp":"2025-12-07T03:46:14.332680Z","level":"info","event":"{'name': 'Billy Currington', 'id': '1By9QBFnjZAoI83BZppHlt', 'url': 'https://open.spotify.com/artist/1By9QBFnjZAoI83BZppHlt'}","chan":"stdout","logger":"task"}
{"timestamp":"2025-12-07T03:46:14.333646Z","level":"info","event":"https://musicbrainz.org/ws/2/url?resource=https://open.spotify.com/artist/1By9QBFnjZAoI83BZppHlt&inc=artist-rels&fmt=json","chan":"stdout","logger":"task"}
{"timestamp":"2025-12-07T03:46:14.483819Z","level":"info","event":"https://musicbrainz.org/ws/2/artist/dbf94c49-0dd9-4f72-85d5-f548beb453f6?inc=tags&fmt=json","chan":"stdout","logger":"task"}
{"timestamp":"2025-12-07T03:46:15.976787Z","level":"info","event":"{'name': 'Hadouken!', 'id': '1369EOxSlL69yV9Yp1nVaR', 'url': 'https://open.spotify.com/artist/1369EOxSlL69yV9Yp1nVaR'}","chan":"stdout","logger":"task"}
{"timestamp":"2025-12-07T03:46:15.977212Z","level":"info","event":"https://musicbrainz.org/ws/2/url?resource=https://open.spotify.com/artist/1369EOxSlL69yV9Yp1nVaR&inc=artist-rels&fmt=json","chan":"stdout","logger":"task"}
{"timestamp":"2025-12-07T03:46:16.099412Z","level":"info","event":"https://musicbrainz.org/ws/2/artist/8c9200b8-8e05-41d5-836e-44a37905560e?inc=tags&fmt=json","chan":"stdout","logger":"task"}
{"timestamp":"2025-12-07T03:46:17.210482Z","level":"info","event":"{'name': 'Tamar Braxton', 'id': '1MT1Wz4G9Z9EVOg4L5zZMS', 'url': 'https://open.spotify.com/artist/1MT1Wz4G9Z9EVOg4L5zZMS'}","chan":"stdout","logger":"task"}
{"timestamp":"2025-12-07T03:46:17.211552Z","level":"info","event":"https://musicbrainz.org/ws/2/url?resource=https://open.spotify.com/artist/1MT1Wz4G9Z9EVOg4L5zZMS&inc=artist-rels&fmt=json","chan":"stdout","logger":"task"}
{"timestamp":"2025-12-07T03:46:17.331098Z","level":"info","event":"https://musicbrainz.org/ws/2/artist/ffb5f70c-cd10-48a5-92d0-cea440e6fd40?inc=tags&fmt=json","chan":"stdout","logger":"task"}
{"timestamp":"2025-12-07T03:46:18.444549Z","level":"info","event":"{'name': 'Kenny Chesney', 'id': '3grHWM9bx2E9vwJCdlRv9O', 'url': 'https://open.spotify.com/artist/3grHWM9bx2E9vwJCdlRv9O'}","chan":"stdout","logger":"task"}
{"timestamp":"2025-12-07T03:46:18.444839Z","level":"info","event":"https://musicbrainz.org/ws/2/url?resource=https://open.spotify.com/artist/3grHWM9bx2E9vwJCdlRv9O&inc=artist-rels&fmt=json","chan":"stdout","logger":"task"}
{"timestamp":"2025-12-07T03:46:18.563873Z","level":"info","event":"https://musicbrainz.org/ws/2/artist/5dca4d22-d6c8-4e70-8ca1-4543e43353c7?inc=tags&fmt=json","chan":"stdout","logger":"task"}
{"timestamp":"2025-12-07T03:46:19.692294Z","level":"info","event":"{'name': 'Fabolous', 'id': '0YWxKQj2Go9CGHCp77UOyy', 'url': 'https://open.spotify.com/artist/0YWxKQj2Go9CGHCp77UOyy'}","chan":"stdout","logger":"task"}
{"timestamp":"2025-12-07T03:46:19.693438Z","level":"info","event":"https://musicbrainz.org/ws/2/url?resource=https://open.spotify.com/artist/0YWxKQj2Go9CGHCp77UOyy&inc=artist-rels&fmt=json","chan":"stdout","logger":"task"}
{"timestamp":"2025-12-07T03:46:19.815955Z","level":"info","event":"https://musicbrainz.org/ws/2/artist/d2299099-e617-46dd-b013-ba0b4c72bc63?inc=tags&fmt=json","chan":"stdout","logger":"task"}
{"timestamp":"2025-12-07T03:46:19.933368Z","level":"info","event":"Rate limit hit. Retrying in 1s...","chan":"stdout","logger":"task"}
{"timestamp":"2025-12-07T03:46:22.046427Z","level":"info","event":"{'name': 'Tyga', 'id': '5LHRHt1k9lMyONurDHEdrp', 'url': 'https://open.spotify.com/artist/5LHRHt1k9lMyONurDHEdrp'}","chan":"stdout","logger":"task"}
{"timestamp":"2025-12-07T03:46:22.046787Z","level":"info","event":"https://musicbrainz.org/ws/2/url?resource=https://open.spotify.com/artist/5LHRHt1k9lMyONurDHEdrp&inc=artist-rels&fmt=json","chan":"stdout","logger":"task"}
{"timestamp":"2025-12-07T03:46:22.161789Z","level":"info","event":"https://musicbrainz.org/ws/2/artist/ce09ea31-3d4a-4487-a797-e315175457a0?inc=tags&fmt=json","chan":"stdout","logger":"task"}
{"timestamp":"2025-12-07T03:46:23.303055Z","level":"info","event":"{'name': 'Cedric Gervais', 'id': '4Wjf8diP59VmPG7fi4y724', 'url': 'https://open.spotify.com/artist/4Wjf8diP59VmPG7fi4y724'}","chan":"stdout","logger":"task"}
{"timestamp":"2025-12-07T03:46:23.303942Z","level":"info","event":"https://musicbrainz.org/ws/2/url?resource=https://open.spotify.com/artist/4Wjf8diP59VmPG7fi4y724&inc=artist-rels&fmt=json","chan":"stdout","logger":"task"}
{"timestamp":"2025-12-07T03:46:23.415201Z","level":"info","event":"https://musicbrainz.org/ws/2/artist/c9073012-4547-4a72-8963-738d9f8503cc?inc=tags&fmt=json","chan":"stdout","logger":"task"}
{"timestamp":"2025-12-07T03:46:24.527763Z","level":"info","event":"{'name': 'Mally Mall', 'id': '2F4vlQrJakgfJhEW93DFcZ', 'url': 'https://open.spotify.com/artist/2F4vlQrJakgfJhEW93DFcZ'}","chan":"stdout","logger":"task"}
{"timestamp":"2025-12-07T03:46:24.528686Z","level":"info","event":"https://musicbrainz.org/ws/2/url?resource=https://open.spotify.com/artist/2F4vlQrJakgfJhEW93DFcZ&inc=artist-rels&fmt=json","chan":"stdout","logger":"task"}
{"timestamp":"2025-12-07T03:46:24.659152Z","level":"info","event":"HTTP 404: Not Found","chan":"stdout","logger":"task"}
{"timestamp":"2025-12-07T03:46:24.659457Z","level":"info","event":"unable to get mbid for https://open.spotify.com/artist/2F4vlQrJakgfJhEW93DFcZ","chan":"stdout","logger":"task"}
{"timestamp":"2025-12-07T03:46:25.664855Z","level":"info","event":"{'name': 'The Neighbourhood', 'id': '77SW9BnxLY8rJ0RciFqkHh', 'url': 'https://open.spotify.com/artist/77SW9BnxLY8rJ0RciFqkHh'}","chan":"stdout","logger":"task"}
{"timestamp":"2025-12-07T03:46:25.666095Z","level":"info","event":"https://musicbrainz.org/ws/2/url?resource=https://open.spotify.com/artist/77SW9BnxLY8rJ0RciFqkHh&inc=artist-rels&fmt=json","chan":"stdout","logger":"task"}
{"timestamp":"2025-12-07T03:46:25.822543Z","level":"info","event":"https://musicbrainz.org/ws/2/artist/97b8d224-5660-419c-8dff-4b3bf0c33983?inc=tags&fmt=json","chan":"stdout","logger":"task"}
{"timestamp":"2025-12-07T03:46:26.985457Z","level":"info","event":"{'name': 'Gloriana', 'id': '5RjqSn7vYk8Qb9GeLWRRhB', 'url': 'https://open.spotify.com/artist/5RjqSn7vYk8Qb9GeLWRRhB'}","chan":"stdout","logger":"task"}
{"timestamp":"2025-12-07T03:46:26.985777Z","level":"info","event":"https://musicbrainz.org/ws/2/url?resource=https://open.spotify.com/artist/5RjqSn7vYk8Qb9GeLWRRhB&inc=artist-rels&fmt=json","chan":"stdout","logger":"task"}
{"timestamp":"2025-12-07T03:46:27.106155Z","level":"info","event":"https://musicbrainz.org/ws/2/artist/45ee3bf0-7ef7-4a87-81e3-a5867473b93d?inc=tags&fmt=json","chan":"stdout","logger":"task"}
{"timestamp":"2025-12-07T03:46:28.219597Z","level":"info","event":"{'name': 'A$AP Ferg', 'id': '5dHt1vcEm9qb8fCyLcB3HL', 'url': 'https://open.spotify.com/artist/5dHt1vcEm9qb8fCyLcB3HL'}","chan":"stdout","logger":"task"}
{"timestamp":"2025-12-07T03:46:28.221356Z","level":"info","event":"https://musicbrainz.org/ws/2/url?resource=https://open.spotify.com/artist/5dHt1vcEm9qb8fCyLcB3HL&inc=artist-rels&fmt=json","chan":"stdout","logger":"task"}
{"timestamp":"2025-12-07T03:46:28.383761Z","level":"info","event":"https://musicbrainz.org/ws/2/artist/8ab5d936-49d1-415e-92c8-151e0e7dd912?inc=tags&fmt=json","chan":"stdout","logger":"task"}
{"timestamp":"2025-12-07T03:46:29.567745Z","level":"info","event":"{'name': 'French Montana', 'id': '6vXTefBL93Dj5IqAWq6OTv', 'url': 'https://open.spotify.com/artist/6vXTefBL93Dj5IqAWq6OTv'}","chan":"stdout","logger":"task"}
{"timestamp":"2025-12-07T03:46:29.568040Z","level":"info","event":"https://musicbrainz.org/ws/2/url?resource=https://open.spotify.com/artist/6vXTefBL93Dj5IqAWq6OTv&inc=artist-rels&fmt=json","chan":"stdout","logger":"task"}
{"timestamp":"2025-12-07T03:46:29.715093Z","level":"info","event":"https://musicbrainz.org/ws/2/artist/45dc5f07-6609-4760-a933-8c9e0f858d05?inc=tags&fmt=json","chan":"stdout","logger":"task"}
{"timestamp":"2025-12-07T03:46:30.870693Z","level":"info","event":"{'name': 'Trinidad James', 'id': '0I5HubncQ8E1MFZOlPDY4J', 'url': 'https://open.spotify.com/artist/0I5HubncQ8E1MFZOlPDY4J'}","chan":"stdout","logger":"task"}
{"timestamp":"2025-12-07T03:46:30.871609Z","level":"info","event":"https://musicbrainz.org/ws/2/url?resource=https://open.spotify.com/artist/0I5HubncQ8E1MFZOlPDY4J&inc=artist-rels&fmt=json","chan":"stdout","logger":"task"}
{"timestamp":"2025-12-07T03:46:31.076445Z","level":"info","event":"https://musicbrainz.org/ws/2/artist/4da8a075-9db8-422e-a154-57386c572d88?inc=tags&fmt=json","chan":"stdout","logger":"task"}
{"timestamp":"2025-12-07T03:46:32.235896Z","level":"info","event":"{'name': 'ScHoolboy Q', 'id': '5IcR3N7QB1j6KBL8eImZ8m', 'url': 'https://open.spotify.com/artist/5IcR3N7QB1j6KBL8eImZ8m'}","chan":"stdout","logger":"task"}
{"timestamp":"2025-12-07T03:46:32.238964Z","level":"info","event":"https://musicbrainz.org/ws/2/url?resource=https://open.spotify.com/artist/5IcR3N7QB1j6KBL8eImZ8m&inc=artist-rels&fmt=json","chan":"stdout","logger":"task"}
{"timestamp":"2025-12-07T03:46:32.391611Z","level":"info","event":"https://musicbrainz.org/ws/2/artist/bce6d667-cde8-485e-b078-c0a05adea36d?inc=tags&fmt=json","chan":"stdout","logger":"task"}
{"timestamp":"2025-12-07T03:46:33.552265Z","level":"info","event":"Fetching audio details for 100 songs...","chan":"stdout","logger":"task"}
{"timestamp":"2025-12-07T03:46:33.560049Z","level":"info","event":"  Fetching batch 1/3 (40 songs)...","chan":"stdout","logger":"task"}
{"timestamp":"2025-12-07T03:46:34.567291Z","level":"info","event":"  Retrieved 30 song details","chan":"stdout","logger":"task"}
{"timestamp":"2025-12-07T03:46:36.569262Z","level":"info","event":"  Fetching batch 2/3 (40 songs)...","chan":"stdout","logger":"task"}
{"timestamp":"2025-12-07T03:46:37.532131Z","level":"info","event":"  Retrieved 33 song details","chan":"stdout","logger":"task"}
{"timestamp":"2025-12-07T03:46:39.535511Z","level":"info","event":"  Fetching batch 3/3 (20 songs)...","chan":"stdout","logger":"task"}
{"timestamp":"2025-12-07T03:46:40.460355Z","level":"info","event":"  Retrieved 12 song details","chan":"stdout","logger":"task"}
{"timestamp":"2025-12-07T03:46:40.461433Z","level":"info","event":"Fetching audio analysis for 75 songs...","chan":"stdout","logger":"task"}
{"timestamp":"2025-12-07T03:46:52.436929Z","level":"info","event":"  Processing audio analysis 10/75...","chan":"stdout","logger":"task"}
{"timestamp":"2025-12-07T03:47:03.146426Z","level":"info","event":"  Processing audio analysis 20/75...","chan":"stdout","logger":"task"}
{"timestamp":"2025-12-07T03:47:13.894950Z","level":"info","event":"  Processing audio analysis 30/75...","chan":"stdout","logger":"task"}
{"timestamp":"2025-12-07T03:47:25.715059Z","level":"info","event":"  Processing audio analysis 40/75...","chan":"stdout","logger":"task"}
{"timestamp":"2025-12-07T03:47:36.984227Z","level":"info","event":"  Processing audio analysis 50/75...","chan":"stdout","logger":"task"}
{"timestamp":"2025-12-07T03:47:48.400887Z","level":"info","event":"  Processing audio analysis 60/75...","chan":"stdout","logger":"task"}
{"timestamp":"2025-12-07T03:47:59.099893Z","level":"info","event":"  Processing audio analysis 70/75...","chan":"stdout","logger":"task"}
{"timestamp":"2025-12-07T03:48:04.613922Z","level":"info","event":"Completed fetching audio details for 75 songs","chan":"stdout","logger":"task"}
{"timestamp":"2025-12-07T03:48:04.700105Z","level":"info","event":"DEBUG: DATABASE_URL value: postgresql+psycopg2:****@postgres/music_warehouse","chan":"stdout","logger":"task"}
{"timestamp":"2025-12-07T03:48:04.787162Z","level":"info","event":"TYPE OF ENGINE: <class 'sqlalchemy.engine.base.Engine'>","chan":"stdout","logger":"task"}
{"timestamp":"2025-12-07T03:48:04.787522Z","level":"info","event":"ENGINE DIR: ['__class__', '__delattr__', '__dict__', '__dir__', '__doc__', '__eq__', '__format__', '__ge__', '__getattribute__', '__getstate__', '__gt__', '__hash__', '__init__', '__init_subclass__', '__le__', '__lt__', '__module__', '__ne__', '__new__', '__reduce__', '__reduce_ex__', '__repr__', '__setattr__', '__sizeof__', '__str__', '__subclasshook__', '__weakref__', '_compiled_cache', '_connection_cls', '_echo', '_execute_clauseelement', '_execute_compiled', '_execute_default', '_execution_options', '_has_events', '_is_future', '_lru_size_alert', '_option_cls', '_optional_conn_ctx_manager', '_run_ddl_visitor', '_run_visitor', '_schema_translate_map', '_should_log_debug', '_should_log_info', '_sqla_logger_namespace', '_trans_ctx', '_wrap_pool_connect', 'begin', 'clear_compiled_cache', 'connect', 'dialect', 'dispatch', 'dispose', 'driver', 'echo', 'engine', 'execute', 'execution_options', 'get_execution_options', 'has_table', 'hide_parameters', 'logger', 'logging_name', 'name', 'pool', 'raw_connection', 'run_callable', 'scalar', 'table_names', 'transaction', 'update_execution_options', 'url']","chan":"stdout","logger":"task"}
{"timestamp":"2025-12-07T03:48:04.787667Z","level":"info","event":"IS SQLALCHEMY ENGINE: True","chan":"stdout","logger":"task"}
{"timestamp":"2025-12-07T03:48:04.787745Z","level":"info","event":"Database connection successful","chan":"stdout","logger":"task"}
{"timestamp":"2025-12-07T03:48:04.787800Z","level":"info","event":"Loading chart_weeks (1 rows)...","chan":"stdout","logger":"task"}
{"timestamp":"2025-12-07T03:48:04.838265Z","level":"info","event":"  Exported CSV to data_exports/chart_weeks.csv","chan":"stdout","logger":"task"}
{"timestamp":"2025-12-07T03:48:04.839148Z","level":"info","event":"Loading songs (100 rows)...","chan":"stdout","logger":"task"}
{"timestamp":"2025-12-07T03:48:04.856795Z","level":"info","event":"  Exported CSV to data_exports/songs.csv","chan":"stdout","logger":"task"}
{"timestamp":"2025-12-07T03:48:04.857256Z","level":"info","event":"Loading artists (124 rows)...","chan":"stdout","logger":"task"}
{"timestamp":"2025-12-07T03:48:04.864885Z","level":"info","event":"  Exported CSV to data_exports/artists.csv","chan":"stdout","logger":"task"}
{"timestamp":"2025-12-07T03:48:04.865244Z","level":"info","event":"Loading song_artists (163 rows)...","chan":"stdout","logger":"task"}
{"timestamp":"2025-12-07T03:48:04.871075Z","level":"info","event":"  Exported CSV to data_exports/song_artists.csv","chan":"stdout","logger":"task"}
{"timestamp":"2025-12-07T03:48:04.871649Z","level":"info","event":"Loading chart_entries (100 rows)...","chan":"stdout","logger":"task"}
{"timestamp":"2025-12-07T03:48:04.892857Z","level":"info","event":"  Exported CSV to data_exports/chart_entries.csv","chan":"stdout","logger":"task"}
{"timestamp":"2025-12-07T03:48:04.893284","level":"info","event":"Done. Returned value was: None","logger":"airflow.task.operators.airflow.providers.standard.operators.python.PythonOperator"}
{"timestamp":"2025-12-07T03:48:04.940694Z","level":"info","event":"Task instance in success state","chan":"stdout","logger":"task"}
{"timestamp":"2025-12-07T03:48:04.941631Z","level":"info","event":" Previous state of the Task instance: TaskInstanceState.RUNNING","chan":"stdout","logger":"task"}
{"timestamp":"2025-12-07T03:48:04.942141Z","level":"info","event":"Task operator:<Task(PythonOperator): load_music_data>","chan":"stdout","logger":"task"}
