[2025-11-25T01:47:06.333+0000] {processor.py:161} INFO - Started process (PID=87) to work on /home/airflow/.local/lib/python3.12/site-packages/airflow/example_dags/example_sla_dag.py
[2025-11-25T01:47:06.333+0000] {processor.py:830} INFO - Processing file /home/airflow/.local/lib/python3.12/site-packages/airflow/example_dags/example_sla_dag.py for tasks to queue
[2025-11-25T01:47:06.334+0000] {logging_mixin.py:188} INFO - [2025-11-25T01:47:06.334+0000] {dagbag.py:545} INFO - Filling up the DagBag from /home/airflow/.local/lib/python3.12/site-packages/airflow/example_dags/example_sla_dag.py
[2025-11-25T01:47:06.338+0000] {processor.py:840} INFO - DAG(s) 'example_sla_dag' retrieved from /home/airflow/.local/lib/python3.12/site-packages/airflow/example_dags/example_sla_dag.py
[2025-11-25T01:47:06.387+0000] {logging_mixin.py:188} INFO - [2025-11-25T01:47:06.387+0000] {dag.py:3096} INFO - Sync 1 DAGs
[2025-11-25T01:47:06.400+0000] {logging_mixin.py:188} INFO - [2025-11-25T01:47:06.400+0000] {dag.py:3954} INFO - Setting next_dagrun for example_sla_dag to 2025-11-25 01:44:00+00:00, run_after=2025-11-25 01:46:00+00:00
[2025-11-25T01:47:06.407+0000] {processor.py:183} INFO - Processing /home/airflow/.local/lib/python3.12/site-packages/airflow/example_dags/example_sla_dag.py took 0.076 seconds
[2025-11-25T01:47:44.867+0000] {processor.py:161} INFO - Started process (PID=139) to work on /home/airflow/.local/lib/python3.12/site-packages/airflow/example_dags/example_sla_dag.py
[2025-11-25T01:47:44.868+0000] {processor.py:830} INFO - Processing file /home/airflow/.local/lib/python3.12/site-packages/airflow/example_dags/example_sla_dag.py for tasks to queue
[2025-11-25T01:47:44.869+0000] {logging_mixin.py:188} INFO - [2025-11-25T01:47:44.869+0000] {dagbag.py:545} INFO - Filling up the DagBag from /home/airflow/.local/lib/python3.12/site-packages/airflow/example_dags/example_sla_dag.py
[2025-11-25T01:47:44.872+0000] {processor.py:840} INFO - DAG(s) 'example_sla_dag' retrieved from /home/airflow/.local/lib/python3.12/site-packages/airflow/example_dags/example_sla_dag.py
[2025-11-25T01:47:44.883+0000] {logging_mixin.py:188} INFO - [2025-11-25T01:47:44.883+0000] {dag.py:3096} INFO - Sync 1 DAGs
[2025-11-25T01:47:44.893+0000] {logging_mixin.py:188} INFO - [2025-11-25T01:47:44.893+0000] {dag.py:3954} INFO - Setting next_dagrun for example_sla_dag to 2025-11-25 01:44:00+00:00, run_after=2025-11-25 01:46:00+00:00
[2025-11-25T01:47:44.901+0000] {processor.py:183} INFO - Processing /home/airflow/.local/lib/python3.12/site-packages/airflow/example_dags/example_sla_dag.py took 0.036 seconds
[2025-11-25T02:00:40.442+0000] {processor.py:161} INFO - Started process (PID=197) to work on /home/airflow/.local/lib/python3.12/site-packages/airflow/example_dags/example_sla_dag.py
[2025-11-25T02:00:40.443+0000] {processor.py:830} INFO - Processing file /home/airflow/.local/lib/python3.12/site-packages/airflow/example_dags/example_sla_dag.py for tasks to queue
[2025-11-25T02:00:40.444+0000] {logging_mixin.py:188} INFO - [2025-11-25T02:00:40.444+0000] {dagbag.py:545} INFO - Filling up the DagBag from /home/airflow/.local/lib/python3.12/site-packages/airflow/example_dags/example_sla_dag.py
[2025-11-25T02:00:40.448+0000] {processor.py:840} INFO - DAG(s) 'example_sla_dag' retrieved from /home/airflow/.local/lib/python3.12/site-packages/airflow/example_dags/example_sla_dag.py
[2025-11-25T02:00:40.456+0000] {logging_mixin.py:188} INFO - [2025-11-25T02:00:40.456+0000] {dag.py:3096} INFO - Sync 1 DAGs
[2025-11-25T02:00:40.464+0000] {logging_mixin.py:188} INFO - [2025-11-25T02:00:40.464+0000] {dag.py:3954} INFO - Setting next_dagrun for example_sla_dag to 2025-11-25 01:58:00+00:00, run_after=2025-11-25 02:00:00+00:00
[2025-11-25T02:00:40.470+0000] {processor.py:183} INFO - Processing /home/airflow/.local/lib/python3.12/site-packages/airflow/example_dags/example_sla_dag.py took 0.030 seconds
[2025-11-25T02:39:47.302+0000] {processor.py:161} INFO - Started process (PID=255) to work on /home/airflow/.local/lib/python3.12/site-packages/airflow/example_dags/example_sla_dag.py
[2025-11-25T02:39:47.303+0000] {processor.py:830} INFO - Processing file /home/airflow/.local/lib/python3.12/site-packages/airflow/example_dags/example_sla_dag.py for tasks to queue
[2025-11-25T02:39:47.304+0000] {logging_mixin.py:188} INFO - [2025-11-25T02:39:47.304+0000] {dagbag.py:545} INFO - Filling up the DagBag from /home/airflow/.local/lib/python3.12/site-packages/airflow/example_dags/example_sla_dag.py
[2025-11-25T02:39:47.309+0000] {processor.py:840} INFO - DAG(s) 'example_sla_dag' retrieved from /home/airflow/.local/lib/python3.12/site-packages/airflow/example_dags/example_sla_dag.py
[2025-11-25T02:39:47.317+0000] {logging_mixin.py:188} INFO - [2025-11-25T02:39:47.317+0000] {dag.py:3096} INFO - Sync 1 DAGs
[2025-11-25T02:39:47.326+0000] {logging_mixin.py:188} INFO - [2025-11-25T02:39:47.325+0000] {dag.py:3954} INFO - Setting next_dagrun for example_sla_dag to 2025-11-25 02:36:00+00:00, run_after=2025-11-25 02:38:00+00:00
[2025-11-25T02:39:47.333+0000] {processor.py:183} INFO - Processing /home/airflow/.local/lib/python3.12/site-packages/airflow/example_dags/example_sla_dag.py took 0.033 seconds
[2025-11-25T02:46:11.867+0000] {processor.py:161} INFO - Started process (PID=313) to work on /home/airflow/.local/lib/python3.12/site-packages/airflow/example_dags/example_sla_dag.py
[2025-11-25T02:46:11.868+0000] {processor.py:830} INFO - Processing file /home/airflow/.local/lib/python3.12/site-packages/airflow/example_dags/example_sla_dag.py for tasks to queue
[2025-11-25T02:46:11.870+0000] {logging_mixin.py:188} INFO - [2025-11-25T02:46:11.870+0000] {dagbag.py:545} INFO - Filling up the DagBag from /home/airflow/.local/lib/python3.12/site-packages/airflow/example_dags/example_sla_dag.py
[2025-11-25T02:46:11.875+0000] {processor.py:840} INFO - DAG(s) 'example_sla_dag' retrieved from /home/airflow/.local/lib/python3.12/site-packages/airflow/example_dags/example_sla_dag.py
[2025-11-25T02:46:11.889+0000] {logging_mixin.py:188} INFO - [2025-11-25T02:46:11.889+0000] {dag.py:3096} INFO - Sync 1 DAGs
[2025-11-25T02:46:11.901+0000] {logging_mixin.py:188} INFO - [2025-11-25T02:46:11.901+0000] {dag.py:3954} INFO - Setting next_dagrun for example_sla_dag to 2025-11-25 02:44:00+00:00, run_after=2025-11-25 02:46:00+00:00
[2025-11-25T02:46:11.910+0000] {processor.py:183} INFO - Processing /home/airflow/.local/lib/python3.12/site-packages/airflow/example_dags/example_sla_dag.py took 0.045 seconds
[2025-11-25T02:46:42.485+0000] {processor.py:161} INFO - Started process (PID=371) to work on /home/airflow/.local/lib/python3.12/site-packages/airflow/example_dags/example_sla_dag.py
[2025-11-25T02:46:42.486+0000] {processor.py:830} INFO - Processing file /home/airflow/.local/lib/python3.12/site-packages/airflow/example_dags/example_sla_dag.py for tasks to queue
[2025-11-25T02:46:42.486+0000] {logging_mixin.py:188} INFO - [2025-11-25T02:46:42.486+0000] {dagbag.py:545} INFO - Filling up the DagBag from /home/airflow/.local/lib/python3.12/site-packages/airflow/example_dags/example_sla_dag.py
[2025-11-25T02:46:42.489+0000] {processor.py:840} INFO - DAG(s) 'example_sla_dag' retrieved from /home/airflow/.local/lib/python3.12/site-packages/airflow/example_dags/example_sla_dag.py
[2025-11-25T02:46:42.498+0000] {logging_mixin.py:188} INFO - [2025-11-25T02:46:42.498+0000] {dag.py:3096} INFO - Sync 1 DAGs
[2025-11-25T02:46:42.540+0000] {logging_mixin.py:188} INFO - [2025-11-25T02:46:42.539+0000] {dag.py:3954} INFO - Setting next_dagrun for example_sla_dag to 2025-11-25 02:44:00+00:00, run_after=2025-11-25 02:46:00+00:00
[2025-11-25T02:46:42.588+0000] {processor.py:183} INFO - Processing /home/airflow/.local/lib/python3.12/site-packages/airflow/example_dags/example_sla_dag.py took 0.105 seconds
[2025-11-25T02:47:13.171+0000] {processor.py:161} INFO - Started process (PID=430) to work on /home/airflow/.local/lib/python3.12/site-packages/airflow/example_dags/example_sla_dag.py
[2025-11-25T02:47:13.173+0000] {processor.py:830} INFO - Processing file /home/airflow/.local/lib/python3.12/site-packages/airflow/example_dags/example_sla_dag.py for tasks to queue
[2025-11-25T02:47:13.174+0000] {logging_mixin.py:188} INFO - [2025-11-25T02:47:13.173+0000] {dagbag.py:545} INFO - Filling up the DagBag from /home/airflow/.local/lib/python3.12/site-packages/airflow/example_dags/example_sla_dag.py
[2025-11-25T02:47:13.177+0000] {processor.py:840} INFO - DAG(s) 'example_sla_dag' retrieved from /home/airflow/.local/lib/python3.12/site-packages/airflow/example_dags/example_sla_dag.py
[2025-11-25T02:47:13.186+0000] {logging_mixin.py:188} INFO - [2025-11-25T02:47:13.186+0000] {dag.py:3096} INFO - Sync 1 DAGs
[2025-11-25T02:47:13.198+0000] {logging_mixin.py:188} INFO - [2025-11-25T02:47:13.198+0000] {dag.py:3954} INFO - Setting next_dagrun for example_sla_dag to 2025-11-25 02:44:00+00:00, run_after=2025-11-25 02:46:00+00:00
[2025-11-25T02:47:13.206+0000] {processor.py:183} INFO - Processing /home/airflow/.local/lib/python3.12/site-packages/airflow/example_dags/example_sla_dag.py took 0.037 seconds
[2025-11-25T02:47:43.659+0000] {processor.py:161} INFO - Started process (PID=487) to work on /home/airflow/.local/lib/python3.12/site-packages/airflow/example_dags/example_sla_dag.py
[2025-11-25T02:47:43.660+0000] {processor.py:830} INFO - Processing file /home/airflow/.local/lib/python3.12/site-packages/airflow/example_dags/example_sla_dag.py for tasks to queue
[2025-11-25T02:47:43.661+0000] {logging_mixin.py:188} INFO - [2025-11-25T02:47:43.661+0000] {dagbag.py:545} INFO - Filling up the DagBag from /home/airflow/.local/lib/python3.12/site-packages/airflow/example_dags/example_sla_dag.py
[2025-11-25T02:47:43.664+0000] {processor.py:840} INFO - DAG(s) 'example_sla_dag' retrieved from /home/airflow/.local/lib/python3.12/site-packages/airflow/example_dags/example_sla_dag.py
[2025-11-25T02:47:43.671+0000] {logging_mixin.py:188} INFO - [2025-11-25T02:47:43.671+0000] {dag.py:3096} INFO - Sync 1 DAGs
[2025-11-25T02:47:43.680+0000] {logging_mixin.py:188} INFO - [2025-11-25T02:47:43.680+0000] {dag.py:3954} INFO - Setting next_dagrun for example_sla_dag to 2025-11-25 02:44:00+00:00, run_after=2025-11-25 02:46:00+00:00
[2025-11-25T02:47:43.687+0000] {processor.py:183} INFO - Processing /home/airflow/.local/lib/python3.12/site-packages/airflow/example_dags/example_sla_dag.py took 0.030 seconds
[2025-11-25T02:49:26.312+0000] {processor.py:161} INFO - Started process (PID=545) to work on /home/airflow/.local/lib/python3.12/site-packages/airflow/example_dags/example_sla_dag.py
[2025-11-25T02:49:26.313+0000] {processor.py:830} INFO - Processing file /home/airflow/.local/lib/python3.12/site-packages/airflow/example_dags/example_sla_dag.py for tasks to queue
[2025-11-25T02:49:26.315+0000] {logging_mixin.py:188} INFO - [2025-11-25T02:49:26.314+0000] {dagbag.py:545} INFO - Filling up the DagBag from /home/airflow/.local/lib/python3.12/site-packages/airflow/example_dags/example_sla_dag.py
[2025-11-25T02:49:26.319+0000] {processor.py:840} INFO - DAG(s) 'example_sla_dag' retrieved from /home/airflow/.local/lib/python3.12/site-packages/airflow/example_dags/example_sla_dag.py
[2025-11-25T02:49:26.330+0000] {logging_mixin.py:188} INFO - [2025-11-25T02:49:26.330+0000] {dag.py:3096} INFO - Sync 1 DAGs
[2025-11-25T02:49:26.342+0000] {logging_mixin.py:188} INFO - [2025-11-25T02:49:26.341+0000] {dag.py:3954} INFO - Setting next_dagrun for example_sla_dag to 2025-11-25 02:46:00+00:00, run_after=2025-11-25 02:48:00+00:00
[2025-11-25T02:49:26.355+0000] {processor.py:183} INFO - Processing /home/airflow/.local/lib/python3.12/site-packages/airflow/example_dags/example_sla_dag.py took 0.046 seconds
[2025-11-25T02:49:57.277+0000] {processor.py:161} INFO - Started process (PID=603) to work on /home/airflow/.local/lib/python3.12/site-packages/airflow/example_dags/example_sla_dag.py
[2025-11-25T02:49:57.278+0000] {processor.py:830} INFO - Processing file /home/airflow/.local/lib/python3.12/site-packages/airflow/example_dags/example_sla_dag.py for tasks to queue
[2025-11-25T02:49:57.279+0000] {logging_mixin.py:188} INFO - [2025-11-25T02:49:57.278+0000] {dagbag.py:545} INFO - Filling up the DagBag from /home/airflow/.local/lib/python3.12/site-packages/airflow/example_dags/example_sla_dag.py
[2025-11-25T02:49:57.282+0000] {processor.py:840} INFO - DAG(s) 'example_sla_dag' retrieved from /home/airflow/.local/lib/python3.12/site-packages/airflow/example_dags/example_sla_dag.py
[2025-11-25T02:49:57.295+0000] {logging_mixin.py:188} INFO - [2025-11-25T02:49:57.295+0000] {dag.py:3096} INFO - Sync 1 DAGs
[2025-11-25T02:49:57.304+0000] {logging_mixin.py:188} INFO - [2025-11-25T02:49:57.304+0000] {dag.py:3954} INFO - Setting next_dagrun for example_sla_dag to 2025-11-25 02:46:00+00:00, run_after=2025-11-25 02:48:00+00:00
[2025-11-25T02:49:57.313+0000] {processor.py:183} INFO - Processing /home/airflow/.local/lib/python3.12/site-packages/airflow/example_dags/example_sla_dag.py took 0.038 seconds
[2025-11-25T02:50:27.859+0000] {processor.py:161} INFO - Started process (PID=661) to work on /home/airflow/.local/lib/python3.12/site-packages/airflow/example_dags/example_sla_dag.py
[2025-11-25T02:50:27.861+0000] {processor.py:830} INFO - Processing file /home/airflow/.local/lib/python3.12/site-packages/airflow/example_dags/example_sla_dag.py for tasks to queue
[2025-11-25T02:50:27.862+0000] {logging_mixin.py:188} INFO - [2025-11-25T02:50:27.861+0000] {dagbag.py:545} INFO - Filling up the DagBag from /home/airflow/.local/lib/python3.12/site-packages/airflow/example_dags/example_sla_dag.py
[2025-11-25T02:50:27.865+0000] {processor.py:840} INFO - DAG(s) 'example_sla_dag' retrieved from /home/airflow/.local/lib/python3.12/site-packages/airflow/example_dags/example_sla_dag.py
[2025-11-25T02:50:27.872+0000] {logging_mixin.py:188} INFO - [2025-11-25T02:50:27.872+0000] {dag.py:3096} INFO - Sync 1 DAGs
[2025-11-25T02:50:27.881+0000] {logging_mixin.py:188} INFO - [2025-11-25T02:50:27.881+0000] {dag.py:3954} INFO - Setting next_dagrun for example_sla_dag to 2025-11-25 02:48:00+00:00, run_after=2025-11-25 02:50:00+00:00
[2025-11-25T02:50:27.889+0000] {processor.py:183} INFO - Processing /home/airflow/.local/lib/python3.12/site-packages/airflow/example_dags/example_sla_dag.py took 0.032 seconds
[2025-11-25T02:55:36.699+0000] {processor.py:161} INFO - Started process (PID=719) to work on /home/airflow/.local/lib/python3.12/site-packages/airflow/example_dags/example_sla_dag.py
[2025-11-25T02:55:36.700+0000] {processor.py:830} INFO - Processing file /home/airflow/.local/lib/python3.12/site-packages/airflow/example_dags/example_sla_dag.py for tasks to queue
[2025-11-25T02:55:36.700+0000] {logging_mixin.py:188} INFO - [2025-11-25T02:55:36.700+0000] {dagbag.py:545} INFO - Filling up the DagBag from /home/airflow/.local/lib/python3.12/site-packages/airflow/example_dags/example_sla_dag.py
[2025-11-25T02:55:36.703+0000] {processor.py:840} INFO - DAG(s) 'example_sla_dag' retrieved from /home/airflow/.local/lib/python3.12/site-packages/airflow/example_dags/example_sla_dag.py
[2025-11-25T02:55:36.712+0000] {logging_mixin.py:188} INFO - [2025-11-25T02:55:36.712+0000] {dag.py:3096} INFO - Sync 1 DAGs
[2025-11-25T02:55:36.721+0000] {logging_mixin.py:188} INFO - [2025-11-25T02:55:36.721+0000] {dag.py:3954} INFO - Setting next_dagrun for example_sla_dag to 2025-11-25 02:52:00+00:00, run_after=2025-11-25 02:54:00+00:00
[2025-11-25T02:55:36.730+0000] {processor.py:183} INFO - Processing /home/airflow/.local/lib/python3.12/site-packages/airflow/example_dags/example_sla_dag.py took 0.033 seconds
[2025-11-25T02:57:19.594+0000] {processor.py:161} INFO - Started process (PID=777) to work on /home/airflow/.local/lib/python3.12/site-packages/airflow/example_dags/example_sla_dag.py
[2025-11-25T02:57:19.595+0000] {processor.py:830} INFO - Processing file /home/airflow/.local/lib/python3.12/site-packages/airflow/example_dags/example_sla_dag.py for tasks to queue
[2025-11-25T02:57:19.596+0000] {logging_mixin.py:188} INFO - [2025-11-25T02:57:19.595+0000] {dagbag.py:545} INFO - Filling up the DagBag from /home/airflow/.local/lib/python3.12/site-packages/airflow/example_dags/example_sla_dag.py
[2025-11-25T02:57:19.599+0000] {processor.py:840} INFO - DAG(s) 'example_sla_dag' retrieved from /home/airflow/.local/lib/python3.12/site-packages/airflow/example_dags/example_sla_dag.py
[2025-11-25T02:57:19.605+0000] {logging_mixin.py:188} INFO - [2025-11-25T02:57:19.605+0000] {dag.py:3096} INFO - Sync 1 DAGs
[2025-11-25T02:57:19.614+0000] {logging_mixin.py:188} INFO - [2025-11-25T02:57:19.614+0000] {dag.py:3954} INFO - Setting next_dagrun for example_sla_dag to 2025-11-25 02:54:00+00:00, run_after=2025-11-25 02:56:00+00:00
[2025-11-25T02:57:19.621+0000] {processor.py:183} INFO - Processing /home/airflow/.local/lib/python3.12/site-packages/airflow/example_dags/example_sla_dag.py took 0.029 seconds
[2025-11-25T02:58:10.337+0000] {processor.py:161} INFO - Started process (PID=835) to work on /home/airflow/.local/lib/python3.12/site-packages/airflow/example_dags/example_sla_dag.py
[2025-11-25T02:58:10.337+0000] {processor.py:830} INFO - Processing file /home/airflow/.local/lib/python3.12/site-packages/airflow/example_dags/example_sla_dag.py for tasks to queue
[2025-11-25T02:58:10.338+0000] {logging_mixin.py:188} INFO - [2025-11-25T02:58:10.338+0000] {dagbag.py:545} INFO - Filling up the DagBag from /home/airflow/.local/lib/python3.12/site-packages/airflow/example_dags/example_sla_dag.py
[2025-11-25T02:58:10.342+0000] {processor.py:840} INFO - DAG(s) 'example_sla_dag' retrieved from /home/airflow/.local/lib/python3.12/site-packages/airflow/example_dags/example_sla_dag.py
[2025-11-25T02:58:10.353+0000] {logging_mixin.py:188} INFO - [2025-11-25T02:58:10.353+0000] {dag.py:3096} INFO - Sync 1 DAGs
[2025-11-25T02:58:10.362+0000] {logging_mixin.py:188} INFO - [2025-11-25T02:58:10.362+0000] {dag.py:3954} INFO - Setting next_dagrun for example_sla_dag to 2025-11-25 02:56:00+00:00, run_after=2025-11-25 02:58:00+00:00
[2025-11-25T02:58:10.371+0000] {processor.py:183} INFO - Processing /home/airflow/.local/lib/python3.12/site-packages/airflow/example_dags/example_sla_dag.py took 0.037 seconds
[2025-11-25T02:59:18.384+0000] {processor.py:161} INFO - Started process (PID=893) to work on /home/airflow/.local/lib/python3.12/site-packages/airflow/example_dags/example_sla_dag.py
[2025-11-25T02:59:18.386+0000] {processor.py:830} INFO - Processing file /home/airflow/.local/lib/python3.12/site-packages/airflow/example_dags/example_sla_dag.py for tasks to queue
[2025-11-25T02:59:18.388+0000] {logging_mixin.py:188} INFO - [2025-11-25T02:59:18.387+0000] {dagbag.py:545} INFO - Filling up the DagBag from /home/airflow/.local/lib/python3.12/site-packages/airflow/example_dags/example_sla_dag.py
[2025-11-25T02:59:18.391+0000] {processor.py:840} INFO - DAG(s) 'example_sla_dag' retrieved from /home/airflow/.local/lib/python3.12/site-packages/airflow/example_dags/example_sla_dag.py
[2025-11-25T02:59:18.402+0000] {logging_mixin.py:188} INFO - [2025-11-25T02:59:18.402+0000] {dag.py:3096} INFO - Sync 1 DAGs
[2025-11-25T02:59:18.411+0000] {logging_mixin.py:188} INFO - [2025-11-25T02:59:18.410+0000] {dag.py:3954} INFO - Setting next_dagrun for example_sla_dag to 2025-11-25 02:56:00+00:00, run_after=2025-11-25 02:58:00+00:00
[2025-11-25T02:59:18.416+0000] {processor.py:183} INFO - Processing /home/airflow/.local/lib/python3.12/site-packages/airflow/example_dags/example_sla_dag.py took 0.034 seconds
[2025-11-25T03:42:20.196+0000] {processor.py:161} INFO - Started process (PID=951) to work on /home/airflow/.local/lib/python3.12/site-packages/airflow/example_dags/example_sla_dag.py
[2025-11-25T03:42:20.197+0000] {processor.py:830} INFO - Processing file /home/airflow/.local/lib/python3.12/site-packages/airflow/example_dags/example_sla_dag.py for tasks to queue
[2025-11-25T03:42:20.198+0000] {logging_mixin.py:188} INFO - [2025-11-25T03:42:20.198+0000] {dagbag.py:545} INFO - Filling up the DagBag from /home/airflow/.local/lib/python3.12/site-packages/airflow/example_dags/example_sla_dag.py
[2025-11-25T03:42:20.201+0000] {processor.py:840} INFO - DAG(s) 'example_sla_dag' retrieved from /home/airflow/.local/lib/python3.12/site-packages/airflow/example_dags/example_sla_dag.py
[2025-11-25T03:42:20.208+0000] {logging_mixin.py:188} INFO - [2025-11-25T03:42:20.208+0000] {dag.py:3096} INFO - Sync 1 DAGs
[2025-11-25T03:42:20.216+0000] {logging_mixin.py:188} INFO - [2025-11-25T03:42:20.216+0000] {dag.py:3954} INFO - Setting next_dagrun for example_sla_dag to 2025-11-25 03:40:00+00:00, run_after=2025-11-25 03:42:00+00:00
[2025-11-25T03:42:20.225+0000] {processor.py:183} INFO - Processing /home/airflow/.local/lib/python3.12/site-packages/airflow/example_dags/example_sla_dag.py took 0.032 seconds
[2025-11-25T04:00:22.519+0000] {processor.py:161} INFO - Started process (PID=1009) to work on /home/airflow/.local/lib/python3.12/site-packages/airflow/example_dags/example_sla_dag.py
[2025-11-25T04:00:22.520+0000] {processor.py:830} INFO - Processing file /home/airflow/.local/lib/python3.12/site-packages/airflow/example_dags/example_sla_dag.py for tasks to queue
[2025-11-25T04:00:22.521+0000] {logging_mixin.py:188} INFO - [2025-11-25T04:00:22.521+0000] {dagbag.py:545} INFO - Filling up the DagBag from /home/airflow/.local/lib/python3.12/site-packages/airflow/example_dags/example_sla_dag.py
[2025-11-25T04:00:22.525+0000] {processor.py:840} INFO - DAG(s) 'example_sla_dag' retrieved from /home/airflow/.local/lib/python3.12/site-packages/airflow/example_dags/example_sla_dag.py
[2025-11-25T04:00:22.535+0000] {logging_mixin.py:188} INFO - [2025-11-25T04:00:22.534+0000] {dag.py:3096} INFO - Sync 1 DAGs
[2025-11-25T04:00:22.544+0000] {logging_mixin.py:188} INFO - [2025-11-25T04:00:22.544+0000] {dag.py:3954} INFO - Setting next_dagrun for example_sla_dag to 2025-11-25 03:58:00+00:00, run_after=2025-11-25 04:00:00+00:00
[2025-11-25T04:00:22.554+0000] {processor.py:183} INFO - Processing /home/airflow/.local/lib/python3.12/site-packages/airflow/example_dags/example_sla_dag.py took 0.037 seconds
[2025-11-25T04:37:52.547+0000] {processor.py:161} INFO - Started process (PID=1067) to work on /home/airflow/.local/lib/python3.12/site-packages/airflow/example_dags/example_sla_dag.py
[2025-11-25T04:37:52.548+0000] {processor.py:830} INFO - Processing file /home/airflow/.local/lib/python3.12/site-packages/airflow/example_dags/example_sla_dag.py for tasks to queue
[2025-11-25T04:37:52.548+0000] {logging_mixin.py:188} INFO - [2025-11-25T04:37:52.548+0000] {dagbag.py:545} INFO - Filling up the DagBag from /home/airflow/.local/lib/python3.12/site-packages/airflow/example_dags/example_sla_dag.py
[2025-11-25T04:37:52.553+0000] {processor.py:840} INFO - DAG(s) 'example_sla_dag' retrieved from /home/airflow/.local/lib/python3.12/site-packages/airflow/example_dags/example_sla_dag.py
[2025-11-25T04:37:52.561+0000] {logging_mixin.py:188} INFO - [2025-11-25T04:37:52.561+0000] {dag.py:3096} INFO - Sync 1 DAGs
[2025-11-25T04:37:52.570+0000] {logging_mixin.py:188} INFO - [2025-11-25T04:37:52.570+0000] {dag.py:3954} INFO - Setting next_dagrun for example_sla_dag to 2025-11-25 04:34:00+00:00, run_after=2025-11-25 04:36:00+00:00
[2025-11-25T04:37:52.578+0000] {processor.py:183} INFO - Processing /home/airflow/.local/lib/python3.12/site-packages/airflow/example_dags/example_sla_dag.py took 0.034 seconds
[2025-11-25T04:51:32.229+0000] {processor.py:161} INFO - Started process (PID=1125) to work on /home/airflow/.local/lib/python3.12/site-packages/airflow/example_dags/example_sla_dag.py
[2025-11-25T04:51:32.229+0000] {processor.py:830} INFO - Processing file /home/airflow/.local/lib/python3.12/site-packages/airflow/example_dags/example_sla_dag.py for tasks to queue
[2025-11-25T04:51:32.230+0000] {logging_mixin.py:188} INFO - [2025-11-25T04:51:32.230+0000] {dagbag.py:545} INFO - Filling up the DagBag from /home/airflow/.local/lib/python3.12/site-packages/airflow/example_dags/example_sla_dag.py
[2025-11-25T04:51:32.234+0000] {processor.py:840} INFO - DAG(s) 'example_sla_dag' retrieved from /home/airflow/.local/lib/python3.12/site-packages/airflow/example_dags/example_sla_dag.py
[2025-11-25T04:51:32.243+0000] {logging_mixin.py:188} INFO - [2025-11-25T04:51:32.243+0000] {dag.py:3096} INFO - Sync 1 DAGs
[2025-11-25T04:51:32.251+0000] {logging_mixin.py:188} INFO - [2025-11-25T04:51:32.251+0000] {dag.py:3954} INFO - Setting next_dagrun for example_sla_dag to 2025-11-25 04:48:00+00:00, run_after=2025-11-25 04:50:00+00:00
[2025-11-25T04:51:32.259+0000] {processor.py:183} INFO - Processing /home/airflow/.local/lib/python3.12/site-packages/airflow/example_dags/example_sla_dag.py took 0.032 seconds
[2025-11-25T05:12:37.230+0000] {processor.py:161} INFO - Started process (PID=1183) to work on /home/airflow/.local/lib/python3.12/site-packages/airflow/example_dags/example_sla_dag.py
[2025-11-25T05:12:37.231+0000] {processor.py:830} INFO - Processing file /home/airflow/.local/lib/python3.12/site-packages/airflow/example_dags/example_sla_dag.py for tasks to queue
[2025-11-25T05:12:37.231+0000] {logging_mixin.py:188} INFO - [2025-11-25T05:12:37.231+0000] {dagbag.py:545} INFO - Filling up the DagBag from /home/airflow/.local/lib/python3.12/site-packages/airflow/example_dags/example_sla_dag.py
[2025-11-25T05:12:37.235+0000] {processor.py:840} INFO - DAG(s) 'example_sla_dag' retrieved from /home/airflow/.local/lib/python3.12/site-packages/airflow/example_dags/example_sla_dag.py
[2025-11-25T05:12:37.242+0000] {logging_mixin.py:188} INFO - [2025-11-25T05:12:37.242+0000] {dag.py:3096} INFO - Sync 1 DAGs
[2025-11-25T05:12:37.252+0000] {logging_mixin.py:188} INFO - [2025-11-25T05:12:37.252+0000] {dag.py:3954} INFO - Setting next_dagrun for example_sla_dag to 2025-11-25 05:10:00+00:00, run_after=2025-11-25 05:12:00+00:00
[2025-11-25T05:12:37.260+0000] {processor.py:183} INFO - Processing /home/airflow/.local/lib/python3.12/site-packages/airflow/example_dags/example_sla_dag.py took 0.033 seconds
[2025-11-25T05:17:24.687+0000] {processor.py:161} INFO - Started process (PID=1241) to work on /home/airflow/.local/lib/python3.12/site-packages/airflow/example_dags/example_sla_dag.py
[2025-11-25T05:17:24.688+0000] {processor.py:830} INFO - Processing file /home/airflow/.local/lib/python3.12/site-packages/airflow/example_dags/example_sla_dag.py for tasks to queue
[2025-11-25T05:17:24.688+0000] {logging_mixin.py:188} INFO - [2025-11-25T05:17:24.688+0000] {dagbag.py:545} INFO - Filling up the DagBag from /home/airflow/.local/lib/python3.12/site-packages/airflow/example_dags/example_sla_dag.py
[2025-11-25T05:17:24.691+0000] {processor.py:840} INFO - DAG(s) 'example_sla_dag' retrieved from /home/airflow/.local/lib/python3.12/site-packages/airflow/example_dags/example_sla_dag.py
[2025-11-25T05:17:24.700+0000] {logging_mixin.py:188} INFO - [2025-11-25T05:17:24.700+0000] {dag.py:3096} INFO - Sync 1 DAGs
[2025-11-25T05:17:24.708+0000] {logging_mixin.py:188} INFO - [2025-11-25T05:17:24.708+0000] {dag.py:3954} INFO - Setting next_dagrun for example_sla_dag to 2025-11-25 05:14:00+00:00, run_after=2025-11-25 05:16:00+00:00
[2025-11-25T05:17:24.715+0000] {processor.py:183} INFO - Processing /home/airflow/.local/lib/python3.12/site-packages/airflow/example_dags/example_sla_dag.py took 0.030 seconds
[2025-11-25T05:56:34.215+0000] {processor.py:161} INFO - Started process (PID=1299) to work on /home/airflow/.local/lib/python3.12/site-packages/airflow/example_dags/example_sla_dag.py
[2025-11-25T05:56:34.215+0000] {processor.py:830} INFO - Processing file /home/airflow/.local/lib/python3.12/site-packages/airflow/example_dags/example_sla_dag.py for tasks to queue
[2025-11-25T05:56:34.216+0000] {logging_mixin.py:188} INFO - [2025-11-25T05:56:34.216+0000] {dagbag.py:545} INFO - Filling up the DagBag from /home/airflow/.local/lib/python3.12/site-packages/airflow/example_dags/example_sla_dag.py
[2025-11-25T05:56:34.219+0000] {processor.py:840} INFO - DAG(s) 'example_sla_dag' retrieved from /home/airflow/.local/lib/python3.12/site-packages/airflow/example_dags/example_sla_dag.py
[2025-11-25T05:56:34.229+0000] {logging_mixin.py:188} INFO - [2025-11-25T05:56:34.228+0000] {dag.py:3096} INFO - Sync 1 DAGs
[2025-11-25T05:56:34.237+0000] {logging_mixin.py:188} INFO - [2025-11-25T05:56:34.237+0000] {dag.py:3954} INFO - Setting next_dagrun for example_sla_dag to 2025-11-25 05:54:00+00:00, run_after=2025-11-25 05:56:00+00:00
[2025-11-25T05:56:34.244+0000] {processor.py:183} INFO - Processing /home/airflow/.local/lib/python3.12/site-packages/airflow/example_dags/example_sla_dag.py took 0.032 seconds
[2025-11-25T06:58:35.878+0000] {processor.py:161} INFO - Started process (PID=1357) to work on /home/airflow/.local/lib/python3.12/site-packages/airflow/example_dags/example_sla_dag.py
[2025-11-25T06:58:35.879+0000] {processor.py:830} INFO - Processing file /home/airflow/.local/lib/python3.12/site-packages/airflow/example_dags/example_sla_dag.py for tasks to queue
[2025-11-25T06:58:35.880+0000] {logging_mixin.py:188} INFO - [2025-11-25T06:58:35.880+0000] {dagbag.py:545} INFO - Filling up the DagBag from /home/airflow/.local/lib/python3.12/site-packages/airflow/example_dags/example_sla_dag.py
[2025-11-25T06:58:35.883+0000] {processor.py:840} INFO - DAG(s) 'example_sla_dag' retrieved from /home/airflow/.local/lib/python3.12/site-packages/airflow/example_dags/example_sla_dag.py
[2025-11-25T06:58:36.037+0000] {logging_mixin.py:188} INFO - [2025-11-25T06:58:36.037+0000] {dag.py:3096} INFO - Sync 1 DAGs
[2025-11-25T06:58:36.056+0000] {logging_mixin.py:188} INFO - [2025-11-25T06:58:36.056+0000] {dag.py:3954} INFO - Setting next_dagrun for example_sla_dag to 2025-11-25 06:56:00+00:00, run_after=2025-11-25 06:58:00+00:00
[2025-11-25T06:58:36.097+0000] {processor.py:183} INFO - Processing /home/airflow/.local/lib/python3.12/site-packages/airflow/example_dags/example_sla_dag.py took 0.221 seconds
[2025-11-25T07:22:30.987+0000] {processor.py:161} INFO - Started process (PID=1415) to work on /home/airflow/.local/lib/python3.12/site-packages/airflow/example_dags/example_sla_dag.py
[2025-11-25T07:22:30.988+0000] {processor.py:830} INFO - Processing file /home/airflow/.local/lib/python3.12/site-packages/airflow/example_dags/example_sla_dag.py for tasks to queue
[2025-11-25T07:22:30.989+0000] {logging_mixin.py:188} INFO - [2025-11-25T07:22:30.989+0000] {dagbag.py:545} INFO - Filling up the DagBag from /home/airflow/.local/lib/python3.12/site-packages/airflow/example_dags/example_sla_dag.py
[2025-11-25T07:22:30.992+0000] {processor.py:840} INFO - DAG(s) 'example_sla_dag' retrieved from /home/airflow/.local/lib/python3.12/site-packages/airflow/example_dags/example_sla_dag.py
[2025-11-25T07:22:31.002+0000] {logging_mixin.py:188} INFO - [2025-11-25T07:22:31.002+0000] {dag.py:3096} INFO - Sync 1 DAGs
[2025-11-25T07:22:31.011+0000] {logging_mixin.py:188} INFO - [2025-11-25T07:22:31.010+0000] {dag.py:3954} INFO - Setting next_dagrun for example_sla_dag to 2025-11-25 07:20:00+00:00, run_after=2025-11-25 07:22:00+00:00
[2025-11-25T07:22:31.019+0000] {processor.py:183} INFO - Processing /home/airflow/.local/lib/python3.12/site-packages/airflow/example_dags/example_sla_dag.py took 0.033 seconds
[2025-11-25T08:11:30.136+0000] {processor.py:161} INFO - Started process (PID=1473) to work on /home/airflow/.local/lib/python3.12/site-packages/airflow/example_dags/example_sla_dag.py
[2025-11-25T08:11:30.139+0000] {processor.py:830} INFO - Processing file /home/airflow/.local/lib/python3.12/site-packages/airflow/example_dags/example_sla_dag.py for tasks to queue
[2025-11-25T08:11:30.139+0000] {logging_mixin.py:188} INFO - [2025-11-25T08:11:30.139+0000] {dagbag.py:545} INFO - Filling up the DagBag from /home/airflow/.local/lib/python3.12/site-packages/airflow/example_dags/example_sla_dag.py
[2025-11-25T08:11:30.143+0000] {processor.py:840} INFO - DAG(s) 'example_sla_dag' retrieved from /home/airflow/.local/lib/python3.12/site-packages/airflow/example_dags/example_sla_dag.py
[2025-11-25T08:11:30.151+0000] {logging_mixin.py:188} INFO - [2025-11-25T08:11:30.151+0000] {dag.py:3096} INFO - Sync 1 DAGs
[2025-11-25T08:11:30.159+0000] {logging_mixin.py:188} INFO - [2025-11-25T08:11:30.159+0000] {dag.py:3954} INFO - Setting next_dagrun for example_sla_dag to 2025-11-25 08:08:00+00:00, run_after=2025-11-25 08:10:00+00:00
[2025-11-25T08:11:30.166+0000] {processor.py:183} INFO - Processing /home/airflow/.local/lib/python3.12/site-packages/airflow/example_dags/example_sla_dag.py took 0.032 seconds
[2025-11-25T09:18:22.628+0000] {processor.py:161} INFO - Started process (PID=1531) to work on /home/airflow/.local/lib/python3.12/site-packages/airflow/example_dags/example_sla_dag.py
[2025-11-25T09:18:22.629+0000] {processor.py:830} INFO - Processing file /home/airflow/.local/lib/python3.12/site-packages/airflow/example_dags/example_sla_dag.py for tasks to queue
[2025-11-25T09:18:22.631+0000] {logging_mixin.py:188} INFO - [2025-11-25T09:18:22.631+0000] {dagbag.py:545} INFO - Filling up the DagBag from /home/airflow/.local/lib/python3.12/site-packages/airflow/example_dags/example_sla_dag.py
[2025-11-25T09:18:22.634+0000] {processor.py:840} INFO - DAG(s) 'example_sla_dag' retrieved from /home/airflow/.local/lib/python3.12/site-packages/airflow/example_dags/example_sla_dag.py
[2025-11-25T09:18:22.644+0000] {logging_mixin.py:188} INFO - [2025-11-25T09:18:22.644+0000] {dag.py:3096} INFO - Sync 1 DAGs
[2025-11-25T09:18:22.654+0000] {logging_mixin.py:188} INFO - [2025-11-25T09:18:22.654+0000] {dag.py:3954} INFO - Setting next_dagrun for example_sla_dag to 2025-11-25 09:16:00+00:00, run_after=2025-11-25 09:18:00+00:00
[2025-11-25T09:18:22.664+0000] {processor.py:183} INFO - Processing /home/airflow/.local/lib/python3.12/site-packages/airflow/example_dags/example_sla_dag.py took 0.038 seconds
[2025-11-25T10:44:07.815+0000] {processor.py:161} INFO - Started process (PID=1589) to work on /home/airflow/.local/lib/python3.12/site-packages/airflow/example_dags/example_sla_dag.py
[2025-11-25T10:44:07.815+0000] {processor.py:830} INFO - Processing file /home/airflow/.local/lib/python3.12/site-packages/airflow/example_dags/example_sla_dag.py for tasks to queue
[2025-11-25T10:44:07.816+0000] {logging_mixin.py:188} INFO - [2025-11-25T10:44:07.816+0000] {dagbag.py:545} INFO - Filling up the DagBag from /home/airflow/.local/lib/python3.12/site-packages/airflow/example_dags/example_sla_dag.py
[2025-11-25T10:44:07.819+0000] {processor.py:840} INFO - DAG(s) 'example_sla_dag' retrieved from /home/airflow/.local/lib/python3.12/site-packages/airflow/example_dags/example_sla_dag.py
[2025-11-25T10:44:07.833+0000] {logging_mixin.py:188} INFO - [2025-11-25T10:44:07.832+0000] {dag.py:3096} INFO - Sync 1 DAGs
[2025-11-25T10:44:07.841+0000] {logging_mixin.py:188} INFO - [2025-11-25T10:44:07.841+0000] {dag.py:3954} INFO - Setting next_dagrun for example_sla_dag to 2025-11-25 10:42:00+00:00, run_after=2025-11-25 10:44:00+00:00
[2025-11-25T10:44:07.851+0000] {processor.py:183} INFO - Processing /home/airflow/.local/lib/python3.12/site-packages/airflow/example_dags/example_sla_dag.py took 0.038 seconds
[2025-11-25T11:23:13.968+0000] {processor.py:161} INFO - Started process (PID=1647) to work on /home/airflow/.local/lib/python3.12/site-packages/airflow/example_dags/example_sla_dag.py
[2025-11-25T11:23:13.968+0000] {processor.py:830} INFO - Processing file /home/airflow/.local/lib/python3.12/site-packages/airflow/example_dags/example_sla_dag.py for tasks to queue
[2025-11-25T11:23:13.969+0000] {logging_mixin.py:188} INFO - [2025-11-25T11:23:13.969+0000] {dagbag.py:545} INFO - Filling up the DagBag from /home/airflow/.local/lib/python3.12/site-packages/airflow/example_dags/example_sla_dag.py
[2025-11-25T11:23:13.972+0000] {processor.py:840} INFO - DAG(s) 'example_sla_dag' retrieved from /home/airflow/.local/lib/python3.12/site-packages/airflow/example_dags/example_sla_dag.py
[2025-11-25T11:23:13.978+0000] {logging_mixin.py:188} INFO - [2025-11-25T11:23:13.978+0000] {dag.py:3096} INFO - Sync 1 DAGs
[2025-11-25T11:23:13.986+0000] {logging_mixin.py:188} INFO - [2025-11-25T11:23:13.986+0000] {dag.py:3954} INFO - Setting next_dagrun for example_sla_dag to 2025-11-25 11:20:00+00:00, run_after=2025-11-25 11:22:00+00:00
[2025-11-25T11:23:13.995+0000] {processor.py:183} INFO - Processing /home/airflow/.local/lib/python3.12/site-packages/airflow/example_dags/example_sla_dag.py took 0.029 seconds
[2025-11-25T12:21:41.230+0000] {processor.py:161} INFO - Started process (PID=1705) to work on /home/airflow/.local/lib/python3.12/site-packages/airflow/example_dags/example_sla_dag.py
[2025-11-25T12:21:41.231+0000] {processor.py:830} INFO - Processing file /home/airflow/.local/lib/python3.12/site-packages/airflow/example_dags/example_sla_dag.py for tasks to queue
[2025-11-25T12:21:41.232+0000] {logging_mixin.py:188} INFO - [2025-11-25T12:21:41.231+0000] {dagbag.py:545} INFO - Filling up the DagBag from /home/airflow/.local/lib/python3.12/site-packages/airflow/example_dags/example_sla_dag.py
[2025-11-25T12:21:41.235+0000] {processor.py:840} INFO - DAG(s) 'example_sla_dag' retrieved from /home/airflow/.local/lib/python3.12/site-packages/airflow/example_dags/example_sla_dag.py
[2025-11-25T12:21:41.246+0000] {logging_mixin.py:188} INFO - [2025-11-25T12:21:41.246+0000] {dag.py:3096} INFO - Sync 1 DAGs
[2025-11-25T12:21:41.255+0000] {logging_mixin.py:188} INFO - [2025-11-25T12:21:41.255+0000] {dag.py:3954} INFO - Setting next_dagrun for example_sla_dag to 2025-11-25 12:18:00+00:00, run_after=2025-11-25 12:20:00+00:00
[2025-11-25T12:21:41.265+0000] {processor.py:183} INFO - Processing /home/airflow/.local/lib/python3.12/site-packages/airflow/example_dags/example_sla_dag.py took 0.037 seconds
[2025-11-25T13:00:43.043+0000] {processor.py:161} INFO - Started process (PID=1763) to work on /home/airflow/.local/lib/python3.12/site-packages/airflow/example_dags/example_sla_dag.py
[2025-11-25T13:00:43.045+0000] {processor.py:830} INFO - Processing file /home/airflow/.local/lib/python3.12/site-packages/airflow/example_dags/example_sla_dag.py for tasks to queue
[2025-11-25T13:00:43.045+0000] {logging_mixin.py:188} INFO - [2025-11-25T13:00:43.045+0000] {dagbag.py:545} INFO - Filling up the DagBag from /home/airflow/.local/lib/python3.12/site-packages/airflow/example_dags/example_sla_dag.py
[2025-11-25T13:00:43.049+0000] {processor.py:840} INFO - DAG(s) 'example_sla_dag' retrieved from /home/airflow/.local/lib/python3.12/site-packages/airflow/example_dags/example_sla_dag.py
[2025-11-25T13:00:43.056+0000] {logging_mixin.py:188} INFO - [2025-11-25T13:00:43.056+0000] {dag.py:3096} INFO - Sync 1 DAGs
[2025-11-25T13:00:43.072+0000] {logging_mixin.py:188} INFO - [2025-11-25T13:00:43.072+0000] {dag.py:3954} INFO - Setting next_dagrun for example_sla_dag to 2025-11-25 12:58:00+00:00, run_after=2025-11-25 13:00:00+00:00
[2025-11-25T13:00:43.081+0000] {processor.py:183} INFO - Processing /home/airflow/.local/lib/python3.12/site-packages/airflow/example_dags/example_sla_dag.py took 0.040 seconds
[2025-11-25T13:46:43.756+0000] {processor.py:161} INFO - Started process (PID=1821) to work on /home/airflow/.local/lib/python3.12/site-packages/airflow/example_dags/example_sla_dag.py
[2025-11-25T13:46:43.757+0000] {processor.py:830} INFO - Processing file /home/airflow/.local/lib/python3.12/site-packages/airflow/example_dags/example_sla_dag.py for tasks to queue
[2025-11-25T13:46:43.759+0000] {logging_mixin.py:188} INFO - [2025-11-25T13:46:43.759+0000] {dagbag.py:545} INFO - Filling up the DagBag from /home/airflow/.local/lib/python3.12/site-packages/airflow/example_dags/example_sla_dag.py
[2025-11-25T13:46:43.762+0000] {processor.py:840} INFO - DAG(s) 'example_sla_dag' retrieved from /home/airflow/.local/lib/python3.12/site-packages/airflow/example_dags/example_sla_dag.py
[2025-11-25T13:46:43.771+0000] {logging_mixin.py:188} INFO - [2025-11-25T13:46:43.771+0000] {dag.py:3096} INFO - Sync 1 DAGs
[2025-11-25T13:46:43.780+0000] {logging_mixin.py:188} INFO - [2025-11-25T13:46:43.780+0000] {dag.py:3954} INFO - Setting next_dagrun for example_sla_dag to 2025-11-25 13:44:00+00:00, run_after=2025-11-25 13:46:00+00:00
[2025-11-25T13:46:43.789+0000] {processor.py:183} INFO - Processing /home/airflow/.local/lib/python3.12/site-packages/airflow/example_dags/example_sla_dag.py took 0.035 seconds
[2025-11-25T14:30:28.576+0000] {processor.py:161} INFO - Started process (PID=1879) to work on /home/airflow/.local/lib/python3.12/site-packages/airflow/example_dags/example_sla_dag.py
[2025-11-25T14:30:28.577+0000] {processor.py:830} INFO - Processing file /home/airflow/.local/lib/python3.12/site-packages/airflow/example_dags/example_sla_dag.py for tasks to queue
[2025-11-25T14:30:28.577+0000] {logging_mixin.py:188} INFO - [2025-11-25T14:30:28.577+0000] {dagbag.py:545} INFO - Filling up the DagBag from /home/airflow/.local/lib/python3.12/site-packages/airflow/example_dags/example_sla_dag.py
[2025-11-25T14:30:28.581+0000] {processor.py:840} INFO - DAG(s) 'example_sla_dag' retrieved from /home/airflow/.local/lib/python3.12/site-packages/airflow/example_dags/example_sla_dag.py
[2025-11-25T14:30:28.657+0000] {logging_mixin.py:188} INFO - [2025-11-25T14:30:28.657+0000] {dag.py:3096} INFO - Sync 1 DAGs
[2025-11-25T14:30:28.667+0000] {logging_mixin.py:188} INFO - [2025-11-25T14:30:28.667+0000] {dag.py:3954} INFO - Setting next_dagrun for example_sla_dag to 2025-11-25 14:28:00+00:00, run_after=2025-11-25 14:30:00+00:00
[2025-11-25T14:30:28.679+0000] {processor.py:183} INFO - Processing /home/airflow/.local/lib/python3.12/site-packages/airflow/example_dags/example_sla_dag.py took 0.105 seconds
[2025-11-25T14:42:10.094+0000] {processor.py:161} INFO - Started process (PID=1937) to work on /home/airflow/.local/lib/python3.12/site-packages/airflow/example_dags/example_sla_dag.py
[2025-11-25T14:42:10.094+0000] {processor.py:830} INFO - Processing file /home/airflow/.local/lib/python3.12/site-packages/airflow/example_dags/example_sla_dag.py for tasks to queue
[2025-11-25T14:42:10.095+0000] {logging_mixin.py:188} INFO - [2025-11-25T14:42:10.095+0000] {dagbag.py:545} INFO - Filling up the DagBag from /home/airflow/.local/lib/python3.12/site-packages/airflow/example_dags/example_sla_dag.py
[2025-11-25T14:42:10.098+0000] {processor.py:840} INFO - DAG(s) 'example_sla_dag' retrieved from /home/airflow/.local/lib/python3.12/site-packages/airflow/example_dags/example_sla_dag.py
[2025-11-25T14:42:10.107+0000] {logging_mixin.py:188} INFO - [2025-11-25T14:42:10.106+0000] {dag.py:3096} INFO - Sync 1 DAGs
[2025-11-25T14:42:10.189+0000] {logging_mixin.py:188} INFO - [2025-11-25T14:42:10.189+0000] {dag.py:3954} INFO - Setting next_dagrun for example_sla_dag to 2025-11-25 14:40:00+00:00, run_after=2025-11-25 14:42:00+00:00
[2025-11-25T14:42:10.201+0000] {processor.py:183} INFO - Processing /home/airflow/.local/lib/python3.12/site-packages/airflow/example_dags/example_sla_dag.py took 0.109 seconds
[2025-11-25T14:45:14.569+0000] {processor.py:161} INFO - Started process (PID=1995) to work on /home/airflow/.local/lib/python3.12/site-packages/airflow/example_dags/example_sla_dag.py
[2025-11-25T14:45:14.570+0000] {processor.py:830} INFO - Processing file /home/airflow/.local/lib/python3.12/site-packages/airflow/example_dags/example_sla_dag.py for tasks to queue
[2025-11-25T14:45:14.571+0000] {logging_mixin.py:188} INFO - [2025-11-25T14:45:14.570+0000] {dagbag.py:545} INFO - Filling up the DagBag from /home/airflow/.local/lib/python3.12/site-packages/airflow/example_dags/example_sla_dag.py
[2025-11-25T14:45:14.574+0000] {processor.py:840} INFO - DAG(s) 'example_sla_dag' retrieved from /home/airflow/.local/lib/python3.12/site-packages/airflow/example_dags/example_sla_dag.py
[2025-11-25T14:45:14.583+0000] {logging_mixin.py:188} INFO - [2025-11-25T14:45:14.583+0000] {dag.py:3096} INFO - Sync 1 DAGs
[2025-11-25T14:45:14.593+0000] {logging_mixin.py:188} INFO - [2025-11-25T14:45:14.593+0000] {dag.py:3954} INFO - Setting next_dagrun for example_sla_dag to 2025-11-25 14:42:00+00:00, run_after=2025-11-25 14:44:00+00:00
[2025-11-25T14:45:14.687+0000] {processor.py:183} INFO - Processing /home/airflow/.local/lib/python3.12/site-packages/airflow/example_dags/example_sla_dag.py took 0.120 seconds
[2025-11-25T14:45:44.940+0000] {processor.py:161} INFO - Started process (PID=2053) to work on /home/airflow/.local/lib/python3.12/site-packages/airflow/example_dags/example_sla_dag.py
[2025-11-25T14:45:44.943+0000] {processor.py:830} INFO - Processing file /home/airflow/.local/lib/python3.12/site-packages/airflow/example_dags/example_sla_dag.py for tasks to queue
[2025-11-25T14:45:44.945+0000] {logging_mixin.py:188} INFO - [2025-11-25T14:45:44.944+0000] {dagbag.py:545} INFO - Filling up the DagBag from /home/airflow/.local/lib/python3.12/site-packages/airflow/example_dags/example_sla_dag.py
[2025-11-25T14:45:44.951+0000] {processor.py:840} INFO - DAG(s) 'example_sla_dag' retrieved from /home/airflow/.local/lib/python3.12/site-packages/airflow/example_dags/example_sla_dag.py
[2025-11-25T14:45:44.966+0000] {logging_mixin.py:188} INFO - [2025-11-25T14:45:44.966+0000] {dag.py:3096} INFO - Sync 1 DAGs
[2025-11-25T14:45:44.975+0000] {logging_mixin.py:188} INFO - [2025-11-25T14:45:44.975+0000] {dag.py:3954} INFO - Setting next_dagrun for example_sla_dag to 2025-11-25 14:42:00+00:00, run_after=2025-11-25 14:44:00+00:00
[2025-11-25T14:45:44.982+0000] {processor.py:183} INFO - Processing /home/airflow/.local/lib/python3.12/site-packages/airflow/example_dags/example_sla_dag.py took 0.044 seconds
[2025-11-25T14:46:15.754+0000] {processor.py:161} INFO - Started process (PID=2111) to work on /home/airflow/.local/lib/python3.12/site-packages/airflow/example_dags/example_sla_dag.py
[2025-11-25T14:46:15.756+0000] {processor.py:830} INFO - Processing file /home/airflow/.local/lib/python3.12/site-packages/airflow/example_dags/example_sla_dag.py for tasks to queue
[2025-11-25T14:46:15.757+0000] {logging_mixin.py:188} INFO - [2025-11-25T14:46:15.757+0000] {dagbag.py:545} INFO - Filling up the DagBag from /home/airflow/.local/lib/python3.12/site-packages/airflow/example_dags/example_sla_dag.py
[2025-11-25T14:46:15.761+0000] {processor.py:840} INFO - DAG(s) 'example_sla_dag' retrieved from /home/airflow/.local/lib/python3.12/site-packages/airflow/example_dags/example_sla_dag.py
[2025-11-25T14:46:15.770+0000] {logging_mixin.py:188} INFO - [2025-11-25T14:46:15.769+0000] {dag.py:3096} INFO - Sync 1 DAGs
[2025-11-25T14:46:15.781+0000] {logging_mixin.py:188} INFO - [2025-11-25T14:46:15.781+0000] {dag.py:3954} INFO - Setting next_dagrun for example_sla_dag to 2025-11-25 14:44:00+00:00, run_after=2025-11-25 14:46:00+00:00
[2025-11-25T14:46:15.790+0000] {processor.py:183} INFO - Processing /home/airflow/.local/lib/python3.12/site-packages/airflow/example_dags/example_sla_dag.py took 0.038 seconds
[2025-11-25T14:46:46.370+0000] {processor.py:161} INFO - Started process (PID=2169) to work on /home/airflow/.local/lib/python3.12/site-packages/airflow/example_dags/example_sla_dag.py
[2025-11-25T14:46:46.370+0000] {processor.py:830} INFO - Processing file /home/airflow/.local/lib/python3.12/site-packages/airflow/example_dags/example_sla_dag.py for tasks to queue
[2025-11-25T14:46:46.373+0000] {logging_mixin.py:188} INFO - [2025-11-25T14:46:46.373+0000] {dagbag.py:545} INFO - Filling up the DagBag from /home/airflow/.local/lib/python3.12/site-packages/airflow/example_dags/example_sla_dag.py
[2025-11-25T14:46:46.376+0000] {processor.py:840} INFO - DAG(s) 'example_sla_dag' retrieved from /home/airflow/.local/lib/python3.12/site-packages/airflow/example_dags/example_sla_dag.py
[2025-11-25T14:46:46.384+0000] {logging_mixin.py:188} INFO - [2025-11-25T14:46:46.384+0000] {dag.py:3096} INFO - Sync 1 DAGs
[2025-11-25T14:46:46.392+0000] {logging_mixin.py:188} INFO - [2025-11-25T14:46:46.392+0000] {dag.py:3954} INFO - Setting next_dagrun for example_sla_dag to 2025-11-25 14:44:00+00:00, run_after=2025-11-25 14:46:00+00:00
[2025-11-25T14:46:46.397+0000] {processor.py:183} INFO - Processing /home/airflow/.local/lib/python3.12/site-packages/airflow/example_dags/example_sla_dag.py took 0.030 seconds
[2025-11-25T14:47:16.934+0000] {processor.py:161} INFO - Started process (PID=2227) to work on /home/airflow/.local/lib/python3.12/site-packages/airflow/example_dags/example_sla_dag.py
[2025-11-25T14:47:16.935+0000] {processor.py:830} INFO - Processing file /home/airflow/.local/lib/python3.12/site-packages/airflow/example_dags/example_sla_dag.py for tasks to queue
[2025-11-25T14:47:16.936+0000] {logging_mixin.py:188} INFO - [2025-11-25T14:47:16.936+0000] {dagbag.py:545} INFO - Filling up the DagBag from /home/airflow/.local/lib/python3.12/site-packages/airflow/example_dags/example_sla_dag.py
[2025-11-25T14:47:16.940+0000] {processor.py:840} INFO - DAG(s) 'example_sla_dag' retrieved from /home/airflow/.local/lib/python3.12/site-packages/airflow/example_dags/example_sla_dag.py
[2025-11-25T14:47:16.948+0000] {logging_mixin.py:188} INFO - [2025-11-25T14:47:16.948+0000] {dag.py:3096} INFO - Sync 1 DAGs
[2025-11-25T14:47:16.957+0000] {logging_mixin.py:188} INFO - [2025-11-25T14:47:16.957+0000] {dag.py:3954} INFO - Setting next_dagrun for example_sla_dag to 2025-11-25 14:44:00+00:00, run_after=2025-11-25 14:46:00+00:00
[2025-11-25T14:47:16.965+0000] {processor.py:183} INFO - Processing /home/airflow/.local/lib/python3.12/site-packages/airflow/example_dags/example_sla_dag.py took 0.033 seconds
[2025-11-25T14:47:47.637+0000] {processor.py:161} INFO - Started process (PID=2285) to work on /home/airflow/.local/lib/python3.12/site-packages/airflow/example_dags/example_sla_dag.py
[2025-11-25T14:47:47.637+0000] {processor.py:830} INFO - Processing file /home/airflow/.local/lib/python3.12/site-packages/airflow/example_dags/example_sla_dag.py for tasks to queue
[2025-11-25T14:47:47.638+0000] {logging_mixin.py:188} INFO - [2025-11-25T14:47:47.638+0000] {dagbag.py:545} INFO - Filling up the DagBag from /home/airflow/.local/lib/python3.12/site-packages/airflow/example_dags/example_sla_dag.py
[2025-11-25T14:47:47.642+0000] {processor.py:840} INFO - DAG(s) 'example_sla_dag' retrieved from /home/airflow/.local/lib/python3.12/site-packages/airflow/example_dags/example_sla_dag.py
[2025-11-25T14:47:47.653+0000] {logging_mixin.py:188} INFO - [2025-11-25T14:47:47.653+0000] {dag.py:3096} INFO - Sync 1 DAGs
[2025-11-25T14:47:47.664+0000] {logging_mixin.py:188} INFO - [2025-11-25T14:47:47.664+0000] {dag.py:3954} INFO - Setting next_dagrun for example_sla_dag to 2025-11-25 14:44:00+00:00, run_after=2025-11-25 14:46:00+00:00
[2025-11-25T14:47:47.670+0000] {processor.py:183} INFO - Processing /home/airflow/.local/lib/python3.12/site-packages/airflow/example_dags/example_sla_dag.py took 0.037 seconds
[2025-11-25T14:48:18.349+0000] {processor.py:161} INFO - Started process (PID=2343) to work on /home/airflow/.local/lib/python3.12/site-packages/airflow/example_dags/example_sla_dag.py
[2025-11-25T14:48:18.351+0000] {processor.py:830} INFO - Processing file /home/airflow/.local/lib/python3.12/site-packages/airflow/example_dags/example_sla_dag.py for tasks to queue
[2025-11-25T14:48:18.352+0000] {logging_mixin.py:188} INFO - [2025-11-25T14:48:18.352+0000] {dagbag.py:545} INFO - Filling up the DagBag from /home/airflow/.local/lib/python3.12/site-packages/airflow/example_dags/example_sla_dag.py
[2025-11-25T14:48:18.356+0000] {processor.py:840} INFO - DAG(s) 'example_sla_dag' retrieved from /home/airflow/.local/lib/python3.12/site-packages/airflow/example_dags/example_sla_dag.py
[2025-11-25T14:48:18.363+0000] {logging_mixin.py:188} INFO - [2025-11-25T14:48:18.363+0000] {dag.py:3096} INFO - Sync 1 DAGs
[2025-11-25T14:48:18.371+0000] {logging_mixin.py:188} INFO - [2025-11-25T14:48:18.371+0000] {dag.py:3954} INFO - Setting next_dagrun for example_sla_dag to 2025-11-25 14:46:00+00:00, run_after=2025-11-25 14:48:00+00:00
[2025-11-25T14:48:18.379+0000] {processor.py:183} INFO - Processing /home/airflow/.local/lib/python3.12/site-packages/airflow/example_dags/example_sla_dag.py took 0.032 seconds
[2025-11-25T14:48:48.872+0000] {processor.py:161} INFO - Started process (PID=2401) to work on /home/airflow/.local/lib/python3.12/site-packages/airflow/example_dags/example_sla_dag.py
[2025-11-25T14:48:48.873+0000] {processor.py:830} INFO - Processing file /home/airflow/.local/lib/python3.12/site-packages/airflow/example_dags/example_sla_dag.py for tasks to queue
[2025-11-25T14:48:48.874+0000] {logging_mixin.py:188} INFO - [2025-11-25T14:48:48.874+0000] {dagbag.py:545} INFO - Filling up the DagBag from /home/airflow/.local/lib/python3.12/site-packages/airflow/example_dags/example_sla_dag.py
[2025-11-25T14:48:48.878+0000] {processor.py:840} INFO - DAG(s) 'example_sla_dag' retrieved from /home/airflow/.local/lib/python3.12/site-packages/airflow/example_dags/example_sla_dag.py
[2025-11-25T14:48:48.886+0000] {logging_mixin.py:188} INFO - [2025-11-25T14:48:48.886+0000] {dag.py:3096} INFO - Sync 1 DAGs
[2025-11-25T14:48:48.898+0000] {logging_mixin.py:188} INFO - [2025-11-25T14:48:48.898+0000] {dag.py:3954} INFO - Setting next_dagrun for example_sla_dag to 2025-11-25 14:46:00+00:00, run_after=2025-11-25 14:48:00+00:00
[2025-11-25T14:48:48.909+0000] {processor.py:183} INFO - Processing /home/airflow/.local/lib/python3.12/site-packages/airflow/example_dags/example_sla_dag.py took 0.039 seconds
[2025-11-25T14:49:19.771+0000] {processor.py:161} INFO - Started process (PID=2459) to work on /home/airflow/.local/lib/python3.12/site-packages/airflow/example_dags/example_sla_dag.py
[2025-11-25T14:49:19.771+0000] {processor.py:830} INFO - Processing file /home/airflow/.local/lib/python3.12/site-packages/airflow/example_dags/example_sla_dag.py for tasks to queue
[2025-11-25T14:49:19.772+0000] {logging_mixin.py:188} INFO - [2025-11-25T14:49:19.772+0000] {dagbag.py:545} INFO - Filling up the DagBag from /home/airflow/.local/lib/python3.12/site-packages/airflow/example_dags/example_sla_dag.py
[2025-11-25T14:49:19.776+0000] {processor.py:840} INFO - DAG(s) 'example_sla_dag' retrieved from /home/airflow/.local/lib/python3.12/site-packages/airflow/example_dags/example_sla_dag.py
[2025-11-25T14:49:19.788+0000] {logging_mixin.py:188} INFO - [2025-11-25T14:49:19.788+0000] {dag.py:3096} INFO - Sync 1 DAGs
[2025-11-25T14:49:19.802+0000] {logging_mixin.py:188} INFO - [2025-11-25T14:49:19.802+0000] {dag.py:3954} INFO - Setting next_dagrun for example_sla_dag to 2025-11-25 14:46:00+00:00, run_after=2025-11-25 14:48:00+00:00
[2025-11-25T14:49:19.814+0000] {processor.py:183} INFO - Processing /home/airflow/.local/lib/python3.12/site-packages/airflow/example_dags/example_sla_dag.py took 0.047 seconds
[2025-11-25T14:49:50.388+0000] {processor.py:161} INFO - Started process (PID=2517) to work on /home/airflow/.local/lib/python3.12/site-packages/airflow/example_dags/example_sla_dag.py
[2025-11-25T14:49:50.389+0000] {processor.py:830} INFO - Processing file /home/airflow/.local/lib/python3.12/site-packages/airflow/example_dags/example_sla_dag.py for tasks to queue
[2025-11-25T14:49:50.390+0000] {logging_mixin.py:188} INFO - [2025-11-25T14:49:50.389+0000] {dagbag.py:545} INFO - Filling up the DagBag from /home/airflow/.local/lib/python3.12/site-packages/airflow/example_dags/example_sla_dag.py
[2025-11-25T14:49:50.394+0000] {processor.py:840} INFO - DAG(s) 'example_sla_dag' retrieved from /home/airflow/.local/lib/python3.12/site-packages/airflow/example_dags/example_sla_dag.py
[2025-11-25T14:49:50.406+0000] {logging_mixin.py:188} INFO - [2025-11-25T14:49:50.406+0000] {dag.py:3096} INFO - Sync 1 DAGs
[2025-11-25T14:49:50.417+0000] {logging_mixin.py:188} INFO - [2025-11-25T14:49:50.416+0000] {dag.py:3954} INFO - Setting next_dagrun for example_sla_dag to 2025-11-25 14:46:00+00:00, run_after=2025-11-25 14:48:00+00:00
[2025-11-25T14:49:50.427+0000] {processor.py:183} INFO - Processing /home/airflow/.local/lib/python3.12/site-packages/airflow/example_dags/example_sla_dag.py took 0.041 seconds
[2025-11-25T14:50:21.172+0000] {processor.py:161} INFO - Started process (PID=2575) to work on /home/airflow/.local/lib/python3.12/site-packages/airflow/example_dags/example_sla_dag.py
[2025-11-25T14:50:21.173+0000] {processor.py:830} INFO - Processing file /home/airflow/.local/lib/python3.12/site-packages/airflow/example_dags/example_sla_dag.py for tasks to queue
[2025-11-25T14:50:21.173+0000] {logging_mixin.py:188} INFO - [2025-11-25T14:50:21.173+0000] {dagbag.py:545} INFO - Filling up the DagBag from /home/airflow/.local/lib/python3.12/site-packages/airflow/example_dags/example_sla_dag.py
[2025-11-25T14:50:21.179+0000] {processor.py:840} INFO - DAG(s) 'example_sla_dag' retrieved from /home/airflow/.local/lib/python3.12/site-packages/airflow/example_dags/example_sla_dag.py
[2025-11-25T14:50:21.189+0000] {logging_mixin.py:188} INFO - [2025-11-25T14:50:21.189+0000] {dag.py:3096} INFO - Sync 1 DAGs
[2025-11-25T14:50:21.199+0000] {logging_mixin.py:188} INFO - [2025-11-25T14:50:21.198+0000] {dag.py:3954} INFO - Setting next_dagrun for example_sla_dag to 2025-11-25 14:48:00+00:00, run_after=2025-11-25 14:50:00+00:00
[2025-11-25T14:50:21.207+0000] {processor.py:183} INFO - Processing /home/airflow/.local/lib/python3.12/site-packages/airflow/example_dags/example_sla_dag.py took 0.038 seconds
[2025-11-25T14:50:52.020+0000] {processor.py:161} INFO - Started process (PID=2633) to work on /home/airflow/.local/lib/python3.12/site-packages/airflow/example_dags/example_sla_dag.py
[2025-11-25T14:50:52.022+0000] {processor.py:830} INFO - Processing file /home/airflow/.local/lib/python3.12/site-packages/airflow/example_dags/example_sla_dag.py for tasks to queue
[2025-11-25T14:50:52.024+0000] {logging_mixin.py:188} INFO - [2025-11-25T14:50:52.024+0000] {dagbag.py:545} INFO - Filling up the DagBag from /home/airflow/.local/lib/python3.12/site-packages/airflow/example_dags/example_sla_dag.py
[2025-11-25T14:50:52.031+0000] {processor.py:840} INFO - DAG(s) 'example_sla_dag' retrieved from /home/airflow/.local/lib/python3.12/site-packages/airflow/example_dags/example_sla_dag.py
[2025-11-25T14:50:52.047+0000] {logging_mixin.py:188} INFO - [2025-11-25T14:50:52.047+0000] {dag.py:3096} INFO - Sync 1 DAGs
[2025-11-25T14:50:52.058+0000] {logging_mixin.py:188} INFO - [2025-11-25T14:50:52.058+0000] {dag.py:3954} INFO - Setting next_dagrun for example_sla_dag to 2025-11-25 14:48:00+00:00, run_after=2025-11-25 14:50:00+00:00
[2025-11-25T14:50:52.067+0000] {processor.py:183} INFO - Processing /home/airflow/.local/lib/python3.12/site-packages/airflow/example_dags/example_sla_dag.py took 0.050 seconds
[2025-11-25T14:51:22.788+0000] {processor.py:161} INFO - Started process (PID=2692) to work on /home/airflow/.local/lib/python3.12/site-packages/airflow/example_dags/example_sla_dag.py
[2025-11-25T14:51:22.789+0000] {processor.py:830} INFO - Processing file /home/airflow/.local/lib/python3.12/site-packages/airflow/example_dags/example_sla_dag.py for tasks to queue
[2025-11-25T14:51:22.790+0000] {logging_mixin.py:188} INFO - [2025-11-25T14:51:22.790+0000] {dagbag.py:545} INFO - Filling up the DagBag from /home/airflow/.local/lib/python3.12/site-packages/airflow/example_dags/example_sla_dag.py
[2025-11-25T14:51:22.795+0000] {processor.py:840} INFO - DAG(s) 'example_sla_dag' retrieved from /home/airflow/.local/lib/python3.12/site-packages/airflow/example_dags/example_sla_dag.py
[2025-11-25T14:51:22.804+0000] {logging_mixin.py:188} INFO - [2025-11-25T14:51:22.804+0000] {dag.py:3096} INFO - Sync 1 DAGs
[2025-11-25T14:51:22.815+0000] {logging_mixin.py:188} INFO - [2025-11-25T14:51:22.815+0000] {dag.py:3954} INFO - Setting next_dagrun for example_sla_dag to 2025-11-25 14:48:00+00:00, run_after=2025-11-25 14:50:00+00:00
[2025-11-25T14:51:22.822+0000] {processor.py:183} INFO - Processing /home/airflow/.local/lib/python3.12/site-packages/airflow/example_dags/example_sla_dag.py took 0.037 seconds
[2025-11-25T14:51:53.420+0000] {processor.py:161} INFO - Started process (PID=2749) to work on /home/airflow/.local/lib/python3.12/site-packages/airflow/example_dags/example_sla_dag.py
[2025-11-25T14:51:53.421+0000] {processor.py:830} INFO - Processing file /home/airflow/.local/lib/python3.12/site-packages/airflow/example_dags/example_sla_dag.py for tasks to queue
[2025-11-25T14:51:53.423+0000] {logging_mixin.py:188} INFO - [2025-11-25T14:51:53.423+0000] {dagbag.py:545} INFO - Filling up the DagBag from /home/airflow/.local/lib/python3.12/site-packages/airflow/example_dags/example_sla_dag.py
[2025-11-25T14:51:53.427+0000] {processor.py:840} INFO - DAG(s) 'example_sla_dag' retrieved from /home/airflow/.local/lib/python3.12/site-packages/airflow/example_dags/example_sla_dag.py
[2025-11-25T14:51:53.436+0000] {logging_mixin.py:188} INFO - [2025-11-25T14:51:53.436+0000] {dag.py:3096} INFO - Sync 1 DAGs
[2025-11-25T14:51:53.445+0000] {logging_mixin.py:188} INFO - [2025-11-25T14:51:53.445+0000] {dag.py:3954} INFO - Setting next_dagrun for example_sla_dag to 2025-11-25 14:48:00+00:00, run_after=2025-11-25 14:50:00+00:00
[2025-11-25T14:51:53.451+0000] {processor.py:183} INFO - Processing /home/airflow/.local/lib/python3.12/site-packages/airflow/example_dags/example_sla_dag.py took 0.033 seconds
[2025-11-25T14:52:24.066+0000] {processor.py:161} INFO - Started process (PID=2807) to work on /home/airflow/.local/lib/python3.12/site-packages/airflow/example_dags/example_sla_dag.py
[2025-11-25T14:52:24.068+0000] {processor.py:830} INFO - Processing file /home/airflow/.local/lib/python3.12/site-packages/airflow/example_dags/example_sla_dag.py for tasks to queue
[2025-11-25T14:52:24.069+0000] {logging_mixin.py:188} INFO - [2025-11-25T14:52:24.069+0000] {dagbag.py:545} INFO - Filling up the DagBag from /home/airflow/.local/lib/python3.12/site-packages/airflow/example_dags/example_sla_dag.py
[2025-11-25T14:52:24.072+0000] {processor.py:840} INFO - DAG(s) 'example_sla_dag' retrieved from /home/airflow/.local/lib/python3.12/site-packages/airflow/example_dags/example_sla_dag.py
[2025-11-25T14:52:24.084+0000] {logging_mixin.py:188} INFO - [2025-11-25T14:52:24.084+0000] {dag.py:3096} INFO - Sync 1 DAGs
[2025-11-25T14:52:24.094+0000] {logging_mixin.py:188} INFO - [2025-11-25T14:52:24.094+0000] {dag.py:3954} INFO - Setting next_dagrun for example_sla_dag to 2025-11-25 14:50:00+00:00, run_after=2025-11-25 14:52:00+00:00
[2025-11-25T14:52:24.105+0000] {processor.py:183} INFO - Processing /home/airflow/.local/lib/python3.12/site-packages/airflow/example_dags/example_sla_dag.py took 0.041 seconds
[2025-11-25T14:52:54.778+0000] {processor.py:161} INFO - Started process (PID=2865) to work on /home/airflow/.local/lib/python3.12/site-packages/airflow/example_dags/example_sla_dag.py
[2025-11-25T14:52:54.778+0000] {processor.py:830} INFO - Processing file /home/airflow/.local/lib/python3.12/site-packages/airflow/example_dags/example_sla_dag.py for tasks to queue
[2025-11-25T14:52:54.779+0000] {logging_mixin.py:188} INFO - [2025-11-25T14:52:54.779+0000] {dagbag.py:545} INFO - Filling up the DagBag from /home/airflow/.local/lib/python3.12/site-packages/airflow/example_dags/example_sla_dag.py
[2025-11-25T14:52:54.782+0000] {processor.py:840} INFO - DAG(s) 'example_sla_dag' retrieved from /home/airflow/.local/lib/python3.12/site-packages/airflow/example_dags/example_sla_dag.py
[2025-11-25T14:52:54.789+0000] {logging_mixin.py:188} INFO - [2025-11-25T14:52:54.789+0000] {dag.py:3096} INFO - Sync 1 DAGs
[2025-11-25T14:52:54.797+0000] {logging_mixin.py:188} INFO - [2025-11-25T14:52:54.797+0000] {dag.py:3954} INFO - Setting next_dagrun for example_sla_dag to 2025-11-25 14:50:00+00:00, run_after=2025-11-25 14:52:00+00:00
[2025-11-25T14:52:54.806+0000] {processor.py:183} INFO - Processing /home/airflow/.local/lib/python3.12/site-packages/airflow/example_dags/example_sla_dag.py took 0.030 seconds
[2025-11-25T14:53:25.527+0000] {processor.py:161} INFO - Started process (PID=2923) to work on /home/airflow/.local/lib/python3.12/site-packages/airflow/example_dags/example_sla_dag.py
[2025-11-25T14:53:25.529+0000] {processor.py:830} INFO - Processing file /home/airflow/.local/lib/python3.12/site-packages/airflow/example_dags/example_sla_dag.py for tasks to queue
[2025-11-25T14:53:25.530+0000] {logging_mixin.py:188} INFO - [2025-11-25T14:53:25.530+0000] {dagbag.py:545} INFO - Filling up the DagBag from /home/airflow/.local/lib/python3.12/site-packages/airflow/example_dags/example_sla_dag.py
[2025-11-25T14:53:25.534+0000] {processor.py:840} INFO - DAG(s) 'example_sla_dag' retrieved from /home/airflow/.local/lib/python3.12/site-packages/airflow/example_dags/example_sla_dag.py
[2025-11-25T14:53:25.543+0000] {logging_mixin.py:188} INFO - [2025-11-25T14:53:25.543+0000] {dag.py:3096} INFO - Sync 1 DAGs
[2025-11-25T14:53:25.552+0000] {logging_mixin.py:188} INFO - [2025-11-25T14:53:25.552+0000] {dag.py:3954} INFO - Setting next_dagrun for example_sla_dag to 2025-11-25 14:50:00+00:00, run_after=2025-11-25 14:52:00+00:00
[2025-11-25T14:53:25.558+0000] {processor.py:183} INFO - Processing /home/airflow/.local/lib/python3.12/site-packages/airflow/example_dags/example_sla_dag.py took 0.033 seconds
[2025-11-25T14:59:09.894+0000] {processor.py:161} INFO - Started process (PID=2981) to work on /home/airflow/.local/lib/python3.12/site-packages/airflow/example_dags/example_sla_dag.py
[2025-11-25T14:59:09.895+0000] {processor.py:830} INFO - Processing file /home/airflow/.local/lib/python3.12/site-packages/airflow/example_dags/example_sla_dag.py for tasks to queue
[2025-11-25T14:59:09.895+0000] {logging_mixin.py:188} INFO - [2025-11-25T14:59:09.895+0000] {dagbag.py:545} INFO - Filling up the DagBag from /home/airflow/.local/lib/python3.12/site-packages/airflow/example_dags/example_sla_dag.py
[2025-11-25T14:59:09.900+0000] {processor.py:840} INFO - DAG(s) 'example_sla_dag' retrieved from /home/airflow/.local/lib/python3.12/site-packages/airflow/example_dags/example_sla_dag.py
[2025-11-25T14:59:09.909+0000] {logging_mixin.py:188} INFO - [2025-11-25T14:59:09.908+0000] {dag.py:3096} INFO - Sync 1 DAGs
[2025-11-25T14:59:09.917+0000] {logging_mixin.py:188} INFO - [2025-11-25T14:59:09.917+0000] {dag.py:3954} INFO - Setting next_dagrun for example_sla_dag to 2025-11-25 14:56:00+00:00, run_after=2025-11-25 14:58:00+00:00
[2025-11-25T14:59:09.925+0000] {processor.py:183} INFO - Processing /home/airflow/.local/lib/python3.12/site-packages/airflow/example_dags/example_sla_dag.py took 0.033 seconds
[2025-11-25T15:14:03.127+0000] {processor.py:161} INFO - Started process (PID=3039) to work on /home/airflow/.local/lib/python3.12/site-packages/airflow/example_dags/example_sla_dag.py
[2025-11-25T15:14:03.128+0000] {processor.py:830} INFO - Processing file /home/airflow/.local/lib/python3.12/site-packages/airflow/example_dags/example_sla_dag.py for tasks to queue
[2025-11-25T15:14:03.128+0000] {logging_mixin.py:188} INFO - [2025-11-25T15:14:03.128+0000] {dagbag.py:545} INFO - Filling up the DagBag from /home/airflow/.local/lib/python3.12/site-packages/airflow/example_dags/example_sla_dag.py
[2025-11-25T15:14:03.132+0000] {processor.py:840} INFO - DAG(s) 'example_sla_dag' retrieved from /home/airflow/.local/lib/python3.12/site-packages/airflow/example_dags/example_sla_dag.py
[2025-11-25T15:14:03.141+0000] {logging_mixin.py:188} INFO - [2025-11-25T15:14:03.141+0000] {dag.py:3096} INFO - Sync 1 DAGs
[2025-11-25T15:14:03.149+0000] {logging_mixin.py:188} INFO - [2025-11-25T15:14:03.149+0000] {dag.py:3954} INFO - Setting next_dagrun for example_sla_dag to 2025-11-25 15:12:00+00:00, run_after=2025-11-25 15:14:00+00:00
[2025-11-25T15:14:03.157+0000] {processor.py:183} INFO - Processing /home/airflow/.local/lib/python3.12/site-packages/airflow/example_dags/example_sla_dag.py took 0.032 seconds
[2025-11-25T15:15:17.288+0000] {processor.py:161} INFO - Started process (PID=3097) to work on /home/airflow/.local/lib/python3.12/site-packages/airflow/example_dags/example_sla_dag.py
[2025-11-25T15:15:17.289+0000] {processor.py:830} INFO - Processing file /home/airflow/.local/lib/python3.12/site-packages/airflow/example_dags/example_sla_dag.py for tasks to queue
[2025-11-25T15:15:17.290+0000] {logging_mixin.py:188} INFO - [2025-11-25T15:15:17.289+0000] {dagbag.py:545} INFO - Filling up the DagBag from /home/airflow/.local/lib/python3.12/site-packages/airflow/example_dags/example_sla_dag.py
[2025-11-25T15:15:17.294+0000] {processor.py:840} INFO - DAG(s) 'example_sla_dag' retrieved from /home/airflow/.local/lib/python3.12/site-packages/airflow/example_dags/example_sla_dag.py
[2025-11-25T15:15:17.303+0000] {logging_mixin.py:188} INFO - [2025-11-25T15:15:17.303+0000] {dag.py:3096} INFO - Sync 1 DAGs
[2025-11-25T15:15:17.311+0000] {logging_mixin.py:188} INFO - [2025-11-25T15:15:17.311+0000] {dag.py:3954} INFO - Setting next_dagrun for example_sla_dag to 2025-11-25 15:12:00+00:00, run_after=2025-11-25 15:14:00+00:00
[2025-11-25T15:15:17.320+0000] {processor.py:183} INFO - Processing /home/airflow/.local/lib/python3.12/site-packages/airflow/example_dags/example_sla_dag.py took 0.034 seconds
[2025-11-25T15:15:47.869+0000] {processor.py:161} INFO - Started process (PID=3155) to work on /home/airflow/.local/lib/python3.12/site-packages/airflow/example_dags/example_sla_dag.py
[2025-11-25T15:15:47.870+0000] {processor.py:830} INFO - Processing file /home/airflow/.local/lib/python3.12/site-packages/airflow/example_dags/example_sla_dag.py for tasks to queue
[2025-11-25T15:15:47.870+0000] {logging_mixin.py:188} INFO - [2025-11-25T15:15:47.870+0000] {dagbag.py:545} INFO - Filling up the DagBag from /home/airflow/.local/lib/python3.12/site-packages/airflow/example_dags/example_sla_dag.py
[2025-11-25T15:15:47.874+0000] {processor.py:840} INFO - DAG(s) 'example_sla_dag' retrieved from /home/airflow/.local/lib/python3.12/site-packages/airflow/example_dags/example_sla_dag.py
[2025-11-25T15:15:47.883+0000] {logging_mixin.py:188} INFO - [2025-11-25T15:15:47.883+0000] {dag.py:3096} INFO - Sync 1 DAGs
[2025-11-25T15:15:47.893+0000] {logging_mixin.py:188} INFO - [2025-11-25T15:15:47.893+0000] {dag.py:3954} INFO - Setting next_dagrun for example_sla_dag to 2025-11-25 15:12:00+00:00, run_after=2025-11-25 15:14:00+00:00
[2025-11-25T15:15:47.900+0000] {processor.py:183} INFO - Processing /home/airflow/.local/lib/python3.12/site-packages/airflow/example_dags/example_sla_dag.py took 0.034 seconds
[2025-11-25T15:16:18.593+0000] {processor.py:161} INFO - Started process (PID=3213) to work on /home/airflow/.local/lib/python3.12/site-packages/airflow/example_dags/example_sla_dag.py
[2025-11-25T15:16:18.594+0000] {processor.py:830} INFO - Processing file /home/airflow/.local/lib/python3.12/site-packages/airflow/example_dags/example_sla_dag.py for tasks to queue
[2025-11-25T15:16:18.596+0000] {logging_mixin.py:188} INFO - [2025-11-25T15:16:18.596+0000] {dagbag.py:545} INFO - Filling up the DagBag from /home/airflow/.local/lib/python3.12/site-packages/airflow/example_dags/example_sla_dag.py
[2025-11-25T15:16:18.599+0000] {processor.py:840} INFO - DAG(s) 'example_sla_dag' retrieved from /home/airflow/.local/lib/python3.12/site-packages/airflow/example_dags/example_sla_dag.py
[2025-11-25T15:16:18.609+0000] {logging_mixin.py:188} INFO - [2025-11-25T15:16:18.609+0000] {dag.py:3096} INFO - Sync 1 DAGs
[2025-11-25T15:16:18.618+0000] {logging_mixin.py:188} INFO - [2025-11-25T15:16:18.618+0000] {dag.py:3954} INFO - Setting next_dagrun for example_sla_dag to 2025-11-25 15:14:00+00:00, run_after=2025-11-25 15:16:00+00:00
[2025-11-25T15:16:18.629+0000] {processor.py:183} INFO - Processing /home/airflow/.local/lib/python3.12/site-packages/airflow/example_dags/example_sla_dag.py took 0.038 seconds
[2025-11-25T15:16:49.165+0000] {processor.py:161} INFO - Started process (PID=3271) to work on /home/airflow/.local/lib/python3.12/site-packages/airflow/example_dags/example_sla_dag.py
[2025-11-25T15:16:49.165+0000] {processor.py:830} INFO - Processing file /home/airflow/.local/lib/python3.12/site-packages/airflow/example_dags/example_sla_dag.py for tasks to queue
[2025-11-25T15:16:49.166+0000] {logging_mixin.py:188} INFO - [2025-11-25T15:16:49.166+0000] {dagbag.py:545} INFO - Filling up the DagBag from /home/airflow/.local/lib/python3.12/site-packages/airflow/example_dags/example_sla_dag.py
[2025-11-25T15:16:49.170+0000] {processor.py:840} INFO - DAG(s) 'example_sla_dag' retrieved from /home/airflow/.local/lib/python3.12/site-packages/airflow/example_dags/example_sla_dag.py
[2025-11-25T15:16:49.177+0000] {logging_mixin.py:188} INFO - [2025-11-25T15:16:49.177+0000] {dag.py:3096} INFO - Sync 1 DAGs
[2025-11-25T15:16:49.185+0000] {logging_mixin.py:188} INFO - [2025-11-25T15:16:49.185+0000] {dag.py:3954} INFO - Setting next_dagrun for example_sla_dag to 2025-11-25 15:14:00+00:00, run_after=2025-11-25 15:16:00+00:00
[2025-11-25T15:16:49.193+0000] {processor.py:183} INFO - Processing /home/airflow/.local/lib/python3.12/site-packages/airflow/example_dags/example_sla_dag.py took 0.031 seconds
[2025-11-25T15:17:19.671+0000] {processor.py:161} INFO - Started process (PID=3328) to work on /home/airflow/.local/lib/python3.12/site-packages/airflow/example_dags/example_sla_dag.py
[2025-11-25T15:17:19.671+0000] {processor.py:830} INFO - Processing file /home/airflow/.local/lib/python3.12/site-packages/airflow/example_dags/example_sla_dag.py for tasks to queue
[2025-11-25T15:17:19.672+0000] {logging_mixin.py:188} INFO - [2025-11-25T15:17:19.672+0000] {dagbag.py:545} INFO - Filling up the DagBag from /home/airflow/.local/lib/python3.12/site-packages/airflow/example_dags/example_sla_dag.py
[2025-11-25T15:17:19.675+0000] {processor.py:840} INFO - DAG(s) 'example_sla_dag' retrieved from /home/airflow/.local/lib/python3.12/site-packages/airflow/example_dags/example_sla_dag.py
[2025-11-25T15:17:19.682+0000] {logging_mixin.py:188} INFO - [2025-11-25T15:17:19.682+0000] {dag.py:3096} INFO - Sync 1 DAGs
[2025-11-25T15:17:19.691+0000] {logging_mixin.py:188} INFO - [2025-11-25T15:17:19.690+0000] {dag.py:3954} INFO - Setting next_dagrun for example_sla_dag to 2025-11-25 15:14:00+00:00, run_after=2025-11-25 15:16:00+00:00
[2025-11-25T15:17:19.699+0000] {processor.py:183} INFO - Processing /home/airflow/.local/lib/python3.12/site-packages/airflow/example_dags/example_sla_dag.py took 0.030 seconds
[2025-11-25T15:17:50.304+0000] {processor.py:161} INFO - Started process (PID=3386) to work on /home/airflow/.local/lib/python3.12/site-packages/airflow/example_dags/example_sla_dag.py
[2025-11-25T15:17:50.305+0000] {processor.py:830} INFO - Processing file /home/airflow/.local/lib/python3.12/site-packages/airflow/example_dags/example_sla_dag.py for tasks to queue
[2025-11-25T15:17:50.305+0000] {logging_mixin.py:188} INFO - [2025-11-25T15:17:50.305+0000] {dagbag.py:545} INFO - Filling up the DagBag from /home/airflow/.local/lib/python3.12/site-packages/airflow/example_dags/example_sla_dag.py
[2025-11-25T15:17:50.309+0000] {processor.py:840} INFO - DAG(s) 'example_sla_dag' retrieved from /home/airflow/.local/lib/python3.12/site-packages/airflow/example_dags/example_sla_dag.py
[2025-11-25T15:17:50.317+0000] {logging_mixin.py:188} INFO - [2025-11-25T15:17:50.317+0000] {dag.py:3096} INFO - Sync 1 DAGs
[2025-11-25T15:17:50.327+0000] {logging_mixin.py:188} INFO - [2025-11-25T15:17:50.327+0000] {dag.py:3954} INFO - Setting next_dagrun for example_sla_dag to 2025-11-25 15:14:00+00:00, run_after=2025-11-25 15:16:00+00:00
[2025-11-25T15:17:50.335+0000] {processor.py:183} INFO - Processing /home/airflow/.local/lib/python3.12/site-packages/airflow/example_dags/example_sla_dag.py took 0.034 seconds
[2025-11-25T15:18:20.747+0000] {processor.py:161} INFO - Started process (PID=3444) to work on /home/airflow/.local/lib/python3.12/site-packages/airflow/example_dags/example_sla_dag.py
[2025-11-25T15:18:20.747+0000] {processor.py:830} INFO - Processing file /home/airflow/.local/lib/python3.12/site-packages/airflow/example_dags/example_sla_dag.py for tasks to queue
[2025-11-25T15:18:20.748+0000] {logging_mixin.py:188} INFO - [2025-11-25T15:18:20.748+0000] {dagbag.py:545} INFO - Filling up the DagBag from /home/airflow/.local/lib/python3.12/site-packages/airflow/example_dags/example_sla_dag.py
[2025-11-25T15:18:20.751+0000] {processor.py:840} INFO - DAG(s) 'example_sla_dag' retrieved from /home/airflow/.local/lib/python3.12/site-packages/airflow/example_dags/example_sla_dag.py
[2025-11-25T15:18:20.760+0000] {logging_mixin.py:188} INFO - [2025-11-25T15:18:20.760+0000] {dag.py:3096} INFO - Sync 1 DAGs
[2025-11-25T15:18:20.768+0000] {logging_mixin.py:188} INFO - [2025-11-25T15:18:20.768+0000] {dag.py:3954} INFO - Setting next_dagrun for example_sla_dag to 2025-11-25 15:16:00+00:00, run_after=2025-11-25 15:18:00+00:00
[2025-11-25T15:18:20.776+0000] {processor.py:183} INFO - Processing /home/airflow/.local/lib/python3.12/site-packages/airflow/example_dags/example_sla_dag.py took 0.031 seconds
[2025-11-25T15:18:51.239+0000] {processor.py:161} INFO - Started process (PID=3502) to work on /home/airflow/.local/lib/python3.12/site-packages/airflow/example_dags/example_sla_dag.py
[2025-11-25T15:18:51.239+0000] {processor.py:830} INFO - Processing file /home/airflow/.local/lib/python3.12/site-packages/airflow/example_dags/example_sla_dag.py for tasks to queue
[2025-11-25T15:18:51.240+0000] {logging_mixin.py:188} INFO - [2025-11-25T15:18:51.240+0000] {dagbag.py:545} INFO - Filling up the DagBag from /home/airflow/.local/lib/python3.12/site-packages/airflow/example_dags/example_sla_dag.py
[2025-11-25T15:18:51.245+0000] {processor.py:840} INFO - DAG(s) 'example_sla_dag' retrieved from /home/airflow/.local/lib/python3.12/site-packages/airflow/example_dags/example_sla_dag.py
[2025-11-25T15:18:51.258+0000] {logging_mixin.py:188} INFO - [2025-11-25T15:18:51.258+0000] {dag.py:3096} INFO - Sync 1 DAGs
[2025-11-25T15:18:51.267+0000] {logging_mixin.py:188} INFO - [2025-11-25T15:18:51.267+0000] {dag.py:3954} INFO - Setting next_dagrun for example_sla_dag to 2025-11-25 15:16:00+00:00, run_after=2025-11-25 15:18:00+00:00
[2025-11-25T15:18:51.278+0000] {processor.py:183} INFO - Processing /home/airflow/.local/lib/python3.12/site-packages/airflow/example_dags/example_sla_dag.py took 0.041 seconds
[2025-11-25T15:19:21.693+0000] {processor.py:161} INFO - Started process (PID=3560) to work on /home/airflow/.local/lib/python3.12/site-packages/airflow/example_dags/example_sla_dag.py
[2025-11-25T15:19:21.695+0000] {processor.py:830} INFO - Processing file /home/airflow/.local/lib/python3.12/site-packages/airflow/example_dags/example_sla_dag.py for tasks to queue
[2025-11-25T15:19:21.696+0000] {logging_mixin.py:188} INFO - [2025-11-25T15:19:21.696+0000] {dagbag.py:545} INFO - Filling up the DagBag from /home/airflow/.local/lib/python3.12/site-packages/airflow/example_dags/example_sla_dag.py
[2025-11-25T15:19:21.700+0000] {processor.py:840} INFO - DAG(s) 'example_sla_dag' retrieved from /home/airflow/.local/lib/python3.12/site-packages/airflow/example_dags/example_sla_dag.py
[2025-11-25T15:19:21.708+0000] {logging_mixin.py:188} INFO - [2025-11-25T15:19:21.708+0000] {dag.py:3096} INFO - Sync 1 DAGs
[2025-11-25T15:19:21.718+0000] {logging_mixin.py:188} INFO - [2025-11-25T15:19:21.718+0000] {dag.py:3954} INFO - Setting next_dagrun for example_sla_dag to 2025-11-25 15:16:00+00:00, run_after=2025-11-25 15:18:00+00:00
[2025-11-25T15:19:21.725+0000] {processor.py:183} INFO - Processing /home/airflow/.local/lib/python3.12/site-packages/airflow/example_dags/example_sla_dag.py took 0.034 seconds
[2025-11-25T15:19:52.014+0000] {processor.py:161} INFO - Started process (PID=3618) to work on /home/airflow/.local/lib/python3.12/site-packages/airflow/example_dags/example_sla_dag.py
[2025-11-25T15:19:52.015+0000] {processor.py:830} INFO - Processing file /home/airflow/.local/lib/python3.12/site-packages/airflow/example_dags/example_sla_dag.py for tasks to queue
[2025-11-25T15:19:52.016+0000] {logging_mixin.py:188} INFO - [2025-11-25T15:19:52.016+0000] {dagbag.py:545} INFO - Filling up the DagBag from /home/airflow/.local/lib/python3.12/site-packages/airflow/example_dags/example_sla_dag.py
[2025-11-25T15:19:52.021+0000] {processor.py:840} INFO - DAG(s) 'example_sla_dag' retrieved from /home/airflow/.local/lib/python3.12/site-packages/airflow/example_dags/example_sla_dag.py
[2025-11-25T15:19:52.029+0000] {logging_mixin.py:188} INFO - [2025-11-25T15:19:52.029+0000] {dag.py:3096} INFO - Sync 1 DAGs
[2025-11-25T15:19:52.037+0000] {logging_mixin.py:188} INFO - [2025-11-25T15:19:52.037+0000] {dag.py:3954} INFO - Setting next_dagrun for example_sla_dag to 2025-11-25 15:16:00+00:00, run_after=2025-11-25 15:18:00+00:00
[2025-11-25T15:19:52.044+0000] {processor.py:183} INFO - Processing /home/airflow/.local/lib/python3.12/site-packages/airflow/example_dags/example_sla_dag.py took 0.033 seconds
[2025-11-25T15:20:22.399+0000] {processor.py:161} INFO - Started process (PID=3676) to work on /home/airflow/.local/lib/python3.12/site-packages/airflow/example_dags/example_sla_dag.py
[2025-11-25T15:20:22.400+0000] {processor.py:830} INFO - Processing file /home/airflow/.local/lib/python3.12/site-packages/airflow/example_dags/example_sla_dag.py for tasks to queue
[2025-11-25T15:20:22.401+0000] {logging_mixin.py:188} INFO - [2025-11-25T15:20:22.401+0000] {dagbag.py:545} INFO - Filling up the DagBag from /home/airflow/.local/lib/python3.12/site-packages/airflow/example_dags/example_sla_dag.py
[2025-11-25T15:20:22.407+0000] {processor.py:840} INFO - DAG(s) 'example_sla_dag' retrieved from /home/airflow/.local/lib/python3.12/site-packages/airflow/example_dags/example_sla_dag.py
[2025-11-25T15:20:22.416+0000] {logging_mixin.py:188} INFO - [2025-11-25T15:20:22.416+0000] {dag.py:3096} INFO - Sync 1 DAGs
[2025-11-25T15:20:22.424+0000] {logging_mixin.py:188} INFO - [2025-11-25T15:20:22.424+0000] {dag.py:3954} INFO - Setting next_dagrun for example_sla_dag to 2025-11-25 15:18:00+00:00, run_after=2025-11-25 15:20:00+00:00
[2025-11-25T15:20:22.430+0000] {processor.py:183} INFO - Processing /home/airflow/.local/lib/python3.12/site-packages/airflow/example_dags/example_sla_dag.py took 0.033 seconds
[2025-11-25T15:20:52.809+0000] {processor.py:161} INFO - Started process (PID=3734) to work on /home/airflow/.local/lib/python3.12/site-packages/airflow/example_dags/example_sla_dag.py
[2025-11-25T15:20:52.809+0000] {processor.py:830} INFO - Processing file /home/airflow/.local/lib/python3.12/site-packages/airflow/example_dags/example_sla_dag.py for tasks to queue
[2025-11-25T15:20:52.810+0000] {logging_mixin.py:188} INFO - [2025-11-25T15:20:52.810+0000] {dagbag.py:545} INFO - Filling up the DagBag from /home/airflow/.local/lib/python3.12/site-packages/airflow/example_dags/example_sla_dag.py
[2025-11-25T15:20:52.813+0000] {processor.py:840} INFO - DAG(s) 'example_sla_dag' retrieved from /home/airflow/.local/lib/python3.12/site-packages/airflow/example_dags/example_sla_dag.py
[2025-11-25T15:20:52.821+0000] {logging_mixin.py:188} INFO - [2025-11-25T15:20:52.821+0000] {dag.py:3096} INFO - Sync 1 DAGs
[2025-11-25T15:20:52.830+0000] {logging_mixin.py:188} INFO - [2025-11-25T15:20:52.830+0000] {dag.py:3954} INFO - Setting next_dagrun for example_sla_dag to 2025-11-25 15:18:00+00:00, run_after=2025-11-25 15:20:00+00:00
[2025-11-25T15:20:52.838+0000] {processor.py:183} INFO - Processing /home/airflow/.local/lib/python3.12/site-packages/airflow/example_dags/example_sla_dag.py took 0.032 seconds
[2025-11-25T15:21:23.270+0000] {processor.py:161} INFO - Started process (PID=3792) to work on /home/airflow/.local/lib/python3.12/site-packages/airflow/example_dags/example_sla_dag.py
[2025-11-25T15:21:23.271+0000] {processor.py:830} INFO - Processing file /home/airflow/.local/lib/python3.12/site-packages/airflow/example_dags/example_sla_dag.py for tasks to queue
[2025-11-25T15:21:23.271+0000] {logging_mixin.py:188} INFO - [2025-11-25T15:21:23.271+0000] {dagbag.py:545} INFO - Filling up the DagBag from /home/airflow/.local/lib/python3.12/site-packages/airflow/example_dags/example_sla_dag.py
[2025-11-25T15:21:23.275+0000] {processor.py:840} INFO - DAG(s) 'example_sla_dag' retrieved from /home/airflow/.local/lib/python3.12/site-packages/airflow/example_dags/example_sla_dag.py
[2025-11-25T15:21:23.282+0000] {logging_mixin.py:188} INFO - [2025-11-25T15:21:23.282+0000] {dag.py:3096} INFO - Sync 1 DAGs
[2025-11-25T15:21:23.293+0000] {logging_mixin.py:188} INFO - [2025-11-25T15:21:23.293+0000] {dag.py:3954} INFO - Setting next_dagrun for example_sla_dag to 2025-11-25 15:18:00+00:00, run_after=2025-11-25 15:20:00+00:00
[2025-11-25T15:21:23.300+0000] {processor.py:183} INFO - Processing /home/airflow/.local/lib/python3.12/site-packages/airflow/example_dags/example_sla_dag.py took 0.032 seconds
[2025-11-25T15:21:53.573+0000] {processor.py:161} INFO - Started process (PID=3850) to work on /home/airflow/.local/lib/python3.12/site-packages/airflow/example_dags/example_sla_dag.py
[2025-11-25T15:21:53.574+0000] {processor.py:830} INFO - Processing file /home/airflow/.local/lib/python3.12/site-packages/airflow/example_dags/example_sla_dag.py for tasks to queue
[2025-11-25T15:21:53.576+0000] {logging_mixin.py:188} INFO - [2025-11-25T15:21:53.576+0000] {dagbag.py:545} INFO - Filling up the DagBag from /home/airflow/.local/lib/python3.12/site-packages/airflow/example_dags/example_sla_dag.py
[2025-11-25T15:21:53.580+0000] {processor.py:840} INFO - DAG(s) 'example_sla_dag' retrieved from /home/airflow/.local/lib/python3.12/site-packages/airflow/example_dags/example_sla_dag.py
[2025-11-25T15:21:53.586+0000] {logging_mixin.py:188} INFO - [2025-11-25T15:21:53.586+0000] {dag.py:3096} INFO - Sync 1 DAGs
[2025-11-25T15:21:53.594+0000] {logging_mixin.py:188} INFO - [2025-11-25T15:21:53.594+0000] {dag.py:3954} INFO - Setting next_dagrun for example_sla_dag to 2025-11-25 15:18:00+00:00, run_after=2025-11-25 15:20:00+00:00
[2025-11-25T15:21:53.601+0000] {processor.py:183} INFO - Processing /home/airflow/.local/lib/python3.12/site-packages/airflow/example_dags/example_sla_dag.py took 0.030 seconds
[2025-11-25T15:22:24.513+0000] {processor.py:161} INFO - Started process (PID=3908) to work on /home/airflow/.local/lib/python3.12/site-packages/airflow/example_dags/example_sla_dag.py
[2025-11-25T15:22:24.513+0000] {processor.py:830} INFO - Processing file /home/airflow/.local/lib/python3.12/site-packages/airflow/example_dags/example_sla_dag.py for tasks to queue
[2025-11-25T15:22:24.514+0000] {logging_mixin.py:188} INFO - [2025-11-25T15:22:24.514+0000] {dagbag.py:545} INFO - Filling up the DagBag from /home/airflow/.local/lib/python3.12/site-packages/airflow/example_dags/example_sla_dag.py
[2025-11-25T15:22:24.519+0000] {processor.py:840} INFO - DAG(s) 'example_sla_dag' retrieved from /home/airflow/.local/lib/python3.12/site-packages/airflow/example_dags/example_sla_dag.py
[2025-11-25T15:22:24.528+0000] {logging_mixin.py:188} INFO - [2025-11-25T15:22:24.528+0000] {dag.py:3096} INFO - Sync 1 DAGs
[2025-11-25T15:22:24.538+0000] {logging_mixin.py:188} INFO - [2025-11-25T15:22:24.538+0000] {dag.py:3954} INFO - Setting next_dagrun for example_sla_dag to 2025-11-25 15:20:00+00:00, run_after=2025-11-25 15:22:00+00:00
[2025-11-25T15:22:24.545+0000] {processor.py:183} INFO - Processing /home/airflow/.local/lib/python3.12/site-packages/airflow/example_dags/example_sla_dag.py took 0.035 seconds
[2025-11-25T15:22:55.377+0000] {processor.py:161} INFO - Started process (PID=3966) to work on /home/airflow/.local/lib/python3.12/site-packages/airflow/example_dags/example_sla_dag.py
[2025-11-25T15:22:55.377+0000] {processor.py:830} INFO - Processing file /home/airflow/.local/lib/python3.12/site-packages/airflow/example_dags/example_sla_dag.py for tasks to queue
[2025-11-25T15:22:55.378+0000] {logging_mixin.py:188} INFO - [2025-11-25T15:22:55.378+0000] {dagbag.py:545} INFO - Filling up the DagBag from /home/airflow/.local/lib/python3.12/site-packages/airflow/example_dags/example_sla_dag.py
[2025-11-25T15:22:55.382+0000] {processor.py:840} INFO - DAG(s) 'example_sla_dag' retrieved from /home/airflow/.local/lib/python3.12/site-packages/airflow/example_dags/example_sla_dag.py
[2025-11-25T15:22:55.393+0000] {logging_mixin.py:188} INFO - [2025-11-25T15:22:55.392+0000] {dag.py:3096} INFO - Sync 1 DAGs
[2025-11-25T15:22:55.402+0000] {logging_mixin.py:188} INFO - [2025-11-25T15:22:55.401+0000] {dag.py:3954} INFO - Setting next_dagrun for example_sla_dag to 2025-11-25 15:20:00+00:00, run_after=2025-11-25 15:22:00+00:00
[2025-11-25T15:22:55.408+0000] {processor.py:183} INFO - Processing /home/airflow/.local/lib/python3.12/site-packages/airflow/example_dags/example_sla_dag.py took 0.034 seconds
[2025-11-25T15:23:26.153+0000] {processor.py:161} INFO - Started process (PID=4024) to work on /home/airflow/.local/lib/python3.12/site-packages/airflow/example_dags/example_sla_dag.py
[2025-11-25T15:23:26.155+0000] {processor.py:830} INFO - Processing file /home/airflow/.local/lib/python3.12/site-packages/airflow/example_dags/example_sla_dag.py for tasks to queue
[2025-11-25T15:23:26.156+0000] {logging_mixin.py:188} INFO - [2025-11-25T15:23:26.156+0000] {dagbag.py:545} INFO - Filling up the DagBag from /home/airflow/.local/lib/python3.12/site-packages/airflow/example_dags/example_sla_dag.py
[2025-11-25T15:23:26.161+0000] {processor.py:840} INFO - DAG(s) 'example_sla_dag' retrieved from /home/airflow/.local/lib/python3.12/site-packages/airflow/example_dags/example_sla_dag.py
[2025-11-25T15:23:26.169+0000] {logging_mixin.py:188} INFO - [2025-11-25T15:23:26.169+0000] {dag.py:3096} INFO - Sync 1 DAGs
[2025-11-25T15:23:26.180+0000] {logging_mixin.py:188} INFO - [2025-11-25T15:23:26.180+0000] {dag.py:3954} INFO - Setting next_dagrun for example_sla_dag to 2025-11-25 15:20:00+00:00, run_after=2025-11-25 15:22:00+00:00
[2025-11-25T15:23:26.189+0000] {processor.py:183} INFO - Processing /home/airflow/.local/lib/python3.12/site-packages/airflow/example_dags/example_sla_dag.py took 0.040 seconds
[2025-11-25T15:23:56.658+0000] {processor.py:161} INFO - Started process (PID=4082) to work on /home/airflow/.local/lib/python3.12/site-packages/airflow/example_dags/example_sla_dag.py
[2025-11-25T15:23:56.661+0000] {processor.py:830} INFO - Processing file /home/airflow/.local/lib/python3.12/site-packages/airflow/example_dags/example_sla_dag.py for tasks to queue
[2025-11-25T15:23:56.662+0000] {logging_mixin.py:188} INFO - [2025-11-25T15:23:56.662+0000] {dagbag.py:545} INFO - Filling up the DagBag from /home/airflow/.local/lib/python3.12/site-packages/airflow/example_dags/example_sla_dag.py
[2025-11-25T15:23:56.666+0000] {processor.py:840} INFO - DAG(s) 'example_sla_dag' retrieved from /home/airflow/.local/lib/python3.12/site-packages/airflow/example_dags/example_sla_dag.py
[2025-11-25T15:23:56.676+0000] {logging_mixin.py:188} INFO - [2025-11-25T15:23:56.676+0000] {dag.py:3096} INFO - Sync 1 DAGs
[2025-11-25T15:23:56.684+0000] {logging_mixin.py:188} INFO - [2025-11-25T15:23:56.684+0000] {dag.py:3954} INFO - Setting next_dagrun for example_sla_dag to 2025-11-25 15:20:00+00:00, run_after=2025-11-25 15:22:00+00:00
[2025-11-25T15:23:56.692+0000] {processor.py:183} INFO - Processing /home/airflow/.local/lib/python3.12/site-packages/airflow/example_dags/example_sla_dag.py took 0.036 seconds
[2025-11-25T15:24:31.108+0000] {processor.py:161} INFO - Started process (PID=4140) to work on /home/airflow/.local/lib/python3.12/site-packages/airflow/example_dags/example_sla_dag.py
[2025-11-25T15:24:31.110+0000] {processor.py:830} INFO - Processing file /home/airflow/.local/lib/python3.12/site-packages/airflow/example_dags/example_sla_dag.py for tasks to queue
[2025-11-25T15:24:31.111+0000] {logging_mixin.py:188} INFO - [2025-11-25T15:24:31.111+0000] {dagbag.py:545} INFO - Filling up the DagBag from /home/airflow/.local/lib/python3.12/site-packages/airflow/example_dags/example_sla_dag.py
[2025-11-25T15:24:31.120+0000] {processor.py:840} INFO - DAG(s) 'example_sla_dag' retrieved from /home/airflow/.local/lib/python3.12/site-packages/airflow/example_dags/example_sla_dag.py
[2025-11-25T15:24:31.147+0000] {logging_mixin.py:188} INFO - [2025-11-25T15:24:31.146+0000] {dag.py:3096} INFO - Sync 1 DAGs
[2025-11-25T15:24:31.185+0000] {logging_mixin.py:188} INFO - [2025-11-25T15:24:31.185+0000] {dag.py:3954} INFO - Setting next_dagrun for example_sla_dag to 2025-11-25 15:22:00+00:00, run_after=2025-11-25 15:24:00+00:00
[2025-11-25T15:24:31.324+0000] {processor.py:183} INFO - Processing /home/airflow/.local/lib/python3.12/site-packages/airflow/example_dags/example_sla_dag.py took 0.228 seconds
[2025-11-25T15:25:01.798+0000] {processor.py:161} INFO - Started process (PID=4205) to work on /home/airflow/.local/lib/python3.12/site-packages/airflow/example_dags/example_sla_dag.py
[2025-11-25T15:25:01.799+0000] {processor.py:830} INFO - Processing file /home/airflow/.local/lib/python3.12/site-packages/airflow/example_dags/example_sla_dag.py for tasks to queue
[2025-11-25T15:25:01.800+0000] {logging_mixin.py:188} INFO - [2025-11-25T15:25:01.800+0000] {dagbag.py:545} INFO - Filling up the DagBag from /home/airflow/.local/lib/python3.12/site-packages/airflow/example_dags/example_sla_dag.py
[2025-11-25T15:25:01.804+0000] {processor.py:840} INFO - DAG(s) 'example_sla_dag' retrieved from /home/airflow/.local/lib/python3.12/site-packages/airflow/example_dags/example_sla_dag.py
[2025-11-25T15:25:01.813+0000] {logging_mixin.py:188} INFO - [2025-11-25T15:25:01.813+0000] {dag.py:3096} INFO - Sync 1 DAGs
[2025-11-25T15:25:01.827+0000] {logging_mixin.py:188} INFO - [2025-11-25T15:25:01.827+0000] {dag.py:3954} INFO - Setting next_dagrun for example_sla_dag to 2025-11-25 15:22:00+00:00, run_after=2025-11-25 15:24:00+00:00
[2025-11-25T15:25:01.835+0000] {processor.py:183} INFO - Processing /home/airflow/.local/lib/python3.12/site-packages/airflow/example_dags/example_sla_dag.py took 0.040 seconds
[2025-11-25T15:25:32.049+0000] {processor.py:161} INFO - Started process (PID=4262) to work on /home/airflow/.local/lib/python3.12/site-packages/airflow/example_dags/example_sla_dag.py
[2025-11-25T15:25:32.049+0000] {processor.py:830} INFO - Processing file /home/airflow/.local/lib/python3.12/site-packages/airflow/example_dags/example_sla_dag.py for tasks to queue
[2025-11-25T15:25:32.050+0000] {logging_mixin.py:188} INFO - [2025-11-25T15:25:32.050+0000] {dagbag.py:545} INFO - Filling up the DagBag from /home/airflow/.local/lib/python3.12/site-packages/airflow/example_dags/example_sla_dag.py
[2025-11-25T15:25:32.053+0000] {processor.py:840} INFO - DAG(s) 'example_sla_dag' retrieved from /home/airflow/.local/lib/python3.12/site-packages/airflow/example_dags/example_sla_dag.py
[2025-11-25T15:25:32.061+0000] {logging_mixin.py:188} INFO - [2025-11-25T15:25:32.061+0000] {dag.py:3096} INFO - Sync 1 DAGs
[2025-11-25T15:25:32.069+0000] {logging_mixin.py:188} INFO - [2025-11-25T15:25:32.069+0000] {dag.py:3954} INFO - Setting next_dagrun for example_sla_dag to 2025-11-25 15:22:00+00:00, run_after=2025-11-25 15:24:00+00:00
[2025-11-25T15:25:32.075+0000] {processor.py:183} INFO - Processing /home/airflow/.local/lib/python3.12/site-packages/airflow/example_dags/example_sla_dag.py took 0.029 seconds
[2025-11-25T15:26:02.556+0000] {processor.py:161} INFO - Started process (PID=4320) to work on /home/airflow/.local/lib/python3.12/site-packages/airflow/example_dags/example_sla_dag.py
[2025-11-25T15:26:02.558+0000] {processor.py:830} INFO - Processing file /home/airflow/.local/lib/python3.12/site-packages/airflow/example_dags/example_sla_dag.py for tasks to queue
[2025-11-25T15:26:02.558+0000] {logging_mixin.py:188} INFO - [2025-11-25T15:26:02.558+0000] {dagbag.py:545} INFO - Filling up the DagBag from /home/airflow/.local/lib/python3.12/site-packages/airflow/example_dags/example_sla_dag.py
[2025-11-25T15:26:02.561+0000] {processor.py:840} INFO - DAG(s) 'example_sla_dag' retrieved from /home/airflow/.local/lib/python3.12/site-packages/airflow/example_dags/example_sla_dag.py
[2025-11-25T15:26:02.569+0000] {logging_mixin.py:188} INFO - [2025-11-25T15:26:02.568+0000] {dag.py:3096} INFO - Sync 1 DAGs
[2025-11-25T15:26:02.577+0000] {logging_mixin.py:188} INFO - [2025-11-25T15:26:02.577+0000] {dag.py:3954} INFO - Setting next_dagrun for example_sla_dag to 2025-11-25 15:24:00+00:00, run_after=2025-11-25 15:26:00+00:00
[2025-11-25T15:26:02.583+0000] {processor.py:183} INFO - Processing /home/airflow/.local/lib/python3.12/site-packages/airflow/example_dags/example_sla_dag.py took 0.030 seconds
[2025-11-25T15:26:33.068+0000] {processor.py:161} INFO - Started process (PID=4378) to work on /home/airflow/.local/lib/python3.12/site-packages/airflow/example_dags/example_sla_dag.py
[2025-11-25T15:26:33.068+0000] {processor.py:830} INFO - Processing file /home/airflow/.local/lib/python3.12/site-packages/airflow/example_dags/example_sla_dag.py for tasks to queue
[2025-11-25T15:26:33.069+0000] {logging_mixin.py:188} INFO - [2025-11-25T15:26:33.069+0000] {dagbag.py:545} INFO - Filling up the DagBag from /home/airflow/.local/lib/python3.12/site-packages/airflow/example_dags/example_sla_dag.py
[2025-11-25T15:26:33.072+0000] {processor.py:840} INFO - DAG(s) 'example_sla_dag' retrieved from /home/airflow/.local/lib/python3.12/site-packages/airflow/example_dags/example_sla_dag.py
[2025-11-25T15:26:33.080+0000] {logging_mixin.py:188} INFO - [2025-11-25T15:26:33.080+0000] {dag.py:3096} INFO - Sync 1 DAGs
[2025-11-25T15:26:33.087+0000] {logging_mixin.py:188} INFO - [2025-11-25T15:26:33.087+0000] {dag.py:3954} INFO - Setting next_dagrun for example_sla_dag to 2025-11-25 15:24:00+00:00, run_after=2025-11-25 15:26:00+00:00
[2025-11-25T15:26:33.093+0000] {processor.py:183} INFO - Processing /home/airflow/.local/lib/python3.12/site-packages/airflow/example_dags/example_sla_dag.py took 0.028 seconds
[2025-11-25T15:27:04.032+0000] {processor.py:161} INFO - Started process (PID=4435) to work on /home/airflow/.local/lib/python3.12/site-packages/airflow/example_dags/example_sla_dag.py
[2025-11-25T15:27:04.033+0000] {processor.py:830} INFO - Processing file /home/airflow/.local/lib/python3.12/site-packages/airflow/example_dags/example_sla_dag.py for tasks to queue
[2025-11-25T15:27:04.034+0000] {logging_mixin.py:188} INFO - [2025-11-25T15:27:04.034+0000] {dagbag.py:545} INFO - Filling up the DagBag from /home/airflow/.local/lib/python3.12/site-packages/airflow/example_dags/example_sla_dag.py
[2025-11-25T15:27:04.037+0000] {processor.py:840} INFO - DAG(s) 'example_sla_dag' retrieved from /home/airflow/.local/lib/python3.12/site-packages/airflow/example_dags/example_sla_dag.py
[2025-11-25T15:27:04.045+0000] {logging_mixin.py:188} INFO - [2025-11-25T15:27:04.045+0000] {dag.py:3096} INFO - Sync 1 DAGs
[2025-11-25T15:27:04.053+0000] {logging_mixin.py:188} INFO - [2025-11-25T15:27:04.053+0000] {dag.py:3954} INFO - Setting next_dagrun for example_sla_dag to 2025-11-25 15:24:00+00:00, run_after=2025-11-25 15:26:00+00:00
[2025-11-25T15:27:04.059+0000] {processor.py:183} INFO - Processing /home/airflow/.local/lib/python3.12/site-packages/airflow/example_dags/example_sla_dag.py took 0.029 seconds
[2025-11-25T15:27:34.822+0000] {processor.py:161} INFO - Started process (PID=4493) to work on /home/airflow/.local/lib/python3.12/site-packages/airflow/example_dags/example_sla_dag.py
[2025-11-25T15:27:34.823+0000] {processor.py:830} INFO - Processing file /home/airflow/.local/lib/python3.12/site-packages/airflow/example_dags/example_sla_dag.py for tasks to queue
[2025-11-25T15:27:34.824+0000] {logging_mixin.py:188} INFO - [2025-11-25T15:27:34.824+0000] {dagbag.py:545} INFO - Filling up the DagBag from /home/airflow/.local/lib/python3.12/site-packages/airflow/example_dags/example_sla_dag.py
[2025-11-25T15:27:34.828+0000] {processor.py:840} INFO - DAG(s) 'example_sla_dag' retrieved from /home/airflow/.local/lib/python3.12/site-packages/airflow/example_dags/example_sla_dag.py
[2025-11-25T15:27:34.839+0000] {logging_mixin.py:188} INFO - [2025-11-25T15:27:34.839+0000] {dag.py:3096} INFO - Sync 1 DAGs
[2025-11-25T15:27:34.850+0000] {logging_mixin.py:188} INFO - [2025-11-25T15:27:34.850+0000] {dag.py:3954} INFO - Setting next_dagrun for example_sla_dag to 2025-11-25 15:24:00+00:00, run_after=2025-11-25 15:26:00+00:00
[2025-11-25T15:27:34.858+0000] {processor.py:183} INFO - Processing /home/airflow/.local/lib/python3.12/site-packages/airflow/example_dags/example_sla_dag.py took 0.041 seconds
[2025-11-25T15:28:05.303+0000] {processor.py:161} INFO - Started process (PID=4551) to work on /home/airflow/.local/lib/python3.12/site-packages/airflow/example_dags/example_sla_dag.py
[2025-11-25T15:28:05.304+0000] {processor.py:830} INFO - Processing file /home/airflow/.local/lib/python3.12/site-packages/airflow/example_dags/example_sla_dag.py for tasks to queue
[2025-11-25T15:28:05.305+0000] {logging_mixin.py:188} INFO - [2025-11-25T15:28:05.304+0000] {dagbag.py:545} INFO - Filling up the DagBag from /home/airflow/.local/lib/python3.12/site-packages/airflow/example_dags/example_sla_dag.py
[2025-11-25T15:28:05.308+0000] {processor.py:840} INFO - DAG(s) 'example_sla_dag' retrieved from /home/airflow/.local/lib/python3.12/site-packages/airflow/example_dags/example_sla_dag.py
[2025-11-25T15:28:05.317+0000] {logging_mixin.py:188} INFO - [2025-11-25T15:28:05.317+0000] {dag.py:3096} INFO - Sync 1 DAGs
[2025-11-25T15:28:05.326+0000] {logging_mixin.py:188} INFO - [2025-11-25T15:28:05.326+0000] {dag.py:3954} INFO - Setting next_dagrun for example_sla_dag to 2025-11-25 15:26:00+00:00, run_after=2025-11-25 15:28:00+00:00
[2025-11-25T15:28:05.332+0000] {processor.py:183} INFO - Processing /home/airflow/.local/lib/python3.12/site-packages/airflow/example_dags/example_sla_dag.py took 0.031 seconds
[2025-11-25T15:28:36.029+0000] {processor.py:161} INFO - Started process (PID=4609) to work on /home/airflow/.local/lib/python3.12/site-packages/airflow/example_dags/example_sla_dag.py
[2025-11-25T15:28:36.032+0000] {processor.py:830} INFO - Processing file /home/airflow/.local/lib/python3.12/site-packages/airflow/example_dags/example_sla_dag.py for tasks to queue
[2025-11-25T15:28:36.032+0000] {logging_mixin.py:188} INFO - [2025-11-25T15:28:36.032+0000] {dagbag.py:545} INFO - Filling up the DagBag from /home/airflow/.local/lib/python3.12/site-packages/airflow/example_dags/example_sla_dag.py
[2025-11-25T15:28:36.036+0000] {processor.py:840} INFO - DAG(s) 'example_sla_dag' retrieved from /home/airflow/.local/lib/python3.12/site-packages/airflow/example_dags/example_sla_dag.py
[2025-11-25T15:28:36.043+0000] {logging_mixin.py:188} INFO - [2025-11-25T15:28:36.043+0000] {dag.py:3096} INFO - Sync 1 DAGs
[2025-11-25T15:28:36.051+0000] {logging_mixin.py:188} INFO - [2025-11-25T15:28:36.051+0000] {dag.py:3954} INFO - Setting next_dagrun for example_sla_dag to 2025-11-25 15:26:00+00:00, run_after=2025-11-25 15:28:00+00:00
[2025-11-25T15:28:36.057+0000] {processor.py:183} INFO - Processing /home/airflow/.local/lib/python3.12/site-packages/airflow/example_dags/example_sla_dag.py took 0.031 seconds
[2025-11-25T15:29:06.799+0000] {processor.py:161} INFO - Started process (PID=4667) to work on /home/airflow/.local/lib/python3.12/site-packages/airflow/example_dags/example_sla_dag.py
[2025-11-25T15:29:06.800+0000] {processor.py:830} INFO - Processing file /home/airflow/.local/lib/python3.12/site-packages/airflow/example_dags/example_sla_dag.py for tasks to queue
[2025-11-25T15:29:06.801+0000] {logging_mixin.py:188} INFO - [2025-11-25T15:29:06.801+0000] {dagbag.py:545} INFO - Filling up the DagBag from /home/airflow/.local/lib/python3.12/site-packages/airflow/example_dags/example_sla_dag.py
[2025-11-25T15:29:06.807+0000] {processor.py:840} INFO - DAG(s) 'example_sla_dag' retrieved from /home/airflow/.local/lib/python3.12/site-packages/airflow/example_dags/example_sla_dag.py
[2025-11-25T15:29:06.816+0000] {logging_mixin.py:188} INFO - [2025-11-25T15:29:06.816+0000] {dag.py:3096} INFO - Sync 1 DAGs
[2025-11-25T15:29:06.825+0000] {logging_mixin.py:188} INFO - [2025-11-25T15:29:06.825+0000] {dag.py:3954} INFO - Setting next_dagrun for example_sla_dag to 2025-11-25 15:26:00+00:00, run_after=2025-11-25 15:28:00+00:00
[2025-11-25T15:29:06.835+0000] {processor.py:183} INFO - Processing /home/airflow/.local/lib/python3.12/site-packages/airflow/example_dags/example_sla_dag.py took 0.039 seconds
[2025-11-25T15:29:37.650+0000] {processor.py:161} INFO - Started process (PID=4725) to work on /home/airflow/.local/lib/python3.12/site-packages/airflow/example_dags/example_sla_dag.py
[2025-11-25T15:29:37.651+0000] {processor.py:830} INFO - Processing file /home/airflow/.local/lib/python3.12/site-packages/airflow/example_dags/example_sla_dag.py for tasks to queue
[2025-11-25T15:29:37.652+0000] {logging_mixin.py:188} INFO - [2025-11-25T15:29:37.652+0000] {dagbag.py:545} INFO - Filling up the DagBag from /home/airflow/.local/lib/python3.12/site-packages/airflow/example_dags/example_sla_dag.py
[2025-11-25T15:29:37.664+0000] {processor.py:840} INFO - DAG(s) 'example_sla_dag' retrieved from /home/airflow/.local/lib/python3.12/site-packages/airflow/example_dags/example_sla_dag.py
[2025-11-25T15:29:37.673+0000] {logging_mixin.py:188} INFO - [2025-11-25T15:29:37.673+0000] {dag.py:3096} INFO - Sync 1 DAGs
[2025-11-25T15:29:37.688+0000] {logging_mixin.py:188} INFO - [2025-11-25T15:29:37.688+0000] {dag.py:3954} INFO - Setting next_dagrun for example_sla_dag to 2025-11-25 15:26:00+00:00, run_after=2025-11-25 15:28:00+00:00
[2025-11-25T15:29:37.700+0000] {processor.py:183} INFO - Processing /home/airflow/.local/lib/python3.12/site-packages/airflow/example_dags/example_sla_dag.py took 0.052 seconds
[2025-11-25T15:30:07.846+0000] {processor.py:161} INFO - Started process (PID=4783) to work on /home/airflow/.local/lib/python3.12/site-packages/airflow/example_dags/example_sla_dag.py
[2025-11-25T15:30:07.847+0000] {processor.py:830} INFO - Processing file /home/airflow/.local/lib/python3.12/site-packages/airflow/example_dags/example_sla_dag.py for tasks to queue
[2025-11-25T15:30:07.848+0000] {logging_mixin.py:188} INFO - [2025-11-25T15:30:07.847+0000] {dagbag.py:545} INFO - Filling up the DagBag from /home/airflow/.local/lib/python3.12/site-packages/airflow/example_dags/example_sla_dag.py
[2025-11-25T15:30:07.851+0000] {processor.py:840} INFO - DAG(s) 'example_sla_dag' retrieved from /home/airflow/.local/lib/python3.12/site-packages/airflow/example_dags/example_sla_dag.py
[2025-11-25T15:30:07.858+0000] {logging_mixin.py:188} INFO - [2025-11-25T15:30:07.858+0000] {dag.py:3096} INFO - Sync 1 DAGs
[2025-11-25T15:30:07.866+0000] {logging_mixin.py:188} INFO - [2025-11-25T15:30:07.866+0000] {dag.py:3954} INFO - Setting next_dagrun for example_sla_dag to 2025-11-25 15:28:00+00:00, run_after=2025-11-25 15:30:00+00:00
[2025-11-25T15:30:07.875+0000] {processor.py:183} INFO - Processing /home/airflow/.local/lib/python3.12/site-packages/airflow/example_dags/example_sla_dag.py took 0.032 seconds
[2025-11-25T15:30:38.167+0000] {processor.py:161} INFO - Started process (PID=4841) to work on /home/airflow/.local/lib/python3.12/site-packages/airflow/example_dags/example_sla_dag.py
[2025-11-25T15:30:38.169+0000] {processor.py:830} INFO - Processing file /home/airflow/.local/lib/python3.12/site-packages/airflow/example_dags/example_sla_dag.py for tasks to queue
[2025-11-25T15:30:38.169+0000] {logging_mixin.py:188} INFO - [2025-11-25T15:30:38.169+0000] {dagbag.py:545} INFO - Filling up the DagBag from /home/airflow/.local/lib/python3.12/site-packages/airflow/example_dags/example_sla_dag.py
[2025-11-25T15:30:38.173+0000] {processor.py:840} INFO - DAG(s) 'example_sla_dag' retrieved from /home/airflow/.local/lib/python3.12/site-packages/airflow/example_dags/example_sla_dag.py
[2025-11-25T15:30:38.183+0000] {logging_mixin.py:188} INFO - [2025-11-25T15:30:38.183+0000] {dag.py:3096} INFO - Sync 1 DAGs
[2025-11-25T15:30:38.191+0000] {logging_mixin.py:188} INFO - [2025-11-25T15:30:38.191+0000] {dag.py:3954} INFO - Setting next_dagrun for example_sla_dag to 2025-11-25 15:28:00+00:00, run_after=2025-11-25 15:30:00+00:00
[2025-11-25T15:30:38.198+0000] {processor.py:183} INFO - Processing /home/airflow/.local/lib/python3.12/site-packages/airflow/example_dags/example_sla_dag.py took 0.033 seconds
[2025-11-25T15:31:09.240+0000] {processor.py:161} INFO - Started process (PID=4899) to work on /home/airflow/.local/lib/python3.12/site-packages/airflow/example_dags/example_sla_dag.py
[2025-11-25T15:31:09.241+0000] {processor.py:830} INFO - Processing file /home/airflow/.local/lib/python3.12/site-packages/airflow/example_dags/example_sla_dag.py for tasks to queue
[2025-11-25T15:31:09.244+0000] {logging_mixin.py:188} INFO - [2025-11-25T15:31:09.243+0000] {dagbag.py:545} INFO - Filling up the DagBag from /home/airflow/.local/lib/python3.12/site-packages/airflow/example_dags/example_sla_dag.py
[2025-11-25T15:31:09.249+0000] {processor.py:840} INFO - DAG(s) 'example_sla_dag' retrieved from /home/airflow/.local/lib/python3.12/site-packages/airflow/example_dags/example_sla_dag.py
[2025-11-25T15:31:09.257+0000] {logging_mixin.py:188} INFO - [2025-11-25T15:31:09.257+0000] {dag.py:3096} INFO - Sync 1 DAGs
[2025-11-25T15:31:09.265+0000] {logging_mixin.py:188} INFO - [2025-11-25T15:31:09.265+0000] {dag.py:3954} INFO - Setting next_dagrun for example_sla_dag to 2025-11-25 15:28:00+00:00, run_after=2025-11-25 15:30:00+00:00
[2025-11-25T15:31:09.272+0000] {processor.py:183} INFO - Processing /home/airflow/.local/lib/python3.12/site-packages/airflow/example_dags/example_sla_dag.py took 0.035 seconds
[2025-11-25T15:31:39.976+0000] {processor.py:161} INFO - Started process (PID=4958) to work on /home/airflow/.local/lib/python3.12/site-packages/airflow/example_dags/example_sla_dag.py
[2025-11-25T15:31:39.977+0000] {processor.py:830} INFO - Processing file /home/airflow/.local/lib/python3.12/site-packages/airflow/example_dags/example_sla_dag.py for tasks to queue
[2025-11-25T15:31:39.977+0000] {logging_mixin.py:188} INFO - [2025-11-25T15:31:39.977+0000] {dagbag.py:545} INFO - Filling up the DagBag from /home/airflow/.local/lib/python3.12/site-packages/airflow/example_dags/example_sla_dag.py
[2025-11-25T15:31:39.981+0000] {processor.py:840} INFO - DAG(s) 'example_sla_dag' retrieved from /home/airflow/.local/lib/python3.12/site-packages/airflow/example_dags/example_sla_dag.py
[2025-11-25T15:31:39.989+0000] {logging_mixin.py:188} INFO - [2025-11-25T15:31:39.989+0000] {dag.py:3096} INFO - Sync 1 DAGs
[2025-11-25T15:31:39.998+0000] {logging_mixin.py:188} INFO - [2025-11-25T15:31:39.997+0000] {dag.py:3954} INFO - Setting next_dagrun for example_sla_dag to 2025-11-25 15:28:00+00:00, run_after=2025-11-25 15:30:00+00:00
[2025-11-25T15:31:40.005+0000] {processor.py:183} INFO - Processing /home/airflow/.local/lib/python3.12/site-packages/airflow/example_dags/example_sla_dag.py took 0.031 seconds
[2025-11-25T15:32:10.946+0000] {processor.py:161} INFO - Started process (PID=5016) to work on /home/airflow/.local/lib/python3.12/site-packages/airflow/example_dags/example_sla_dag.py
[2025-11-25T15:32:10.948+0000] {processor.py:830} INFO - Processing file /home/airflow/.local/lib/python3.12/site-packages/airflow/example_dags/example_sla_dag.py for tasks to queue
[2025-11-25T15:32:10.948+0000] {logging_mixin.py:188} INFO - [2025-11-25T15:32:10.948+0000] {dagbag.py:545} INFO - Filling up the DagBag from /home/airflow/.local/lib/python3.12/site-packages/airflow/example_dags/example_sla_dag.py
[2025-11-25T15:32:10.952+0000] {processor.py:840} INFO - DAG(s) 'example_sla_dag' retrieved from /home/airflow/.local/lib/python3.12/site-packages/airflow/example_dags/example_sla_dag.py
[2025-11-25T15:32:10.962+0000] {logging_mixin.py:188} INFO - [2025-11-25T15:32:10.962+0000] {dag.py:3096} INFO - Sync 1 DAGs
[2025-11-25T15:32:10.971+0000] {logging_mixin.py:188} INFO - [2025-11-25T15:32:10.971+0000] {dag.py:3954} INFO - Setting next_dagrun for example_sla_dag to 2025-11-25 15:30:00+00:00, run_after=2025-11-25 15:32:00+00:00
[2025-11-25T15:32:10.977+0000] {processor.py:183} INFO - Processing /home/airflow/.local/lib/python3.12/site-packages/airflow/example_dags/example_sla_dag.py took 0.033 seconds
[2025-11-25T15:32:41.059+0000] {processor.py:161} INFO - Started process (PID=5074) to work on /home/airflow/.local/lib/python3.12/site-packages/airflow/example_dags/example_sla_dag.py
[2025-11-25T15:32:41.060+0000] {processor.py:830} INFO - Processing file /home/airflow/.local/lib/python3.12/site-packages/airflow/example_dags/example_sla_dag.py for tasks to queue
[2025-11-25T15:32:41.061+0000] {logging_mixin.py:188} INFO - [2025-11-25T15:32:41.061+0000] {dagbag.py:545} INFO - Filling up the DagBag from /home/airflow/.local/lib/python3.12/site-packages/airflow/example_dags/example_sla_dag.py
[2025-11-25T15:32:41.065+0000] {processor.py:840} INFO - DAG(s) 'example_sla_dag' retrieved from /home/airflow/.local/lib/python3.12/site-packages/airflow/example_dags/example_sla_dag.py
[2025-11-25T15:32:41.074+0000] {logging_mixin.py:188} INFO - [2025-11-25T15:32:41.074+0000] {dag.py:3096} INFO - Sync 1 DAGs
[2025-11-25T15:32:41.085+0000] {logging_mixin.py:188} INFO - [2025-11-25T15:32:41.085+0000] {dag.py:3954} INFO - Setting next_dagrun for example_sla_dag to 2025-11-25 15:30:00+00:00, run_after=2025-11-25 15:32:00+00:00
[2025-11-25T15:32:41.094+0000] {processor.py:183} INFO - Processing /home/airflow/.local/lib/python3.12/site-packages/airflow/example_dags/example_sla_dag.py took 0.037 seconds
[2025-11-25T15:33:11.805+0000] {processor.py:161} INFO - Started process (PID=5132) to work on /home/airflow/.local/lib/python3.12/site-packages/airflow/example_dags/example_sla_dag.py
[2025-11-25T15:33:11.806+0000] {processor.py:830} INFO - Processing file /home/airflow/.local/lib/python3.12/site-packages/airflow/example_dags/example_sla_dag.py for tasks to queue
[2025-11-25T15:33:11.807+0000] {logging_mixin.py:188} INFO - [2025-11-25T15:33:11.807+0000] {dagbag.py:545} INFO - Filling up the DagBag from /home/airflow/.local/lib/python3.12/site-packages/airflow/example_dags/example_sla_dag.py
[2025-11-25T15:33:11.811+0000] {processor.py:840} INFO - DAG(s) 'example_sla_dag' retrieved from /home/airflow/.local/lib/python3.12/site-packages/airflow/example_dags/example_sla_dag.py
[2025-11-25T15:33:11.823+0000] {logging_mixin.py:188} INFO - [2025-11-25T15:33:11.823+0000] {dag.py:3096} INFO - Sync 1 DAGs
[2025-11-25T15:33:11.834+0000] {logging_mixin.py:188} INFO - [2025-11-25T15:33:11.834+0000] {dag.py:3954} INFO - Setting next_dagrun for example_sla_dag to 2025-11-25 15:30:00+00:00, run_after=2025-11-25 15:32:00+00:00
[2025-11-25T15:33:11.844+0000] {processor.py:183} INFO - Processing /home/airflow/.local/lib/python3.12/site-packages/airflow/example_dags/example_sla_dag.py took 0.041 seconds
[2025-11-25T15:33:42.063+0000] {processor.py:161} INFO - Started process (PID=5190) to work on /home/airflow/.local/lib/python3.12/site-packages/airflow/example_dags/example_sla_dag.py
[2025-11-25T15:33:42.063+0000] {processor.py:830} INFO - Processing file /home/airflow/.local/lib/python3.12/site-packages/airflow/example_dags/example_sla_dag.py for tasks to queue
[2025-11-25T15:33:42.064+0000] {logging_mixin.py:188} INFO - [2025-11-25T15:33:42.064+0000] {dagbag.py:545} INFO - Filling up the DagBag from /home/airflow/.local/lib/python3.12/site-packages/airflow/example_dags/example_sla_dag.py
[2025-11-25T15:33:42.091+0000] {processor.py:840} INFO - DAG(s) 'example_sla_dag' retrieved from /home/airflow/.local/lib/python3.12/site-packages/airflow/example_dags/example_sla_dag.py
[2025-11-25T15:33:42.106+0000] {logging_mixin.py:188} INFO - [2025-11-25T15:33:42.106+0000] {dag.py:3096} INFO - Sync 1 DAGs
[2025-11-25T15:33:42.117+0000] {logging_mixin.py:188} INFO - [2025-11-25T15:33:42.117+0000] {dag.py:3954} INFO - Setting next_dagrun for example_sla_dag to 2025-11-25 15:30:00+00:00, run_after=2025-11-25 15:32:00+00:00
[2025-11-25T15:33:42.126+0000] {processor.py:183} INFO - Processing /home/airflow/.local/lib/python3.12/site-packages/airflow/example_dags/example_sla_dag.py took 0.066 seconds
[2025-11-25T15:34:12.232+0000] {processor.py:161} INFO - Started process (PID=5248) to work on /home/airflow/.local/lib/python3.12/site-packages/airflow/example_dags/example_sla_dag.py
[2025-11-25T15:34:12.233+0000] {processor.py:830} INFO - Processing file /home/airflow/.local/lib/python3.12/site-packages/airflow/example_dags/example_sla_dag.py for tasks to queue
[2025-11-25T15:34:12.234+0000] {logging_mixin.py:188} INFO - [2025-11-25T15:34:12.234+0000] {dagbag.py:545} INFO - Filling up the DagBag from /home/airflow/.local/lib/python3.12/site-packages/airflow/example_dags/example_sla_dag.py
[2025-11-25T15:34:12.239+0000] {processor.py:840} INFO - DAG(s) 'example_sla_dag' retrieved from /home/airflow/.local/lib/python3.12/site-packages/airflow/example_dags/example_sla_dag.py
[2025-11-25T15:34:12.250+0000] {logging_mixin.py:188} INFO - [2025-11-25T15:34:12.250+0000] {dag.py:3096} INFO - Sync 1 DAGs
[2025-11-25T15:34:12.257+0000] {logging_mixin.py:188} INFO - [2025-11-25T15:34:12.257+0000] {dag.py:3954} INFO - Setting next_dagrun for example_sla_dag to 2025-11-25 15:32:00+00:00, run_after=2025-11-25 15:34:00+00:00
[2025-11-25T15:34:12.266+0000] {processor.py:183} INFO - Processing /home/airflow/.local/lib/python3.12/site-packages/airflow/example_dags/example_sla_dag.py took 0.037 seconds
[2025-11-25T15:34:43.147+0000] {processor.py:161} INFO - Started process (PID=5306) to work on /home/airflow/.local/lib/python3.12/site-packages/airflow/example_dags/example_sla_dag.py
[2025-11-25T15:34:43.148+0000] {processor.py:830} INFO - Processing file /home/airflow/.local/lib/python3.12/site-packages/airflow/example_dags/example_sla_dag.py for tasks to queue
[2025-11-25T15:34:43.148+0000] {logging_mixin.py:188} INFO - [2025-11-25T15:34:43.148+0000] {dagbag.py:545} INFO - Filling up the DagBag from /home/airflow/.local/lib/python3.12/site-packages/airflow/example_dags/example_sla_dag.py
[2025-11-25T15:34:43.155+0000] {processor.py:840} INFO - DAG(s) 'example_sla_dag' retrieved from /home/airflow/.local/lib/python3.12/site-packages/airflow/example_dags/example_sla_dag.py
[2025-11-25T15:34:43.165+0000] {logging_mixin.py:188} INFO - [2025-11-25T15:34:43.165+0000] {dag.py:3096} INFO - Sync 1 DAGs
[2025-11-25T15:34:43.174+0000] {logging_mixin.py:188} INFO - [2025-11-25T15:34:43.174+0000] {dag.py:3954} INFO - Setting next_dagrun for example_sla_dag to 2025-11-25 15:32:00+00:00, run_after=2025-11-25 15:34:00+00:00
[2025-11-25T15:34:43.182+0000] {processor.py:183} INFO - Processing /home/airflow/.local/lib/python3.12/site-packages/airflow/example_dags/example_sla_dag.py took 0.038 seconds
[2025-11-25T15:35:13.436+0000] {processor.py:161} INFO - Started process (PID=5364) to work on /home/airflow/.local/lib/python3.12/site-packages/airflow/example_dags/example_sla_dag.py
[2025-11-25T15:35:13.437+0000] {processor.py:830} INFO - Processing file /home/airflow/.local/lib/python3.12/site-packages/airflow/example_dags/example_sla_dag.py for tasks to queue
[2025-11-25T15:35:13.438+0000] {logging_mixin.py:188} INFO - [2025-11-25T15:35:13.438+0000] {dagbag.py:545} INFO - Filling up the DagBag from /home/airflow/.local/lib/python3.12/site-packages/airflow/example_dags/example_sla_dag.py
[2025-11-25T15:35:13.443+0000] {processor.py:840} INFO - DAG(s) 'example_sla_dag' retrieved from /home/airflow/.local/lib/python3.12/site-packages/airflow/example_dags/example_sla_dag.py
[2025-11-25T15:35:13.453+0000] {logging_mixin.py:188} INFO - [2025-11-25T15:35:13.453+0000] {dag.py:3096} INFO - Sync 1 DAGs
[2025-11-25T15:35:13.462+0000] {logging_mixin.py:188} INFO - [2025-11-25T15:35:13.462+0000] {dag.py:3954} INFO - Setting next_dagrun for example_sla_dag to 2025-11-25 15:32:00+00:00, run_after=2025-11-25 15:34:00+00:00
[2025-11-25T15:35:13.471+0000] {processor.py:183} INFO - Processing /home/airflow/.local/lib/python3.12/site-packages/airflow/example_dags/example_sla_dag.py took 0.037 seconds
[2025-11-25T15:35:43.724+0000] {processor.py:161} INFO - Started process (PID=5422) to work on /home/airflow/.local/lib/python3.12/site-packages/airflow/example_dags/example_sla_dag.py
[2025-11-25T15:35:43.725+0000] {processor.py:830} INFO - Processing file /home/airflow/.local/lib/python3.12/site-packages/airflow/example_dags/example_sla_dag.py for tasks to queue
[2025-11-25T15:35:43.725+0000] {logging_mixin.py:188} INFO - [2025-11-25T15:35:43.725+0000] {dagbag.py:545} INFO - Filling up the DagBag from /home/airflow/.local/lib/python3.12/site-packages/airflow/example_dags/example_sla_dag.py
[2025-11-25T15:35:43.729+0000] {processor.py:840} INFO - DAG(s) 'example_sla_dag' retrieved from /home/airflow/.local/lib/python3.12/site-packages/airflow/example_dags/example_sla_dag.py
[2025-11-25T15:35:43.736+0000] {logging_mixin.py:188} INFO - [2025-11-25T15:35:43.736+0000] {dag.py:3096} INFO - Sync 1 DAGs
[2025-11-25T15:35:43.743+0000] {logging_mixin.py:188} INFO - [2025-11-25T15:35:43.743+0000] {dag.py:3954} INFO - Setting next_dagrun for example_sla_dag to 2025-11-25 15:32:00+00:00, run_after=2025-11-25 15:34:00+00:00
[2025-11-25T15:35:43.749+0000] {processor.py:183} INFO - Processing /home/airflow/.local/lib/python3.12/site-packages/airflow/example_dags/example_sla_dag.py took 0.027 seconds
[2025-11-25T15:36:14.016+0000] {processor.py:161} INFO - Started process (PID=5480) to work on /home/airflow/.local/lib/python3.12/site-packages/airflow/example_dags/example_sla_dag.py
[2025-11-25T15:36:14.017+0000] {processor.py:830} INFO - Processing file /home/airflow/.local/lib/python3.12/site-packages/airflow/example_dags/example_sla_dag.py for tasks to queue
[2025-11-25T15:36:14.018+0000] {logging_mixin.py:188} INFO - [2025-11-25T15:36:14.018+0000] {dagbag.py:545} INFO - Filling up the DagBag from /home/airflow/.local/lib/python3.12/site-packages/airflow/example_dags/example_sla_dag.py
[2025-11-25T15:36:14.021+0000] {processor.py:840} INFO - DAG(s) 'example_sla_dag' retrieved from /home/airflow/.local/lib/python3.12/site-packages/airflow/example_dags/example_sla_dag.py
[2025-11-25T15:36:14.031+0000] {logging_mixin.py:188} INFO - [2025-11-25T15:36:14.031+0000] {dag.py:3096} INFO - Sync 1 DAGs
[2025-11-25T15:36:14.041+0000] {logging_mixin.py:188} INFO - [2025-11-25T15:36:14.040+0000] {dag.py:3954} INFO - Setting next_dagrun for example_sla_dag to 2025-11-25 15:34:00+00:00, run_after=2025-11-25 15:36:00+00:00
[2025-11-25T15:36:14.050+0000] {processor.py:183} INFO - Processing /home/airflow/.local/lib/python3.12/site-packages/airflow/example_dags/example_sla_dag.py took 0.036 seconds
[2025-11-25T15:36:44.251+0000] {processor.py:161} INFO - Started process (PID=5538) to work on /home/airflow/.local/lib/python3.12/site-packages/airflow/example_dags/example_sla_dag.py
[2025-11-25T15:36:44.251+0000] {processor.py:830} INFO - Processing file /home/airflow/.local/lib/python3.12/site-packages/airflow/example_dags/example_sla_dag.py for tasks to queue
[2025-11-25T15:36:44.252+0000] {logging_mixin.py:188} INFO - [2025-11-25T15:36:44.252+0000] {dagbag.py:545} INFO - Filling up the DagBag from /home/airflow/.local/lib/python3.12/site-packages/airflow/example_dags/example_sla_dag.py
[2025-11-25T15:36:44.256+0000] {processor.py:840} INFO - DAG(s) 'example_sla_dag' retrieved from /home/airflow/.local/lib/python3.12/site-packages/airflow/example_dags/example_sla_dag.py
[2025-11-25T15:36:44.265+0000] {logging_mixin.py:188} INFO - [2025-11-25T15:36:44.265+0000] {dag.py:3096} INFO - Sync 1 DAGs
[2025-11-25T15:36:44.275+0000] {logging_mixin.py:188} INFO - [2025-11-25T15:36:44.275+0000] {dag.py:3954} INFO - Setting next_dagrun for example_sla_dag to 2025-11-25 15:34:00+00:00, run_after=2025-11-25 15:36:00+00:00
[2025-11-25T15:36:44.283+0000] {processor.py:183} INFO - Processing /home/airflow/.local/lib/python3.12/site-packages/airflow/example_dags/example_sla_dag.py took 0.034 seconds
[2025-11-25T15:37:14.711+0000] {processor.py:161} INFO - Started process (PID=5596) to work on /home/airflow/.local/lib/python3.12/site-packages/airflow/example_dags/example_sla_dag.py
[2025-11-25T15:37:14.713+0000] {processor.py:830} INFO - Processing file /home/airflow/.local/lib/python3.12/site-packages/airflow/example_dags/example_sla_dag.py for tasks to queue
[2025-11-25T15:37:14.714+0000] {logging_mixin.py:188} INFO - [2025-11-25T15:37:14.714+0000] {dagbag.py:545} INFO - Filling up the DagBag from /home/airflow/.local/lib/python3.12/site-packages/airflow/example_dags/example_sla_dag.py
[2025-11-25T15:37:14.718+0000] {processor.py:840} INFO - DAG(s) 'example_sla_dag' retrieved from /home/airflow/.local/lib/python3.12/site-packages/airflow/example_dags/example_sla_dag.py
[2025-11-25T15:37:14.728+0000] {logging_mixin.py:188} INFO - [2025-11-25T15:37:14.728+0000] {dag.py:3096} INFO - Sync 1 DAGs
[2025-11-25T15:37:14.741+0000] {logging_mixin.py:188} INFO - [2025-11-25T15:37:14.741+0000] {dag.py:3954} INFO - Setting next_dagrun for example_sla_dag to 2025-11-25 15:34:00+00:00, run_after=2025-11-25 15:36:00+00:00
[2025-11-25T15:37:14.752+0000] {processor.py:183} INFO - Processing /home/airflow/.local/lib/python3.12/site-packages/airflow/example_dags/example_sla_dag.py took 0.043 seconds
[2025-11-25T15:37:45.763+0000] {processor.py:161} INFO - Started process (PID=5654) to work on /home/airflow/.local/lib/python3.12/site-packages/airflow/example_dags/example_sla_dag.py
[2025-11-25T15:37:45.764+0000] {processor.py:830} INFO - Processing file /home/airflow/.local/lib/python3.12/site-packages/airflow/example_dags/example_sla_dag.py for tasks to queue
[2025-11-25T15:37:45.764+0000] {logging_mixin.py:188} INFO - [2025-11-25T15:37:45.764+0000] {dagbag.py:545} INFO - Filling up the DagBag from /home/airflow/.local/lib/python3.12/site-packages/airflow/example_dags/example_sla_dag.py
[2025-11-25T15:37:45.768+0000] {processor.py:840} INFO - DAG(s) 'example_sla_dag' retrieved from /home/airflow/.local/lib/python3.12/site-packages/airflow/example_dags/example_sla_dag.py
[2025-11-25T15:37:45.775+0000] {logging_mixin.py:188} INFO - [2025-11-25T15:37:45.775+0000] {dag.py:3096} INFO - Sync 1 DAGs
[2025-11-25T15:37:45.786+0000] {logging_mixin.py:188} INFO - [2025-11-25T15:37:45.786+0000] {dag.py:3954} INFO - Setting next_dagrun for example_sla_dag to 2025-11-25 15:34:00+00:00, run_after=2025-11-25 15:36:00+00:00
[2025-11-25T15:37:45.793+0000] {processor.py:183} INFO - Processing /home/airflow/.local/lib/python3.12/site-packages/airflow/example_dags/example_sla_dag.py took 0.032 seconds
[2025-11-25T15:38:15.905+0000] {processor.py:161} INFO - Started process (PID=5712) to work on /home/airflow/.local/lib/python3.12/site-packages/airflow/example_dags/example_sla_dag.py
[2025-11-25T15:38:15.906+0000] {processor.py:830} INFO - Processing file /home/airflow/.local/lib/python3.12/site-packages/airflow/example_dags/example_sla_dag.py for tasks to queue
[2025-11-25T15:38:15.906+0000] {logging_mixin.py:188} INFO - [2025-11-25T15:38:15.906+0000] {dagbag.py:545} INFO - Filling up the DagBag from /home/airflow/.local/lib/python3.12/site-packages/airflow/example_dags/example_sla_dag.py
[2025-11-25T15:38:15.910+0000] {processor.py:840} INFO - DAG(s) 'example_sla_dag' retrieved from /home/airflow/.local/lib/python3.12/site-packages/airflow/example_dags/example_sla_dag.py
[2025-11-25T15:38:15.920+0000] {logging_mixin.py:188} INFO - [2025-11-25T15:38:15.920+0000] {dag.py:3096} INFO - Sync 1 DAGs
[2025-11-25T15:38:15.929+0000] {logging_mixin.py:188} INFO - [2025-11-25T15:38:15.929+0000] {dag.py:3954} INFO - Setting next_dagrun for example_sla_dag to 2025-11-25 15:36:00+00:00, run_after=2025-11-25 15:38:00+00:00
[2025-11-25T15:38:15.938+0000] {processor.py:183} INFO - Processing /home/airflow/.local/lib/python3.12/site-packages/airflow/example_dags/example_sla_dag.py took 0.035 seconds
[2025-11-25T15:38:46.115+0000] {processor.py:161} INFO - Started process (PID=5770) to work on /home/airflow/.local/lib/python3.12/site-packages/airflow/example_dags/example_sla_dag.py
[2025-11-25T15:38:46.117+0000] {processor.py:830} INFO - Processing file /home/airflow/.local/lib/python3.12/site-packages/airflow/example_dags/example_sla_dag.py for tasks to queue
[2025-11-25T15:38:46.118+0000] {logging_mixin.py:188} INFO - [2025-11-25T15:38:46.117+0000] {dagbag.py:545} INFO - Filling up the DagBag from /home/airflow/.local/lib/python3.12/site-packages/airflow/example_dags/example_sla_dag.py
[2025-11-25T15:38:46.121+0000] {processor.py:840} INFO - DAG(s) 'example_sla_dag' retrieved from /home/airflow/.local/lib/python3.12/site-packages/airflow/example_dags/example_sla_dag.py
[2025-11-25T15:38:46.128+0000] {logging_mixin.py:188} INFO - [2025-11-25T15:38:46.128+0000] {dag.py:3096} INFO - Sync 1 DAGs
[2025-11-25T15:38:46.136+0000] {logging_mixin.py:188} INFO - [2025-11-25T15:38:46.136+0000] {dag.py:3954} INFO - Setting next_dagrun for example_sla_dag to 2025-11-25 15:36:00+00:00, run_after=2025-11-25 15:38:00+00:00
[2025-11-25T15:38:46.143+0000] {processor.py:183} INFO - Processing /home/airflow/.local/lib/python3.12/site-packages/airflow/example_dags/example_sla_dag.py took 0.030 seconds
[2025-11-25T15:39:16.688+0000] {processor.py:161} INFO - Started process (PID=5828) to work on /home/airflow/.local/lib/python3.12/site-packages/airflow/example_dags/example_sla_dag.py
[2025-11-25T15:39:16.689+0000] {processor.py:830} INFO - Processing file /home/airflow/.local/lib/python3.12/site-packages/airflow/example_dags/example_sla_dag.py for tasks to queue
[2025-11-25T15:39:16.690+0000] {logging_mixin.py:188} INFO - [2025-11-25T15:39:16.690+0000] {dagbag.py:545} INFO - Filling up the DagBag from /home/airflow/.local/lib/python3.12/site-packages/airflow/example_dags/example_sla_dag.py
[2025-11-25T15:39:16.693+0000] {processor.py:840} INFO - DAG(s) 'example_sla_dag' retrieved from /home/airflow/.local/lib/python3.12/site-packages/airflow/example_dags/example_sla_dag.py
[2025-11-25T15:39:16.702+0000] {logging_mixin.py:188} INFO - [2025-11-25T15:39:16.702+0000] {dag.py:3096} INFO - Sync 1 DAGs
[2025-11-25T15:39:16.712+0000] {logging_mixin.py:188} INFO - [2025-11-25T15:39:16.712+0000] {dag.py:3954} INFO - Setting next_dagrun for example_sla_dag to 2025-11-25 15:36:00+00:00, run_after=2025-11-25 15:38:00+00:00
[2025-11-25T15:39:16.721+0000] {processor.py:183} INFO - Processing /home/airflow/.local/lib/python3.12/site-packages/airflow/example_dags/example_sla_dag.py took 0.035 seconds
[2025-11-25T15:39:47.091+0000] {processor.py:161} INFO - Started process (PID=5886) to work on /home/airflow/.local/lib/python3.12/site-packages/airflow/example_dags/example_sla_dag.py
[2025-11-25T15:39:47.092+0000] {processor.py:830} INFO - Processing file /home/airflow/.local/lib/python3.12/site-packages/airflow/example_dags/example_sla_dag.py for tasks to queue
[2025-11-25T15:39:47.094+0000] {logging_mixin.py:188} INFO - [2025-11-25T15:39:47.093+0000] {dagbag.py:545} INFO - Filling up the DagBag from /home/airflow/.local/lib/python3.12/site-packages/airflow/example_dags/example_sla_dag.py
[2025-11-25T15:39:47.098+0000] {processor.py:840} INFO - DAG(s) 'example_sla_dag' retrieved from /home/airflow/.local/lib/python3.12/site-packages/airflow/example_dags/example_sla_dag.py
[2025-11-25T15:39:47.110+0000] {logging_mixin.py:188} INFO - [2025-11-25T15:39:47.110+0000] {dag.py:3096} INFO - Sync 1 DAGs
[2025-11-25T15:39:47.120+0000] {logging_mixin.py:188} INFO - [2025-11-25T15:39:47.120+0000] {dag.py:3954} INFO - Setting next_dagrun for example_sla_dag to 2025-11-25 15:36:00+00:00, run_after=2025-11-25 15:38:00+00:00
[2025-11-25T15:39:47.130+0000] {processor.py:183} INFO - Processing /home/airflow/.local/lib/python3.12/site-packages/airflow/example_dags/example_sla_dag.py took 0.041 seconds
[2025-11-25T15:40:17.226+0000] {processor.py:161} INFO - Started process (PID=5944) to work on /home/airflow/.local/lib/python3.12/site-packages/airflow/example_dags/example_sla_dag.py
[2025-11-25T15:40:17.226+0000] {processor.py:830} INFO - Processing file /home/airflow/.local/lib/python3.12/site-packages/airflow/example_dags/example_sla_dag.py for tasks to queue
[2025-11-25T15:40:17.227+0000] {logging_mixin.py:188} INFO - [2025-11-25T15:40:17.227+0000] {dagbag.py:545} INFO - Filling up the DagBag from /home/airflow/.local/lib/python3.12/site-packages/airflow/example_dags/example_sla_dag.py
[2025-11-25T15:40:17.230+0000] {processor.py:840} INFO - DAG(s) 'example_sla_dag' retrieved from /home/airflow/.local/lib/python3.12/site-packages/airflow/example_dags/example_sla_dag.py
[2025-11-25T15:40:17.241+0000] {logging_mixin.py:188} INFO - [2025-11-25T15:40:17.241+0000] {dag.py:3096} INFO - Sync 1 DAGs
[2025-11-25T15:40:17.250+0000] {logging_mixin.py:188} INFO - [2025-11-25T15:40:17.249+0000] {dag.py:3954} INFO - Setting next_dagrun for example_sla_dag to 2025-11-25 15:38:00+00:00, run_after=2025-11-25 15:40:00+00:00
[2025-11-25T15:40:17.258+0000] {processor.py:183} INFO - Processing /home/airflow/.local/lib/python3.12/site-packages/airflow/example_dags/example_sla_dag.py took 0.035 seconds
[2025-11-25T15:40:48.073+0000] {processor.py:161} INFO - Started process (PID=6002) to work on /home/airflow/.local/lib/python3.12/site-packages/airflow/example_dags/example_sla_dag.py
[2025-11-25T15:40:48.073+0000] {processor.py:830} INFO - Processing file /home/airflow/.local/lib/python3.12/site-packages/airflow/example_dags/example_sla_dag.py for tasks to queue
[2025-11-25T15:40:48.075+0000] {logging_mixin.py:188} INFO - [2025-11-25T15:40:48.075+0000] {dagbag.py:545} INFO - Filling up the DagBag from /home/airflow/.local/lib/python3.12/site-packages/airflow/example_dags/example_sla_dag.py
[2025-11-25T15:40:48.079+0000] {processor.py:840} INFO - DAG(s) 'example_sla_dag' retrieved from /home/airflow/.local/lib/python3.12/site-packages/airflow/example_dags/example_sla_dag.py
[2025-11-25T15:40:48.089+0000] {logging_mixin.py:188} INFO - [2025-11-25T15:40:48.089+0000] {dag.py:3096} INFO - Sync 1 DAGs
[2025-11-25T15:40:48.099+0000] {logging_mixin.py:188} INFO - [2025-11-25T15:40:48.099+0000] {dag.py:3954} INFO - Setting next_dagrun for example_sla_dag to 2025-11-25 15:38:00+00:00, run_after=2025-11-25 15:40:00+00:00
[2025-11-25T15:40:48.107+0000] {processor.py:183} INFO - Processing /home/airflow/.local/lib/python3.12/site-packages/airflow/example_dags/example_sla_dag.py took 0.036 seconds
[2025-11-25T15:41:19.726+0000] {processor.py:161} INFO - Started process (PID=6059) to work on /home/airflow/.local/lib/python3.12/site-packages/airflow/example_dags/example_sla_dag.py
[2025-11-25T15:41:19.735+0000] {processor.py:830} INFO - Processing file /home/airflow/.local/lib/python3.12/site-packages/airflow/example_dags/example_sla_dag.py for tasks to queue
[2025-11-25T15:41:19.741+0000] {logging_mixin.py:188} INFO - [2025-11-25T15:41:19.740+0000] {dagbag.py:545} INFO - Filling up the DagBag from /home/airflow/.local/lib/python3.12/site-packages/airflow/example_dags/example_sla_dag.py
[2025-11-25T15:41:19.768+0000] {processor.py:840} INFO - DAG(s) 'example_sla_dag' retrieved from /home/airflow/.local/lib/python3.12/site-packages/airflow/example_dags/example_sla_dag.py
[2025-11-25T15:41:20.056+0000] {logging_mixin.py:188} INFO - [2025-11-25T15:41:20.049+0000] {dag.py:3096} INFO - Sync 1 DAGs
[2025-11-25T15:41:20.128+0000] {logging_mixin.py:188} INFO - [2025-11-25T15:41:20.128+0000] {dag.py:3954} INFO - Setting next_dagrun for example_sla_dag to 2025-11-25 15:38:00+00:00, run_after=2025-11-25 15:40:00+00:00
[2025-11-25T15:41:20.190+0000] {processor.py:183} INFO - Processing /home/airflow/.local/lib/python3.12/site-packages/airflow/example_dags/example_sla_dag.py took 0.491 seconds
[2025-11-25T15:41:51.109+0000] {processor.py:161} INFO - Started process (PID=6117) to work on /home/airflow/.local/lib/python3.12/site-packages/airflow/example_dags/example_sla_dag.py
[2025-11-25T15:41:51.112+0000] {processor.py:830} INFO - Processing file /home/airflow/.local/lib/python3.12/site-packages/airflow/example_dags/example_sla_dag.py for tasks to queue
[2025-11-25T15:41:51.119+0000] {logging_mixin.py:188} INFO - [2025-11-25T15:41:51.119+0000] {dagbag.py:545} INFO - Filling up the DagBag from /home/airflow/.local/lib/python3.12/site-packages/airflow/example_dags/example_sla_dag.py
[2025-11-25T15:41:51.132+0000] {processor.py:840} INFO - DAG(s) 'example_sla_dag' retrieved from /home/airflow/.local/lib/python3.12/site-packages/airflow/example_dags/example_sla_dag.py
[2025-11-25T15:41:51.173+0000] {logging_mixin.py:188} INFO - [2025-11-25T15:41:51.173+0000] {dag.py:3096} INFO - Sync 1 DAGs
[2025-11-25T15:41:51.212+0000] {logging_mixin.py:188} INFO - [2025-11-25T15:41:51.212+0000] {dag.py:3954} INFO - Setting next_dagrun for example_sla_dag to 2025-11-25 15:38:00+00:00, run_after=2025-11-25 15:40:00+00:00
[2025-11-25T15:41:51.236+0000] {processor.py:183} INFO - Processing /home/airflow/.local/lib/python3.12/site-packages/airflow/example_dags/example_sla_dag.py took 0.139 seconds
[2025-11-25T15:42:21.999+0000] {processor.py:161} INFO - Started process (PID=6175) to work on /home/airflow/.local/lib/python3.12/site-packages/airflow/example_dags/example_sla_dag.py
[2025-11-25T15:42:22.001+0000] {processor.py:830} INFO - Processing file /home/airflow/.local/lib/python3.12/site-packages/airflow/example_dags/example_sla_dag.py for tasks to queue
[2025-11-25T15:42:22.002+0000] {logging_mixin.py:188} INFO - [2025-11-25T15:42:22.002+0000] {dagbag.py:545} INFO - Filling up the DagBag from /home/airflow/.local/lib/python3.12/site-packages/airflow/example_dags/example_sla_dag.py
[2025-11-25T15:42:22.015+0000] {processor.py:840} INFO - DAG(s) 'example_sla_dag' retrieved from /home/airflow/.local/lib/python3.12/site-packages/airflow/example_dags/example_sla_dag.py
[2025-11-25T15:42:22.030+0000] {logging_mixin.py:188} INFO - [2025-11-25T15:42:22.030+0000] {dag.py:3096} INFO - Sync 1 DAGs
[2025-11-25T15:42:22.041+0000] {logging_mixin.py:188} INFO - [2025-11-25T15:42:22.041+0000] {dag.py:3954} INFO - Setting next_dagrun for example_sla_dag to 2025-11-25 15:40:00+00:00, run_after=2025-11-25 15:42:00+00:00
[2025-11-25T15:42:22.051+0000] {processor.py:183} INFO - Processing /home/airflow/.local/lib/python3.12/site-packages/airflow/example_dags/example_sla_dag.py took 0.057 seconds
[2025-11-25T15:42:52.329+0000] {processor.py:161} INFO - Started process (PID=6233) to work on /home/airflow/.local/lib/python3.12/site-packages/airflow/example_dags/example_sla_dag.py
[2025-11-25T15:42:52.331+0000] {processor.py:830} INFO - Processing file /home/airflow/.local/lib/python3.12/site-packages/airflow/example_dags/example_sla_dag.py for tasks to queue
[2025-11-25T15:42:52.333+0000] {logging_mixin.py:188} INFO - [2025-11-25T15:42:52.333+0000] {dagbag.py:545} INFO - Filling up the DagBag from /home/airflow/.local/lib/python3.12/site-packages/airflow/example_dags/example_sla_dag.py
[2025-11-25T15:42:52.343+0000] {processor.py:840} INFO - DAG(s) 'example_sla_dag' retrieved from /home/airflow/.local/lib/python3.12/site-packages/airflow/example_dags/example_sla_dag.py
[2025-11-25T15:42:52.370+0000] {logging_mixin.py:188} INFO - [2025-11-25T15:42:52.369+0000] {dag.py:3096} INFO - Sync 1 DAGs
[2025-11-25T15:42:52.390+0000] {logging_mixin.py:188} INFO - [2025-11-25T15:42:52.390+0000] {dag.py:3954} INFO - Setting next_dagrun for example_sla_dag to 2025-11-25 15:40:00+00:00, run_after=2025-11-25 15:42:00+00:00
[2025-11-25T15:42:52.402+0000] {processor.py:183} INFO - Processing /home/airflow/.local/lib/python3.12/site-packages/airflow/example_dags/example_sla_dag.py took 0.079 seconds
[2025-11-25T15:43:22.703+0000] {processor.py:161} INFO - Started process (PID=6291) to work on /home/airflow/.local/lib/python3.12/site-packages/airflow/example_dags/example_sla_dag.py
[2025-11-25T15:43:22.704+0000] {processor.py:830} INFO - Processing file /home/airflow/.local/lib/python3.12/site-packages/airflow/example_dags/example_sla_dag.py for tasks to queue
[2025-11-25T15:43:22.708+0000] {logging_mixin.py:188} INFO - [2025-11-25T15:43:22.708+0000] {dagbag.py:545} INFO - Filling up the DagBag from /home/airflow/.local/lib/python3.12/site-packages/airflow/example_dags/example_sla_dag.py
[2025-11-25T15:43:22.714+0000] {processor.py:840} INFO - DAG(s) 'example_sla_dag' retrieved from /home/airflow/.local/lib/python3.12/site-packages/airflow/example_dags/example_sla_dag.py
[2025-11-25T15:43:22.728+0000] {logging_mixin.py:188} INFO - [2025-11-25T15:43:22.728+0000] {dag.py:3096} INFO - Sync 1 DAGs
[2025-11-25T15:43:22.741+0000] {logging_mixin.py:188} INFO - [2025-11-25T15:43:22.741+0000] {dag.py:3954} INFO - Setting next_dagrun for example_sla_dag to 2025-11-25 15:40:00+00:00, run_after=2025-11-25 15:42:00+00:00
[2025-11-25T15:43:22.756+0000] {processor.py:183} INFO - Processing /home/airflow/.local/lib/python3.12/site-packages/airflow/example_dags/example_sla_dag.py took 0.054 seconds
[2025-11-25T15:43:53.029+0000] {processor.py:161} INFO - Started process (PID=6349) to work on /home/airflow/.local/lib/python3.12/site-packages/airflow/example_dags/example_sla_dag.py
[2025-11-25T15:43:53.030+0000] {processor.py:830} INFO - Processing file /home/airflow/.local/lib/python3.12/site-packages/airflow/example_dags/example_sla_dag.py for tasks to queue
[2025-11-25T15:43:53.032+0000] {logging_mixin.py:188} INFO - [2025-11-25T15:43:53.032+0000] {dagbag.py:545} INFO - Filling up the DagBag from /home/airflow/.local/lib/python3.12/site-packages/airflow/example_dags/example_sla_dag.py
[2025-11-25T15:43:53.036+0000] {processor.py:840} INFO - DAG(s) 'example_sla_dag' retrieved from /home/airflow/.local/lib/python3.12/site-packages/airflow/example_dags/example_sla_dag.py
[2025-11-25T15:43:53.049+0000] {logging_mixin.py:188} INFO - [2025-11-25T15:43:53.049+0000] {dag.py:3096} INFO - Sync 1 DAGs
[2025-11-25T15:43:53.058+0000] {logging_mixin.py:188} INFO - [2025-11-25T15:43:53.058+0000] {dag.py:3954} INFO - Setting next_dagrun for example_sla_dag to 2025-11-25 15:40:00+00:00, run_after=2025-11-25 15:42:00+00:00
[2025-11-25T15:43:53.066+0000] {processor.py:183} INFO - Processing /home/airflow/.local/lib/python3.12/site-packages/airflow/example_dags/example_sla_dag.py took 0.040 seconds
[2025-11-25T15:44:23.877+0000] {processor.py:161} INFO - Started process (PID=6407) to work on /home/airflow/.local/lib/python3.12/site-packages/airflow/example_dags/example_sla_dag.py
[2025-11-25T15:44:23.878+0000] {processor.py:830} INFO - Processing file /home/airflow/.local/lib/python3.12/site-packages/airflow/example_dags/example_sla_dag.py for tasks to queue
[2025-11-25T15:44:23.878+0000] {logging_mixin.py:188} INFO - [2025-11-25T15:44:23.878+0000] {dagbag.py:545} INFO - Filling up the DagBag from /home/airflow/.local/lib/python3.12/site-packages/airflow/example_dags/example_sla_dag.py
[2025-11-25T15:44:23.883+0000] {processor.py:840} INFO - DAG(s) 'example_sla_dag' retrieved from /home/airflow/.local/lib/python3.12/site-packages/airflow/example_dags/example_sla_dag.py
[2025-11-25T15:44:23.892+0000] {logging_mixin.py:188} INFO - [2025-11-25T15:44:23.891+0000] {dag.py:3096} INFO - Sync 1 DAGs
[2025-11-25T15:44:23.904+0000] {logging_mixin.py:188} INFO - [2025-11-25T15:44:23.904+0000] {dag.py:3954} INFO - Setting next_dagrun for example_sla_dag to 2025-11-25 15:42:00+00:00, run_after=2025-11-25 15:44:00+00:00
[2025-11-25T15:44:23.911+0000] {processor.py:183} INFO - Processing /home/airflow/.local/lib/python3.12/site-packages/airflow/example_dags/example_sla_dag.py took 0.037 seconds
[2025-11-25T15:44:54.317+0000] {processor.py:161} INFO - Started process (PID=6465) to work on /home/airflow/.local/lib/python3.12/site-packages/airflow/example_dags/example_sla_dag.py
[2025-11-25T15:44:54.317+0000] {processor.py:830} INFO - Processing file /home/airflow/.local/lib/python3.12/site-packages/airflow/example_dags/example_sla_dag.py for tasks to queue
[2025-11-25T15:44:54.318+0000] {logging_mixin.py:188} INFO - [2025-11-25T15:44:54.318+0000] {dagbag.py:545} INFO - Filling up the DagBag from /home/airflow/.local/lib/python3.12/site-packages/airflow/example_dags/example_sla_dag.py
[2025-11-25T15:44:54.323+0000] {processor.py:840} INFO - DAG(s) 'example_sla_dag' retrieved from /home/airflow/.local/lib/python3.12/site-packages/airflow/example_dags/example_sla_dag.py
[2025-11-25T15:44:54.336+0000] {logging_mixin.py:188} INFO - [2025-11-25T15:44:54.336+0000] {dag.py:3096} INFO - Sync 1 DAGs
[2025-11-25T15:44:54.349+0000] {logging_mixin.py:188} INFO - [2025-11-25T15:44:54.349+0000] {dag.py:3954} INFO - Setting next_dagrun for example_sla_dag to 2025-11-25 15:42:00+00:00, run_after=2025-11-25 15:44:00+00:00
[2025-11-25T15:44:54.362+0000] {processor.py:183} INFO - Processing /home/airflow/.local/lib/python3.12/site-packages/airflow/example_dags/example_sla_dag.py took 0.048 seconds
[2025-11-25T15:45:24.450+0000] {processor.py:161} INFO - Started process (PID=6522) to work on /home/airflow/.local/lib/python3.12/site-packages/airflow/example_dags/example_sla_dag.py
[2025-11-25T15:45:24.451+0000] {processor.py:830} INFO - Processing file /home/airflow/.local/lib/python3.12/site-packages/airflow/example_dags/example_sla_dag.py for tasks to queue
[2025-11-25T15:45:24.454+0000] {logging_mixin.py:188} INFO - [2025-11-25T15:45:24.453+0000] {dagbag.py:545} INFO - Filling up the DagBag from /home/airflow/.local/lib/python3.12/site-packages/airflow/example_dags/example_sla_dag.py
[2025-11-25T15:45:24.461+0000] {processor.py:840} INFO - DAG(s) 'example_sla_dag' retrieved from /home/airflow/.local/lib/python3.12/site-packages/airflow/example_dags/example_sla_dag.py
[2025-11-25T15:45:24.477+0000] {logging_mixin.py:188} INFO - [2025-11-25T15:45:24.477+0000] {dag.py:3096} INFO - Sync 1 DAGs
[2025-11-25T15:45:24.489+0000] {logging_mixin.py:188} INFO - [2025-11-25T15:45:24.489+0000] {dag.py:3954} INFO - Setting next_dagrun for example_sla_dag to 2025-11-25 15:42:00+00:00, run_after=2025-11-25 15:44:00+00:00
[2025-11-25T15:45:24.498+0000] {processor.py:183} INFO - Processing /home/airflow/.local/lib/python3.12/site-packages/airflow/example_dags/example_sla_dag.py took 0.053 seconds
[2025-11-25T15:45:55.210+0000] {processor.py:161} INFO - Started process (PID=6582) to work on /home/airflow/.local/lib/python3.12/site-packages/airflow/example_dags/example_sla_dag.py
[2025-11-25T15:45:55.210+0000] {processor.py:830} INFO - Processing file /home/airflow/.local/lib/python3.12/site-packages/airflow/example_dags/example_sla_dag.py for tasks to queue
[2025-11-25T15:45:55.211+0000] {logging_mixin.py:188} INFO - [2025-11-25T15:45:55.211+0000] {dagbag.py:545} INFO - Filling up the DagBag from /home/airflow/.local/lib/python3.12/site-packages/airflow/example_dags/example_sla_dag.py
[2025-11-25T15:45:55.215+0000] {processor.py:840} INFO - DAG(s) 'example_sla_dag' retrieved from /home/airflow/.local/lib/python3.12/site-packages/airflow/example_dags/example_sla_dag.py
[2025-11-25T15:45:55.226+0000] {logging_mixin.py:188} INFO - [2025-11-25T15:45:55.225+0000] {dag.py:3096} INFO - Sync 1 DAGs
[2025-11-25T15:45:55.239+0000] {logging_mixin.py:188} INFO - [2025-11-25T15:45:55.239+0000] {dag.py:3954} INFO - Setting next_dagrun for example_sla_dag to 2025-11-25 15:42:00+00:00, run_after=2025-11-25 15:44:00+00:00
[2025-11-25T15:45:55.249+0000] {processor.py:183} INFO - Processing /home/airflow/.local/lib/python3.12/site-packages/airflow/example_dags/example_sla_dag.py took 0.042 seconds
[2025-11-25T15:46:25.962+0000] {processor.py:161} INFO - Started process (PID=6640) to work on /home/airflow/.local/lib/python3.12/site-packages/airflow/example_dags/example_sla_dag.py
[2025-11-25T15:46:25.963+0000] {processor.py:830} INFO - Processing file /home/airflow/.local/lib/python3.12/site-packages/airflow/example_dags/example_sla_dag.py for tasks to queue
[2025-11-25T15:46:25.964+0000] {logging_mixin.py:188} INFO - [2025-11-25T15:46:25.964+0000] {dagbag.py:545} INFO - Filling up the DagBag from /home/airflow/.local/lib/python3.12/site-packages/airflow/example_dags/example_sla_dag.py
[2025-11-25T15:46:25.969+0000] {processor.py:840} INFO - DAG(s) 'example_sla_dag' retrieved from /home/airflow/.local/lib/python3.12/site-packages/airflow/example_dags/example_sla_dag.py
[2025-11-25T15:46:25.978+0000] {logging_mixin.py:188} INFO - [2025-11-25T15:46:25.978+0000] {dag.py:3096} INFO - Sync 1 DAGs
[2025-11-25T15:46:26.000+0000] {logging_mixin.py:188} INFO - [2025-11-25T15:46:26.000+0000] {dag.py:3954} INFO - Setting next_dagrun for example_sla_dag to 2025-11-25 15:44:00+00:00, run_after=2025-11-25 15:46:00+00:00
[2025-11-25T15:46:26.013+0000] {processor.py:183} INFO - Processing /home/airflow/.local/lib/python3.12/site-packages/airflow/example_dags/example_sla_dag.py took 0.053 seconds
[2025-11-25T15:46:56.086+0000] {processor.py:161} INFO - Started process (PID=6697) to work on /home/airflow/.local/lib/python3.12/site-packages/airflow/example_dags/example_sla_dag.py
[2025-11-25T15:46:56.089+0000] {processor.py:830} INFO - Processing file /home/airflow/.local/lib/python3.12/site-packages/airflow/example_dags/example_sla_dag.py for tasks to queue
[2025-11-25T15:46:56.091+0000] {logging_mixin.py:188} INFO - [2025-11-25T15:46:56.090+0000] {dagbag.py:545} INFO - Filling up the DagBag from /home/airflow/.local/lib/python3.12/site-packages/airflow/example_dags/example_sla_dag.py
[2025-11-25T15:46:56.101+0000] {processor.py:840} INFO - DAG(s) 'example_sla_dag' retrieved from /home/airflow/.local/lib/python3.12/site-packages/airflow/example_dags/example_sla_dag.py
[2025-11-25T15:46:56.119+0000] {logging_mixin.py:188} INFO - [2025-11-25T15:46:56.119+0000] {dag.py:3096} INFO - Sync 1 DAGs
[2025-11-25T15:46:56.135+0000] {logging_mixin.py:188} INFO - [2025-11-25T15:46:56.135+0000] {dag.py:3954} INFO - Setting next_dagrun for example_sla_dag to 2025-11-25 15:44:00+00:00, run_after=2025-11-25 15:46:00+00:00
[2025-11-25T15:46:56.144+0000] {processor.py:183} INFO - Processing /home/airflow/.local/lib/python3.12/site-packages/airflow/example_dags/example_sla_dag.py took 0.063 seconds
[2025-11-25T15:47:26.878+0000] {processor.py:161} INFO - Started process (PID=6756) to work on /home/airflow/.local/lib/python3.12/site-packages/airflow/example_dags/example_sla_dag.py
[2025-11-25T15:47:26.879+0000] {processor.py:830} INFO - Processing file /home/airflow/.local/lib/python3.12/site-packages/airflow/example_dags/example_sla_dag.py for tasks to queue
[2025-11-25T15:47:26.880+0000] {logging_mixin.py:188} INFO - [2025-11-25T15:47:26.880+0000] {dagbag.py:545} INFO - Filling up the DagBag from /home/airflow/.local/lib/python3.12/site-packages/airflow/example_dags/example_sla_dag.py
[2025-11-25T15:47:26.885+0000] {processor.py:840} INFO - DAG(s) 'example_sla_dag' retrieved from /home/airflow/.local/lib/python3.12/site-packages/airflow/example_dags/example_sla_dag.py
[2025-11-25T15:47:26.902+0000] {logging_mixin.py:188} INFO - [2025-11-25T15:47:26.902+0000] {dag.py:3096} INFO - Sync 1 DAGs
[2025-11-25T15:47:26.929+0000] {logging_mixin.py:188} INFO - [2025-11-25T15:47:26.929+0000] {dag.py:3954} INFO - Setting next_dagrun for example_sla_dag to 2025-11-25 15:44:00+00:00, run_after=2025-11-25 15:46:00+00:00
[2025-11-25T15:47:26.947+0000] {processor.py:183} INFO - Processing /home/airflow/.local/lib/python3.12/site-packages/airflow/example_dags/example_sla_dag.py took 0.072 seconds
[2025-11-25T15:47:57.928+0000] {processor.py:161} INFO - Started process (PID=6814) to work on /home/airflow/.local/lib/python3.12/site-packages/airflow/example_dags/example_sla_dag.py
[2025-11-25T15:47:57.929+0000] {processor.py:830} INFO - Processing file /home/airflow/.local/lib/python3.12/site-packages/airflow/example_dags/example_sla_dag.py for tasks to queue
[2025-11-25T15:47:57.931+0000] {logging_mixin.py:188} INFO - [2025-11-25T15:47:57.930+0000] {dagbag.py:545} INFO - Filling up the DagBag from /home/airflow/.local/lib/python3.12/site-packages/airflow/example_dags/example_sla_dag.py
[2025-11-25T15:47:57.941+0000] {processor.py:840} INFO - DAG(s) 'example_sla_dag' retrieved from /home/airflow/.local/lib/python3.12/site-packages/airflow/example_dags/example_sla_dag.py
[2025-11-25T15:47:57.956+0000] {logging_mixin.py:188} INFO - [2025-11-25T15:47:57.955+0000] {dag.py:3096} INFO - Sync 1 DAGs
[2025-11-25T15:47:57.968+0000] {logging_mixin.py:188} INFO - [2025-11-25T15:47:57.968+0000] {dag.py:3954} INFO - Setting next_dagrun for example_sla_dag to 2025-11-25 15:44:00+00:00, run_after=2025-11-25 15:46:00+00:00
[2025-11-25T15:47:57.979+0000] {processor.py:183} INFO - Processing /home/airflow/.local/lib/python3.12/site-packages/airflow/example_dags/example_sla_dag.py took 0.056 seconds
[2025-11-25T15:48:28.898+0000] {processor.py:161} INFO - Started process (PID=6872) to work on /home/airflow/.local/lib/python3.12/site-packages/airflow/example_dags/example_sla_dag.py
[2025-11-25T15:48:28.899+0000] {processor.py:830} INFO - Processing file /home/airflow/.local/lib/python3.12/site-packages/airflow/example_dags/example_sla_dag.py for tasks to queue
[2025-11-25T15:48:28.900+0000] {logging_mixin.py:188} INFO - [2025-11-25T15:48:28.900+0000] {dagbag.py:545} INFO - Filling up the DagBag from /home/airflow/.local/lib/python3.12/site-packages/airflow/example_dags/example_sla_dag.py
[2025-11-25T15:48:28.906+0000] {processor.py:840} INFO - DAG(s) 'example_sla_dag' retrieved from /home/airflow/.local/lib/python3.12/site-packages/airflow/example_dags/example_sla_dag.py
[2025-11-25T15:48:28.926+0000] {logging_mixin.py:188} INFO - [2025-11-25T15:48:28.925+0000] {dag.py:3096} INFO - Sync 1 DAGs
[2025-11-25T15:48:28.937+0000] {logging_mixin.py:188} INFO - [2025-11-25T15:48:28.937+0000] {dag.py:3954} INFO - Setting next_dagrun for example_sla_dag to 2025-11-25 15:46:00+00:00, run_after=2025-11-25 15:48:00+00:00
[2025-11-25T15:48:28.945+0000] {processor.py:183} INFO - Processing /home/airflow/.local/lib/python3.12/site-packages/airflow/example_dags/example_sla_dag.py took 0.053 seconds
[2025-11-25T15:48:59.543+0000] {processor.py:161} INFO - Started process (PID=6930) to work on /home/airflow/.local/lib/python3.12/site-packages/airflow/example_dags/example_sla_dag.py
[2025-11-25T15:48:59.544+0000] {processor.py:830} INFO - Processing file /home/airflow/.local/lib/python3.12/site-packages/airflow/example_dags/example_sla_dag.py for tasks to queue
[2025-11-25T15:48:59.547+0000] {logging_mixin.py:188} INFO - [2025-11-25T15:48:59.547+0000] {dagbag.py:545} INFO - Filling up the DagBag from /home/airflow/.local/lib/python3.12/site-packages/airflow/example_dags/example_sla_dag.py
[2025-11-25T15:48:59.560+0000] {processor.py:840} INFO - DAG(s) 'example_sla_dag' retrieved from /home/airflow/.local/lib/python3.12/site-packages/airflow/example_dags/example_sla_dag.py
[2025-11-25T15:48:59.578+0000] {logging_mixin.py:188} INFO - [2025-11-25T15:48:59.578+0000] {dag.py:3096} INFO - Sync 1 DAGs
[2025-11-25T15:48:59.599+0000] {logging_mixin.py:188} INFO - [2025-11-25T15:48:59.599+0000] {dag.py:3954} INFO - Setting next_dagrun for example_sla_dag to 2025-11-25 15:46:00+00:00, run_after=2025-11-25 15:48:00+00:00
[2025-11-25T15:48:59.614+0000] {processor.py:183} INFO - Processing /home/airflow/.local/lib/python3.12/site-packages/airflow/example_dags/example_sla_dag.py took 0.078 seconds
[2025-11-25T15:49:29.756+0000] {processor.py:161} INFO - Started process (PID=6987) to work on /home/airflow/.local/lib/python3.12/site-packages/airflow/example_dags/example_sla_dag.py
[2025-11-25T15:49:29.759+0000] {processor.py:830} INFO - Processing file /home/airflow/.local/lib/python3.12/site-packages/airflow/example_dags/example_sla_dag.py for tasks to queue
[2025-11-25T15:49:29.764+0000] {logging_mixin.py:188} INFO - [2025-11-25T15:49:29.764+0000] {dagbag.py:545} INFO - Filling up the DagBag from /home/airflow/.local/lib/python3.12/site-packages/airflow/example_dags/example_sla_dag.py
[2025-11-25T15:49:29.774+0000] {processor.py:840} INFO - DAG(s) 'example_sla_dag' retrieved from /home/airflow/.local/lib/python3.12/site-packages/airflow/example_dags/example_sla_dag.py
[2025-11-25T15:49:29.831+0000] {logging_mixin.py:188} INFO - [2025-11-25T15:49:29.830+0000] {dag.py:3096} INFO - Sync 1 DAGs
[2025-11-25T15:49:29.888+0000] {logging_mixin.py:188} INFO - [2025-11-25T15:49:29.888+0000] {dag.py:3954} INFO - Setting next_dagrun for example_sla_dag to 2025-11-25 15:46:00+00:00, run_after=2025-11-25 15:48:00+00:00
[2025-11-25T15:49:30.130+0000] {processor.py:183} INFO - Processing /home/airflow/.local/lib/python3.12/site-packages/airflow/example_dags/example_sla_dag.py took 0.406 seconds
[2025-11-25T15:50:00.961+0000] {processor.py:161} INFO - Started process (PID=7048) to work on /home/airflow/.local/lib/python3.12/site-packages/airflow/example_dags/example_sla_dag.py
[2025-11-25T15:50:00.962+0000] {processor.py:830} INFO - Processing file /home/airflow/.local/lib/python3.12/site-packages/airflow/example_dags/example_sla_dag.py for tasks to queue
[2025-11-25T15:50:00.965+0000] {logging_mixin.py:188} INFO - [2025-11-25T15:50:00.965+0000] {dagbag.py:545} INFO - Filling up the DagBag from /home/airflow/.local/lib/python3.12/site-packages/airflow/example_dags/example_sla_dag.py
[2025-11-25T15:50:00.974+0000] {processor.py:840} INFO - DAG(s) 'example_sla_dag' retrieved from /home/airflow/.local/lib/python3.12/site-packages/airflow/example_dags/example_sla_dag.py
[2025-11-25T15:50:00.993+0000] {logging_mixin.py:188} INFO - [2025-11-25T15:50:00.993+0000] {dag.py:3096} INFO - Sync 1 DAGs
[2025-11-25T15:50:01.009+0000] {logging_mixin.py:188} INFO - [2025-11-25T15:50:01.009+0000] {dag.py:3954} INFO - Setting next_dagrun for example_sla_dag to 2025-11-25 15:48:00+00:00, run_after=2025-11-25 15:50:00+00:00
[2025-11-25T15:50:01.018+0000] {processor.py:183} INFO - Processing /home/airflow/.local/lib/python3.12/site-packages/airflow/example_dags/example_sla_dag.py took 0.063 seconds
[2025-11-25T15:50:31.746+0000] {processor.py:161} INFO - Started process (PID=7106) to work on /home/airflow/.local/lib/python3.12/site-packages/airflow/example_dags/example_sla_dag.py
[2025-11-25T15:50:31.748+0000] {processor.py:830} INFO - Processing file /home/airflow/.local/lib/python3.12/site-packages/airflow/example_dags/example_sla_dag.py for tasks to queue
[2025-11-25T15:50:31.749+0000] {logging_mixin.py:188} INFO - [2025-11-25T15:50:31.749+0000] {dagbag.py:545} INFO - Filling up the DagBag from /home/airflow/.local/lib/python3.12/site-packages/airflow/example_dags/example_sla_dag.py
[2025-11-25T15:50:31.755+0000] {processor.py:840} INFO - DAG(s) 'example_sla_dag' retrieved from /home/airflow/.local/lib/python3.12/site-packages/airflow/example_dags/example_sla_dag.py
[2025-11-25T15:50:31.767+0000] {logging_mixin.py:188} INFO - [2025-11-25T15:50:31.766+0000] {dag.py:3096} INFO - Sync 1 DAGs
[2025-11-25T15:50:31.778+0000] {logging_mixin.py:188} INFO - [2025-11-25T15:50:31.778+0000] {dag.py:3954} INFO - Setting next_dagrun for example_sla_dag to 2025-11-25 15:48:00+00:00, run_after=2025-11-25 15:50:00+00:00
[2025-11-25T15:50:31.790+0000] {processor.py:183} INFO - Processing /home/airflow/.local/lib/python3.12/site-packages/airflow/example_dags/example_sla_dag.py took 0.049 seconds
[2025-11-25T15:51:02.421+0000] {processor.py:161} INFO - Started process (PID=7164) to work on /home/airflow/.local/lib/python3.12/site-packages/airflow/example_dags/example_sla_dag.py
[2025-11-25T15:51:02.422+0000] {processor.py:830} INFO - Processing file /home/airflow/.local/lib/python3.12/site-packages/airflow/example_dags/example_sla_dag.py for tasks to queue
[2025-11-25T15:51:02.424+0000] {logging_mixin.py:188} INFO - [2025-11-25T15:51:02.424+0000] {dagbag.py:545} INFO - Filling up the DagBag from /home/airflow/.local/lib/python3.12/site-packages/airflow/example_dags/example_sla_dag.py
[2025-11-25T15:51:02.431+0000] {processor.py:840} INFO - DAG(s) 'example_sla_dag' retrieved from /home/airflow/.local/lib/python3.12/site-packages/airflow/example_dags/example_sla_dag.py
[2025-11-25T15:51:02.445+0000] {logging_mixin.py:188} INFO - [2025-11-25T15:51:02.445+0000] {dag.py:3096} INFO - Sync 1 DAGs
[2025-11-25T15:51:02.457+0000] {logging_mixin.py:188} INFO - [2025-11-25T15:51:02.457+0000] {dag.py:3954} INFO - Setting next_dagrun for example_sla_dag to 2025-11-25 15:48:00+00:00, run_after=2025-11-25 15:50:00+00:00
[2025-11-25T15:51:02.465+0000] {processor.py:183} INFO - Processing /home/airflow/.local/lib/python3.12/site-packages/airflow/example_dags/example_sla_dag.py took 0.048 seconds
[2025-11-25T15:51:33.073+0000] {processor.py:161} INFO - Started process (PID=7222) to work on /home/airflow/.local/lib/python3.12/site-packages/airflow/example_dags/example_sla_dag.py
[2025-11-25T15:51:33.074+0000] {processor.py:830} INFO - Processing file /home/airflow/.local/lib/python3.12/site-packages/airflow/example_dags/example_sla_dag.py for tasks to queue
[2025-11-25T15:51:33.078+0000] {logging_mixin.py:188} INFO - [2025-11-25T15:51:33.078+0000] {dagbag.py:545} INFO - Filling up the DagBag from /home/airflow/.local/lib/python3.12/site-packages/airflow/example_dags/example_sla_dag.py
[2025-11-25T15:51:33.085+0000] {processor.py:840} INFO - DAG(s) 'example_sla_dag' retrieved from /home/airflow/.local/lib/python3.12/site-packages/airflow/example_dags/example_sla_dag.py
[2025-11-25T15:51:33.180+0000] {logging_mixin.py:188} INFO - [2025-11-25T15:51:33.179+0000] {dag.py:3096} INFO - Sync 1 DAGs
[2025-11-25T15:51:33.187+0000] {logging_mixin.py:188} INFO - [2025-11-25T15:51:33.187+0000] {dag.py:3954} INFO - Setting next_dagrun for example_sla_dag to 2025-11-25 15:48:00+00:00, run_after=2025-11-25 15:50:00+00:00
[2025-11-25T15:51:33.193+0000] {processor.py:183} INFO - Processing /home/airflow/.local/lib/python3.12/site-packages/airflow/example_dags/example_sla_dag.py took 0.124 seconds
[2025-11-25T15:52:03.520+0000] {processor.py:161} INFO - Started process (PID=7280) to work on /home/airflow/.local/lib/python3.12/site-packages/airflow/example_dags/example_sla_dag.py
[2025-11-25T15:52:03.521+0000] {processor.py:830} INFO - Processing file /home/airflow/.local/lib/python3.12/site-packages/airflow/example_dags/example_sla_dag.py for tasks to queue
[2025-11-25T15:52:03.525+0000] {logging_mixin.py:188} INFO - [2025-11-25T15:52:03.525+0000] {dagbag.py:545} INFO - Filling up the DagBag from /home/airflow/.local/lib/python3.12/site-packages/airflow/example_dags/example_sla_dag.py
[2025-11-25T15:52:03.532+0000] {processor.py:840} INFO - DAG(s) 'example_sla_dag' retrieved from /home/airflow/.local/lib/python3.12/site-packages/airflow/example_dags/example_sla_dag.py
[2025-11-25T15:52:03.543+0000] {logging_mixin.py:188} INFO - [2025-11-25T15:52:03.543+0000] {dag.py:3096} INFO - Sync 1 DAGs
[2025-11-25T15:52:03.689+0000] {logging_mixin.py:188} INFO - [2025-11-25T15:52:03.689+0000] {dag.py:3954} INFO - Setting next_dagrun for example_sla_dag to 2025-11-25 15:50:00+00:00, run_after=2025-11-25 15:52:00+00:00
[2025-11-25T15:52:03.698+0000] {processor.py:183} INFO - Processing /home/airflow/.local/lib/python3.12/site-packages/airflow/example_dags/example_sla_dag.py took 0.183 seconds
[2025-11-25T15:52:34.089+0000] {processor.py:161} INFO - Started process (PID=7338) to work on /home/airflow/.local/lib/python3.12/site-packages/airflow/example_dags/example_sla_dag.py
[2025-11-25T15:52:34.091+0000] {processor.py:830} INFO - Processing file /home/airflow/.local/lib/python3.12/site-packages/airflow/example_dags/example_sla_dag.py for tasks to queue
[2025-11-25T15:52:34.093+0000] {logging_mixin.py:188} INFO - [2025-11-25T15:52:34.092+0000] {dagbag.py:545} INFO - Filling up the DagBag from /home/airflow/.local/lib/python3.12/site-packages/airflow/example_dags/example_sla_dag.py
[2025-11-25T15:52:34.098+0000] {processor.py:840} INFO - DAG(s) 'example_sla_dag' retrieved from /home/airflow/.local/lib/python3.12/site-packages/airflow/example_dags/example_sla_dag.py
[2025-11-25T15:52:34.115+0000] {logging_mixin.py:188} INFO - [2025-11-25T15:52:34.115+0000] {dag.py:3096} INFO - Sync 1 DAGs
[2025-11-25T15:52:34.130+0000] {logging_mixin.py:188} INFO - [2025-11-25T15:52:34.130+0000] {dag.py:3954} INFO - Setting next_dagrun for example_sla_dag to 2025-11-25 15:50:00+00:00, run_after=2025-11-25 15:52:00+00:00
[2025-11-25T15:52:34.139+0000] {processor.py:183} INFO - Processing /home/airflow/.local/lib/python3.12/site-packages/airflow/example_dags/example_sla_dag.py took 0.054 seconds
[2025-11-25T15:53:04.779+0000] {processor.py:161} INFO - Started process (PID=7396) to work on /home/airflow/.local/lib/python3.12/site-packages/airflow/example_dags/example_sla_dag.py
[2025-11-25T15:53:04.779+0000] {processor.py:830} INFO - Processing file /home/airflow/.local/lib/python3.12/site-packages/airflow/example_dags/example_sla_dag.py for tasks to queue
[2025-11-25T15:53:04.780+0000] {logging_mixin.py:188} INFO - [2025-11-25T15:53:04.780+0000] {dagbag.py:545} INFO - Filling up the DagBag from /home/airflow/.local/lib/python3.12/site-packages/airflow/example_dags/example_sla_dag.py
[2025-11-25T15:53:04.786+0000] {processor.py:840} INFO - DAG(s) 'example_sla_dag' retrieved from /home/airflow/.local/lib/python3.12/site-packages/airflow/example_dags/example_sla_dag.py
[2025-11-25T15:53:04.796+0000] {logging_mixin.py:188} INFO - [2025-11-25T15:53:04.796+0000] {dag.py:3096} INFO - Sync 1 DAGs
[2025-11-25T15:53:04.807+0000] {logging_mixin.py:188} INFO - [2025-11-25T15:53:04.806+0000] {dag.py:3954} INFO - Setting next_dagrun for example_sla_dag to 2025-11-25 15:50:00+00:00, run_after=2025-11-25 15:52:00+00:00
[2025-11-25T15:53:04.814+0000] {processor.py:183} INFO - Processing /home/airflow/.local/lib/python3.12/site-packages/airflow/example_dags/example_sla_dag.py took 0.039 seconds
[2025-11-25T15:53:35.390+0000] {processor.py:161} INFO - Started process (PID=7454) to work on /home/airflow/.local/lib/python3.12/site-packages/airflow/example_dags/example_sla_dag.py
[2025-11-25T15:53:35.391+0000] {processor.py:830} INFO - Processing file /home/airflow/.local/lib/python3.12/site-packages/airflow/example_dags/example_sla_dag.py for tasks to queue
[2025-11-25T15:53:35.392+0000] {logging_mixin.py:188} INFO - [2025-11-25T15:53:35.392+0000] {dagbag.py:545} INFO - Filling up the DagBag from /home/airflow/.local/lib/python3.12/site-packages/airflow/example_dags/example_sla_dag.py
[2025-11-25T15:53:35.398+0000] {processor.py:840} INFO - DAG(s) 'example_sla_dag' retrieved from /home/airflow/.local/lib/python3.12/site-packages/airflow/example_dags/example_sla_dag.py
[2025-11-25T15:53:35.412+0000] {logging_mixin.py:188} INFO - [2025-11-25T15:53:35.412+0000] {dag.py:3096} INFO - Sync 1 DAGs
[2025-11-25T15:53:35.425+0000] {logging_mixin.py:188} INFO - [2025-11-25T15:53:35.425+0000] {dag.py:3954} INFO - Setting next_dagrun for example_sla_dag to 2025-11-25 15:50:00+00:00, run_after=2025-11-25 15:52:00+00:00
[2025-11-25T15:53:35.434+0000] {processor.py:183} INFO - Processing /home/airflow/.local/lib/python3.12/site-packages/airflow/example_dags/example_sla_dag.py took 0.048 seconds
[2025-11-25T15:54:06.076+0000] {processor.py:161} INFO - Started process (PID=7512) to work on /home/airflow/.local/lib/python3.12/site-packages/airflow/example_dags/example_sla_dag.py
[2025-11-25T15:54:06.083+0000] {processor.py:830} INFO - Processing file /home/airflow/.local/lib/python3.12/site-packages/airflow/example_dags/example_sla_dag.py for tasks to queue
[2025-11-25T15:54:06.084+0000] {logging_mixin.py:188} INFO - [2025-11-25T15:54:06.084+0000] {dagbag.py:545} INFO - Filling up the DagBag from /home/airflow/.local/lib/python3.12/site-packages/airflow/example_dags/example_sla_dag.py
[2025-11-25T15:54:06.090+0000] {processor.py:840} INFO - DAG(s) 'example_sla_dag' retrieved from /home/airflow/.local/lib/python3.12/site-packages/airflow/example_dags/example_sla_dag.py
[2025-11-25T15:54:06.100+0000] {logging_mixin.py:188} INFO - [2025-11-25T15:54:06.100+0000] {dag.py:3096} INFO - Sync 1 DAGs
[2025-11-25T15:54:06.110+0000] {logging_mixin.py:188} INFO - [2025-11-25T15:54:06.110+0000] {dag.py:3954} INFO - Setting next_dagrun for example_sla_dag to 2025-11-25 15:52:00+00:00, run_after=2025-11-25 15:54:00+00:00
[2025-11-25T15:54:06.118+0000] {processor.py:183} INFO - Processing /home/airflow/.local/lib/python3.12/site-packages/airflow/example_dags/example_sla_dag.py took 0.045 seconds
[2025-11-25T15:54:36.753+0000] {processor.py:161} INFO - Started process (PID=7570) to work on /home/airflow/.local/lib/python3.12/site-packages/airflow/example_dags/example_sla_dag.py
[2025-11-25T15:54:36.756+0000] {processor.py:830} INFO - Processing file /home/airflow/.local/lib/python3.12/site-packages/airflow/example_dags/example_sla_dag.py for tasks to queue
[2025-11-25T15:54:36.758+0000] {logging_mixin.py:188} INFO - [2025-11-25T15:54:36.758+0000] {dagbag.py:545} INFO - Filling up the DagBag from /home/airflow/.local/lib/python3.12/site-packages/airflow/example_dags/example_sla_dag.py
[2025-11-25T15:54:36.764+0000] {processor.py:840} INFO - DAG(s) 'example_sla_dag' retrieved from /home/airflow/.local/lib/python3.12/site-packages/airflow/example_dags/example_sla_dag.py
[2025-11-25T15:54:36.777+0000] {logging_mixin.py:188} INFO - [2025-11-25T15:54:36.777+0000] {dag.py:3096} INFO - Sync 1 DAGs
[2025-11-25T15:54:36.791+0000] {logging_mixin.py:188} INFO - [2025-11-25T15:54:36.791+0000] {dag.py:3954} INFO - Setting next_dagrun for example_sla_dag to 2025-11-25 15:52:00+00:00, run_after=2025-11-25 15:54:00+00:00
[2025-11-25T15:54:36.800+0000] {processor.py:183} INFO - Processing /home/airflow/.local/lib/python3.12/site-packages/airflow/example_dags/example_sla_dag.py took 0.051 seconds
[2025-11-25T15:55:07.508+0000] {processor.py:161} INFO - Started process (PID=7634) to work on /home/airflow/.local/lib/python3.12/site-packages/airflow/example_dags/example_sla_dag.py
[2025-11-25T15:55:07.510+0000] {processor.py:830} INFO - Processing file /home/airflow/.local/lib/python3.12/site-packages/airflow/example_dags/example_sla_dag.py for tasks to queue
[2025-11-25T15:55:07.513+0000] {logging_mixin.py:188} INFO - [2025-11-25T15:55:07.513+0000] {dagbag.py:545} INFO - Filling up the DagBag from /home/airflow/.local/lib/python3.12/site-packages/airflow/example_dags/example_sla_dag.py
[2025-11-25T15:55:07.518+0000] {processor.py:840} INFO - DAG(s) 'example_sla_dag' retrieved from /home/airflow/.local/lib/python3.12/site-packages/airflow/example_dags/example_sla_dag.py
[2025-11-25T15:55:07.530+0000] {logging_mixin.py:188} INFO - [2025-11-25T15:55:07.530+0000] {dag.py:3096} INFO - Sync 1 DAGs
[2025-11-25T15:55:07.542+0000] {logging_mixin.py:188} INFO - [2025-11-25T15:55:07.542+0000] {dag.py:3954} INFO - Setting next_dagrun for example_sla_dag to 2025-11-25 15:52:00+00:00, run_after=2025-11-25 15:54:00+00:00
[2025-11-25T15:55:07.549+0000] {processor.py:183} INFO - Processing /home/airflow/.local/lib/python3.12/site-packages/airflow/example_dags/example_sla_dag.py took 0.045 seconds
[2025-11-25T15:55:38.156+0000] {processor.py:161} INFO - Started process (PID=7692) to work on /home/airflow/.local/lib/python3.12/site-packages/airflow/example_dags/example_sla_dag.py
[2025-11-25T15:55:38.161+0000] {processor.py:830} INFO - Processing file /home/airflow/.local/lib/python3.12/site-packages/airflow/example_dags/example_sla_dag.py for tasks to queue
[2025-11-25T15:55:38.163+0000] {logging_mixin.py:188} INFO - [2025-11-25T15:55:38.163+0000] {dagbag.py:545} INFO - Filling up the DagBag from /home/airflow/.local/lib/python3.12/site-packages/airflow/example_dags/example_sla_dag.py
[2025-11-25T15:55:38.170+0000] {processor.py:840} INFO - DAG(s) 'example_sla_dag' retrieved from /home/airflow/.local/lib/python3.12/site-packages/airflow/example_dags/example_sla_dag.py
[2025-11-25T15:55:38.183+0000] {logging_mixin.py:188} INFO - [2025-11-25T15:55:38.183+0000] {dag.py:3096} INFO - Sync 1 DAGs
[2025-11-25T15:55:38.198+0000] {logging_mixin.py:188} INFO - [2025-11-25T15:55:38.198+0000] {dag.py:3954} INFO - Setting next_dagrun for example_sla_dag to 2025-11-25 15:52:00+00:00, run_after=2025-11-25 15:54:00+00:00
[2025-11-25T15:55:38.206+0000] {processor.py:183} INFO - Processing /home/airflow/.local/lib/python3.12/site-packages/airflow/example_dags/example_sla_dag.py took 0.056 seconds
[2025-11-25T15:56:09.054+0000] {processor.py:161} INFO - Started process (PID=7750) to work on /home/airflow/.local/lib/python3.12/site-packages/airflow/example_dags/example_sla_dag.py
[2025-11-25T15:56:09.055+0000] {processor.py:830} INFO - Processing file /home/airflow/.local/lib/python3.12/site-packages/airflow/example_dags/example_sla_dag.py for tasks to queue
[2025-11-25T15:56:09.056+0000] {logging_mixin.py:188} INFO - [2025-11-25T15:56:09.055+0000] {dagbag.py:545} INFO - Filling up the DagBag from /home/airflow/.local/lib/python3.12/site-packages/airflow/example_dags/example_sla_dag.py
[2025-11-25T15:56:09.061+0000] {processor.py:840} INFO - DAG(s) 'example_sla_dag' retrieved from /home/airflow/.local/lib/python3.12/site-packages/airflow/example_dags/example_sla_dag.py
[2025-11-25T15:56:09.071+0000] {logging_mixin.py:188} INFO - [2025-11-25T15:56:09.071+0000] {dag.py:3096} INFO - Sync 1 DAGs
[2025-11-25T15:56:09.083+0000] {logging_mixin.py:188} INFO - [2025-11-25T15:56:09.083+0000] {dag.py:3954} INFO - Setting next_dagrun for example_sla_dag to 2025-11-25 15:54:00+00:00, run_after=2025-11-25 15:56:00+00:00
[2025-11-25T15:56:09.091+0000] {processor.py:183} INFO - Processing /home/airflow/.local/lib/python3.12/site-packages/airflow/example_dags/example_sla_dag.py took 0.040 seconds
[2025-11-25T15:56:39.810+0000] {processor.py:161} INFO - Started process (PID=7808) to work on /home/airflow/.local/lib/python3.12/site-packages/airflow/example_dags/example_sla_dag.py
[2025-11-25T15:56:39.817+0000] {processor.py:830} INFO - Processing file /home/airflow/.local/lib/python3.12/site-packages/airflow/example_dags/example_sla_dag.py for tasks to queue
[2025-11-25T15:56:39.820+0000] {logging_mixin.py:188} INFO - [2025-11-25T15:56:39.820+0000] {dagbag.py:545} INFO - Filling up the DagBag from /home/airflow/.local/lib/python3.12/site-packages/airflow/example_dags/example_sla_dag.py
[2025-11-25T15:56:39.831+0000] {processor.py:840} INFO - DAG(s) 'example_sla_dag' retrieved from /home/airflow/.local/lib/python3.12/site-packages/airflow/example_dags/example_sla_dag.py
[2025-11-25T15:56:39.844+0000] {logging_mixin.py:188} INFO - [2025-11-25T15:56:39.844+0000] {dag.py:3096} INFO - Sync 1 DAGs
[2025-11-25T15:56:39.865+0000] {logging_mixin.py:188} INFO - [2025-11-25T15:56:39.865+0000] {dag.py:3954} INFO - Setting next_dagrun for example_sla_dag to 2025-11-25 15:54:00+00:00, run_after=2025-11-25 15:56:00+00:00
[2025-11-25T15:56:39.884+0000] {processor.py:183} INFO - Processing /home/airflow/.local/lib/python3.12/site-packages/airflow/example_dags/example_sla_dag.py took 0.078 seconds
[2025-11-25T15:57:09.935+0000] {processor.py:161} INFO - Started process (PID=7865) to work on /home/airflow/.local/lib/python3.12/site-packages/airflow/example_dags/example_sla_dag.py
[2025-11-25T15:57:09.937+0000] {processor.py:830} INFO - Processing file /home/airflow/.local/lib/python3.12/site-packages/airflow/example_dags/example_sla_dag.py for tasks to queue
[2025-11-25T15:57:09.938+0000] {logging_mixin.py:188} INFO - [2025-11-25T15:57:09.938+0000] {dagbag.py:545} INFO - Filling up the DagBag from /home/airflow/.local/lib/python3.12/site-packages/airflow/example_dags/example_sla_dag.py
[2025-11-25T15:57:09.942+0000] {processor.py:840} INFO - DAG(s) 'example_sla_dag' retrieved from /home/airflow/.local/lib/python3.12/site-packages/airflow/example_dags/example_sla_dag.py
[2025-11-25T15:57:09.953+0000] {logging_mixin.py:188} INFO - [2025-11-25T15:57:09.953+0000] {dag.py:3096} INFO - Sync 1 DAGs
[2025-11-25T15:57:09.968+0000] {logging_mixin.py:188} INFO - [2025-11-25T15:57:09.968+0000] {dag.py:3954} INFO - Setting next_dagrun for example_sla_dag to 2025-11-25 15:54:00+00:00, run_after=2025-11-25 15:56:00+00:00
[2025-11-25T15:57:09.975+0000] {processor.py:183} INFO - Processing /home/airflow/.local/lib/python3.12/site-packages/airflow/example_dags/example_sla_dag.py took 0.043 seconds
[2025-11-25T15:57:40.514+0000] {processor.py:161} INFO - Started process (PID=7924) to work on /home/airflow/.local/lib/python3.12/site-packages/airflow/example_dags/example_sla_dag.py
[2025-11-25T15:57:40.518+0000] {processor.py:830} INFO - Processing file /home/airflow/.local/lib/python3.12/site-packages/airflow/example_dags/example_sla_dag.py for tasks to queue
[2025-11-25T15:57:40.525+0000] {logging_mixin.py:188} INFO - [2025-11-25T15:57:40.525+0000] {dagbag.py:545} INFO - Filling up the DagBag from /home/airflow/.local/lib/python3.12/site-packages/airflow/example_dags/example_sla_dag.py
[2025-11-25T15:57:40.546+0000] {processor.py:840} INFO - DAG(s) 'example_sla_dag' retrieved from /home/airflow/.local/lib/python3.12/site-packages/airflow/example_dags/example_sla_dag.py
[2025-11-25T15:57:40.569+0000] {logging_mixin.py:188} INFO - [2025-11-25T15:57:40.569+0000] {dag.py:3096} INFO - Sync 1 DAGs
[2025-11-25T15:57:40.593+0000] {logging_mixin.py:188} INFO - [2025-11-25T15:57:40.593+0000] {dag.py:3954} INFO - Setting next_dagrun for example_sla_dag to 2025-11-25 15:54:00+00:00, run_after=2025-11-25 15:56:00+00:00
[2025-11-25T15:57:40.606+0000] {processor.py:183} INFO - Processing /home/airflow/.local/lib/python3.12/site-packages/airflow/example_dags/example_sla_dag.py took 0.098 seconds
[2025-11-25T15:58:11.604+0000] {processor.py:161} INFO - Started process (PID=7982) to work on /home/airflow/.local/lib/python3.12/site-packages/airflow/example_dags/example_sla_dag.py
[2025-11-25T15:58:11.608+0000] {processor.py:830} INFO - Processing file /home/airflow/.local/lib/python3.12/site-packages/airflow/example_dags/example_sla_dag.py for tasks to queue
[2025-11-25T15:58:11.612+0000] {logging_mixin.py:188} INFO - [2025-11-25T15:58:11.612+0000] {dagbag.py:545} INFO - Filling up the DagBag from /home/airflow/.local/lib/python3.12/site-packages/airflow/example_dags/example_sla_dag.py
[2025-11-25T15:58:11.617+0000] {processor.py:840} INFO - DAG(s) 'example_sla_dag' retrieved from /home/airflow/.local/lib/python3.12/site-packages/airflow/example_dags/example_sla_dag.py
[2025-11-25T15:58:11.630+0000] {logging_mixin.py:188} INFO - [2025-11-25T15:58:11.630+0000] {dag.py:3096} INFO - Sync 1 DAGs
[2025-11-25T15:58:11.644+0000] {logging_mixin.py:188} INFO - [2025-11-25T15:58:11.644+0000] {dag.py:3954} INFO - Setting next_dagrun for example_sla_dag to 2025-11-25 15:56:00+00:00, run_after=2025-11-25 15:58:00+00:00
[2025-11-25T15:58:11.652+0000] {processor.py:183} INFO - Processing /home/airflow/.local/lib/python3.12/site-packages/airflow/example_dags/example_sla_dag.py took 0.054 seconds
[2025-11-25T15:58:41.754+0000] {processor.py:161} INFO - Started process (PID=8039) to work on /home/airflow/.local/lib/python3.12/site-packages/airflow/example_dags/example_sla_dag.py
[2025-11-25T15:58:41.756+0000] {processor.py:830} INFO - Processing file /home/airflow/.local/lib/python3.12/site-packages/airflow/example_dags/example_sla_dag.py for tasks to queue
[2025-11-25T15:58:41.759+0000] {logging_mixin.py:188} INFO - [2025-11-25T15:58:41.758+0000] {dagbag.py:545} INFO - Filling up the DagBag from /home/airflow/.local/lib/python3.12/site-packages/airflow/example_dags/example_sla_dag.py
[2025-11-25T15:58:41.770+0000] {processor.py:840} INFO - DAG(s) 'example_sla_dag' retrieved from /home/airflow/.local/lib/python3.12/site-packages/airflow/example_dags/example_sla_dag.py
[2025-11-25T15:58:41.787+0000] {logging_mixin.py:188} INFO - [2025-11-25T15:58:41.786+0000] {dag.py:3096} INFO - Sync 1 DAGs
[2025-11-25T15:58:41.806+0000] {logging_mixin.py:188} INFO - [2025-11-25T15:58:41.805+0000] {dag.py:3954} INFO - Setting next_dagrun for example_sla_dag to 2025-11-25 15:56:00+00:00, run_after=2025-11-25 15:58:00+00:00
[2025-11-25T15:58:41.818+0000] {processor.py:183} INFO - Processing /home/airflow/.local/lib/python3.12/site-packages/airflow/example_dags/example_sla_dag.py took 0.074 seconds
[2025-11-25T15:59:12.589+0000] {processor.py:161} INFO - Started process (PID=8098) to work on /home/airflow/.local/lib/python3.12/site-packages/airflow/example_dags/example_sla_dag.py
[2025-11-25T15:59:12.590+0000] {processor.py:830} INFO - Processing file /home/airflow/.local/lib/python3.12/site-packages/airflow/example_dags/example_sla_dag.py for tasks to queue
[2025-11-25T15:59:12.595+0000] {logging_mixin.py:188} INFO - [2025-11-25T15:59:12.595+0000] {dagbag.py:545} INFO - Filling up the DagBag from /home/airflow/.local/lib/python3.12/site-packages/airflow/example_dags/example_sla_dag.py
[2025-11-25T15:59:12.609+0000] {processor.py:840} INFO - DAG(s) 'example_sla_dag' retrieved from /home/airflow/.local/lib/python3.12/site-packages/airflow/example_dags/example_sla_dag.py
[2025-11-25T15:59:12.631+0000] {logging_mixin.py:188} INFO - [2025-11-25T15:59:12.631+0000] {dag.py:3096} INFO - Sync 1 DAGs
[2025-11-25T15:59:12.655+0000] {logging_mixin.py:188} INFO - [2025-11-25T15:59:12.655+0000] {dag.py:3954} INFO - Setting next_dagrun for example_sla_dag to 2025-11-25 15:56:00+00:00, run_after=2025-11-25 15:58:00+00:00
[2025-11-25T15:59:12.670+0000] {processor.py:183} INFO - Processing /home/airflow/.local/lib/python3.12/site-packages/airflow/example_dags/example_sla_dag.py took 0.087 seconds
[2025-11-25T15:59:43.717+0000] {processor.py:161} INFO - Started process (PID=8156) to work on /home/airflow/.local/lib/python3.12/site-packages/airflow/example_dags/example_sla_dag.py
[2025-11-25T15:59:43.724+0000] {processor.py:830} INFO - Processing file /home/airflow/.local/lib/python3.12/site-packages/airflow/example_dags/example_sla_dag.py for tasks to queue
[2025-11-25T15:59:43.728+0000] {logging_mixin.py:188} INFO - [2025-11-25T15:59:43.728+0000] {dagbag.py:545} INFO - Filling up the DagBag from /home/airflow/.local/lib/python3.12/site-packages/airflow/example_dags/example_sla_dag.py
[2025-11-25T15:59:43.741+0000] {processor.py:840} INFO - DAG(s) 'example_sla_dag' retrieved from /home/airflow/.local/lib/python3.12/site-packages/airflow/example_dags/example_sla_dag.py
[2025-11-25T15:59:43.768+0000] {logging_mixin.py:188} INFO - [2025-11-25T15:59:43.768+0000] {dag.py:3096} INFO - Sync 1 DAGs
[2025-11-25T15:59:43.785+0000] {logging_mixin.py:188} INFO - [2025-11-25T15:59:43.785+0000] {dag.py:3954} INFO - Setting next_dagrun for example_sla_dag to 2025-11-25 15:56:00+00:00, run_after=2025-11-25 15:58:00+00:00
[2025-11-25T15:59:43.797+0000] {processor.py:183} INFO - Processing /home/airflow/.local/lib/python3.12/site-packages/airflow/example_dags/example_sla_dag.py took 0.086 seconds
[2025-11-25T16:00:13.994+0000] {processor.py:161} INFO - Started process (PID=8214) to work on /home/airflow/.local/lib/python3.12/site-packages/airflow/example_dags/example_sla_dag.py
[2025-11-25T16:00:13.996+0000] {processor.py:830} INFO - Processing file /home/airflow/.local/lib/python3.12/site-packages/airflow/example_dags/example_sla_dag.py for tasks to queue
[2025-11-25T16:00:14.003+0000] {logging_mixin.py:188} INFO - [2025-11-25T16:00:14.002+0000] {dagbag.py:545} INFO - Filling up the DagBag from /home/airflow/.local/lib/python3.12/site-packages/airflow/example_dags/example_sla_dag.py
[2025-11-25T16:00:14.021+0000] {processor.py:840} INFO - DAG(s) 'example_sla_dag' retrieved from /home/airflow/.local/lib/python3.12/site-packages/airflow/example_dags/example_sla_dag.py
[2025-11-25T16:00:14.049+0000] {logging_mixin.py:188} INFO - [2025-11-25T16:00:14.049+0000] {dag.py:3096} INFO - Sync 1 DAGs
[2025-11-25T16:00:14.076+0000] {logging_mixin.py:188} INFO - [2025-11-25T16:00:14.076+0000] {dag.py:3954} INFO - Setting next_dagrun for example_sla_dag to 2025-11-25 15:58:00+00:00, run_after=2025-11-25 16:00:00+00:00
[2025-11-25T16:00:14.093+0000] {processor.py:183} INFO - Processing /home/airflow/.local/lib/python3.12/site-packages/airflow/example_dags/example_sla_dag.py took 0.106 seconds
[2025-11-25T16:00:45.100+0000] {processor.py:161} INFO - Started process (PID=8272) to work on /home/airflow/.local/lib/python3.12/site-packages/airflow/example_dags/example_sla_dag.py
[2025-11-25T16:00:45.107+0000] {processor.py:830} INFO - Processing file /home/airflow/.local/lib/python3.12/site-packages/airflow/example_dags/example_sla_dag.py for tasks to queue
[2025-11-25T16:00:45.110+0000] {logging_mixin.py:188} INFO - [2025-11-25T16:00:45.109+0000] {dagbag.py:545} INFO - Filling up the DagBag from /home/airflow/.local/lib/python3.12/site-packages/airflow/example_dags/example_sla_dag.py
[2025-11-25T16:00:45.125+0000] {processor.py:840} INFO - DAG(s) 'example_sla_dag' retrieved from /home/airflow/.local/lib/python3.12/site-packages/airflow/example_dags/example_sla_dag.py
[2025-11-25T16:00:45.155+0000] {logging_mixin.py:188} INFO - [2025-11-25T16:00:45.154+0000] {dag.py:3096} INFO - Sync 1 DAGs
[2025-11-25T16:00:45.170+0000] {logging_mixin.py:188} INFO - [2025-11-25T16:00:45.170+0000] {dag.py:3954} INFO - Setting next_dagrun for example_sla_dag to 2025-11-25 15:58:00+00:00, run_after=2025-11-25 16:00:00+00:00
[2025-11-25T16:00:45.179+0000] {processor.py:183} INFO - Processing /home/airflow/.local/lib/python3.12/site-packages/airflow/example_dags/example_sla_dag.py took 0.087 seconds
[2025-11-25T16:01:15.870+0000] {processor.py:161} INFO - Started process (PID=8330) to work on /home/airflow/.local/lib/python3.12/site-packages/airflow/example_dags/example_sla_dag.py
[2025-11-25T16:01:15.872+0000] {processor.py:830} INFO - Processing file /home/airflow/.local/lib/python3.12/site-packages/airflow/example_dags/example_sla_dag.py for tasks to queue
[2025-11-25T16:01:15.881+0000] {logging_mixin.py:188} INFO - [2025-11-25T16:01:15.880+0000] {dagbag.py:545} INFO - Filling up the DagBag from /home/airflow/.local/lib/python3.12/site-packages/airflow/example_dags/example_sla_dag.py
[2025-11-25T16:01:15.890+0000] {processor.py:840} INFO - DAG(s) 'example_sla_dag' retrieved from /home/airflow/.local/lib/python3.12/site-packages/airflow/example_dags/example_sla_dag.py
[2025-11-25T16:01:15.907+0000] {logging_mixin.py:188} INFO - [2025-11-25T16:01:15.907+0000] {dag.py:3096} INFO - Sync 1 DAGs
[2025-11-25T16:01:15.927+0000] {logging_mixin.py:188} INFO - [2025-11-25T16:01:15.927+0000] {dag.py:3954} INFO - Setting next_dagrun for example_sla_dag to 2025-11-25 15:58:00+00:00, run_after=2025-11-25 16:00:00+00:00
[2025-11-25T16:01:15.938+0000] {processor.py:183} INFO - Processing /home/airflow/.local/lib/python3.12/site-packages/airflow/example_dags/example_sla_dag.py took 0.073 seconds
[2025-11-25T16:01:46.808+0000] {processor.py:161} INFO - Started process (PID=8388) to work on /home/airflow/.local/lib/python3.12/site-packages/airflow/example_dags/example_sla_dag.py
[2025-11-25T16:01:46.812+0000] {processor.py:830} INFO - Processing file /home/airflow/.local/lib/python3.12/site-packages/airflow/example_dags/example_sla_dag.py for tasks to queue
[2025-11-25T16:01:46.820+0000] {logging_mixin.py:188} INFO - [2025-11-25T16:01:46.820+0000] {dagbag.py:545} INFO - Filling up the DagBag from /home/airflow/.local/lib/python3.12/site-packages/airflow/example_dags/example_sla_dag.py
[2025-11-25T16:01:46.836+0000] {processor.py:840} INFO - DAG(s) 'example_sla_dag' retrieved from /home/airflow/.local/lib/python3.12/site-packages/airflow/example_dags/example_sla_dag.py
[2025-11-25T16:01:46.865+0000] {logging_mixin.py:188} INFO - [2025-11-25T16:01:46.865+0000] {dag.py:3096} INFO - Sync 1 DAGs
[2025-11-25T16:01:46.887+0000] {logging_mixin.py:188} INFO - [2025-11-25T16:01:46.887+0000] {dag.py:3954} INFO - Setting next_dagrun for example_sla_dag to 2025-11-25 15:58:00+00:00, run_after=2025-11-25 16:00:00+00:00
[2025-11-25T16:01:46.901+0000] {processor.py:183} INFO - Processing /home/airflow/.local/lib/python3.12/site-packages/airflow/example_dags/example_sla_dag.py took 0.101 seconds
[2025-11-25T16:02:17.634+0000] {processor.py:161} INFO - Started process (PID=8446) to work on /home/airflow/.local/lib/python3.12/site-packages/airflow/example_dags/example_sla_dag.py
[2025-11-25T16:02:17.642+0000] {processor.py:830} INFO - Processing file /home/airflow/.local/lib/python3.12/site-packages/airflow/example_dags/example_sla_dag.py for tasks to queue
[2025-11-25T16:02:17.643+0000] {logging_mixin.py:188} INFO - [2025-11-25T16:02:17.643+0000] {dagbag.py:545} INFO - Filling up the DagBag from /home/airflow/.local/lib/python3.12/site-packages/airflow/example_dags/example_sla_dag.py
[2025-11-25T16:02:17.650+0000] {processor.py:840} INFO - DAG(s) 'example_sla_dag' retrieved from /home/airflow/.local/lib/python3.12/site-packages/airflow/example_dags/example_sla_dag.py
[2025-11-25T16:02:17.662+0000] {logging_mixin.py:188} INFO - [2025-11-25T16:02:17.662+0000] {dag.py:3096} INFO - Sync 1 DAGs
[2025-11-25T16:02:17.675+0000] {logging_mixin.py:188} INFO - [2025-11-25T16:02:17.675+0000] {dag.py:3954} INFO - Setting next_dagrun for example_sla_dag to 2025-11-25 16:00:00+00:00, run_after=2025-11-25 16:02:00+00:00
[2025-11-25T16:02:17.685+0000] {processor.py:183} INFO - Processing /home/airflow/.local/lib/python3.12/site-packages/airflow/example_dags/example_sla_dag.py took 0.056 seconds
[2025-11-25T16:02:48.378+0000] {processor.py:161} INFO - Started process (PID=8504) to work on /home/airflow/.local/lib/python3.12/site-packages/airflow/example_dags/example_sla_dag.py
[2025-11-25T16:02:48.379+0000] {processor.py:830} INFO - Processing file /home/airflow/.local/lib/python3.12/site-packages/airflow/example_dags/example_sla_dag.py for tasks to queue
[2025-11-25T16:02:48.381+0000] {logging_mixin.py:188} INFO - [2025-11-25T16:02:48.380+0000] {dagbag.py:545} INFO - Filling up the DagBag from /home/airflow/.local/lib/python3.12/site-packages/airflow/example_dags/example_sla_dag.py
[2025-11-25T16:02:48.389+0000] {processor.py:840} INFO - DAG(s) 'example_sla_dag' retrieved from /home/airflow/.local/lib/python3.12/site-packages/airflow/example_dags/example_sla_dag.py
[2025-11-25T16:02:48.402+0000] {logging_mixin.py:188} INFO - [2025-11-25T16:02:48.402+0000] {dag.py:3096} INFO - Sync 1 DAGs
[2025-11-25T16:02:48.413+0000] {logging_mixin.py:188} INFO - [2025-11-25T16:02:48.413+0000] {dag.py:3954} INFO - Setting next_dagrun for example_sla_dag to 2025-11-25 16:00:00+00:00, run_after=2025-11-25 16:02:00+00:00
[2025-11-25T16:02:48.420+0000] {processor.py:183} INFO - Processing /home/airflow/.local/lib/python3.12/site-packages/airflow/example_dags/example_sla_dag.py took 0.046 seconds
[2025-11-25T16:03:19.035+0000] {processor.py:161} INFO - Started process (PID=8562) to work on /home/airflow/.local/lib/python3.12/site-packages/airflow/example_dags/example_sla_dag.py
[2025-11-25T16:03:19.043+0000] {processor.py:830} INFO - Processing file /home/airflow/.local/lib/python3.12/site-packages/airflow/example_dags/example_sla_dag.py for tasks to queue
[2025-11-25T16:03:19.045+0000] {logging_mixin.py:188} INFO - [2025-11-25T16:03:19.045+0000] {dagbag.py:545} INFO - Filling up the DagBag from /home/airflow/.local/lib/python3.12/site-packages/airflow/example_dags/example_sla_dag.py
[2025-11-25T16:03:19.065+0000] {processor.py:840} INFO - DAG(s) 'example_sla_dag' retrieved from /home/airflow/.local/lib/python3.12/site-packages/airflow/example_dags/example_sla_dag.py
[2025-11-25T16:03:19.090+0000] {logging_mixin.py:188} INFO - [2025-11-25T16:03:19.089+0000] {dag.py:3096} INFO - Sync 1 DAGs
[2025-11-25T16:03:19.115+0000] {logging_mixin.py:188} INFO - [2025-11-25T16:03:19.115+0000] {dag.py:3954} INFO - Setting next_dagrun for example_sla_dag to 2025-11-25 16:00:00+00:00, run_after=2025-11-25 16:02:00+00:00
[2025-11-25T16:03:19.127+0000] {processor.py:183} INFO - Processing /home/airflow/.local/lib/python3.12/site-packages/airflow/example_dags/example_sla_dag.py took 0.098 seconds
[2025-11-25T16:03:49.838+0000] {processor.py:161} INFO - Started process (PID=8620) to work on /home/airflow/.local/lib/python3.12/site-packages/airflow/example_dags/example_sla_dag.py
[2025-11-25T16:03:49.842+0000] {processor.py:830} INFO - Processing file /home/airflow/.local/lib/python3.12/site-packages/airflow/example_dags/example_sla_dag.py for tasks to queue
[2025-11-25T16:03:49.846+0000] {logging_mixin.py:188} INFO - [2025-11-25T16:03:49.845+0000] {dagbag.py:545} INFO - Filling up the DagBag from /home/airflow/.local/lib/python3.12/site-packages/airflow/example_dags/example_sla_dag.py
[2025-11-25T16:03:49.860+0000] {processor.py:840} INFO - DAG(s) 'example_sla_dag' retrieved from /home/airflow/.local/lib/python3.12/site-packages/airflow/example_dags/example_sla_dag.py
[2025-11-25T16:03:49.880+0000] {logging_mixin.py:188} INFO - [2025-11-25T16:03:49.880+0000] {dag.py:3096} INFO - Sync 1 DAGs
[2025-11-25T16:03:49.899+0000] {logging_mixin.py:188} INFO - [2025-11-25T16:03:49.899+0000] {dag.py:3954} INFO - Setting next_dagrun for example_sla_dag to 2025-11-25 16:00:00+00:00, run_after=2025-11-25 16:02:00+00:00
[2025-11-25T16:03:49.912+0000] {processor.py:183} INFO - Processing /home/airflow/.local/lib/python3.12/site-packages/airflow/example_dags/example_sla_dag.py took 0.077 seconds
[2025-11-25T16:04:19.993+0000] {processor.py:161} INFO - Started process (PID=8677) to work on /home/airflow/.local/lib/python3.12/site-packages/airflow/example_dags/example_sla_dag.py
[2025-11-25T16:04:19.995+0000] {processor.py:830} INFO - Processing file /home/airflow/.local/lib/python3.12/site-packages/airflow/example_dags/example_sla_dag.py for tasks to queue
[2025-11-25T16:04:20.000+0000] {logging_mixin.py:188} INFO - [2025-11-25T16:04:20.000+0000] {dagbag.py:545} INFO - Filling up the DagBag from /home/airflow/.local/lib/python3.12/site-packages/airflow/example_dags/example_sla_dag.py
[2025-11-25T16:04:20.011+0000] {processor.py:840} INFO - DAG(s) 'example_sla_dag' retrieved from /home/airflow/.local/lib/python3.12/site-packages/airflow/example_dags/example_sla_dag.py
[2025-11-25T16:04:20.029+0000] {logging_mixin.py:188} INFO - [2025-11-25T16:04:20.028+0000] {dag.py:3096} INFO - Sync 1 DAGs
[2025-11-25T16:04:20.046+0000] {logging_mixin.py:188} INFO - [2025-11-25T16:04:20.046+0000] {dag.py:3954} INFO - Setting next_dagrun for example_sla_dag to 2025-11-25 16:02:00+00:00, run_after=2025-11-25 16:04:00+00:00
[2025-11-25T16:04:20.059+0000] {processor.py:183} INFO - Processing /home/airflow/.local/lib/python3.12/site-packages/airflow/example_dags/example_sla_dag.py took 0.070 seconds
[2025-11-25T16:04:50.977+0000] {processor.py:161} INFO - Started process (PID=8736) to work on /home/airflow/.local/lib/python3.12/site-packages/airflow/example_dags/example_sla_dag.py
[2025-11-25T16:04:50.979+0000] {processor.py:830} INFO - Processing file /home/airflow/.local/lib/python3.12/site-packages/airflow/example_dags/example_sla_dag.py for tasks to queue
[2025-11-25T16:04:50.981+0000] {logging_mixin.py:188} INFO - [2025-11-25T16:04:50.981+0000] {dagbag.py:545} INFO - Filling up the DagBag from /home/airflow/.local/lib/python3.12/site-packages/airflow/example_dags/example_sla_dag.py
[2025-11-25T16:04:50.994+0000] {processor.py:840} INFO - DAG(s) 'example_sla_dag' retrieved from /home/airflow/.local/lib/python3.12/site-packages/airflow/example_dags/example_sla_dag.py
[2025-11-25T16:04:51.024+0000] {logging_mixin.py:188} INFO - [2025-11-25T16:04:51.024+0000] {dag.py:3096} INFO - Sync 1 DAGs
[2025-11-25T16:04:51.049+0000] {logging_mixin.py:188} INFO - [2025-11-25T16:04:51.049+0000] {dag.py:3954} INFO - Setting next_dagrun for example_sla_dag to 2025-11-25 16:02:00+00:00, run_after=2025-11-25 16:04:00+00:00
[2025-11-25T16:04:51.071+0000] {processor.py:183} INFO - Processing /home/airflow/.local/lib/python3.12/site-packages/airflow/example_dags/example_sla_dag.py took 0.098 seconds
[2025-11-25T16:05:21.811+0000] {processor.py:161} INFO - Started process (PID=8794) to work on /home/airflow/.local/lib/python3.12/site-packages/airflow/example_dags/example_sla_dag.py
[2025-11-25T16:05:21.816+0000] {processor.py:830} INFO - Processing file /home/airflow/.local/lib/python3.12/site-packages/airflow/example_dags/example_sla_dag.py for tasks to queue
[2025-11-25T16:05:21.819+0000] {logging_mixin.py:188} INFO - [2025-11-25T16:05:21.819+0000] {dagbag.py:545} INFO - Filling up the DagBag from /home/airflow/.local/lib/python3.12/site-packages/airflow/example_dags/example_sla_dag.py
[2025-11-25T16:05:21.828+0000] {processor.py:840} INFO - DAG(s) 'example_sla_dag' retrieved from /home/airflow/.local/lib/python3.12/site-packages/airflow/example_dags/example_sla_dag.py
[2025-11-25T16:05:21.845+0000] {logging_mixin.py:188} INFO - [2025-11-25T16:05:21.844+0000] {dag.py:3096} INFO - Sync 1 DAGs
[2025-11-25T16:05:21.857+0000] {logging_mixin.py:188} INFO - [2025-11-25T16:05:21.857+0000] {dag.py:3954} INFO - Setting next_dagrun for example_sla_dag to 2025-11-25 16:02:00+00:00, run_after=2025-11-25 16:04:00+00:00
[2025-11-25T16:05:21.868+0000] {processor.py:183} INFO - Processing /home/airflow/.local/lib/python3.12/site-packages/airflow/example_dags/example_sla_dag.py took 0.065 seconds
[2025-11-25T16:05:51.965+0000] {processor.py:161} INFO - Started process (PID=8851) to work on /home/airflow/.local/lib/python3.12/site-packages/airflow/example_dags/example_sla_dag.py
[2025-11-25T16:05:51.967+0000] {processor.py:830} INFO - Processing file /home/airflow/.local/lib/python3.12/site-packages/airflow/example_dags/example_sla_dag.py for tasks to queue
[2025-11-25T16:05:51.968+0000] {logging_mixin.py:188} INFO - [2025-11-25T16:05:51.968+0000] {dagbag.py:545} INFO - Filling up the DagBag from /home/airflow/.local/lib/python3.12/site-packages/airflow/example_dags/example_sla_dag.py
[2025-11-25T16:05:51.980+0000] {processor.py:840} INFO - DAG(s) 'example_sla_dag' retrieved from /home/airflow/.local/lib/python3.12/site-packages/airflow/example_dags/example_sla_dag.py
[2025-11-25T16:05:52.006+0000] {logging_mixin.py:188} INFO - [2025-11-25T16:05:52.006+0000] {dag.py:3096} INFO - Sync 1 DAGs
[2025-11-25T16:05:52.021+0000] {logging_mixin.py:188} INFO - [2025-11-25T16:05:52.021+0000] {dag.py:3954} INFO - Setting next_dagrun for example_sla_dag to 2025-11-25 16:02:00+00:00, run_after=2025-11-25 16:04:00+00:00
[2025-11-25T16:05:52.031+0000] {processor.py:183} INFO - Processing /home/airflow/.local/lib/python3.12/site-packages/airflow/example_dags/example_sla_dag.py took 0.074 seconds
[2025-11-25T16:06:22.705+0000] {processor.py:161} INFO - Started process (PID=8910) to work on /home/airflow/.local/lib/python3.12/site-packages/airflow/example_dags/example_sla_dag.py
[2025-11-25T16:06:22.706+0000] {processor.py:830} INFO - Processing file /home/airflow/.local/lib/python3.12/site-packages/airflow/example_dags/example_sla_dag.py for tasks to queue
[2025-11-25T16:06:22.709+0000] {logging_mixin.py:188} INFO - [2025-11-25T16:06:22.708+0000] {dagbag.py:545} INFO - Filling up the DagBag from /home/airflow/.local/lib/python3.12/site-packages/airflow/example_dags/example_sla_dag.py
[2025-11-25T16:06:22.735+0000] {processor.py:840} INFO - DAG(s) 'example_sla_dag' retrieved from /home/airflow/.local/lib/python3.12/site-packages/airflow/example_dags/example_sla_dag.py
[2025-11-25T16:06:22.765+0000] {logging_mixin.py:188} INFO - [2025-11-25T16:06:22.765+0000] {dag.py:3096} INFO - Sync 1 DAGs
[2025-11-25T16:06:22.790+0000] {logging_mixin.py:188} INFO - [2025-11-25T16:06:22.790+0000] {dag.py:3954} INFO - Setting next_dagrun for example_sla_dag to 2025-11-25 16:04:00+00:00, run_after=2025-11-25 16:06:00+00:00
[2025-11-25T16:06:22.805+0000] {processor.py:183} INFO - Processing /home/airflow/.local/lib/python3.12/site-packages/airflow/example_dags/example_sla_dag.py took 0.110 seconds
[2025-11-25T16:06:52.919+0000] {processor.py:161} INFO - Started process (PID=8967) to work on /home/airflow/.local/lib/python3.12/site-packages/airflow/example_dags/example_sla_dag.py
[2025-11-25T16:06:52.921+0000] {processor.py:830} INFO - Processing file /home/airflow/.local/lib/python3.12/site-packages/airflow/example_dags/example_sla_dag.py for tasks to queue
[2025-11-25T16:06:52.922+0000] {logging_mixin.py:188} INFO - [2025-11-25T16:06:52.922+0000] {dagbag.py:545} INFO - Filling up the DagBag from /home/airflow/.local/lib/python3.12/site-packages/airflow/example_dags/example_sla_dag.py
[2025-11-25T16:06:52.930+0000] {processor.py:840} INFO - DAG(s) 'example_sla_dag' retrieved from /home/airflow/.local/lib/python3.12/site-packages/airflow/example_dags/example_sla_dag.py
[2025-11-25T16:06:52.954+0000] {logging_mixin.py:188} INFO - [2025-11-25T16:06:52.954+0000] {dag.py:3096} INFO - Sync 1 DAGs
[2025-11-25T16:06:52.973+0000] {logging_mixin.py:188} INFO - [2025-11-25T16:06:52.973+0000] {dag.py:3954} INFO - Setting next_dagrun for example_sla_dag to 2025-11-25 16:04:00+00:00, run_after=2025-11-25 16:06:00+00:00
[2025-11-25T16:06:52.984+0000] {processor.py:183} INFO - Processing /home/airflow/.local/lib/python3.12/site-packages/airflow/example_dags/example_sla_dag.py took 0.071 seconds
[2025-11-25T16:07:23.574+0000] {processor.py:161} INFO - Started process (PID=9026) to work on /home/airflow/.local/lib/python3.12/site-packages/airflow/example_dags/example_sla_dag.py
[2025-11-25T16:07:23.575+0000] {processor.py:830} INFO - Processing file /home/airflow/.local/lib/python3.12/site-packages/airflow/example_dags/example_sla_dag.py for tasks to queue
[2025-11-25T16:07:23.576+0000] {logging_mixin.py:188} INFO - [2025-11-25T16:07:23.576+0000] {dagbag.py:545} INFO - Filling up the DagBag from /home/airflow/.local/lib/python3.12/site-packages/airflow/example_dags/example_sla_dag.py
[2025-11-25T16:07:23.584+0000] {processor.py:840} INFO - DAG(s) 'example_sla_dag' retrieved from /home/airflow/.local/lib/python3.12/site-packages/airflow/example_dags/example_sla_dag.py
[2025-11-25T16:07:23.596+0000] {logging_mixin.py:188} INFO - [2025-11-25T16:07:23.596+0000] {dag.py:3096} INFO - Sync 1 DAGs
[2025-11-25T16:07:23.608+0000] {logging_mixin.py:188} INFO - [2025-11-25T16:07:23.608+0000] {dag.py:3954} INFO - Setting next_dagrun for example_sla_dag to 2025-11-25 16:04:00+00:00, run_after=2025-11-25 16:06:00+00:00
[2025-11-25T16:07:23.614+0000] {processor.py:183} INFO - Processing /home/airflow/.local/lib/python3.12/site-packages/airflow/example_dags/example_sla_dag.py took 0.044 seconds
[2025-11-25T16:07:54.178+0000] {processor.py:161} INFO - Started process (PID=9084) to work on /home/airflow/.local/lib/python3.12/site-packages/airflow/example_dags/example_sla_dag.py
[2025-11-25T16:07:54.183+0000] {processor.py:830} INFO - Processing file /home/airflow/.local/lib/python3.12/site-packages/airflow/example_dags/example_sla_dag.py for tasks to queue
[2025-11-25T16:07:54.184+0000] {logging_mixin.py:188} INFO - [2025-11-25T16:07:54.184+0000] {dagbag.py:545} INFO - Filling up the DagBag from /home/airflow/.local/lib/python3.12/site-packages/airflow/example_dags/example_sla_dag.py
[2025-11-25T16:07:54.190+0000] {processor.py:840} INFO - DAG(s) 'example_sla_dag' retrieved from /home/airflow/.local/lib/python3.12/site-packages/airflow/example_dags/example_sla_dag.py
[2025-11-25T16:07:54.202+0000] {logging_mixin.py:188} INFO - [2025-11-25T16:07:54.202+0000] {dag.py:3096} INFO - Sync 1 DAGs
[2025-11-25T16:07:54.212+0000] {logging_mixin.py:188} INFO - [2025-11-25T16:07:54.212+0000] {dag.py:3954} INFO - Setting next_dagrun for example_sla_dag to 2025-11-25 16:04:00+00:00, run_after=2025-11-25 16:06:00+00:00
[2025-11-25T16:07:54.219+0000] {processor.py:183} INFO - Processing /home/airflow/.local/lib/python3.12/site-packages/airflow/example_dags/example_sla_dag.py took 0.047 seconds
[2025-11-25T16:08:24.788+0000] {processor.py:161} INFO - Started process (PID=9142) to work on /home/airflow/.local/lib/python3.12/site-packages/airflow/example_dags/example_sla_dag.py
[2025-11-25T16:08:24.789+0000] {processor.py:830} INFO - Processing file /home/airflow/.local/lib/python3.12/site-packages/airflow/example_dags/example_sla_dag.py for tasks to queue
[2025-11-25T16:08:24.791+0000] {logging_mixin.py:188} INFO - [2025-11-25T16:08:24.790+0000] {dagbag.py:545} INFO - Filling up the DagBag from /home/airflow/.local/lib/python3.12/site-packages/airflow/example_dags/example_sla_dag.py
[2025-11-25T16:08:24.798+0000] {processor.py:840} INFO - DAG(s) 'example_sla_dag' retrieved from /home/airflow/.local/lib/python3.12/site-packages/airflow/example_dags/example_sla_dag.py
[2025-11-25T16:08:24.809+0000] {logging_mixin.py:188} INFO - [2025-11-25T16:08:24.809+0000] {dag.py:3096} INFO - Sync 1 DAGs
[2025-11-25T16:08:24.821+0000] {logging_mixin.py:188} INFO - [2025-11-25T16:08:24.821+0000] {dag.py:3954} INFO - Setting next_dagrun for example_sla_dag to 2025-11-25 16:06:00+00:00, run_after=2025-11-25 16:08:00+00:00
[2025-11-25T16:08:24.832+0000] {processor.py:183} INFO - Processing /home/airflow/.local/lib/python3.12/site-packages/airflow/example_dags/example_sla_dag.py took 0.050 seconds
[2025-11-25T16:08:55.570+0000] {processor.py:161} INFO - Started process (PID=9200) to work on /home/airflow/.local/lib/python3.12/site-packages/airflow/example_dags/example_sla_dag.py
[2025-11-25T16:08:55.573+0000] {processor.py:830} INFO - Processing file /home/airflow/.local/lib/python3.12/site-packages/airflow/example_dags/example_sla_dag.py for tasks to queue
[2025-11-25T16:08:55.581+0000] {logging_mixin.py:188} INFO - [2025-11-25T16:08:55.579+0000] {dagbag.py:545} INFO - Filling up the DagBag from /home/airflow/.local/lib/python3.12/site-packages/airflow/example_dags/example_sla_dag.py
[2025-11-25T16:08:55.603+0000] {processor.py:840} INFO - DAG(s) 'example_sla_dag' retrieved from /home/airflow/.local/lib/python3.12/site-packages/airflow/example_dags/example_sla_dag.py
[2025-11-25T16:08:55.642+0000] {logging_mixin.py:188} INFO - [2025-11-25T16:08:55.642+0000] {dag.py:3096} INFO - Sync 1 DAGs
[2025-11-25T16:08:55.662+0000] {logging_mixin.py:188} INFO - [2025-11-25T16:08:55.662+0000] {dag.py:3954} INFO - Setting next_dagrun for example_sla_dag to 2025-11-25 16:06:00+00:00, run_after=2025-11-25 16:08:00+00:00
[2025-11-25T16:08:55.676+0000] {processor.py:183} INFO - Processing /home/airflow/.local/lib/python3.12/site-packages/airflow/example_dags/example_sla_dag.py took 0.113 seconds
[2025-11-25T16:09:26.306+0000] {processor.py:161} INFO - Started process (PID=9258) to work on /home/airflow/.local/lib/python3.12/site-packages/airflow/example_dags/example_sla_dag.py
[2025-11-25T16:09:26.308+0000] {processor.py:830} INFO - Processing file /home/airflow/.local/lib/python3.12/site-packages/airflow/example_dags/example_sla_dag.py for tasks to queue
[2025-11-25T16:09:26.313+0000] {logging_mixin.py:188} INFO - [2025-11-25T16:09:26.312+0000] {dagbag.py:545} INFO - Filling up the DagBag from /home/airflow/.local/lib/python3.12/site-packages/airflow/example_dags/example_sla_dag.py
[2025-11-25T16:09:26.329+0000] {processor.py:840} INFO - DAG(s) 'example_sla_dag' retrieved from /home/airflow/.local/lib/python3.12/site-packages/airflow/example_dags/example_sla_dag.py
[2025-11-25T16:09:26.345+0000] {logging_mixin.py:188} INFO - [2025-11-25T16:09:26.344+0000] {dag.py:3096} INFO - Sync 1 DAGs
[2025-11-25T16:09:26.361+0000] {logging_mixin.py:188} INFO - [2025-11-25T16:09:26.361+0000] {dag.py:3954} INFO - Setting next_dagrun for example_sla_dag to 2025-11-25 16:06:00+00:00, run_after=2025-11-25 16:08:00+00:00
[2025-11-25T16:09:26.374+0000] {processor.py:183} INFO - Processing /home/airflow/.local/lib/python3.12/site-packages/airflow/example_dags/example_sla_dag.py took 0.080 seconds
[2025-11-25T16:09:57.040+0000] {processor.py:161} INFO - Started process (PID=9316) to work on /home/airflow/.local/lib/python3.12/site-packages/airflow/example_dags/example_sla_dag.py
[2025-11-25T16:09:57.044+0000] {processor.py:830} INFO - Processing file /home/airflow/.local/lib/python3.12/site-packages/airflow/example_dags/example_sla_dag.py for tasks to queue
[2025-11-25T16:09:57.050+0000] {logging_mixin.py:188} INFO - [2025-11-25T16:09:57.049+0000] {dagbag.py:545} INFO - Filling up the DagBag from /home/airflow/.local/lib/python3.12/site-packages/airflow/example_dags/example_sla_dag.py
[2025-11-25T16:09:57.076+0000] {processor.py:840} INFO - DAG(s) 'example_sla_dag' retrieved from /home/airflow/.local/lib/python3.12/site-packages/airflow/example_dags/example_sla_dag.py
[2025-11-25T16:09:57.120+0000] {logging_mixin.py:188} INFO - [2025-11-25T16:09:57.119+0000] {dag.py:3096} INFO - Sync 1 DAGs
[2025-11-25T16:09:57.144+0000] {logging_mixin.py:188} INFO - [2025-11-25T16:09:57.144+0000] {dag.py:3954} INFO - Setting next_dagrun for example_sla_dag to 2025-11-25 16:06:00+00:00, run_after=2025-11-25 16:08:00+00:00
[2025-11-25T16:09:57.163+0000] {processor.py:183} INFO - Processing /home/airflow/.local/lib/python3.12/site-packages/airflow/example_dags/example_sla_dag.py took 0.141 seconds
[2025-11-25T16:10:27.719+0000] {processor.py:161} INFO - Started process (PID=9374) to work on /home/airflow/.local/lib/python3.12/site-packages/airflow/example_dags/example_sla_dag.py
[2025-11-25T16:10:27.723+0000] {processor.py:830} INFO - Processing file /home/airflow/.local/lib/python3.12/site-packages/airflow/example_dags/example_sla_dag.py for tasks to queue
[2025-11-25T16:10:27.725+0000] {logging_mixin.py:188} INFO - [2025-11-25T16:10:27.724+0000] {dagbag.py:545} INFO - Filling up the DagBag from /home/airflow/.local/lib/python3.12/site-packages/airflow/example_dags/example_sla_dag.py
[2025-11-25T16:10:27.736+0000] {processor.py:840} INFO - DAG(s) 'example_sla_dag' retrieved from /home/airflow/.local/lib/python3.12/site-packages/airflow/example_dags/example_sla_dag.py
[2025-11-25T16:10:27.752+0000] {logging_mixin.py:188} INFO - [2025-11-25T16:10:27.752+0000] {dag.py:3096} INFO - Sync 1 DAGs
[2025-11-25T16:10:27.768+0000] {logging_mixin.py:188} INFO - [2025-11-25T16:10:27.768+0000] {dag.py:3954} INFO - Setting next_dagrun for example_sla_dag to 2025-11-25 16:08:00+00:00, run_after=2025-11-25 16:10:00+00:00
[2025-11-25T16:10:27.778+0000] {processor.py:183} INFO - Processing /home/airflow/.local/lib/python3.12/site-packages/airflow/example_dags/example_sla_dag.py took 0.064 seconds
[2025-11-25T16:10:58.394+0000] {processor.py:161} INFO - Started process (PID=9432) to work on /home/airflow/.local/lib/python3.12/site-packages/airflow/example_dags/example_sla_dag.py
[2025-11-25T16:10:58.397+0000] {processor.py:830} INFO - Processing file /home/airflow/.local/lib/python3.12/site-packages/airflow/example_dags/example_sla_dag.py for tasks to queue
[2025-11-25T16:10:58.402+0000] {logging_mixin.py:188} INFO - [2025-11-25T16:10:58.402+0000] {dagbag.py:545} INFO - Filling up the DagBag from /home/airflow/.local/lib/python3.12/site-packages/airflow/example_dags/example_sla_dag.py
[2025-11-25T16:10:58.418+0000] {processor.py:840} INFO - DAG(s) 'example_sla_dag' retrieved from /home/airflow/.local/lib/python3.12/site-packages/airflow/example_dags/example_sla_dag.py
[2025-11-25T16:10:58.438+0000] {logging_mixin.py:188} INFO - [2025-11-25T16:10:58.437+0000] {dag.py:3096} INFO - Sync 1 DAGs
[2025-11-25T16:10:58.452+0000] {logging_mixin.py:188} INFO - [2025-11-25T16:10:58.452+0000] {dag.py:3954} INFO - Setting next_dagrun for example_sla_dag to 2025-11-25 16:08:00+00:00, run_after=2025-11-25 16:10:00+00:00
[2025-11-25T16:10:58.461+0000] {processor.py:183} INFO - Processing /home/airflow/.local/lib/python3.12/site-packages/airflow/example_dags/example_sla_dag.py took 0.077 seconds
[2025-11-25T16:11:29.085+0000] {processor.py:161} INFO - Started process (PID=9490) to work on /home/airflow/.local/lib/python3.12/site-packages/airflow/example_dags/example_sla_dag.py
[2025-11-25T16:11:29.088+0000] {processor.py:830} INFO - Processing file /home/airflow/.local/lib/python3.12/site-packages/airflow/example_dags/example_sla_dag.py for tasks to queue
[2025-11-25T16:11:29.091+0000] {logging_mixin.py:188} INFO - [2025-11-25T16:11:29.091+0000] {dagbag.py:545} INFO - Filling up the DagBag from /home/airflow/.local/lib/python3.12/site-packages/airflow/example_dags/example_sla_dag.py
[2025-11-25T16:11:29.101+0000] {processor.py:840} INFO - DAG(s) 'example_sla_dag' retrieved from /home/airflow/.local/lib/python3.12/site-packages/airflow/example_dags/example_sla_dag.py
[2025-11-25T16:11:29.117+0000] {logging_mixin.py:188} INFO - [2025-11-25T16:11:29.117+0000] {dag.py:3096} INFO - Sync 1 DAGs
[2025-11-25T16:11:29.131+0000] {logging_mixin.py:188} INFO - [2025-11-25T16:11:29.131+0000] {dag.py:3954} INFO - Setting next_dagrun for example_sla_dag to 2025-11-25 16:08:00+00:00, run_after=2025-11-25 16:10:00+00:00
[2025-11-25T16:11:29.139+0000] {processor.py:183} INFO - Processing /home/airflow/.local/lib/python3.12/site-packages/airflow/example_dags/example_sla_dag.py took 0.060 seconds
[2025-11-25T16:11:59.747+0000] {processor.py:161} INFO - Started process (PID=9548) to work on /home/airflow/.local/lib/python3.12/site-packages/airflow/example_dags/example_sla_dag.py
[2025-11-25T16:11:59.752+0000] {processor.py:830} INFO - Processing file /home/airflow/.local/lib/python3.12/site-packages/airflow/example_dags/example_sla_dag.py for tasks to queue
[2025-11-25T16:11:59.761+0000] {logging_mixin.py:188} INFO - [2025-11-25T16:11:59.761+0000] {dagbag.py:545} INFO - Filling up the DagBag from /home/airflow/.local/lib/python3.12/site-packages/airflow/example_dags/example_sla_dag.py
[2025-11-25T16:11:59.784+0000] {processor.py:840} INFO - DAG(s) 'example_sla_dag' retrieved from /home/airflow/.local/lib/python3.12/site-packages/airflow/example_dags/example_sla_dag.py
[2025-11-25T16:11:59.837+0000] {logging_mixin.py:188} INFO - [2025-11-25T16:11:59.836+0000] {dag.py:3096} INFO - Sync 1 DAGs
[2025-11-25T16:11:59.876+0000] {logging_mixin.py:188} INFO - [2025-11-25T16:11:59.876+0000] {dag.py:3954} INFO - Setting next_dagrun for example_sla_dag to 2025-11-25 16:08:00+00:00, run_after=2025-11-25 16:10:00+00:00
[2025-11-25T16:11:59.923+0000] {processor.py:183} INFO - Processing /home/airflow/.local/lib/python3.12/site-packages/airflow/example_dags/example_sla_dag.py took 0.186 seconds
[2025-11-25T16:12:30.571+0000] {processor.py:161} INFO - Started process (PID=9606) to work on /home/airflow/.local/lib/python3.12/site-packages/airflow/example_dags/example_sla_dag.py
[2025-11-25T16:12:30.572+0000] {processor.py:830} INFO - Processing file /home/airflow/.local/lib/python3.12/site-packages/airflow/example_dags/example_sla_dag.py for tasks to queue
[2025-11-25T16:12:30.573+0000] {logging_mixin.py:188} INFO - [2025-11-25T16:12:30.573+0000] {dagbag.py:545} INFO - Filling up the DagBag from /home/airflow/.local/lib/python3.12/site-packages/airflow/example_dags/example_sla_dag.py
[2025-11-25T16:12:30.592+0000] {processor.py:840} INFO - DAG(s) 'example_sla_dag' retrieved from /home/airflow/.local/lib/python3.12/site-packages/airflow/example_dags/example_sla_dag.py
[2025-11-25T16:12:30.620+0000] {logging_mixin.py:188} INFO - [2025-11-25T16:12:30.620+0000] {dag.py:3096} INFO - Sync 1 DAGs
[2025-11-25T16:12:30.645+0000] {logging_mixin.py:188} INFO - [2025-11-25T16:12:30.645+0000] {dag.py:3954} INFO - Setting next_dagrun for example_sla_dag to 2025-11-25 16:10:00+00:00, run_after=2025-11-25 16:12:00+00:00
[2025-11-25T16:12:30.662+0000] {processor.py:183} INFO - Processing /home/airflow/.local/lib/python3.12/site-packages/airflow/example_dags/example_sla_dag.py took 0.096 seconds
[2025-11-25T16:13:01.271+0000] {processor.py:161} INFO - Started process (PID=9664) to work on /home/airflow/.local/lib/python3.12/site-packages/airflow/example_dags/example_sla_dag.py
[2025-11-25T16:13:01.277+0000] {processor.py:830} INFO - Processing file /home/airflow/.local/lib/python3.12/site-packages/airflow/example_dags/example_sla_dag.py for tasks to queue
[2025-11-25T16:13:01.279+0000] {logging_mixin.py:188} INFO - [2025-11-25T16:13:01.279+0000] {dagbag.py:545} INFO - Filling up the DagBag from /home/airflow/.local/lib/python3.12/site-packages/airflow/example_dags/example_sla_dag.py
[2025-11-25T16:13:01.286+0000] {processor.py:840} INFO - DAG(s) 'example_sla_dag' retrieved from /home/airflow/.local/lib/python3.12/site-packages/airflow/example_dags/example_sla_dag.py
[2025-11-25T16:13:01.302+0000] {logging_mixin.py:188} INFO - [2025-11-25T16:13:01.302+0000] {dag.py:3096} INFO - Sync 1 DAGs
[2025-11-25T16:13:01.316+0000] {logging_mixin.py:188} INFO - [2025-11-25T16:13:01.316+0000] {dag.py:3954} INFO - Setting next_dagrun for example_sla_dag to 2025-11-25 16:10:00+00:00, run_after=2025-11-25 16:12:00+00:00
[2025-11-25T16:13:01.325+0000] {processor.py:183} INFO - Processing /home/airflow/.local/lib/python3.12/site-packages/airflow/example_dags/example_sla_dag.py took 0.060 seconds
[2025-11-25T16:13:31.920+0000] {processor.py:161} INFO - Started process (PID=9722) to work on /home/airflow/.local/lib/python3.12/site-packages/airflow/example_dags/example_sla_dag.py
[2025-11-25T16:13:31.922+0000] {processor.py:830} INFO - Processing file /home/airflow/.local/lib/python3.12/site-packages/airflow/example_dags/example_sla_dag.py for tasks to queue
[2025-11-25T16:13:31.928+0000] {logging_mixin.py:188} INFO - [2025-11-25T16:13:31.928+0000] {dagbag.py:545} INFO - Filling up the DagBag from /home/airflow/.local/lib/python3.12/site-packages/airflow/example_dags/example_sla_dag.py
[2025-11-25T16:13:31.948+0000] {processor.py:840} INFO - DAG(s) 'example_sla_dag' retrieved from /home/airflow/.local/lib/python3.12/site-packages/airflow/example_dags/example_sla_dag.py
[2025-11-25T16:13:31.991+0000] {logging_mixin.py:188} INFO - [2025-11-25T16:13:31.991+0000] {dag.py:3096} INFO - Sync 1 DAGs
[2025-11-25T16:13:32.018+0000] {logging_mixin.py:188} INFO - [2025-11-25T16:13:32.018+0000] {dag.py:3954} INFO - Setting next_dagrun for example_sla_dag to 2025-11-25 16:10:00+00:00, run_after=2025-11-25 16:12:00+00:00
[2025-11-25T16:13:32.035+0000] {processor.py:183} INFO - Processing /home/airflow/.local/lib/python3.12/site-packages/airflow/example_dags/example_sla_dag.py took 0.123 seconds
[2025-11-25T16:14:02.698+0000] {processor.py:161} INFO - Started process (PID=9780) to work on /home/airflow/.local/lib/python3.12/site-packages/airflow/example_dags/example_sla_dag.py
[2025-11-25T16:14:02.708+0000] {processor.py:830} INFO - Processing file /home/airflow/.local/lib/python3.12/site-packages/airflow/example_dags/example_sla_dag.py for tasks to queue
[2025-11-25T16:14:02.712+0000] {logging_mixin.py:188} INFO - [2025-11-25T16:14:02.711+0000] {dagbag.py:545} INFO - Filling up the DagBag from /home/airflow/.local/lib/python3.12/site-packages/airflow/example_dags/example_sla_dag.py
[2025-11-25T16:14:02.729+0000] {processor.py:840} INFO - DAG(s) 'example_sla_dag' retrieved from /home/airflow/.local/lib/python3.12/site-packages/airflow/example_dags/example_sla_dag.py
[2025-11-25T16:14:02.754+0000] {logging_mixin.py:188} INFO - [2025-11-25T16:14:02.754+0000] {dag.py:3096} INFO - Sync 1 DAGs
[2025-11-25T16:14:02.772+0000] {logging_mixin.py:188} INFO - [2025-11-25T16:14:02.772+0000] {dag.py:3954} INFO - Setting next_dagrun for example_sla_dag to 2025-11-25 16:12:00+00:00, run_after=2025-11-25 16:14:00+00:00
[2025-11-25T16:14:02.787+0000] {processor.py:183} INFO - Processing /home/airflow/.local/lib/python3.12/site-packages/airflow/example_dags/example_sla_dag.py took 0.101 seconds
[2025-11-25T16:14:33.317+0000] {processor.py:161} INFO - Started process (PID=9838) to work on /home/airflow/.local/lib/python3.12/site-packages/airflow/example_dags/example_sla_dag.py
[2025-11-25T16:14:33.319+0000] {processor.py:830} INFO - Processing file /home/airflow/.local/lib/python3.12/site-packages/airflow/example_dags/example_sla_dag.py for tasks to queue
[2025-11-25T16:14:33.323+0000] {logging_mixin.py:188} INFO - [2025-11-25T16:14:33.322+0000] {dagbag.py:545} INFO - Filling up the DagBag from /home/airflow/.local/lib/python3.12/site-packages/airflow/example_dags/example_sla_dag.py
[2025-11-25T16:14:33.341+0000] {processor.py:840} INFO - DAG(s) 'example_sla_dag' retrieved from /home/airflow/.local/lib/python3.12/site-packages/airflow/example_dags/example_sla_dag.py
[2025-11-25T16:14:33.367+0000] {logging_mixin.py:188} INFO - [2025-11-25T16:14:33.367+0000] {dag.py:3096} INFO - Sync 1 DAGs
[2025-11-25T16:14:33.386+0000] {logging_mixin.py:188} INFO - [2025-11-25T16:14:33.386+0000] {dag.py:3954} INFO - Setting next_dagrun for example_sla_dag to 2025-11-25 16:12:00+00:00, run_after=2025-11-25 16:14:00+00:00
[2025-11-25T16:14:33.401+0000] {processor.py:183} INFO - Processing /home/airflow/.local/lib/python3.12/site-packages/airflow/example_dags/example_sla_dag.py took 0.088 seconds
[2025-11-25T16:15:03.645+0000] {processor.py:161} INFO - Started process (PID=9896) to work on /home/airflow/.local/lib/python3.12/site-packages/airflow/example_dags/example_sla_dag.py
[2025-11-25T16:15:03.647+0000] {processor.py:830} INFO - Processing file /home/airflow/.local/lib/python3.12/site-packages/airflow/example_dags/example_sla_dag.py for tasks to queue
[2025-11-25T16:15:03.649+0000] {logging_mixin.py:188} INFO - [2025-11-25T16:15:03.649+0000] {dagbag.py:545} INFO - Filling up the DagBag from /home/airflow/.local/lib/python3.12/site-packages/airflow/example_dags/example_sla_dag.py
[2025-11-25T16:15:03.671+0000] {processor.py:840} INFO - DAG(s) 'example_sla_dag' retrieved from /home/airflow/.local/lib/python3.12/site-packages/airflow/example_dags/example_sla_dag.py
[2025-11-25T16:15:03.702+0000] {logging_mixin.py:188} INFO - [2025-11-25T16:15:03.702+0000] {dag.py:3096} INFO - Sync 1 DAGs
[2025-11-25T16:15:03.728+0000] {logging_mixin.py:188} INFO - [2025-11-25T16:15:03.728+0000] {dag.py:3954} INFO - Setting next_dagrun for example_sla_dag to 2025-11-25 16:12:00+00:00, run_after=2025-11-25 16:14:00+00:00
[2025-11-25T16:15:03.745+0000] {processor.py:183} INFO - Processing /home/airflow/.local/lib/python3.12/site-packages/airflow/example_dags/example_sla_dag.py took 0.112 seconds
[2025-11-25T16:15:34.334+0000] {processor.py:161} INFO - Started process (PID=9954) to work on /home/airflow/.local/lib/python3.12/site-packages/airflow/example_dags/example_sla_dag.py
[2025-11-25T16:15:34.337+0000] {processor.py:830} INFO - Processing file /home/airflow/.local/lib/python3.12/site-packages/airflow/example_dags/example_sla_dag.py for tasks to queue
[2025-11-25T16:15:34.339+0000] {logging_mixin.py:188} INFO - [2025-11-25T16:15:34.339+0000] {dagbag.py:545} INFO - Filling up the DagBag from /home/airflow/.local/lib/python3.12/site-packages/airflow/example_dags/example_sla_dag.py
[2025-11-25T16:15:34.347+0000] {processor.py:840} INFO - DAG(s) 'example_sla_dag' retrieved from /home/airflow/.local/lib/python3.12/site-packages/airflow/example_dags/example_sla_dag.py
[2025-11-25T16:15:34.358+0000] {logging_mixin.py:188} INFO - [2025-11-25T16:15:34.358+0000] {dag.py:3096} INFO - Sync 1 DAGs
[2025-11-25T16:15:34.368+0000] {logging_mixin.py:188} INFO - [2025-11-25T16:15:34.368+0000] {dag.py:3954} INFO - Setting next_dagrun for example_sla_dag to 2025-11-25 16:12:00+00:00, run_after=2025-11-25 16:14:00+00:00
[2025-11-25T16:15:34.375+0000] {processor.py:183} INFO - Processing /home/airflow/.local/lib/python3.12/site-packages/airflow/example_dags/example_sla_dag.py took 0.046 seconds
[2025-11-25T16:16:04.966+0000] {processor.py:161} INFO - Started process (PID=10012) to work on /home/airflow/.local/lib/python3.12/site-packages/airflow/example_dags/example_sla_dag.py
[2025-11-25T16:16:04.967+0000] {processor.py:830} INFO - Processing file /home/airflow/.local/lib/python3.12/site-packages/airflow/example_dags/example_sla_dag.py for tasks to queue
[2025-11-25T16:16:04.970+0000] {logging_mixin.py:188} INFO - [2025-11-25T16:16:04.970+0000] {dagbag.py:545} INFO - Filling up the DagBag from /home/airflow/.local/lib/python3.12/site-packages/airflow/example_dags/example_sla_dag.py
[2025-11-25T16:16:04.980+0000] {processor.py:840} INFO - DAG(s) 'example_sla_dag' retrieved from /home/airflow/.local/lib/python3.12/site-packages/airflow/example_dags/example_sla_dag.py
[2025-11-25T16:16:04.996+0000] {logging_mixin.py:188} INFO - [2025-11-25T16:16:04.996+0000] {dag.py:3096} INFO - Sync 1 DAGs
[2025-11-25T16:16:05.012+0000] {logging_mixin.py:188} INFO - [2025-11-25T16:16:05.012+0000] {dag.py:3954} INFO - Setting next_dagrun for example_sla_dag to 2025-11-25 16:14:00+00:00, run_after=2025-11-25 16:16:00+00:00
[2025-11-25T16:16:05.021+0000] {processor.py:183} INFO - Processing /home/airflow/.local/lib/python3.12/site-packages/airflow/example_dags/example_sla_dag.py took 0.059 seconds
[2025-11-25T16:16:35.212+0000] {processor.py:161} INFO - Started process (PID=10070) to work on /home/airflow/.local/lib/python3.12/site-packages/airflow/example_dags/example_sla_dag.py
[2025-11-25T16:16:35.213+0000] {processor.py:830} INFO - Processing file /home/airflow/.local/lib/python3.12/site-packages/airflow/example_dags/example_sla_dag.py for tasks to queue
[2025-11-25T16:16:35.221+0000] {logging_mixin.py:188} INFO - [2025-11-25T16:16:35.220+0000] {dagbag.py:545} INFO - Filling up the DagBag from /home/airflow/.local/lib/python3.12/site-packages/airflow/example_dags/example_sla_dag.py
[2025-11-25T16:16:35.242+0000] {processor.py:840} INFO - DAG(s) 'example_sla_dag' retrieved from /home/airflow/.local/lib/python3.12/site-packages/airflow/example_dags/example_sla_dag.py
[2025-11-25T16:16:35.295+0000] {logging_mixin.py:188} INFO - [2025-11-25T16:16:35.295+0000] {dag.py:3096} INFO - Sync 1 DAGs
[2025-11-25T16:16:35.320+0000] {logging_mixin.py:188} INFO - [2025-11-25T16:16:35.320+0000] {dag.py:3954} INFO - Setting next_dagrun for example_sla_dag to 2025-11-25 16:14:00+00:00, run_after=2025-11-25 16:16:00+00:00
[2025-11-25T16:16:35.336+0000] {processor.py:183} INFO - Processing /home/airflow/.local/lib/python3.12/site-packages/airflow/example_dags/example_sla_dag.py took 0.135 seconds
[2025-11-25T16:17:05.718+0000] {processor.py:161} INFO - Started process (PID=10128) to work on /home/airflow/.local/lib/python3.12/site-packages/airflow/example_dags/example_sla_dag.py
[2025-11-25T16:17:05.720+0000] {processor.py:830} INFO - Processing file /home/airflow/.local/lib/python3.12/site-packages/airflow/example_dags/example_sla_dag.py for tasks to queue
[2025-11-25T16:17:05.725+0000] {logging_mixin.py:188} INFO - [2025-11-25T16:17:05.725+0000] {dagbag.py:545} INFO - Filling up the DagBag from /home/airflow/.local/lib/python3.12/site-packages/airflow/example_dags/example_sla_dag.py
[2025-11-25T16:17:05.749+0000] {processor.py:840} INFO - DAG(s) 'example_sla_dag' retrieved from /home/airflow/.local/lib/python3.12/site-packages/airflow/example_dags/example_sla_dag.py
[2025-11-25T16:17:05.794+0000] {logging_mixin.py:188} INFO - [2025-11-25T16:17:05.794+0000] {dag.py:3096} INFO - Sync 1 DAGs
[2025-11-25T16:17:05.816+0000] {logging_mixin.py:188} INFO - [2025-11-25T16:17:05.816+0000] {dag.py:3954} INFO - Setting next_dagrun for example_sla_dag to 2025-11-25 16:14:00+00:00, run_after=2025-11-25 16:16:00+00:00
[2025-11-25T16:17:05.834+0000] {processor.py:183} INFO - Processing /home/airflow/.local/lib/python3.12/site-packages/airflow/example_dags/example_sla_dag.py took 0.127 seconds
[2025-11-25T16:17:36.218+0000] {processor.py:161} INFO - Started process (PID=10186) to work on /home/airflow/.local/lib/python3.12/site-packages/airflow/example_dags/example_sla_dag.py
[2025-11-25T16:17:36.222+0000] {processor.py:830} INFO - Processing file /home/airflow/.local/lib/python3.12/site-packages/airflow/example_dags/example_sla_dag.py for tasks to queue
[2025-11-25T16:17:36.224+0000] {logging_mixin.py:188} INFO - [2025-11-25T16:17:36.224+0000] {dagbag.py:545} INFO - Filling up the DagBag from /home/airflow/.local/lib/python3.12/site-packages/airflow/example_dags/example_sla_dag.py
[2025-11-25T16:17:36.242+0000] {processor.py:840} INFO - DAG(s) 'example_sla_dag' retrieved from /home/airflow/.local/lib/python3.12/site-packages/airflow/example_dags/example_sla_dag.py
[2025-11-25T16:17:36.267+0000] {logging_mixin.py:188} INFO - [2025-11-25T16:17:36.267+0000] {dag.py:3096} INFO - Sync 1 DAGs
[2025-11-25T16:17:36.304+0000] {logging_mixin.py:188} INFO - [2025-11-25T16:17:36.303+0000] {dag.py:3954} INFO - Setting next_dagrun for example_sla_dag to 2025-11-25 16:14:00+00:00, run_after=2025-11-25 16:16:00+00:00
[2025-11-25T16:17:36.317+0000] {processor.py:183} INFO - Processing /home/airflow/.local/lib/python3.12/site-packages/airflow/example_dags/example_sla_dag.py took 0.105 seconds
[2025-11-25T16:18:06.490+0000] {processor.py:161} INFO - Started process (PID=10243) to work on /home/airflow/.local/lib/python3.12/site-packages/airflow/example_dags/example_sla_dag.py
[2025-11-25T16:18:06.493+0000] {processor.py:830} INFO - Processing file /home/airflow/.local/lib/python3.12/site-packages/airflow/example_dags/example_sla_dag.py for tasks to queue
[2025-11-25T16:18:06.505+0000] {logging_mixin.py:188} INFO - [2025-11-25T16:18:06.501+0000] {dagbag.py:545} INFO - Filling up the DagBag from /home/airflow/.local/lib/python3.12/site-packages/airflow/example_dags/example_sla_dag.py
[2025-11-25T16:18:06.525+0000] {processor.py:840} INFO - DAG(s) 'example_sla_dag' retrieved from /home/airflow/.local/lib/python3.12/site-packages/airflow/example_dags/example_sla_dag.py
[2025-11-25T16:18:06.553+0000] {logging_mixin.py:188} INFO - [2025-11-25T16:18:06.553+0000] {dag.py:3096} INFO - Sync 1 DAGs
[2025-11-25T16:18:06.581+0000] {logging_mixin.py:188} INFO - [2025-11-25T16:18:06.581+0000] {dag.py:3954} INFO - Setting next_dagrun for example_sla_dag to 2025-11-25 16:16:00+00:00, run_after=2025-11-25 16:18:00+00:00
[2025-11-25T16:18:06.596+0000] {processor.py:183} INFO - Processing /home/airflow/.local/lib/python3.12/site-packages/airflow/example_dags/example_sla_dag.py took 0.131 seconds
[2025-11-25T16:18:37.063+0000] {processor.py:161} INFO - Started process (PID=10302) to work on /home/airflow/.local/lib/python3.12/site-packages/airflow/example_dags/example_sla_dag.py
[2025-11-25T16:18:37.066+0000] {processor.py:830} INFO - Processing file /home/airflow/.local/lib/python3.12/site-packages/airflow/example_dags/example_sla_dag.py for tasks to queue
[2025-11-25T16:18:37.071+0000] {logging_mixin.py:188} INFO - [2025-11-25T16:18:37.070+0000] {dagbag.py:545} INFO - Filling up the DagBag from /home/airflow/.local/lib/python3.12/site-packages/airflow/example_dags/example_sla_dag.py
[2025-11-25T16:18:37.083+0000] {processor.py:840} INFO - DAG(s) 'example_sla_dag' retrieved from /home/airflow/.local/lib/python3.12/site-packages/airflow/example_dags/example_sla_dag.py
[2025-11-25T16:18:37.115+0000] {logging_mixin.py:188} INFO - [2025-11-25T16:18:37.115+0000] {dag.py:3096} INFO - Sync 1 DAGs
[2025-11-25T16:18:37.131+0000] {logging_mixin.py:188} INFO - [2025-11-25T16:18:37.131+0000] {dag.py:3954} INFO - Setting next_dagrun for example_sla_dag to 2025-11-25 16:16:00+00:00, run_after=2025-11-25 16:18:00+00:00
[2025-11-25T16:18:37.145+0000] {processor.py:183} INFO - Processing /home/airflow/.local/lib/python3.12/site-packages/airflow/example_dags/example_sla_dag.py took 0.088 seconds
[2025-11-25T16:19:07.188+0000] {processor.py:161} INFO - Started process (PID=10358) to work on /home/airflow/.local/lib/python3.12/site-packages/airflow/example_dags/example_sla_dag.py
[2025-11-25T16:19:07.195+0000] {processor.py:830} INFO - Processing file /home/airflow/.local/lib/python3.12/site-packages/airflow/example_dags/example_sla_dag.py for tasks to queue
[2025-11-25T16:19:07.202+0000] {logging_mixin.py:188} INFO - [2025-11-25T16:19:07.201+0000] {dagbag.py:545} INFO - Filling up the DagBag from /home/airflow/.local/lib/python3.12/site-packages/airflow/example_dags/example_sla_dag.py
[2025-11-25T16:19:07.230+0000] {processor.py:840} INFO - DAG(s) 'example_sla_dag' retrieved from /home/airflow/.local/lib/python3.12/site-packages/airflow/example_dags/example_sla_dag.py
[2025-11-25T16:19:07.270+0000] {logging_mixin.py:188} INFO - [2025-11-25T16:19:07.270+0000] {dag.py:3096} INFO - Sync 1 DAGs
[2025-11-25T16:19:07.296+0000] {logging_mixin.py:188} INFO - [2025-11-25T16:19:07.296+0000] {dag.py:3954} INFO - Setting next_dagrun for example_sla_dag to 2025-11-25 16:16:00+00:00, run_after=2025-11-25 16:18:00+00:00
[2025-11-25T16:19:07.313+0000] {processor.py:183} INFO - Processing /home/airflow/.local/lib/python3.12/site-packages/airflow/example_dags/example_sla_dag.py took 0.139 seconds
[2025-11-25T16:19:38.334+0000] {processor.py:161} INFO - Started process (PID=10416) to work on /home/airflow/.local/lib/python3.12/site-packages/airflow/example_dags/example_sla_dag.py
[2025-11-25T16:19:38.340+0000] {processor.py:830} INFO - Processing file /home/airflow/.local/lib/python3.12/site-packages/airflow/example_dags/example_sla_dag.py for tasks to queue
[2025-11-25T16:19:38.344+0000] {logging_mixin.py:188} INFO - [2025-11-25T16:19:38.343+0000] {dagbag.py:545} INFO - Filling up the DagBag from /home/airflow/.local/lib/python3.12/site-packages/airflow/example_dags/example_sla_dag.py
[2025-11-25T16:19:38.361+0000] {processor.py:840} INFO - DAG(s) 'example_sla_dag' retrieved from /home/airflow/.local/lib/python3.12/site-packages/airflow/example_dags/example_sla_dag.py
[2025-11-25T16:19:38.393+0000] {logging_mixin.py:188} INFO - [2025-11-25T16:19:38.393+0000] {dag.py:3096} INFO - Sync 1 DAGs
[2025-11-25T16:19:38.422+0000] {logging_mixin.py:188} INFO - [2025-11-25T16:19:38.422+0000] {dag.py:3954} INFO - Setting next_dagrun for example_sla_dag to 2025-11-25 16:16:00+00:00, run_after=2025-11-25 16:18:00+00:00
[2025-11-25T16:19:38.439+0000] {processor.py:183} INFO - Processing /home/airflow/.local/lib/python3.12/site-packages/airflow/example_dags/example_sla_dag.py took 0.112 seconds
[2025-11-25T16:20:08.815+0000] {processor.py:161} INFO - Started process (PID=10474) to work on /home/airflow/.local/lib/python3.12/site-packages/airflow/example_dags/example_sla_dag.py
[2025-11-25T16:20:08.817+0000] {processor.py:830} INFO - Processing file /home/airflow/.local/lib/python3.12/site-packages/airflow/example_dags/example_sla_dag.py for tasks to queue
[2025-11-25T16:20:08.822+0000] {logging_mixin.py:188} INFO - [2025-11-25T16:20:08.822+0000] {dagbag.py:545} INFO - Filling up the DagBag from /home/airflow/.local/lib/python3.12/site-packages/airflow/example_dags/example_sla_dag.py
[2025-11-25T16:20:08.844+0000] {processor.py:840} INFO - DAG(s) 'example_sla_dag' retrieved from /home/airflow/.local/lib/python3.12/site-packages/airflow/example_dags/example_sla_dag.py
[2025-11-25T16:20:08.883+0000] {logging_mixin.py:188} INFO - [2025-11-25T16:20:08.883+0000] {dag.py:3096} INFO - Sync 1 DAGs
[2025-11-25T16:20:08.913+0000] {logging_mixin.py:188} INFO - [2025-11-25T16:20:08.913+0000] {dag.py:3954} INFO - Setting next_dagrun for example_sla_dag to 2025-11-25 16:18:00+00:00, run_after=2025-11-25 16:20:00+00:00
[2025-11-25T16:20:08.930+0000] {processor.py:183} INFO - Processing /home/airflow/.local/lib/python3.12/site-packages/airflow/example_dags/example_sla_dag.py took 0.122 seconds
[2025-11-25T16:20:39.872+0000] {processor.py:161} INFO - Started process (PID=10532) to work on /home/airflow/.local/lib/python3.12/site-packages/airflow/example_dags/example_sla_dag.py
[2025-11-25T16:20:39.875+0000] {processor.py:830} INFO - Processing file /home/airflow/.local/lib/python3.12/site-packages/airflow/example_dags/example_sla_dag.py for tasks to queue
[2025-11-25T16:20:39.878+0000] {logging_mixin.py:188} INFO - [2025-11-25T16:20:39.878+0000] {dagbag.py:545} INFO - Filling up the DagBag from /home/airflow/.local/lib/python3.12/site-packages/airflow/example_dags/example_sla_dag.py
[2025-11-25T16:20:39.892+0000] {processor.py:840} INFO - DAG(s) 'example_sla_dag' retrieved from /home/airflow/.local/lib/python3.12/site-packages/airflow/example_dags/example_sla_dag.py
[2025-11-25T16:20:39.919+0000] {logging_mixin.py:188} INFO - [2025-11-25T16:20:39.918+0000] {dag.py:3096} INFO - Sync 1 DAGs
[2025-11-25T16:20:39.941+0000] {logging_mixin.py:188} INFO - [2025-11-25T16:20:39.941+0000] {dag.py:3954} INFO - Setting next_dagrun for example_sla_dag to 2025-11-25 16:18:00+00:00, run_after=2025-11-25 16:20:00+00:00
[2025-11-25T16:20:39.951+0000] {processor.py:183} INFO - Processing /home/airflow/.local/lib/python3.12/site-packages/airflow/example_dags/example_sla_dag.py took 0.092 seconds
[2025-11-25T16:21:10.461+0000] {processor.py:161} INFO - Started process (PID=10590) to work on /home/airflow/.local/lib/python3.12/site-packages/airflow/example_dags/example_sla_dag.py
[2025-11-25T16:21:10.464+0000] {processor.py:830} INFO - Processing file /home/airflow/.local/lib/python3.12/site-packages/airflow/example_dags/example_sla_dag.py for tasks to queue
[2025-11-25T16:21:10.474+0000] {logging_mixin.py:188} INFO - [2025-11-25T16:21:10.473+0000] {dagbag.py:545} INFO - Filling up the DagBag from /home/airflow/.local/lib/python3.12/site-packages/airflow/example_dags/example_sla_dag.py
[2025-11-25T16:21:10.499+0000] {processor.py:840} INFO - DAG(s) 'example_sla_dag' retrieved from /home/airflow/.local/lib/python3.12/site-packages/airflow/example_dags/example_sla_dag.py
[2025-11-25T16:21:10.548+0000] {logging_mixin.py:188} INFO - [2025-11-25T16:21:10.548+0000] {dag.py:3096} INFO - Sync 1 DAGs
[2025-11-25T16:21:10.577+0000] {logging_mixin.py:188} INFO - [2025-11-25T16:21:10.576+0000] {dag.py:3954} INFO - Setting next_dagrun for example_sla_dag to 2025-11-25 16:18:00+00:00, run_after=2025-11-25 16:20:00+00:00
[2025-11-25T16:21:10.592+0000] {processor.py:183} INFO - Processing /home/airflow/.local/lib/python3.12/site-packages/airflow/example_dags/example_sla_dag.py took 0.142 seconds
[2025-11-25T16:21:41.252+0000] {processor.py:161} INFO - Started process (PID=10648) to work on /home/airflow/.local/lib/python3.12/site-packages/airflow/example_dags/example_sla_dag.py
[2025-11-25T16:21:41.255+0000] {processor.py:830} INFO - Processing file /home/airflow/.local/lib/python3.12/site-packages/airflow/example_dags/example_sla_dag.py for tasks to queue
[2025-11-25T16:21:41.262+0000] {logging_mixin.py:188} INFO - [2025-11-25T16:21:41.262+0000] {dagbag.py:545} INFO - Filling up the DagBag from /home/airflow/.local/lib/python3.12/site-packages/airflow/example_dags/example_sla_dag.py
[2025-11-25T16:21:41.278+0000] {processor.py:840} INFO - DAG(s) 'example_sla_dag' retrieved from /home/airflow/.local/lib/python3.12/site-packages/airflow/example_dags/example_sla_dag.py
[2025-11-25T16:21:41.317+0000] {logging_mixin.py:188} INFO - [2025-11-25T16:21:41.316+0000] {dag.py:3096} INFO - Sync 1 DAGs
[2025-11-25T16:21:41.346+0000] {logging_mixin.py:188} INFO - [2025-11-25T16:21:41.346+0000] {dag.py:3954} INFO - Setting next_dagrun for example_sla_dag to 2025-11-25 16:18:00+00:00, run_after=2025-11-25 16:20:00+00:00
[2025-11-25T16:21:41.364+0000] {processor.py:183} INFO - Processing /home/airflow/.local/lib/python3.12/site-packages/airflow/example_dags/example_sla_dag.py took 0.119 seconds
[2025-11-25T16:22:12.016+0000] {processor.py:161} INFO - Started process (PID=10706) to work on /home/airflow/.local/lib/python3.12/site-packages/airflow/example_dags/example_sla_dag.py
[2025-11-25T16:22:12.019+0000] {processor.py:830} INFO - Processing file /home/airflow/.local/lib/python3.12/site-packages/airflow/example_dags/example_sla_dag.py for tasks to queue
[2025-11-25T16:22:12.022+0000] {logging_mixin.py:188} INFO - [2025-11-25T16:22:12.022+0000] {dagbag.py:545} INFO - Filling up the DagBag from /home/airflow/.local/lib/python3.12/site-packages/airflow/example_dags/example_sla_dag.py
[2025-11-25T16:22:12.038+0000] {processor.py:840} INFO - DAG(s) 'example_sla_dag' retrieved from /home/airflow/.local/lib/python3.12/site-packages/airflow/example_dags/example_sla_dag.py
[2025-11-25T16:22:12.070+0000] {logging_mixin.py:188} INFO - [2025-11-25T16:22:12.069+0000] {dag.py:3096} INFO - Sync 1 DAGs
[2025-11-25T16:22:12.093+0000] {logging_mixin.py:188} INFO - [2025-11-25T16:22:12.093+0000] {dag.py:3954} INFO - Setting next_dagrun for example_sla_dag to 2025-11-25 16:20:00+00:00, run_after=2025-11-25 16:22:00+00:00
[2025-11-25T16:22:12.108+0000] {processor.py:183} INFO - Processing /home/airflow/.local/lib/python3.12/site-packages/airflow/example_dags/example_sla_dag.py took 0.104 seconds
[2025-11-25T16:22:42.175+0000] {processor.py:161} INFO - Started process (PID=10763) to work on /home/airflow/.local/lib/python3.12/site-packages/airflow/example_dags/example_sla_dag.py
[2025-11-25T16:22:42.178+0000] {processor.py:830} INFO - Processing file /home/airflow/.local/lib/python3.12/site-packages/airflow/example_dags/example_sla_dag.py for tasks to queue
[2025-11-25T16:22:42.180+0000] {logging_mixin.py:188} INFO - [2025-11-25T16:22:42.180+0000] {dagbag.py:545} INFO - Filling up the DagBag from /home/airflow/.local/lib/python3.12/site-packages/airflow/example_dags/example_sla_dag.py
[2025-11-25T16:22:42.189+0000] {processor.py:840} INFO - DAG(s) 'example_sla_dag' retrieved from /home/airflow/.local/lib/python3.12/site-packages/airflow/example_dags/example_sla_dag.py
[2025-11-25T16:22:42.220+0000] {logging_mixin.py:188} INFO - [2025-11-25T16:22:42.220+0000] {dag.py:3096} INFO - Sync 1 DAGs
[2025-11-25T16:22:42.241+0000] {logging_mixin.py:188} INFO - [2025-11-25T16:22:42.241+0000] {dag.py:3954} INFO - Setting next_dagrun for example_sla_dag to 2025-11-25 16:20:00+00:00, run_after=2025-11-25 16:22:00+00:00
[2025-11-25T16:22:42.253+0000] {processor.py:183} INFO - Processing /home/airflow/.local/lib/python3.12/site-packages/airflow/example_dags/example_sla_dag.py took 0.083 seconds
[2025-11-25T16:23:13.247+0000] {processor.py:161} INFO - Started process (PID=10828) to work on /home/airflow/.local/lib/python3.12/site-packages/airflow/example_dags/example_sla_dag.py
[2025-11-25T16:23:13.254+0000] {processor.py:830} INFO - Processing file /home/airflow/.local/lib/python3.12/site-packages/airflow/example_dags/example_sla_dag.py for tasks to queue
[2025-11-25T16:23:13.259+0000] {logging_mixin.py:188} INFO - [2025-11-25T16:23:13.258+0000] {dagbag.py:545} INFO - Filling up the DagBag from /home/airflow/.local/lib/python3.12/site-packages/airflow/example_dags/example_sla_dag.py
[2025-11-25T16:23:13.271+0000] {processor.py:840} INFO - DAG(s) 'example_sla_dag' retrieved from /home/airflow/.local/lib/python3.12/site-packages/airflow/example_dags/example_sla_dag.py
[2025-11-25T16:23:13.290+0000] {logging_mixin.py:188} INFO - [2025-11-25T16:23:13.290+0000] {dag.py:3096} INFO - Sync 1 DAGs
[2025-11-25T16:23:13.313+0000] {logging_mixin.py:188} INFO - [2025-11-25T16:23:13.312+0000] {dag.py:3954} INFO - Setting next_dagrun for example_sla_dag to 2025-11-25 16:20:00+00:00, run_after=2025-11-25 16:22:00+00:00
[2025-11-25T16:23:13.323+0000] {processor.py:183} INFO - Processing /home/airflow/.local/lib/python3.12/site-packages/airflow/example_dags/example_sla_dag.py took 0.081 seconds
[2025-11-25T16:23:44.034+0000] {processor.py:161} INFO - Started process (PID=10886) to work on /home/airflow/.local/lib/python3.12/site-packages/airflow/example_dags/example_sla_dag.py
[2025-11-25T16:23:44.037+0000] {processor.py:830} INFO - Processing file /home/airflow/.local/lib/python3.12/site-packages/airflow/example_dags/example_sla_dag.py for tasks to queue
[2025-11-25T16:23:44.042+0000] {logging_mixin.py:188} INFO - [2025-11-25T16:23:44.042+0000] {dagbag.py:545} INFO - Filling up the DagBag from /home/airflow/.local/lib/python3.12/site-packages/airflow/example_dags/example_sla_dag.py
[2025-11-25T16:23:44.062+0000] {processor.py:840} INFO - DAG(s) 'example_sla_dag' retrieved from /home/airflow/.local/lib/python3.12/site-packages/airflow/example_dags/example_sla_dag.py
[2025-11-25T16:23:44.103+0000] {logging_mixin.py:188} INFO - [2025-11-25T16:23:44.103+0000] {dag.py:3096} INFO - Sync 1 DAGs
[2025-11-25T16:23:44.131+0000] {logging_mixin.py:188} INFO - [2025-11-25T16:23:44.131+0000] {dag.py:3954} INFO - Setting next_dagrun for example_sla_dag to 2025-11-25 16:20:00+00:00, run_after=2025-11-25 16:22:00+00:00
[2025-11-25T16:23:44.152+0000] {processor.py:183} INFO - Processing /home/airflow/.local/lib/python3.12/site-packages/airflow/example_dags/example_sla_dag.py took 0.129 seconds
[2025-11-25T16:24:14.367+0000] {processor.py:161} INFO - Started process (PID=10943) to work on /home/airflow/.local/lib/python3.12/site-packages/airflow/example_dags/example_sla_dag.py
[2025-11-25T16:24:14.369+0000] {processor.py:830} INFO - Processing file /home/airflow/.local/lib/python3.12/site-packages/airflow/example_dags/example_sla_dag.py for tasks to queue
[2025-11-25T16:24:14.371+0000] {logging_mixin.py:188} INFO - [2025-11-25T16:24:14.371+0000] {dagbag.py:545} INFO - Filling up the DagBag from /home/airflow/.local/lib/python3.12/site-packages/airflow/example_dags/example_sla_dag.py
[2025-11-25T16:24:14.383+0000] {processor.py:840} INFO - DAG(s) 'example_sla_dag' retrieved from /home/airflow/.local/lib/python3.12/site-packages/airflow/example_dags/example_sla_dag.py
[2025-11-25T16:24:14.402+0000] {logging_mixin.py:188} INFO - [2025-11-25T16:24:14.402+0000] {dag.py:3096} INFO - Sync 1 DAGs
[2025-11-25T16:24:14.416+0000] {logging_mixin.py:188} INFO - [2025-11-25T16:24:14.416+0000] {dag.py:3954} INFO - Setting next_dagrun for example_sla_dag to 2025-11-25 16:22:00+00:00, run_after=2025-11-25 16:24:00+00:00
[2025-11-25T16:24:14.427+0000] {processor.py:183} INFO - Processing /home/airflow/.local/lib/python3.12/site-packages/airflow/example_dags/example_sla_dag.py took 0.069 seconds
[2025-11-25T16:24:44.984+0000] {processor.py:161} INFO - Started process (PID=11001) to work on /home/airflow/.local/lib/python3.12/site-packages/airflow/example_dags/example_sla_dag.py
[2025-11-25T16:24:44.991+0000] {processor.py:830} INFO - Processing file /home/airflow/.local/lib/python3.12/site-packages/airflow/example_dags/example_sla_dag.py for tasks to queue
[2025-11-25T16:24:44.997+0000] {logging_mixin.py:188} INFO - [2025-11-25T16:24:44.996+0000] {dagbag.py:545} INFO - Filling up the DagBag from /home/airflow/.local/lib/python3.12/site-packages/airflow/example_dags/example_sla_dag.py
[2025-11-25T16:24:45.024+0000] {processor.py:840} INFO - DAG(s) 'example_sla_dag' retrieved from /home/airflow/.local/lib/python3.12/site-packages/airflow/example_dags/example_sla_dag.py
[2025-11-25T16:24:45.084+0000] {logging_mixin.py:188} INFO - [2025-11-25T16:24:45.084+0000] {dag.py:3096} INFO - Sync 1 DAGs
[2025-11-25T16:24:45.112+0000] {logging_mixin.py:188} INFO - [2025-11-25T16:24:45.112+0000] {dag.py:3954} INFO - Setting next_dagrun for example_sla_dag to 2025-11-25 16:22:00+00:00, run_after=2025-11-25 16:24:00+00:00
[2025-11-25T16:24:45.142+0000] {processor.py:183} INFO - Processing /home/airflow/.local/lib/python3.12/site-packages/airflow/example_dags/example_sla_dag.py took 0.171 seconds
[2025-11-25T16:25:15.282+0000] {processor.py:161} INFO - Started process (PID=11059) to work on /home/airflow/.local/lib/python3.12/site-packages/airflow/example_dags/example_sla_dag.py
[2025-11-25T16:25:15.286+0000] {processor.py:830} INFO - Processing file /home/airflow/.local/lib/python3.12/site-packages/airflow/example_dags/example_sla_dag.py for tasks to queue
[2025-11-25T16:25:15.288+0000] {logging_mixin.py:188} INFO - [2025-11-25T16:25:15.288+0000] {dagbag.py:545} INFO - Filling up the DagBag from /home/airflow/.local/lib/python3.12/site-packages/airflow/example_dags/example_sla_dag.py
[2025-11-25T16:25:15.307+0000] {processor.py:840} INFO - DAG(s) 'example_sla_dag' retrieved from /home/airflow/.local/lib/python3.12/site-packages/airflow/example_dags/example_sla_dag.py
[2025-11-25T16:25:15.335+0000] {logging_mixin.py:188} INFO - [2025-11-25T16:25:15.335+0000] {dag.py:3096} INFO - Sync 1 DAGs
[2025-11-25T16:25:15.370+0000] {logging_mixin.py:188} INFO - [2025-11-25T16:25:15.370+0000] {dag.py:3954} INFO - Setting next_dagrun for example_sla_dag to 2025-11-25 16:22:00+00:00, run_after=2025-11-25 16:24:00+00:00
[2025-11-25T16:25:15.379+0000] {processor.py:183} INFO - Processing /home/airflow/.local/lib/python3.12/site-packages/airflow/example_dags/example_sla_dag.py took 0.111 seconds
[2025-11-25T16:25:45.446+0000] {processor.py:161} INFO - Started process (PID=11117) to work on /home/airflow/.local/lib/python3.12/site-packages/airflow/example_dags/example_sla_dag.py
[2025-11-25T16:25:45.454+0000] {processor.py:830} INFO - Processing file /home/airflow/.local/lib/python3.12/site-packages/airflow/example_dags/example_sla_dag.py for tasks to queue
[2025-11-25T16:25:45.459+0000] {logging_mixin.py:188} INFO - [2025-11-25T16:25:45.459+0000] {dagbag.py:545} INFO - Filling up the DagBag from /home/airflow/.local/lib/python3.12/site-packages/airflow/example_dags/example_sla_dag.py
[2025-11-25T16:25:45.490+0000] {processor.py:840} INFO - DAG(s) 'example_sla_dag' retrieved from /home/airflow/.local/lib/python3.12/site-packages/airflow/example_dags/example_sla_dag.py
[2025-11-25T16:25:45.520+0000] {logging_mixin.py:188} INFO - [2025-11-25T16:25:45.520+0000] {dag.py:3096} INFO - Sync 1 DAGs
[2025-11-25T16:25:45.543+0000] {logging_mixin.py:188} INFO - [2025-11-25T16:25:45.543+0000] {dag.py:3954} INFO - Setting next_dagrun for example_sla_dag to 2025-11-25 16:22:00+00:00, run_after=2025-11-25 16:24:00+00:00
[2025-11-25T16:25:45.561+0000] {processor.py:183} INFO - Processing /home/airflow/.local/lib/python3.12/site-packages/airflow/example_dags/example_sla_dag.py took 0.128 seconds
[2025-11-25T16:26:15.710+0000] {processor.py:161} INFO - Started process (PID=11175) to work on /home/airflow/.local/lib/python3.12/site-packages/airflow/example_dags/example_sla_dag.py
[2025-11-25T16:26:15.715+0000] {processor.py:830} INFO - Processing file /home/airflow/.local/lib/python3.12/site-packages/airflow/example_dags/example_sla_dag.py for tasks to queue
[2025-11-25T16:26:15.716+0000] {logging_mixin.py:188} INFO - [2025-11-25T16:26:15.716+0000] {dagbag.py:545} INFO - Filling up the DagBag from /home/airflow/.local/lib/python3.12/site-packages/airflow/example_dags/example_sla_dag.py
[2025-11-25T16:26:15.724+0000] {processor.py:840} INFO - DAG(s) 'example_sla_dag' retrieved from /home/airflow/.local/lib/python3.12/site-packages/airflow/example_dags/example_sla_dag.py
[2025-11-25T16:26:15.743+0000] {logging_mixin.py:188} INFO - [2025-11-25T16:26:15.742+0000] {dag.py:3096} INFO - Sync 1 DAGs
[2025-11-25T16:26:15.755+0000] {logging_mixin.py:188} INFO - [2025-11-25T16:26:15.755+0000] {dag.py:3954} INFO - Setting next_dagrun for example_sla_dag to 2025-11-25 16:24:00+00:00, run_after=2025-11-25 16:26:00+00:00
[2025-11-25T16:26:15.765+0000] {processor.py:183} INFO - Processing /home/airflow/.local/lib/python3.12/site-packages/airflow/example_dags/example_sla_dag.py took 0.063 seconds
[2025-11-25T16:26:46.502+0000] {processor.py:161} INFO - Started process (PID=11233) to work on /home/airflow/.local/lib/python3.12/site-packages/airflow/example_dags/example_sla_dag.py
[2025-11-25T16:26:46.505+0000] {processor.py:830} INFO - Processing file /home/airflow/.local/lib/python3.12/site-packages/airflow/example_dags/example_sla_dag.py for tasks to queue
[2025-11-25T16:26:46.507+0000] {logging_mixin.py:188} INFO - [2025-11-25T16:26:46.507+0000] {dagbag.py:545} INFO - Filling up the DagBag from /home/airflow/.local/lib/python3.12/site-packages/airflow/example_dags/example_sla_dag.py
[2025-11-25T16:26:46.525+0000] {processor.py:840} INFO - DAG(s) 'example_sla_dag' retrieved from /home/airflow/.local/lib/python3.12/site-packages/airflow/example_dags/example_sla_dag.py
[2025-11-25T16:26:46.550+0000] {logging_mixin.py:188} INFO - [2025-11-25T16:26:46.550+0000] {dag.py:3096} INFO - Sync 1 DAGs
[2025-11-25T16:26:46.569+0000] {logging_mixin.py:188} INFO - [2025-11-25T16:26:46.569+0000] {dag.py:3954} INFO - Setting next_dagrun for example_sla_dag to 2025-11-25 16:24:00+00:00, run_after=2025-11-25 16:26:00+00:00
[2025-11-25T16:26:46.581+0000] {processor.py:183} INFO - Processing /home/airflow/.local/lib/python3.12/site-packages/airflow/example_dags/example_sla_dag.py took 0.094 seconds
[2025-11-25T16:27:16.603+0000] {processor.py:161} INFO - Started process (PID=11293) to work on /home/airflow/.local/lib/python3.12/site-packages/airflow/example_dags/example_sla_dag.py
[2025-11-25T16:27:16.604+0000] {processor.py:830} INFO - Processing file /home/airflow/.local/lib/python3.12/site-packages/airflow/example_dags/example_sla_dag.py for tasks to queue
[2025-11-25T16:27:16.606+0000] {logging_mixin.py:188} INFO - [2025-11-25T16:27:16.606+0000] {dagbag.py:545} INFO - Filling up the DagBag from /home/airflow/.local/lib/python3.12/site-packages/airflow/example_dags/example_sla_dag.py
[2025-11-25T16:27:16.614+0000] {processor.py:840} INFO - DAG(s) 'example_sla_dag' retrieved from /home/airflow/.local/lib/python3.12/site-packages/airflow/example_dags/example_sla_dag.py
[2025-11-25T16:27:16.632+0000] {logging_mixin.py:188} INFO - [2025-11-25T16:27:16.632+0000] {dag.py:3096} INFO - Sync 1 DAGs
[2025-11-25T16:27:16.647+0000] {logging_mixin.py:188} INFO - [2025-11-25T16:27:16.647+0000] {dag.py:3954} INFO - Setting next_dagrun for example_sla_dag to 2025-11-25 16:24:00+00:00, run_after=2025-11-25 16:26:00+00:00
[2025-11-25T16:27:16.655+0000] {processor.py:183} INFO - Processing /home/airflow/.local/lib/python3.12/site-packages/airflow/example_dags/example_sla_dag.py took 0.057 seconds
[2025-11-25T16:27:47.367+0000] {processor.py:161} INFO - Started process (PID=11350) to work on /home/airflow/.local/lib/python3.12/site-packages/airflow/example_dags/example_sla_dag.py
[2025-11-25T16:27:47.369+0000] {processor.py:830} INFO - Processing file /home/airflow/.local/lib/python3.12/site-packages/airflow/example_dags/example_sla_dag.py for tasks to queue
[2025-11-25T16:27:47.374+0000] {logging_mixin.py:188} INFO - [2025-11-25T16:27:47.373+0000] {dagbag.py:545} INFO - Filling up the DagBag from /home/airflow/.local/lib/python3.12/site-packages/airflow/example_dags/example_sla_dag.py
[2025-11-25T16:27:47.423+0000] {processor.py:840} INFO - DAG(s) 'example_sla_dag' retrieved from /home/airflow/.local/lib/python3.12/site-packages/airflow/example_dags/example_sla_dag.py
[2025-11-25T16:27:47.462+0000] {logging_mixin.py:188} INFO - [2025-11-25T16:27:47.462+0000] {dag.py:3096} INFO - Sync 1 DAGs
[2025-11-25T16:27:47.480+0000] {logging_mixin.py:188} INFO - [2025-11-25T16:27:47.480+0000] {dag.py:3954} INFO - Setting next_dagrun for example_sla_dag to 2025-11-25 16:24:00+00:00, run_after=2025-11-25 16:26:00+00:00
[2025-11-25T16:27:47.506+0000] {processor.py:183} INFO - Processing /home/airflow/.local/lib/python3.12/site-packages/airflow/example_dags/example_sla_dag.py took 0.163 seconds
[2025-11-25T16:28:17.717+0000] {processor.py:161} INFO - Started process (PID=11408) to work on /home/airflow/.local/lib/python3.12/site-packages/airflow/example_dags/example_sla_dag.py
[2025-11-25T16:28:17.718+0000] {processor.py:830} INFO - Processing file /home/airflow/.local/lib/python3.12/site-packages/airflow/example_dags/example_sla_dag.py for tasks to queue
[2025-11-25T16:28:17.719+0000] {logging_mixin.py:188} INFO - [2025-11-25T16:28:17.719+0000] {dagbag.py:545} INFO - Filling up the DagBag from /home/airflow/.local/lib/python3.12/site-packages/airflow/example_dags/example_sla_dag.py
[2025-11-25T16:28:17.725+0000] {processor.py:840} INFO - DAG(s) 'example_sla_dag' retrieved from /home/airflow/.local/lib/python3.12/site-packages/airflow/example_dags/example_sla_dag.py
[2025-11-25T16:28:17.743+0000] {logging_mixin.py:188} INFO - [2025-11-25T16:28:17.742+0000] {dag.py:3096} INFO - Sync 1 DAGs
[2025-11-25T16:28:17.759+0000] {logging_mixin.py:188} INFO - [2025-11-25T16:28:17.759+0000] {dag.py:3954} INFO - Setting next_dagrun for example_sla_dag to 2025-11-25 16:26:00+00:00, run_after=2025-11-25 16:28:00+00:00
[2025-11-25T16:28:17.773+0000] {processor.py:183} INFO - Processing /home/airflow/.local/lib/python3.12/site-packages/airflow/example_dags/example_sla_dag.py took 0.063 seconds
[2025-11-25T16:28:47.802+0000] {processor.py:161} INFO - Started process (PID=11467) to work on /home/airflow/.local/lib/python3.12/site-packages/airflow/example_dags/example_sla_dag.py
[2025-11-25T16:28:47.803+0000] {processor.py:830} INFO - Processing file /home/airflow/.local/lib/python3.12/site-packages/airflow/example_dags/example_sla_dag.py for tasks to queue
[2025-11-25T16:28:47.804+0000] {logging_mixin.py:188} INFO - [2025-11-25T16:28:47.804+0000] {dagbag.py:545} INFO - Filling up the DagBag from /home/airflow/.local/lib/python3.12/site-packages/airflow/example_dags/example_sla_dag.py
[2025-11-25T16:28:47.809+0000] {processor.py:840} INFO - DAG(s) 'example_sla_dag' retrieved from /home/airflow/.local/lib/python3.12/site-packages/airflow/example_dags/example_sla_dag.py
[2025-11-25T16:28:47.818+0000] {logging_mixin.py:188} INFO - [2025-11-25T16:28:47.818+0000] {dag.py:3096} INFO - Sync 1 DAGs
[2025-11-25T16:28:47.827+0000] {logging_mixin.py:188} INFO - [2025-11-25T16:28:47.827+0000] {dag.py:3954} INFO - Setting next_dagrun for example_sla_dag to 2025-11-25 16:26:00+00:00, run_after=2025-11-25 16:28:00+00:00
[2025-11-25T16:28:47.833+0000] {processor.py:183} INFO - Processing /home/airflow/.local/lib/python3.12/site-packages/airflow/example_dags/example_sla_dag.py took 0.033 seconds
[2025-11-25T16:29:18.405+0000] {processor.py:161} INFO - Started process (PID=11524) to work on /home/airflow/.local/lib/python3.12/site-packages/airflow/example_dags/example_sla_dag.py
[2025-11-25T16:29:18.407+0000] {processor.py:830} INFO - Processing file /home/airflow/.local/lib/python3.12/site-packages/airflow/example_dags/example_sla_dag.py for tasks to queue
[2025-11-25T16:29:18.409+0000] {logging_mixin.py:188} INFO - [2025-11-25T16:29:18.409+0000] {dagbag.py:545} INFO - Filling up the DagBag from /home/airflow/.local/lib/python3.12/site-packages/airflow/example_dags/example_sla_dag.py
[2025-11-25T16:29:18.416+0000] {processor.py:840} INFO - DAG(s) 'example_sla_dag' retrieved from /home/airflow/.local/lib/python3.12/site-packages/airflow/example_dags/example_sla_dag.py
[2025-11-25T16:29:18.429+0000] {logging_mixin.py:188} INFO - [2025-11-25T16:29:18.429+0000] {dag.py:3096} INFO - Sync 1 DAGs
[2025-11-25T16:29:18.441+0000] {logging_mixin.py:188} INFO - [2025-11-25T16:29:18.440+0000] {dag.py:3954} INFO - Setting next_dagrun for example_sla_dag to 2025-11-25 16:26:00+00:00, run_after=2025-11-25 16:28:00+00:00
[2025-11-25T16:29:18.449+0000] {processor.py:183} INFO - Processing /home/airflow/.local/lib/python3.12/site-packages/airflow/example_dags/example_sla_dag.py took 0.051 seconds
[2025-11-25T16:29:49.443+0000] {processor.py:161} INFO - Started process (PID=11582) to work on /home/airflow/.local/lib/python3.12/site-packages/airflow/example_dags/example_sla_dag.py
[2025-11-25T16:29:49.444+0000] {processor.py:830} INFO - Processing file /home/airflow/.local/lib/python3.12/site-packages/airflow/example_dags/example_sla_dag.py for tasks to queue
[2025-11-25T16:29:49.452+0000] {logging_mixin.py:188} INFO - [2025-11-25T16:29:49.446+0000] {dagbag.py:545} INFO - Filling up the DagBag from /home/airflow/.local/lib/python3.12/site-packages/airflow/example_dags/example_sla_dag.py
[2025-11-25T16:29:49.458+0000] {processor.py:840} INFO - DAG(s) 'example_sla_dag' retrieved from /home/airflow/.local/lib/python3.12/site-packages/airflow/example_dags/example_sla_dag.py
[2025-11-25T16:29:49.480+0000] {logging_mixin.py:188} INFO - [2025-11-25T16:29:49.480+0000] {dag.py:3096} INFO - Sync 1 DAGs
[2025-11-25T16:29:49.503+0000] {logging_mixin.py:188} INFO - [2025-11-25T16:29:49.503+0000] {dag.py:3954} INFO - Setting next_dagrun for example_sla_dag to 2025-11-25 16:26:00+00:00, run_after=2025-11-25 16:28:00+00:00
[2025-11-25T16:29:49.514+0000] {processor.py:183} INFO - Processing /home/airflow/.local/lib/python3.12/site-packages/airflow/example_dags/example_sla_dag.py took 0.076 seconds
[2025-11-25T16:30:19.972+0000] {processor.py:161} INFO - Started process (PID=11640) to work on /home/airflow/.local/lib/python3.12/site-packages/airflow/example_dags/example_sla_dag.py
[2025-11-25T16:30:19.976+0000] {processor.py:830} INFO - Processing file /home/airflow/.local/lib/python3.12/site-packages/airflow/example_dags/example_sla_dag.py for tasks to queue
[2025-11-25T16:30:19.979+0000] {logging_mixin.py:188} INFO - [2025-11-25T16:30:19.979+0000] {dagbag.py:545} INFO - Filling up the DagBag from /home/airflow/.local/lib/python3.12/site-packages/airflow/example_dags/example_sla_dag.py
[2025-11-25T16:30:19.994+0000] {processor.py:840} INFO - DAG(s) 'example_sla_dag' retrieved from /home/airflow/.local/lib/python3.12/site-packages/airflow/example_dags/example_sla_dag.py
[2025-11-25T16:30:20.019+0000] {logging_mixin.py:188} INFO - [2025-11-25T16:30:20.019+0000] {dag.py:3096} INFO - Sync 1 DAGs
[2025-11-25T16:30:20.033+0000] {logging_mixin.py:188} INFO - [2025-11-25T16:30:20.033+0000] {dag.py:3954} INFO - Setting next_dagrun for example_sla_dag to 2025-11-25 16:28:00+00:00, run_after=2025-11-25 16:30:00+00:00
[2025-11-25T16:30:20.047+0000] {processor.py:183} INFO - Processing /home/airflow/.local/lib/python3.12/site-packages/airflow/example_dags/example_sla_dag.py took 0.083 seconds
[2025-11-25T16:30:50.346+0000] {processor.py:161} INFO - Started process (PID=11698) to work on /home/airflow/.local/lib/python3.12/site-packages/airflow/example_dags/example_sla_dag.py
[2025-11-25T16:30:50.347+0000] {processor.py:830} INFO - Processing file /home/airflow/.local/lib/python3.12/site-packages/airflow/example_dags/example_sla_dag.py for tasks to queue
[2025-11-25T16:30:50.349+0000] {logging_mixin.py:188} INFO - [2025-11-25T16:30:50.349+0000] {dagbag.py:545} INFO - Filling up the DagBag from /home/airflow/.local/lib/python3.12/site-packages/airflow/example_dags/example_sla_dag.py
[2025-11-25T16:30:50.356+0000] {processor.py:840} INFO - DAG(s) 'example_sla_dag' retrieved from /home/airflow/.local/lib/python3.12/site-packages/airflow/example_dags/example_sla_dag.py
[2025-11-25T16:30:50.381+0000] {logging_mixin.py:188} INFO - [2025-11-25T16:30:50.381+0000] {dag.py:3096} INFO - Sync 1 DAGs
[2025-11-25T16:30:50.399+0000] {logging_mixin.py:188} INFO - [2025-11-25T16:30:50.399+0000] {dag.py:3954} INFO - Setting next_dagrun for example_sla_dag to 2025-11-25 16:28:00+00:00, run_after=2025-11-25 16:30:00+00:00
[2025-11-25T16:30:50.411+0000] {processor.py:183} INFO - Processing /home/airflow/.local/lib/python3.12/site-packages/airflow/example_dags/example_sla_dag.py took 0.071 seconds
[2025-11-25T16:31:20.625+0000] {processor.py:161} INFO - Started process (PID=11756) to work on /home/airflow/.local/lib/python3.12/site-packages/airflow/example_dags/example_sla_dag.py
[2025-11-25T16:31:20.628+0000] {processor.py:830} INFO - Processing file /home/airflow/.local/lib/python3.12/site-packages/airflow/example_dags/example_sla_dag.py for tasks to queue
[2025-11-25T16:31:20.629+0000] {logging_mixin.py:188} INFO - [2025-11-25T16:31:20.629+0000] {dagbag.py:545} INFO - Filling up the DagBag from /home/airflow/.local/lib/python3.12/site-packages/airflow/example_dags/example_sla_dag.py
[2025-11-25T16:31:20.637+0000] {processor.py:840} INFO - DAG(s) 'example_sla_dag' retrieved from /home/airflow/.local/lib/python3.12/site-packages/airflow/example_dags/example_sla_dag.py
[2025-11-25T16:31:20.652+0000] {logging_mixin.py:188} INFO - [2025-11-25T16:31:20.652+0000] {dag.py:3096} INFO - Sync 1 DAGs
[2025-11-25T16:31:20.666+0000] {logging_mixin.py:188} INFO - [2025-11-25T16:31:20.666+0000] {dag.py:3954} INFO - Setting next_dagrun for example_sla_dag to 2025-11-25 16:28:00+00:00, run_after=2025-11-25 16:30:00+00:00
[2025-11-25T16:31:20.677+0000] {processor.py:183} INFO - Processing /home/airflow/.local/lib/python3.12/site-packages/airflow/example_dags/example_sla_dag.py took 0.059 seconds
[2025-11-25T16:31:50.967+0000] {processor.py:161} INFO - Started process (PID=11814) to work on /home/airflow/.local/lib/python3.12/site-packages/airflow/example_dags/example_sla_dag.py
[2025-11-25T16:31:50.975+0000] {processor.py:830} INFO - Processing file /home/airflow/.local/lib/python3.12/site-packages/airflow/example_dags/example_sla_dag.py for tasks to queue
[2025-11-25T16:31:50.980+0000] {logging_mixin.py:188} INFO - [2025-11-25T16:31:50.979+0000] {dagbag.py:545} INFO - Filling up the DagBag from /home/airflow/.local/lib/python3.12/site-packages/airflow/example_dags/example_sla_dag.py
[2025-11-25T16:31:50.990+0000] {processor.py:840} INFO - DAG(s) 'example_sla_dag' retrieved from /home/airflow/.local/lib/python3.12/site-packages/airflow/example_dags/example_sla_dag.py
[2025-11-25T16:31:51.009+0000] {logging_mixin.py:188} INFO - [2025-11-25T16:31:51.009+0000] {dag.py:3096} INFO - Sync 1 DAGs
[2025-11-25T16:31:51.024+0000] {logging_mixin.py:188} INFO - [2025-11-25T16:31:51.024+0000] {dag.py:3954} INFO - Setting next_dagrun for example_sla_dag to 2025-11-25 16:28:00+00:00, run_after=2025-11-25 16:30:00+00:00
[2025-11-25T16:31:51.032+0000] {processor.py:183} INFO - Processing /home/airflow/.local/lib/python3.12/site-packages/airflow/example_dags/example_sla_dag.py took 0.077 seconds
[2025-11-25T16:32:21.181+0000] {processor.py:161} INFO - Started process (PID=11872) to work on /home/airflow/.local/lib/python3.12/site-packages/airflow/example_dags/example_sla_dag.py
[2025-11-25T16:32:21.183+0000] {processor.py:830} INFO - Processing file /home/airflow/.local/lib/python3.12/site-packages/airflow/example_dags/example_sla_dag.py for tasks to queue
[2025-11-25T16:32:21.184+0000] {logging_mixin.py:188} INFO - [2025-11-25T16:32:21.184+0000] {dagbag.py:545} INFO - Filling up the DagBag from /home/airflow/.local/lib/python3.12/site-packages/airflow/example_dags/example_sla_dag.py
[2025-11-25T16:32:21.197+0000] {processor.py:840} INFO - DAG(s) 'example_sla_dag' retrieved from /home/airflow/.local/lib/python3.12/site-packages/airflow/example_dags/example_sla_dag.py
[2025-11-25T16:32:21.218+0000] {logging_mixin.py:188} INFO - [2025-11-25T16:32:21.218+0000] {dag.py:3096} INFO - Sync 1 DAGs
[2025-11-25T16:32:21.232+0000] {logging_mixin.py:188} INFO - [2025-11-25T16:32:21.232+0000] {dag.py:3954} INFO - Setting next_dagrun for example_sla_dag to 2025-11-25 16:30:00+00:00, run_after=2025-11-25 16:32:00+00:00
[2025-11-25T16:32:21.247+0000] {processor.py:183} INFO - Processing /home/airflow/.local/lib/python3.12/site-packages/airflow/example_dags/example_sla_dag.py took 0.075 seconds
[2025-11-25T16:32:51.281+0000] {processor.py:161} INFO - Started process (PID=11931) to work on /home/airflow/.local/lib/python3.12/site-packages/airflow/example_dags/example_sla_dag.py
[2025-11-25T16:32:51.282+0000] {processor.py:830} INFO - Processing file /home/airflow/.local/lib/python3.12/site-packages/airflow/example_dags/example_sla_dag.py for tasks to queue
[2025-11-25T16:32:51.283+0000] {logging_mixin.py:188} INFO - [2025-11-25T16:32:51.283+0000] {dagbag.py:545} INFO - Filling up the DagBag from /home/airflow/.local/lib/python3.12/site-packages/airflow/example_dags/example_sla_dag.py
[2025-11-25T16:32:51.288+0000] {processor.py:840} INFO - DAG(s) 'example_sla_dag' retrieved from /home/airflow/.local/lib/python3.12/site-packages/airflow/example_dags/example_sla_dag.py
[2025-11-25T16:32:51.302+0000] {logging_mixin.py:188} INFO - [2025-11-25T16:32:51.302+0000] {dag.py:3096} INFO - Sync 1 DAGs
[2025-11-25T16:32:51.312+0000] {logging_mixin.py:188} INFO - [2025-11-25T16:32:51.312+0000] {dag.py:3954} INFO - Setting next_dagrun for example_sla_dag to 2025-11-25 16:30:00+00:00, run_after=2025-11-25 16:32:00+00:00
[2025-11-25T16:32:51.318+0000] {processor.py:183} INFO - Processing /home/airflow/.local/lib/python3.12/site-packages/airflow/example_dags/example_sla_dag.py took 0.041 seconds
[2025-11-25T16:33:21.731+0000] {processor.py:161} INFO - Started process (PID=11987) to work on /home/airflow/.local/lib/python3.12/site-packages/airflow/example_dags/example_sla_dag.py
[2025-11-25T16:33:21.733+0000] {processor.py:830} INFO - Processing file /home/airflow/.local/lib/python3.12/site-packages/airflow/example_dags/example_sla_dag.py for tasks to queue
[2025-11-25T16:33:21.735+0000] {logging_mixin.py:188} INFO - [2025-11-25T16:33:21.734+0000] {dagbag.py:545} INFO - Filling up the DagBag from /home/airflow/.local/lib/python3.12/site-packages/airflow/example_dags/example_sla_dag.py
[2025-11-25T16:33:21.741+0000] {processor.py:840} INFO - DAG(s) 'example_sla_dag' retrieved from /home/airflow/.local/lib/python3.12/site-packages/airflow/example_dags/example_sla_dag.py
[2025-11-25T16:33:21.757+0000] {logging_mixin.py:188} INFO - [2025-11-25T16:33:21.756+0000] {dag.py:3096} INFO - Sync 1 DAGs
[2025-11-25T16:33:21.769+0000] {logging_mixin.py:188} INFO - [2025-11-25T16:33:21.769+0000] {dag.py:3954} INFO - Setting next_dagrun for example_sla_dag to 2025-11-25 16:30:00+00:00, run_after=2025-11-25 16:32:00+00:00
[2025-11-25T16:33:21.779+0000] {processor.py:183} INFO - Processing /home/airflow/.local/lib/python3.12/site-packages/airflow/example_dags/example_sla_dag.py took 0.055 seconds
[2025-11-25T16:33:52.304+0000] {processor.py:161} INFO - Started process (PID=12045) to work on /home/airflow/.local/lib/python3.12/site-packages/airflow/example_dags/example_sla_dag.py
[2025-11-25T16:33:52.306+0000] {processor.py:830} INFO - Processing file /home/airflow/.local/lib/python3.12/site-packages/airflow/example_dags/example_sla_dag.py for tasks to queue
[2025-11-25T16:33:52.312+0000] {logging_mixin.py:188} INFO - [2025-11-25T16:33:52.312+0000] {dagbag.py:545} INFO - Filling up the DagBag from /home/airflow/.local/lib/python3.12/site-packages/airflow/example_dags/example_sla_dag.py
[2025-11-25T16:33:52.333+0000] {processor.py:840} INFO - DAG(s) 'example_sla_dag' retrieved from /home/airflow/.local/lib/python3.12/site-packages/airflow/example_dags/example_sla_dag.py
[2025-11-25T16:33:52.353+0000] {logging_mixin.py:188} INFO - [2025-11-25T16:33:52.353+0000] {dag.py:3096} INFO - Sync 1 DAGs
[2025-11-25T16:33:52.375+0000] {logging_mixin.py:188} INFO - [2025-11-25T16:33:52.375+0000] {dag.py:3954} INFO - Setting next_dagrun for example_sla_dag to 2025-11-25 16:30:00+00:00, run_after=2025-11-25 16:32:00+00:00
[2025-11-25T16:33:52.388+0000] {processor.py:183} INFO - Processing /home/airflow/.local/lib/python3.12/site-packages/airflow/example_dags/example_sla_dag.py took 0.091 seconds
[2025-11-25T16:34:23.286+0000] {processor.py:161} INFO - Started process (PID=12103) to work on /home/airflow/.local/lib/python3.12/site-packages/airflow/example_dags/example_sla_dag.py
[2025-11-25T16:34:23.288+0000] {processor.py:830} INFO - Processing file /home/airflow/.local/lib/python3.12/site-packages/airflow/example_dags/example_sla_dag.py for tasks to queue
[2025-11-25T16:34:23.290+0000] {logging_mixin.py:188} INFO - [2025-11-25T16:34:23.289+0000] {dagbag.py:545} INFO - Filling up the DagBag from /home/airflow/.local/lib/python3.12/site-packages/airflow/example_dags/example_sla_dag.py
[2025-11-25T16:34:23.297+0000] {processor.py:840} INFO - DAG(s) 'example_sla_dag' retrieved from /home/airflow/.local/lib/python3.12/site-packages/airflow/example_dags/example_sla_dag.py
[2025-11-25T16:34:23.313+0000] {logging_mixin.py:188} INFO - [2025-11-25T16:34:23.313+0000] {dag.py:3096} INFO - Sync 1 DAGs
[2025-11-25T16:34:23.326+0000] {logging_mixin.py:188} INFO - [2025-11-25T16:34:23.326+0000] {dag.py:3954} INFO - Setting next_dagrun for example_sla_dag to 2025-11-25 16:32:00+00:00, run_after=2025-11-25 16:34:00+00:00
[2025-11-25T16:34:23.341+0000] {processor.py:183} INFO - Processing /home/airflow/.local/lib/python3.12/site-packages/airflow/example_dags/example_sla_dag.py took 0.063 seconds
[2025-11-25T16:34:53.832+0000] {processor.py:161} INFO - Started process (PID=12161) to work on /home/airflow/.local/lib/python3.12/site-packages/airflow/example_dags/example_sla_dag.py
[2025-11-25T16:34:53.834+0000] {processor.py:830} INFO - Processing file /home/airflow/.local/lib/python3.12/site-packages/airflow/example_dags/example_sla_dag.py for tasks to queue
[2025-11-25T16:34:53.836+0000] {logging_mixin.py:188} INFO - [2025-11-25T16:34:53.836+0000] {dagbag.py:545} INFO - Filling up the DagBag from /home/airflow/.local/lib/python3.12/site-packages/airflow/example_dags/example_sla_dag.py
[2025-11-25T16:34:53.850+0000] {processor.py:840} INFO - DAG(s) 'example_sla_dag' retrieved from /home/airflow/.local/lib/python3.12/site-packages/airflow/example_dags/example_sla_dag.py
[2025-11-25T16:34:53.863+0000] {logging_mixin.py:188} INFO - [2025-11-25T16:34:53.863+0000] {dag.py:3096} INFO - Sync 1 DAGs
[2025-11-25T16:34:53.877+0000] {logging_mixin.py:188} INFO - [2025-11-25T16:34:53.876+0000] {dag.py:3954} INFO - Setting next_dagrun for example_sla_dag to 2025-11-25 16:32:00+00:00, run_after=2025-11-25 16:34:00+00:00
[2025-11-25T16:34:53.886+0000] {processor.py:183} INFO - Processing /home/airflow/.local/lib/python3.12/site-packages/airflow/example_dags/example_sla_dag.py took 0.063 seconds
[2025-11-25T16:35:24.521+0000] {processor.py:161} INFO - Started process (PID=12219) to work on /home/airflow/.local/lib/python3.12/site-packages/airflow/example_dags/example_sla_dag.py
[2025-11-25T16:35:24.527+0000] {processor.py:830} INFO - Processing file /home/airflow/.local/lib/python3.12/site-packages/airflow/example_dags/example_sla_dag.py for tasks to queue
[2025-11-25T16:35:24.529+0000] {logging_mixin.py:188} INFO - [2025-11-25T16:35:24.529+0000] {dagbag.py:545} INFO - Filling up the DagBag from /home/airflow/.local/lib/python3.12/site-packages/airflow/example_dags/example_sla_dag.py
[2025-11-25T16:35:24.540+0000] {processor.py:840} INFO - DAG(s) 'example_sla_dag' retrieved from /home/airflow/.local/lib/python3.12/site-packages/airflow/example_dags/example_sla_dag.py
[2025-11-25T16:35:24.572+0000] {logging_mixin.py:188} INFO - [2025-11-25T16:35:24.572+0000] {dag.py:3096} INFO - Sync 1 DAGs
[2025-11-25T16:35:24.815+0000] {logging_mixin.py:188} INFO - [2025-11-25T16:35:24.815+0000] {dag.py:3954} INFO - Setting next_dagrun for example_sla_dag to 2025-11-25 16:32:00+00:00, run_after=2025-11-25 16:34:00+00:00
[2025-11-25T16:35:24.822+0000] {processor.py:183} INFO - Processing /home/airflow/.local/lib/python3.12/site-packages/airflow/example_dags/example_sla_dag.py took 0.314 seconds
[2025-11-25T16:35:55.706+0000] {processor.py:161} INFO - Started process (PID=12279) to work on /home/airflow/.local/lib/python3.12/site-packages/airflow/example_dags/example_sla_dag.py
[2025-11-25T16:35:55.707+0000] {processor.py:830} INFO - Processing file /home/airflow/.local/lib/python3.12/site-packages/airflow/example_dags/example_sla_dag.py for tasks to queue
[2025-11-25T16:35:55.709+0000] {logging_mixin.py:188} INFO - [2025-11-25T16:35:55.708+0000] {dagbag.py:545} INFO - Filling up the DagBag from /home/airflow/.local/lib/python3.12/site-packages/airflow/example_dags/example_sla_dag.py
[2025-11-25T16:35:55.718+0000] {processor.py:840} INFO - DAG(s) 'example_sla_dag' retrieved from /home/airflow/.local/lib/python3.12/site-packages/airflow/example_dags/example_sla_dag.py
[2025-11-25T16:35:55.731+0000] {logging_mixin.py:188} INFO - [2025-11-25T16:35:55.731+0000] {dag.py:3096} INFO - Sync 1 DAGs
[2025-11-25T16:35:55.844+0000] {logging_mixin.py:188} INFO - [2025-11-25T16:35:55.844+0000] {dag.py:3954} INFO - Setting next_dagrun for example_sla_dag to 2025-11-25 16:32:00+00:00, run_after=2025-11-25 16:34:00+00:00
[2025-11-25T16:35:55.851+0000] {processor.py:183} INFO - Processing /home/airflow/.local/lib/python3.12/site-packages/airflow/example_dags/example_sla_dag.py took 0.151 seconds
[2025-11-25T16:36:26.392+0000] {processor.py:161} INFO - Started process (PID=12337) to work on /home/airflow/.local/lib/python3.12/site-packages/airflow/example_dags/example_sla_dag.py
[2025-11-25T16:36:26.394+0000] {processor.py:830} INFO - Processing file /home/airflow/.local/lib/python3.12/site-packages/airflow/example_dags/example_sla_dag.py for tasks to queue
[2025-11-25T16:36:26.395+0000] {logging_mixin.py:188} INFO - [2025-11-25T16:36:26.395+0000] {dagbag.py:545} INFO - Filling up the DagBag from /home/airflow/.local/lib/python3.12/site-packages/airflow/example_dags/example_sla_dag.py
[2025-11-25T16:36:26.402+0000] {processor.py:840} INFO - DAG(s) 'example_sla_dag' retrieved from /home/airflow/.local/lib/python3.12/site-packages/airflow/example_dags/example_sla_dag.py
[2025-11-25T16:36:26.419+0000] {logging_mixin.py:188} INFO - [2025-11-25T16:36:26.418+0000] {dag.py:3096} INFO - Sync 1 DAGs
[2025-11-25T16:36:26.434+0000] {logging_mixin.py:188} INFO - [2025-11-25T16:36:26.434+0000] {dag.py:3954} INFO - Setting next_dagrun for example_sla_dag to 2025-11-25 16:34:00+00:00, run_after=2025-11-25 16:36:00+00:00
[2025-11-25T16:36:26.443+0000] {processor.py:183} INFO - Processing /home/airflow/.local/lib/python3.12/site-packages/airflow/example_dags/example_sla_dag.py took 0.056 seconds
[2025-11-25T16:36:56.997+0000] {processor.py:161} INFO - Started process (PID=12395) to work on /home/airflow/.local/lib/python3.12/site-packages/airflow/example_dags/example_sla_dag.py
[2025-11-25T16:36:56.999+0000] {processor.py:830} INFO - Processing file /home/airflow/.local/lib/python3.12/site-packages/airflow/example_dags/example_sla_dag.py for tasks to queue
[2025-11-25T16:36:57.001+0000] {logging_mixin.py:188} INFO - [2025-11-25T16:36:57.000+0000] {dagbag.py:545} INFO - Filling up the DagBag from /home/airflow/.local/lib/python3.12/site-packages/airflow/example_dags/example_sla_dag.py
[2025-11-25T16:36:57.009+0000] {processor.py:840} INFO - DAG(s) 'example_sla_dag' retrieved from /home/airflow/.local/lib/python3.12/site-packages/airflow/example_dags/example_sla_dag.py
[2025-11-25T16:36:57.023+0000] {logging_mixin.py:188} INFO - [2025-11-25T16:36:57.022+0000] {dag.py:3096} INFO - Sync 1 DAGs
[2025-11-25T16:36:57.038+0000] {logging_mixin.py:188} INFO - [2025-11-25T16:36:57.038+0000] {dag.py:3954} INFO - Setting next_dagrun for example_sla_dag to 2025-11-25 16:34:00+00:00, run_after=2025-11-25 16:36:00+00:00
[2025-11-25T16:36:57.046+0000] {processor.py:183} INFO - Processing /home/airflow/.local/lib/python3.12/site-packages/airflow/example_dags/example_sla_dag.py took 0.055 seconds
[2025-11-25T16:37:28.000+0000] {processor.py:161} INFO - Started process (PID=12453) to work on /home/airflow/.local/lib/python3.12/site-packages/airflow/example_dags/example_sla_dag.py
[2025-11-25T16:37:28.001+0000] {processor.py:830} INFO - Processing file /home/airflow/.local/lib/python3.12/site-packages/airflow/example_dags/example_sla_dag.py for tasks to queue
[2025-11-25T16:37:28.002+0000] {logging_mixin.py:188} INFO - [2025-11-25T16:37:28.002+0000] {dagbag.py:545} INFO - Filling up the DagBag from /home/airflow/.local/lib/python3.12/site-packages/airflow/example_dags/example_sla_dag.py
[2025-11-25T16:37:28.006+0000] {processor.py:840} INFO - DAG(s) 'example_sla_dag' retrieved from /home/airflow/.local/lib/python3.12/site-packages/airflow/example_dags/example_sla_dag.py
[2025-11-25T16:37:28.015+0000] {logging_mixin.py:188} INFO - [2025-11-25T16:37:28.015+0000] {dag.py:3096} INFO - Sync 1 DAGs
[2025-11-25T16:37:28.024+0000] {logging_mixin.py:188} INFO - [2025-11-25T16:37:28.024+0000] {dag.py:3954} INFO - Setting next_dagrun for example_sla_dag to 2025-11-25 16:34:00+00:00, run_after=2025-11-25 16:36:00+00:00
[2025-11-25T16:37:28.030+0000] {processor.py:183} INFO - Processing /home/airflow/.local/lib/python3.12/site-packages/airflow/example_dags/example_sla_dag.py took 0.032 seconds
[2025-11-25T16:37:58.974+0000] {processor.py:161} INFO - Started process (PID=12511) to work on /home/airflow/.local/lib/python3.12/site-packages/airflow/example_dags/example_sla_dag.py
[2025-11-25T16:37:58.975+0000] {processor.py:830} INFO - Processing file /home/airflow/.local/lib/python3.12/site-packages/airflow/example_dags/example_sla_dag.py for tasks to queue
[2025-11-25T16:37:58.977+0000] {logging_mixin.py:188} INFO - [2025-11-25T16:37:58.977+0000] {dagbag.py:545} INFO - Filling up the DagBag from /home/airflow/.local/lib/python3.12/site-packages/airflow/example_dags/example_sla_dag.py
[2025-11-25T16:37:58.984+0000] {processor.py:840} INFO - DAG(s) 'example_sla_dag' retrieved from /home/airflow/.local/lib/python3.12/site-packages/airflow/example_dags/example_sla_dag.py
[2025-11-25T16:37:58.997+0000] {logging_mixin.py:188} INFO - [2025-11-25T16:37:58.997+0000] {dag.py:3096} INFO - Sync 1 DAGs
[2025-11-25T16:37:59.015+0000] {logging_mixin.py:188} INFO - [2025-11-25T16:37:59.015+0000] {dag.py:3954} INFO - Setting next_dagrun for example_sla_dag to 2025-11-25 16:34:00+00:00, run_after=2025-11-25 16:36:00+00:00
[2025-11-25T16:37:59.024+0000] {processor.py:183} INFO - Processing /home/airflow/.local/lib/python3.12/site-packages/airflow/example_dags/example_sla_dag.py took 0.056 seconds
[2025-11-25T16:38:29.060+0000] {processor.py:161} INFO - Started process (PID=12569) to work on /home/airflow/.local/lib/python3.12/site-packages/airflow/example_dags/example_sla_dag.py
[2025-11-25T16:38:29.062+0000] {processor.py:830} INFO - Processing file /home/airflow/.local/lib/python3.12/site-packages/airflow/example_dags/example_sla_dag.py for tasks to queue
[2025-11-25T16:38:29.065+0000] {logging_mixin.py:188} INFO - [2025-11-25T16:38:29.065+0000] {dagbag.py:545} INFO - Filling up the DagBag from /home/airflow/.local/lib/python3.12/site-packages/airflow/example_dags/example_sla_dag.py
[2025-11-25T16:38:29.073+0000] {processor.py:840} INFO - DAG(s) 'example_sla_dag' retrieved from /home/airflow/.local/lib/python3.12/site-packages/airflow/example_dags/example_sla_dag.py
[2025-11-25T16:38:29.084+0000] {logging_mixin.py:188} INFO - [2025-11-25T16:38:29.084+0000] {dag.py:3096} INFO - Sync 1 DAGs
[2025-11-25T16:38:29.094+0000] {logging_mixin.py:188} INFO - [2025-11-25T16:38:29.094+0000] {dag.py:3954} INFO - Setting next_dagrun for example_sla_dag to 2025-11-25 16:36:00+00:00, run_after=2025-11-25 16:38:00+00:00
[2025-11-25T16:38:29.101+0000] {processor.py:183} INFO - Processing /home/airflow/.local/lib/python3.12/site-packages/airflow/example_dags/example_sla_dag.py took 0.048 seconds
[2025-11-25T16:39:00.104+0000] {processor.py:161} INFO - Started process (PID=12627) to work on /home/airflow/.local/lib/python3.12/site-packages/airflow/example_dags/example_sla_dag.py
[2025-11-25T16:39:00.105+0000] {processor.py:830} INFO - Processing file /home/airflow/.local/lib/python3.12/site-packages/airflow/example_dags/example_sla_dag.py for tasks to queue
[2025-11-25T16:39:00.108+0000] {logging_mixin.py:188} INFO - [2025-11-25T16:39:00.107+0000] {dagbag.py:545} INFO - Filling up the DagBag from /home/airflow/.local/lib/python3.12/site-packages/airflow/example_dags/example_sla_dag.py
[2025-11-25T16:39:00.115+0000] {processor.py:840} INFO - DAG(s) 'example_sla_dag' retrieved from /home/airflow/.local/lib/python3.12/site-packages/airflow/example_dags/example_sla_dag.py
[2025-11-25T16:39:00.128+0000] {logging_mixin.py:188} INFO - [2025-11-25T16:39:00.128+0000] {dag.py:3096} INFO - Sync 1 DAGs
[2025-11-25T16:39:00.143+0000] {logging_mixin.py:188} INFO - [2025-11-25T16:39:00.143+0000] {dag.py:3954} INFO - Setting next_dagrun for example_sla_dag to 2025-11-25 16:36:00+00:00, run_after=2025-11-25 16:38:00+00:00
[2025-11-25T16:39:00.153+0000] {processor.py:183} INFO - Processing /home/airflow/.local/lib/python3.12/site-packages/airflow/example_dags/example_sla_dag.py took 0.055 seconds
[2025-11-25T16:39:30.359+0000] {processor.py:161} INFO - Started process (PID=12685) to work on /home/airflow/.local/lib/python3.12/site-packages/airflow/example_dags/example_sla_dag.py
[2025-11-25T16:39:30.361+0000] {processor.py:830} INFO - Processing file /home/airflow/.local/lib/python3.12/site-packages/airflow/example_dags/example_sla_dag.py for tasks to queue
[2025-11-25T16:39:30.363+0000] {logging_mixin.py:188} INFO - [2025-11-25T16:39:30.363+0000] {dagbag.py:545} INFO - Filling up the DagBag from /home/airflow/.local/lib/python3.12/site-packages/airflow/example_dags/example_sla_dag.py
[2025-11-25T16:39:30.372+0000] {processor.py:840} INFO - DAG(s) 'example_sla_dag' retrieved from /home/airflow/.local/lib/python3.12/site-packages/airflow/example_dags/example_sla_dag.py
[2025-11-25T16:39:30.391+0000] {logging_mixin.py:188} INFO - [2025-11-25T16:39:30.391+0000] {dag.py:3096} INFO - Sync 1 DAGs
[2025-11-25T16:39:30.406+0000] {logging_mixin.py:188} INFO - [2025-11-25T16:39:30.406+0000] {dag.py:3954} INFO - Setting next_dagrun for example_sla_dag to 2025-11-25 16:36:00+00:00, run_after=2025-11-25 16:38:00+00:00
[2025-11-25T16:39:30.413+0000] {processor.py:183} INFO - Processing /home/airflow/.local/lib/python3.12/site-packages/airflow/example_dags/example_sla_dag.py took 0.061 seconds
[2025-11-25T16:40:01.388+0000] {processor.py:161} INFO - Started process (PID=12743) to work on /home/airflow/.local/lib/python3.12/site-packages/airflow/example_dags/example_sla_dag.py
[2025-11-25T16:40:01.390+0000] {processor.py:830} INFO - Processing file /home/airflow/.local/lib/python3.12/site-packages/airflow/example_dags/example_sla_dag.py for tasks to queue
[2025-11-25T16:40:01.392+0000] {logging_mixin.py:188} INFO - [2025-11-25T16:40:01.392+0000] {dagbag.py:545} INFO - Filling up the DagBag from /home/airflow/.local/lib/python3.12/site-packages/airflow/example_dags/example_sla_dag.py
[2025-11-25T16:40:01.400+0000] {processor.py:840} INFO - DAG(s) 'example_sla_dag' retrieved from /home/airflow/.local/lib/python3.12/site-packages/airflow/example_dags/example_sla_dag.py
[2025-11-25T16:40:01.415+0000] {logging_mixin.py:188} INFO - [2025-11-25T16:40:01.415+0000] {dag.py:3096} INFO - Sync 1 DAGs
[2025-11-25T16:40:01.428+0000] {logging_mixin.py:188} INFO - [2025-11-25T16:40:01.428+0000] {dag.py:3954} INFO - Setting next_dagrun for example_sla_dag to 2025-11-25 16:38:00+00:00, run_after=2025-11-25 16:40:00+00:00
[2025-11-25T16:40:01.435+0000] {processor.py:183} INFO - Processing /home/airflow/.local/lib/python3.12/site-packages/airflow/example_dags/example_sla_dag.py took 0.054 seconds
[2025-11-25T16:40:32.433+0000] {processor.py:161} INFO - Started process (PID=12801) to work on /home/airflow/.local/lib/python3.12/site-packages/airflow/example_dags/example_sla_dag.py
[2025-11-25T16:40:32.435+0000] {processor.py:830} INFO - Processing file /home/airflow/.local/lib/python3.12/site-packages/airflow/example_dags/example_sla_dag.py for tasks to queue
[2025-11-25T16:40:32.436+0000] {logging_mixin.py:188} INFO - [2025-11-25T16:40:32.436+0000] {dagbag.py:545} INFO - Filling up the DagBag from /home/airflow/.local/lib/python3.12/site-packages/airflow/example_dags/example_sla_dag.py
[2025-11-25T16:40:32.447+0000] {processor.py:840} INFO - DAG(s) 'example_sla_dag' retrieved from /home/airflow/.local/lib/python3.12/site-packages/airflow/example_dags/example_sla_dag.py
[2025-11-25T16:40:32.463+0000] {logging_mixin.py:188} INFO - [2025-11-25T16:40:32.463+0000] {dag.py:3096} INFO - Sync 1 DAGs
[2025-11-25T16:40:32.477+0000] {logging_mixin.py:188} INFO - [2025-11-25T16:40:32.477+0000] {dag.py:3954} INFO - Setting next_dagrun for example_sla_dag to 2025-11-25 16:38:00+00:00, run_after=2025-11-25 16:40:00+00:00
[2025-11-25T16:40:32.484+0000] {processor.py:183} INFO - Processing /home/airflow/.local/lib/python3.12/site-packages/airflow/example_dags/example_sla_dag.py took 0.057 seconds
[2025-11-25T16:41:03.337+0000] {processor.py:161} INFO - Started process (PID=12859) to work on /home/airflow/.local/lib/python3.12/site-packages/airflow/example_dags/example_sla_dag.py
[2025-11-25T16:41:03.339+0000] {processor.py:830} INFO - Processing file /home/airflow/.local/lib/python3.12/site-packages/airflow/example_dags/example_sla_dag.py for tasks to queue
[2025-11-25T16:41:03.342+0000] {logging_mixin.py:188} INFO - [2025-11-25T16:41:03.342+0000] {dagbag.py:545} INFO - Filling up the DagBag from /home/airflow/.local/lib/python3.12/site-packages/airflow/example_dags/example_sla_dag.py
[2025-11-25T16:41:03.351+0000] {processor.py:840} INFO - DAG(s) 'example_sla_dag' retrieved from /home/airflow/.local/lib/python3.12/site-packages/airflow/example_dags/example_sla_dag.py
[2025-11-25T16:41:03.365+0000] {logging_mixin.py:188} INFO - [2025-11-25T16:41:03.365+0000] {dag.py:3096} INFO - Sync 1 DAGs
[2025-11-25T16:41:03.377+0000] {logging_mixin.py:188} INFO - [2025-11-25T16:41:03.377+0000] {dag.py:3954} INFO - Setting next_dagrun for example_sla_dag to 2025-11-25 16:38:00+00:00, run_after=2025-11-25 16:40:00+00:00
[2025-11-25T16:41:03.386+0000] {processor.py:183} INFO - Processing /home/airflow/.local/lib/python3.12/site-packages/airflow/example_dags/example_sla_dag.py took 0.055 seconds
[2025-11-25T16:41:33.522+0000] {processor.py:161} INFO - Started process (PID=12917) to work on /home/airflow/.local/lib/python3.12/site-packages/airflow/example_dags/example_sla_dag.py
[2025-11-25T16:41:33.523+0000] {processor.py:830} INFO - Processing file /home/airflow/.local/lib/python3.12/site-packages/airflow/example_dags/example_sla_dag.py for tasks to queue
[2025-11-25T16:41:33.527+0000] {logging_mixin.py:188} INFO - [2025-11-25T16:41:33.526+0000] {dagbag.py:545} INFO - Filling up the DagBag from /home/airflow/.local/lib/python3.12/site-packages/airflow/example_dags/example_sla_dag.py
[2025-11-25T16:41:33.536+0000] {processor.py:840} INFO - DAG(s) 'example_sla_dag' retrieved from /home/airflow/.local/lib/python3.12/site-packages/airflow/example_dags/example_sla_dag.py
[2025-11-25T16:41:33.556+0000] {logging_mixin.py:188} INFO - [2025-11-25T16:41:33.556+0000] {dag.py:3096} INFO - Sync 1 DAGs
[2025-11-25T16:41:33.586+0000] {logging_mixin.py:188} INFO - [2025-11-25T16:41:33.586+0000] {dag.py:3954} INFO - Setting next_dagrun for example_sla_dag to 2025-11-25 16:38:00+00:00, run_after=2025-11-25 16:40:00+00:00
[2025-11-25T16:41:33.596+0000] {processor.py:183} INFO - Processing /home/airflow/.local/lib/python3.12/site-packages/airflow/example_dags/example_sla_dag.py took 0.087 seconds
[2025-11-25T16:42:04.164+0000] {processor.py:161} INFO - Started process (PID=12975) to work on /home/airflow/.local/lib/python3.12/site-packages/airflow/example_dags/example_sla_dag.py
[2025-11-25T16:42:04.167+0000] {processor.py:830} INFO - Processing file /home/airflow/.local/lib/python3.12/site-packages/airflow/example_dags/example_sla_dag.py for tasks to queue
[2025-11-25T16:42:04.173+0000] {logging_mixin.py:188} INFO - [2025-11-25T16:42:04.172+0000] {dagbag.py:545} INFO - Filling up the DagBag from /home/airflow/.local/lib/python3.12/site-packages/airflow/example_dags/example_sla_dag.py
[2025-11-25T16:42:04.180+0000] {processor.py:840} INFO - DAG(s) 'example_sla_dag' retrieved from /home/airflow/.local/lib/python3.12/site-packages/airflow/example_dags/example_sla_dag.py
[2025-11-25T16:42:04.195+0000] {logging_mixin.py:188} INFO - [2025-11-25T16:42:04.194+0000] {dag.py:3096} INFO - Sync 1 DAGs
[2025-11-25T16:42:04.213+0000] {logging_mixin.py:188} INFO - [2025-11-25T16:42:04.213+0000] {dag.py:3954} INFO - Setting next_dagrun for example_sla_dag to 2025-11-25 16:40:00+00:00, run_after=2025-11-25 16:42:00+00:00
[2025-11-25T16:42:04.232+0000] {processor.py:183} INFO - Processing /home/airflow/.local/lib/python3.12/site-packages/airflow/example_dags/example_sla_dag.py took 0.078 seconds
[2025-11-25T16:42:34.545+0000] {processor.py:161} INFO - Started process (PID=13033) to work on /home/airflow/.local/lib/python3.12/site-packages/airflow/example_dags/example_sla_dag.py
[2025-11-25T16:42:34.547+0000] {processor.py:830} INFO - Processing file /home/airflow/.local/lib/python3.12/site-packages/airflow/example_dags/example_sla_dag.py for tasks to queue
[2025-11-25T16:42:34.549+0000] {logging_mixin.py:188} INFO - [2025-11-25T16:42:34.548+0000] {dagbag.py:545} INFO - Filling up the DagBag from /home/airflow/.local/lib/python3.12/site-packages/airflow/example_dags/example_sla_dag.py
[2025-11-25T16:42:34.559+0000] {processor.py:840} INFO - DAG(s) 'example_sla_dag' retrieved from /home/airflow/.local/lib/python3.12/site-packages/airflow/example_dags/example_sla_dag.py
[2025-11-25T16:42:34.579+0000] {logging_mixin.py:188} INFO - [2025-11-25T16:42:34.579+0000] {dag.py:3096} INFO - Sync 1 DAGs
[2025-11-25T16:42:34.598+0000] {logging_mixin.py:188} INFO - [2025-11-25T16:42:34.598+0000] {dag.py:3954} INFO - Setting next_dagrun for example_sla_dag to 2025-11-25 16:40:00+00:00, run_after=2025-11-25 16:42:00+00:00
[2025-11-25T16:42:34.607+0000] {processor.py:183} INFO - Processing /home/airflow/.local/lib/python3.12/site-packages/airflow/example_dags/example_sla_dag.py took 0.068 seconds
[2025-11-25T16:43:05.315+0000] {processor.py:161} INFO - Started process (PID=13091) to work on /home/airflow/.local/lib/python3.12/site-packages/airflow/example_dags/example_sla_dag.py
[2025-11-25T16:43:05.317+0000] {processor.py:830} INFO - Processing file /home/airflow/.local/lib/python3.12/site-packages/airflow/example_dags/example_sla_dag.py for tasks to queue
[2025-11-25T16:43:05.320+0000] {logging_mixin.py:188} INFO - [2025-11-25T16:43:05.319+0000] {dagbag.py:545} INFO - Filling up the DagBag from /home/airflow/.local/lib/python3.12/site-packages/airflow/example_dags/example_sla_dag.py
[2025-11-25T16:43:05.336+0000] {processor.py:840} INFO - DAG(s) 'example_sla_dag' retrieved from /home/airflow/.local/lib/python3.12/site-packages/airflow/example_dags/example_sla_dag.py
[2025-11-25T16:43:05.370+0000] {logging_mixin.py:188} INFO - [2025-11-25T16:43:05.369+0000] {dag.py:3096} INFO - Sync 1 DAGs
[2025-11-25T16:43:05.401+0000] {logging_mixin.py:188} INFO - [2025-11-25T16:43:05.401+0000] {dag.py:3954} INFO - Setting next_dagrun for example_sla_dag to 2025-11-25 16:40:00+00:00, run_after=2025-11-25 16:42:00+00:00
[2025-11-25T16:43:05.420+0000] {processor.py:183} INFO - Processing /home/airflow/.local/lib/python3.12/site-packages/airflow/example_dags/example_sla_dag.py took 0.123 seconds
[2025-11-25T16:43:36.159+0000] {processor.py:161} INFO - Started process (PID=13149) to work on /home/airflow/.local/lib/python3.12/site-packages/airflow/example_dags/example_sla_dag.py
[2025-11-25T16:43:36.161+0000] {processor.py:830} INFO - Processing file /home/airflow/.local/lib/python3.12/site-packages/airflow/example_dags/example_sla_dag.py for tasks to queue
[2025-11-25T16:43:36.163+0000] {logging_mixin.py:188} INFO - [2025-11-25T16:43:36.162+0000] {dagbag.py:545} INFO - Filling up the DagBag from /home/airflow/.local/lib/python3.12/site-packages/airflow/example_dags/example_sla_dag.py
[2025-11-25T16:43:36.177+0000] {processor.py:840} INFO - DAG(s) 'example_sla_dag' retrieved from /home/airflow/.local/lib/python3.12/site-packages/airflow/example_dags/example_sla_dag.py
[2025-11-25T16:43:36.215+0000] {logging_mixin.py:188} INFO - [2025-11-25T16:43:36.215+0000] {dag.py:3096} INFO - Sync 1 DAGs
[2025-11-25T16:43:36.238+0000] {logging_mixin.py:188} INFO - [2025-11-25T16:43:36.238+0000] {dag.py:3954} INFO - Setting next_dagrun for example_sla_dag to 2025-11-25 16:40:00+00:00, run_after=2025-11-25 16:42:00+00:00
[2025-11-25T16:43:36.251+0000] {processor.py:183} INFO - Processing /home/airflow/.local/lib/python3.12/site-packages/airflow/example_dags/example_sla_dag.py took 0.098 seconds
[2025-11-25T16:44:07.019+0000] {processor.py:161} INFO - Started process (PID=13207) to work on /home/airflow/.local/lib/python3.12/site-packages/airflow/example_dags/example_sla_dag.py
[2025-11-25T16:44:07.021+0000] {processor.py:830} INFO - Processing file /home/airflow/.local/lib/python3.12/site-packages/airflow/example_dags/example_sla_dag.py for tasks to queue
[2025-11-25T16:44:07.023+0000] {logging_mixin.py:188} INFO - [2025-11-25T16:44:07.023+0000] {dagbag.py:545} INFO - Filling up the DagBag from /home/airflow/.local/lib/python3.12/site-packages/airflow/example_dags/example_sla_dag.py
[2025-11-25T16:44:07.034+0000] {processor.py:840} INFO - DAG(s) 'example_sla_dag' retrieved from /home/airflow/.local/lib/python3.12/site-packages/airflow/example_dags/example_sla_dag.py
[2025-11-25T16:44:07.050+0000] {logging_mixin.py:188} INFO - [2025-11-25T16:44:07.050+0000] {dag.py:3096} INFO - Sync 1 DAGs
[2025-11-25T16:44:07.065+0000] {logging_mixin.py:188} INFO - [2025-11-25T16:44:07.065+0000] {dag.py:3954} INFO - Setting next_dagrun for example_sla_dag to 2025-11-25 16:42:00+00:00, run_after=2025-11-25 16:44:00+00:00
[2025-11-25T16:44:07.074+0000] {processor.py:183} INFO - Processing /home/airflow/.local/lib/python3.12/site-packages/airflow/example_dags/example_sla_dag.py took 0.061 seconds
[2025-11-25T16:44:37.875+0000] {processor.py:161} INFO - Started process (PID=13265) to work on /home/airflow/.local/lib/python3.12/site-packages/airflow/example_dags/example_sla_dag.py
[2025-11-25T16:44:37.876+0000] {processor.py:830} INFO - Processing file /home/airflow/.local/lib/python3.12/site-packages/airflow/example_dags/example_sla_dag.py for tasks to queue
[2025-11-25T16:44:37.878+0000] {logging_mixin.py:188} INFO - [2025-11-25T16:44:37.878+0000] {dagbag.py:545} INFO - Filling up the DagBag from /home/airflow/.local/lib/python3.12/site-packages/airflow/example_dags/example_sla_dag.py
[2025-11-25T16:44:37.887+0000] {processor.py:840} INFO - DAG(s) 'example_sla_dag' retrieved from /home/airflow/.local/lib/python3.12/site-packages/airflow/example_dags/example_sla_dag.py
[2025-11-25T16:44:37.902+0000] {logging_mixin.py:188} INFO - [2025-11-25T16:44:37.902+0000] {dag.py:3096} INFO - Sync 1 DAGs
[2025-11-25T16:44:37.915+0000] {logging_mixin.py:188} INFO - [2025-11-25T16:44:37.915+0000] {dag.py:3954} INFO - Setting next_dagrun for example_sla_dag to 2025-11-25 16:42:00+00:00, run_after=2025-11-25 16:44:00+00:00
[2025-11-25T16:44:37.923+0000] {processor.py:183} INFO - Processing /home/airflow/.local/lib/python3.12/site-packages/airflow/example_dags/example_sla_dag.py took 0.053 seconds
[2025-11-25T16:45:07.976+0000] {processor.py:161} INFO - Started process (PID=13323) to work on /home/airflow/.local/lib/python3.12/site-packages/airflow/example_dags/example_sla_dag.py
[2025-11-25T16:45:07.978+0000] {processor.py:830} INFO - Processing file /home/airflow/.local/lib/python3.12/site-packages/airflow/example_dags/example_sla_dag.py for tasks to queue
[2025-11-25T16:45:07.979+0000] {logging_mixin.py:188} INFO - [2025-11-25T16:45:07.979+0000] {dagbag.py:545} INFO - Filling up the DagBag from /home/airflow/.local/lib/python3.12/site-packages/airflow/example_dags/example_sla_dag.py
[2025-11-25T16:45:07.987+0000] {processor.py:840} INFO - DAG(s) 'example_sla_dag' retrieved from /home/airflow/.local/lib/python3.12/site-packages/airflow/example_dags/example_sla_dag.py
[2025-11-25T16:45:07.999+0000] {logging_mixin.py:188} INFO - [2025-11-25T16:45:07.999+0000] {dag.py:3096} INFO - Sync 1 DAGs
[2025-11-25T16:45:08.009+0000] {logging_mixin.py:188} INFO - [2025-11-25T16:45:08.009+0000] {dag.py:3954} INFO - Setting next_dagrun for example_sla_dag to 2025-11-25 16:42:00+00:00, run_after=2025-11-25 16:44:00+00:00
[2025-11-25T16:45:08.015+0000] {processor.py:183} INFO - Processing /home/airflow/.local/lib/python3.12/site-packages/airflow/example_dags/example_sla_dag.py took 0.046 seconds
[2025-11-25T16:45:38.813+0000] {processor.py:161} INFO - Started process (PID=13380) to work on /home/airflow/.local/lib/python3.12/site-packages/airflow/example_dags/example_sla_dag.py
[2025-11-25T16:45:38.815+0000] {processor.py:830} INFO - Processing file /home/airflow/.local/lib/python3.12/site-packages/airflow/example_dags/example_sla_dag.py for tasks to queue
[2025-11-25T16:45:38.816+0000] {logging_mixin.py:188} INFO - [2025-11-25T16:45:38.816+0000] {dagbag.py:545} INFO - Filling up the DagBag from /home/airflow/.local/lib/python3.12/site-packages/airflow/example_dags/example_sla_dag.py
[2025-11-25T16:45:38.822+0000] {processor.py:840} INFO - DAG(s) 'example_sla_dag' retrieved from /home/airflow/.local/lib/python3.12/site-packages/airflow/example_dags/example_sla_dag.py
[2025-11-25T16:45:38.834+0000] {logging_mixin.py:188} INFO - [2025-11-25T16:45:38.834+0000] {dag.py:3096} INFO - Sync 1 DAGs
[2025-11-25T16:45:38.844+0000] {logging_mixin.py:188} INFO - [2025-11-25T16:45:38.844+0000] {dag.py:3954} INFO - Setting next_dagrun for example_sla_dag to 2025-11-25 16:42:00+00:00, run_after=2025-11-25 16:44:00+00:00
[2025-11-25T16:45:38.851+0000] {processor.py:183} INFO - Processing /home/airflow/.local/lib/python3.12/site-packages/airflow/example_dags/example_sla_dag.py took 0.044 seconds
[2025-11-25T16:46:09.905+0000] {processor.py:161} INFO - Started process (PID=13438) to work on /home/airflow/.local/lib/python3.12/site-packages/airflow/example_dags/example_sla_dag.py
[2025-11-25T16:46:09.906+0000] {processor.py:830} INFO - Processing file /home/airflow/.local/lib/python3.12/site-packages/airflow/example_dags/example_sla_dag.py for tasks to queue
[2025-11-25T16:46:09.910+0000] {logging_mixin.py:188} INFO - [2025-11-25T16:46:09.909+0000] {dagbag.py:545} INFO - Filling up the DagBag from /home/airflow/.local/lib/python3.12/site-packages/airflow/example_dags/example_sla_dag.py
[2025-11-25T16:46:09.945+0000] {processor.py:840} INFO - DAG(s) 'example_sla_dag' retrieved from /home/airflow/.local/lib/python3.12/site-packages/airflow/example_dags/example_sla_dag.py
[2025-11-25T16:46:09.982+0000] {logging_mixin.py:188} INFO - [2025-11-25T16:46:09.982+0000] {dag.py:3096} INFO - Sync 1 DAGs
[2025-11-25T16:46:10.011+0000] {logging_mixin.py:188} INFO - [2025-11-25T16:46:10.011+0000] {dag.py:3954} INFO - Setting next_dagrun for example_sla_dag to 2025-11-25 16:44:00+00:00, run_after=2025-11-25 16:46:00+00:00
[2025-11-25T16:46:10.035+0000] {processor.py:183} INFO - Processing /home/airflow/.local/lib/python3.12/site-packages/airflow/example_dags/example_sla_dag.py took 0.138 seconds
[2025-11-25T16:46:40.649+0000] {processor.py:161} INFO - Started process (PID=13496) to work on /home/airflow/.local/lib/python3.12/site-packages/airflow/example_dags/example_sla_dag.py
[2025-11-25T16:46:40.650+0000] {processor.py:830} INFO - Processing file /home/airflow/.local/lib/python3.12/site-packages/airflow/example_dags/example_sla_dag.py for tasks to queue
[2025-11-25T16:46:40.654+0000] {logging_mixin.py:188} INFO - [2025-11-25T16:46:40.653+0000] {dagbag.py:545} INFO - Filling up the DagBag from /home/airflow/.local/lib/python3.12/site-packages/airflow/example_dags/example_sla_dag.py
[2025-11-25T16:46:40.670+0000] {processor.py:840} INFO - DAG(s) 'example_sla_dag' retrieved from /home/airflow/.local/lib/python3.12/site-packages/airflow/example_dags/example_sla_dag.py
[2025-11-25T16:46:40.714+0000] {logging_mixin.py:188} INFO - [2025-11-25T16:46:40.713+0000] {dag.py:3096} INFO - Sync 1 DAGs
[2025-11-25T16:46:40.753+0000] {logging_mixin.py:188} INFO - [2025-11-25T16:46:40.753+0000] {dag.py:3954} INFO - Setting next_dagrun for example_sla_dag to 2025-11-25 16:44:00+00:00, run_after=2025-11-25 16:46:00+00:00
[2025-11-25T16:46:40.781+0000] {processor.py:183} INFO - Processing /home/airflow/.local/lib/python3.12/site-packages/airflow/example_dags/example_sla_dag.py took 0.146 seconds
[2025-11-25T16:47:11.073+0000] {processor.py:161} INFO - Started process (PID=13554) to work on /home/airflow/.local/lib/python3.12/site-packages/airflow/example_dags/example_sla_dag.py
[2025-11-25T16:47:11.075+0000] {processor.py:830} INFO - Processing file /home/airflow/.local/lib/python3.12/site-packages/airflow/example_dags/example_sla_dag.py for tasks to queue
[2025-11-25T16:47:11.077+0000] {logging_mixin.py:188} INFO - [2025-11-25T16:47:11.076+0000] {dagbag.py:545} INFO - Filling up the DagBag from /home/airflow/.local/lib/python3.12/site-packages/airflow/example_dags/example_sla_dag.py
[2025-11-25T16:47:11.083+0000] {processor.py:840} INFO - DAG(s) 'example_sla_dag' retrieved from /home/airflow/.local/lib/python3.12/site-packages/airflow/example_dags/example_sla_dag.py
[2025-11-25T16:47:11.096+0000] {logging_mixin.py:188} INFO - [2025-11-25T16:47:11.096+0000] {dag.py:3096} INFO - Sync 1 DAGs
[2025-11-25T16:47:11.107+0000] {logging_mixin.py:188} INFO - [2025-11-25T16:47:11.107+0000] {dag.py:3954} INFO - Setting next_dagrun for example_sla_dag to 2025-11-25 16:44:00+00:00, run_after=2025-11-25 16:46:00+00:00
[2025-11-25T16:47:11.114+0000] {processor.py:183} INFO - Processing /home/airflow/.local/lib/python3.12/site-packages/airflow/example_dags/example_sla_dag.py took 0.046 seconds
[2025-11-25T16:47:42.048+0000] {processor.py:161} INFO - Started process (PID=13612) to work on /home/airflow/.local/lib/python3.12/site-packages/airflow/example_dags/example_sla_dag.py
[2025-11-25T16:47:42.050+0000] {processor.py:830} INFO - Processing file /home/airflow/.local/lib/python3.12/site-packages/airflow/example_dags/example_sla_dag.py for tasks to queue
[2025-11-25T16:47:42.053+0000] {logging_mixin.py:188} INFO - [2025-11-25T16:47:42.053+0000] {dagbag.py:545} INFO - Filling up the DagBag from /home/airflow/.local/lib/python3.12/site-packages/airflow/example_dags/example_sla_dag.py
[2025-11-25T16:47:42.063+0000] {processor.py:840} INFO - DAG(s) 'example_sla_dag' retrieved from /home/airflow/.local/lib/python3.12/site-packages/airflow/example_dags/example_sla_dag.py
[2025-11-25T16:47:42.083+0000] {logging_mixin.py:188} INFO - [2025-11-25T16:47:42.083+0000] {dag.py:3096} INFO - Sync 1 DAGs
[2025-11-25T16:47:42.096+0000] {logging_mixin.py:188} INFO - [2025-11-25T16:47:42.096+0000] {dag.py:3954} INFO - Setting next_dagrun for example_sla_dag to 2025-11-25 16:44:00+00:00, run_after=2025-11-25 16:46:00+00:00
[2025-11-25T16:47:42.104+0000] {processor.py:183} INFO - Processing /home/airflow/.local/lib/python3.12/site-packages/airflow/example_dags/example_sla_dag.py took 0.063 seconds
[2025-11-25T16:48:12.746+0000] {processor.py:161} INFO - Started process (PID=13670) to work on /home/airflow/.local/lib/python3.12/site-packages/airflow/example_dags/example_sla_dag.py
[2025-11-25T16:48:12.747+0000] {processor.py:830} INFO - Processing file /home/airflow/.local/lib/python3.12/site-packages/airflow/example_dags/example_sla_dag.py for tasks to queue
[2025-11-25T16:48:12.749+0000] {logging_mixin.py:188} INFO - [2025-11-25T16:48:12.749+0000] {dagbag.py:545} INFO - Filling up the DagBag from /home/airflow/.local/lib/python3.12/site-packages/airflow/example_dags/example_sla_dag.py
[2025-11-25T16:48:12.757+0000] {processor.py:840} INFO - DAG(s) 'example_sla_dag' retrieved from /home/airflow/.local/lib/python3.12/site-packages/airflow/example_dags/example_sla_dag.py
[2025-11-25T16:48:12.770+0000] {logging_mixin.py:188} INFO - [2025-11-25T16:48:12.770+0000] {dag.py:3096} INFO - Sync 1 DAGs
[2025-11-25T16:48:12.782+0000] {logging_mixin.py:188} INFO - [2025-11-25T16:48:12.782+0000] {dag.py:3954} INFO - Setting next_dagrun for example_sla_dag to 2025-11-25 16:46:00+00:00, run_after=2025-11-25 16:48:00+00:00
[2025-11-25T16:48:12.789+0000] {processor.py:183} INFO - Processing /home/airflow/.local/lib/python3.12/site-packages/airflow/example_dags/example_sla_dag.py took 0.050 seconds
[2025-11-25T16:48:43.018+0000] {processor.py:161} INFO - Started process (PID=13728) to work on /home/airflow/.local/lib/python3.12/site-packages/airflow/example_dags/example_sla_dag.py
[2025-11-25T16:48:43.018+0000] {processor.py:830} INFO - Processing file /home/airflow/.local/lib/python3.12/site-packages/airflow/example_dags/example_sla_dag.py for tasks to queue
[2025-11-25T16:48:43.019+0000] {logging_mixin.py:188} INFO - [2025-11-25T16:48:43.019+0000] {dagbag.py:545} INFO - Filling up the DagBag from /home/airflow/.local/lib/python3.12/site-packages/airflow/example_dags/example_sla_dag.py
[2025-11-25T16:48:43.022+0000] {processor.py:840} INFO - DAG(s) 'example_sla_dag' retrieved from /home/airflow/.local/lib/python3.12/site-packages/airflow/example_dags/example_sla_dag.py
[2025-11-25T16:48:43.030+0000] {logging_mixin.py:188} INFO - [2025-11-25T16:48:43.029+0000] {dag.py:3096} INFO - Sync 1 DAGs
[2025-11-25T16:48:43.039+0000] {logging_mixin.py:188} INFO - [2025-11-25T16:48:43.039+0000] {dag.py:3954} INFO - Setting next_dagrun for example_sla_dag to 2025-11-25 16:46:00+00:00, run_after=2025-11-25 16:48:00+00:00
[2025-11-25T16:48:43.044+0000] {processor.py:183} INFO - Processing /home/airflow/.local/lib/python3.12/site-packages/airflow/example_dags/example_sla_dag.py took 0.030 seconds
[2025-11-25T16:49:13.684+0000] {processor.py:161} INFO - Started process (PID=13781) to work on /home/airflow/.local/lib/python3.12/site-packages/airflow/example_dags/example_sla_dag.py
[2025-11-25T16:49:13.684+0000] {processor.py:830} INFO - Processing file /home/airflow/.local/lib/python3.12/site-packages/airflow/example_dags/example_sla_dag.py for tasks to queue
[2025-11-25T16:49:13.685+0000] {logging_mixin.py:188} INFO - [2025-11-25T16:49:13.685+0000] {dagbag.py:545} INFO - Filling up the DagBag from /home/airflow/.local/lib/python3.12/site-packages/airflow/example_dags/example_sla_dag.py
[2025-11-25T16:49:13.689+0000] {processor.py:840} INFO - DAG(s) 'example_sla_dag' retrieved from /home/airflow/.local/lib/python3.12/site-packages/airflow/example_dags/example_sla_dag.py
[2025-11-25T16:49:13.697+0000] {logging_mixin.py:188} INFO - [2025-11-25T16:49:13.697+0000] {dag.py:3096} INFO - Sync 1 DAGs
[2025-11-25T16:49:13.711+0000] {logging_mixin.py:188} INFO - [2025-11-25T16:49:13.711+0000] {dag.py:3954} INFO - Setting next_dagrun for example_sla_dag to 2025-11-25 16:46:00+00:00, run_after=2025-11-25 16:48:00+00:00
[2025-11-25T16:49:13.723+0000] {processor.py:183} INFO - Processing /home/airflow/.local/lib/python3.12/site-packages/airflow/example_dags/example_sla_dag.py took 0.042 seconds
[2025-11-25T16:49:43.893+0000] {processor.py:161} INFO - Started process (PID=13838) to work on /home/airflow/.local/lib/python3.12/site-packages/airflow/example_dags/example_sla_dag.py
[2025-11-25T16:49:43.893+0000] {processor.py:830} INFO - Processing file /home/airflow/.local/lib/python3.12/site-packages/airflow/example_dags/example_sla_dag.py for tasks to queue
[2025-11-25T16:49:43.894+0000] {logging_mixin.py:188} INFO - [2025-11-25T16:49:43.894+0000] {dagbag.py:545} INFO - Filling up the DagBag from /home/airflow/.local/lib/python3.12/site-packages/airflow/example_dags/example_sla_dag.py
[2025-11-25T16:49:43.897+0000] {processor.py:840} INFO - DAG(s) 'example_sla_dag' retrieved from /home/airflow/.local/lib/python3.12/site-packages/airflow/example_dags/example_sla_dag.py
[2025-11-25T16:49:43.914+0000] {logging_mixin.py:188} INFO - [2025-11-25T16:49:43.914+0000] {dag.py:3096} INFO - Sync 1 DAGs
[2025-11-25T16:49:43.923+0000] {logging_mixin.py:188} INFO - [2025-11-25T16:49:43.923+0000] {dag.py:3954} INFO - Setting next_dagrun for example_sla_dag to 2025-11-25 16:46:00+00:00, run_after=2025-11-25 16:48:00+00:00
[2025-11-25T16:49:43.932+0000] {processor.py:183} INFO - Processing /home/airflow/.local/lib/python3.12/site-packages/airflow/example_dags/example_sla_dag.py took 0.042 seconds
[2025-11-25T16:50:14.520+0000] {processor.py:161} INFO - Started process (PID=13896) to work on /home/airflow/.local/lib/python3.12/site-packages/airflow/example_dags/example_sla_dag.py
[2025-11-25T16:50:14.521+0000] {processor.py:830} INFO - Processing file /home/airflow/.local/lib/python3.12/site-packages/airflow/example_dags/example_sla_dag.py for tasks to queue
[2025-11-25T16:50:14.523+0000] {logging_mixin.py:188} INFO - [2025-11-25T16:50:14.522+0000] {dagbag.py:545} INFO - Filling up the DagBag from /home/airflow/.local/lib/python3.12/site-packages/airflow/example_dags/example_sla_dag.py
[2025-11-25T16:50:14.527+0000] {processor.py:840} INFO - DAG(s) 'example_sla_dag' retrieved from /home/airflow/.local/lib/python3.12/site-packages/airflow/example_dags/example_sla_dag.py
[2025-11-25T16:50:14.536+0000] {logging_mixin.py:188} INFO - [2025-11-25T16:50:14.536+0000] {dag.py:3096} INFO - Sync 1 DAGs
[2025-11-25T16:50:14.545+0000] {logging_mixin.py:188} INFO - [2025-11-25T16:50:14.545+0000] {dag.py:3954} INFO - Setting next_dagrun for example_sla_dag to 2025-11-25 16:48:00+00:00, run_after=2025-11-25 16:50:00+00:00
[2025-11-25T16:50:14.553+0000] {processor.py:183} INFO - Processing /home/airflow/.local/lib/python3.12/site-packages/airflow/example_dags/example_sla_dag.py took 0.035 seconds
[2025-11-25T16:50:45.499+0000] {processor.py:161} INFO - Started process (PID=13954) to work on /home/airflow/.local/lib/python3.12/site-packages/airflow/example_dags/example_sla_dag.py
[2025-11-25T16:50:45.500+0000] {processor.py:830} INFO - Processing file /home/airflow/.local/lib/python3.12/site-packages/airflow/example_dags/example_sla_dag.py for tasks to queue
[2025-11-25T16:50:45.501+0000] {logging_mixin.py:188} INFO - [2025-11-25T16:50:45.500+0000] {dagbag.py:545} INFO - Filling up the DagBag from /home/airflow/.local/lib/python3.12/site-packages/airflow/example_dags/example_sla_dag.py
[2025-11-25T16:50:45.504+0000] {processor.py:840} INFO - DAG(s) 'example_sla_dag' retrieved from /home/airflow/.local/lib/python3.12/site-packages/airflow/example_dags/example_sla_dag.py
[2025-11-25T16:50:45.512+0000] {logging_mixin.py:188} INFO - [2025-11-25T16:50:45.512+0000] {dag.py:3096} INFO - Sync 1 DAGs
[2025-11-25T16:50:45.524+0000] {logging_mixin.py:188} INFO - [2025-11-25T16:50:45.524+0000] {dag.py:3954} INFO - Setting next_dagrun for example_sla_dag to 2025-11-25 16:48:00+00:00, run_after=2025-11-25 16:50:00+00:00
[2025-11-25T16:50:45.530+0000] {processor.py:183} INFO - Processing /home/airflow/.local/lib/python3.12/site-packages/airflow/example_dags/example_sla_dag.py took 0.033 seconds
[2025-11-25T16:51:15.706+0000] {processor.py:161} INFO - Started process (PID=14012) to work on /home/airflow/.local/lib/python3.12/site-packages/airflow/example_dags/example_sla_dag.py
[2025-11-25T16:51:15.706+0000] {processor.py:830} INFO - Processing file /home/airflow/.local/lib/python3.12/site-packages/airflow/example_dags/example_sla_dag.py for tasks to queue
[2025-11-25T16:51:15.707+0000] {logging_mixin.py:188} INFO - [2025-11-25T16:51:15.707+0000] {dagbag.py:545} INFO - Filling up the DagBag from /home/airflow/.local/lib/python3.12/site-packages/airflow/example_dags/example_sla_dag.py
[2025-11-25T16:51:15.710+0000] {processor.py:840} INFO - DAG(s) 'example_sla_dag' retrieved from /home/airflow/.local/lib/python3.12/site-packages/airflow/example_dags/example_sla_dag.py
[2025-11-25T16:51:15.719+0000] {logging_mixin.py:188} INFO - [2025-11-25T16:51:15.719+0000] {dag.py:3096} INFO - Sync 1 DAGs
[2025-11-25T16:51:15.728+0000] {logging_mixin.py:188} INFO - [2025-11-25T16:51:15.728+0000] {dag.py:3954} INFO - Setting next_dagrun for example_sla_dag to 2025-11-25 16:48:00+00:00, run_after=2025-11-25 16:50:00+00:00
[2025-11-25T16:51:15.736+0000] {processor.py:183} INFO - Processing /home/airflow/.local/lib/python3.12/site-packages/airflow/example_dags/example_sla_dag.py took 0.032 seconds
[2025-11-25T16:51:45.774+0000] {processor.py:161} INFO - Started process (PID=14070) to work on /home/airflow/.local/lib/python3.12/site-packages/airflow/example_dags/example_sla_dag.py
[2025-11-25T16:51:45.776+0000] {processor.py:830} INFO - Processing file /home/airflow/.local/lib/python3.12/site-packages/airflow/example_dags/example_sla_dag.py for tasks to queue
[2025-11-25T16:51:45.777+0000] {logging_mixin.py:188} INFO - [2025-11-25T16:51:45.777+0000] {dagbag.py:545} INFO - Filling up the DagBag from /home/airflow/.local/lib/python3.12/site-packages/airflow/example_dags/example_sla_dag.py
[2025-11-25T16:51:45.780+0000] {processor.py:840} INFO - DAG(s) 'example_sla_dag' retrieved from /home/airflow/.local/lib/python3.12/site-packages/airflow/example_dags/example_sla_dag.py
[2025-11-25T16:51:45.790+0000] {logging_mixin.py:188} INFO - [2025-11-25T16:51:45.790+0000] {dag.py:3096} INFO - Sync 1 DAGs
[2025-11-25T16:51:45.799+0000] {logging_mixin.py:188} INFO - [2025-11-25T16:51:45.799+0000] {dag.py:3954} INFO - Setting next_dagrun for example_sla_dag to 2025-11-25 16:48:00+00:00, run_after=2025-11-25 16:50:00+00:00
[2025-11-25T16:51:45.804+0000] {processor.py:183} INFO - Processing /home/airflow/.local/lib/python3.12/site-packages/airflow/example_dags/example_sla_dag.py took 0.032 seconds
[2025-11-25T16:52:16.782+0000] {processor.py:161} INFO - Started process (PID=14128) to work on /home/airflow/.local/lib/python3.12/site-packages/airflow/example_dags/example_sla_dag.py
[2025-11-25T16:52:16.783+0000] {processor.py:830} INFO - Processing file /home/airflow/.local/lib/python3.12/site-packages/airflow/example_dags/example_sla_dag.py for tasks to queue
[2025-11-25T16:52:16.784+0000] {logging_mixin.py:188} INFO - [2025-11-25T16:52:16.784+0000] {dagbag.py:545} INFO - Filling up the DagBag from /home/airflow/.local/lib/python3.12/site-packages/airflow/example_dags/example_sla_dag.py
[2025-11-25T16:52:16.787+0000] {processor.py:840} INFO - DAG(s) 'example_sla_dag' retrieved from /home/airflow/.local/lib/python3.12/site-packages/airflow/example_dags/example_sla_dag.py
[2025-11-25T16:52:16.797+0000] {logging_mixin.py:188} INFO - [2025-11-25T16:52:16.797+0000] {dag.py:3096} INFO - Sync 1 DAGs
[2025-11-25T16:52:16.810+0000] {logging_mixin.py:188} INFO - [2025-11-25T16:52:16.810+0000] {dag.py:3954} INFO - Setting next_dagrun for example_sla_dag to 2025-11-25 16:50:00+00:00, run_after=2025-11-25 16:52:00+00:00
[2025-11-25T16:52:16.820+0000] {processor.py:183} INFO - Processing /home/airflow/.local/lib/python3.12/site-packages/airflow/example_dags/example_sla_dag.py took 0.040 seconds
[2025-11-25T16:52:47.877+0000] {processor.py:161} INFO - Started process (PID=14186) to work on /home/airflow/.local/lib/python3.12/site-packages/airflow/example_dags/example_sla_dag.py
[2025-11-25T16:52:47.878+0000] {processor.py:830} INFO - Processing file /home/airflow/.local/lib/python3.12/site-packages/airflow/example_dags/example_sla_dag.py for tasks to queue
[2025-11-25T16:52:47.878+0000] {logging_mixin.py:188} INFO - [2025-11-25T16:52:47.878+0000] {dagbag.py:545} INFO - Filling up the DagBag from /home/airflow/.local/lib/python3.12/site-packages/airflow/example_dags/example_sla_dag.py
[2025-11-25T16:52:47.882+0000] {processor.py:840} INFO - DAG(s) 'example_sla_dag' retrieved from /home/airflow/.local/lib/python3.12/site-packages/airflow/example_dags/example_sla_dag.py
[2025-11-25T16:52:47.889+0000] {logging_mixin.py:188} INFO - [2025-11-25T16:52:47.889+0000] {dag.py:3096} INFO - Sync 1 DAGs
[2025-11-25T16:52:47.899+0000] {logging_mixin.py:188} INFO - [2025-11-25T16:52:47.899+0000] {dag.py:3954} INFO - Setting next_dagrun for example_sla_dag to 2025-11-25 16:50:00+00:00, run_after=2025-11-25 16:52:00+00:00
[2025-11-25T16:52:47.907+0000] {processor.py:183} INFO - Processing /home/airflow/.local/lib/python3.12/site-packages/airflow/example_dags/example_sla_dag.py took 0.033 seconds
[2025-11-25T16:53:19.081+0000] {processor.py:161} INFO - Started process (PID=14250) to work on /home/airflow/.local/lib/python3.12/site-packages/airflow/example_dags/example_sla_dag.py
[2025-11-25T16:53:19.081+0000] {processor.py:830} INFO - Processing file /home/airflow/.local/lib/python3.12/site-packages/airflow/example_dags/example_sla_dag.py for tasks to queue
[2025-11-25T16:53:19.082+0000] {logging_mixin.py:188} INFO - [2025-11-25T16:53:19.082+0000] {dagbag.py:545} INFO - Filling up the DagBag from /home/airflow/.local/lib/python3.12/site-packages/airflow/example_dags/example_sla_dag.py
[2025-11-25T16:53:19.087+0000] {processor.py:840} INFO - DAG(s) 'example_sla_dag' retrieved from /home/airflow/.local/lib/python3.12/site-packages/airflow/example_dags/example_sla_dag.py
[2025-11-25T16:53:19.101+0000] {logging_mixin.py:188} INFO - [2025-11-25T16:53:19.101+0000] {dag.py:3096} INFO - Sync 1 DAGs
[2025-11-25T16:53:19.114+0000] {logging_mixin.py:188} INFO - [2025-11-25T16:53:19.113+0000] {dag.py:3954} INFO - Setting next_dagrun for example_sla_dag to 2025-11-25 16:50:00+00:00, run_after=2025-11-25 16:52:00+00:00
[2025-11-25T16:53:19.122+0000] {processor.py:183} INFO - Processing /home/airflow/.local/lib/python3.12/site-packages/airflow/example_dags/example_sla_dag.py took 0.044 seconds
[2025-11-25T16:53:49.337+0000] {processor.py:161} INFO - Started process (PID=14308) to work on /home/airflow/.local/lib/python3.12/site-packages/airflow/example_dags/example_sla_dag.py
[2025-11-25T16:53:49.338+0000] {processor.py:830} INFO - Processing file /home/airflow/.local/lib/python3.12/site-packages/airflow/example_dags/example_sla_dag.py for tasks to queue
[2025-11-25T16:53:49.338+0000] {logging_mixin.py:188} INFO - [2025-11-25T16:53:49.338+0000] {dagbag.py:545} INFO - Filling up the DagBag from /home/airflow/.local/lib/python3.12/site-packages/airflow/example_dags/example_sla_dag.py
[2025-11-25T16:53:49.342+0000] {processor.py:840} INFO - DAG(s) 'example_sla_dag' retrieved from /home/airflow/.local/lib/python3.12/site-packages/airflow/example_dags/example_sla_dag.py
[2025-11-25T16:53:49.354+0000] {logging_mixin.py:188} INFO - [2025-11-25T16:53:49.353+0000] {dag.py:3096} INFO - Sync 1 DAGs
[2025-11-25T16:53:49.364+0000] {logging_mixin.py:188} INFO - [2025-11-25T16:53:49.364+0000] {dag.py:3954} INFO - Setting next_dagrun for example_sla_dag to 2025-11-25 16:50:00+00:00, run_after=2025-11-25 16:52:00+00:00
[2025-11-25T16:53:49.375+0000] {processor.py:183} INFO - Processing /home/airflow/.local/lib/python3.12/site-packages/airflow/example_dags/example_sla_dag.py took 0.041 seconds
[2025-11-25T16:54:19.595+0000] {processor.py:161} INFO - Started process (PID=14366) to work on /home/airflow/.local/lib/python3.12/site-packages/airflow/example_dags/example_sla_dag.py
[2025-11-25T16:54:19.595+0000] {processor.py:830} INFO - Processing file /home/airflow/.local/lib/python3.12/site-packages/airflow/example_dags/example_sla_dag.py for tasks to queue
[2025-11-25T16:54:19.597+0000] {logging_mixin.py:188} INFO - [2025-11-25T16:54:19.597+0000] {dagbag.py:545} INFO - Filling up the DagBag from /home/airflow/.local/lib/python3.12/site-packages/airflow/example_dags/example_sla_dag.py
[2025-11-25T16:54:19.602+0000] {processor.py:840} INFO - DAG(s) 'example_sla_dag' retrieved from /home/airflow/.local/lib/python3.12/site-packages/airflow/example_dags/example_sla_dag.py
[2025-11-25T16:54:19.611+0000] {logging_mixin.py:188} INFO - [2025-11-25T16:54:19.611+0000] {dag.py:3096} INFO - Sync 1 DAGs
[2025-11-25T16:54:19.621+0000] {logging_mixin.py:188} INFO - [2025-11-25T16:54:19.621+0000] {dag.py:3954} INFO - Setting next_dagrun for example_sla_dag to 2025-11-25 16:52:00+00:00, run_after=2025-11-25 16:54:00+00:00
[2025-11-25T16:54:19.628+0000] {processor.py:183} INFO - Processing /home/airflow/.local/lib/python3.12/site-packages/airflow/example_dags/example_sla_dag.py took 0.036 seconds
[2025-11-25T16:54:51.014+0000] {processor.py:161} INFO - Started process (PID=14424) to work on /home/airflow/.local/lib/python3.12/site-packages/airflow/example_dags/example_sla_dag.py
[2025-11-25T16:54:51.014+0000] {processor.py:830} INFO - Processing file /home/airflow/.local/lib/python3.12/site-packages/airflow/example_dags/example_sla_dag.py for tasks to queue
[2025-11-25T16:54:51.015+0000] {logging_mixin.py:188} INFO - [2025-11-25T16:54:51.015+0000] {dagbag.py:545} INFO - Filling up the DagBag from /home/airflow/.local/lib/python3.12/site-packages/airflow/example_dags/example_sla_dag.py
[2025-11-25T16:54:51.019+0000] {processor.py:840} INFO - DAG(s) 'example_sla_dag' retrieved from /home/airflow/.local/lib/python3.12/site-packages/airflow/example_dags/example_sla_dag.py
[2025-11-25T16:54:51.034+0000] {logging_mixin.py:188} INFO - [2025-11-25T16:54:51.034+0000] {dag.py:3096} INFO - Sync 1 DAGs
[2025-11-25T16:54:51.043+0000] {logging_mixin.py:188} INFO - [2025-11-25T16:54:51.043+0000] {dag.py:3954} INFO - Setting next_dagrun for example_sla_dag to 2025-11-25 16:52:00+00:00, run_after=2025-11-25 16:54:00+00:00
[2025-11-25T16:54:51.055+0000] {processor.py:183} INFO - Processing /home/airflow/.local/lib/python3.12/site-packages/airflow/example_dags/example_sla_dag.py took 0.044 seconds
[2025-11-25T16:55:21.262+0000] {processor.py:161} INFO - Started process (PID=14482) to work on /home/airflow/.local/lib/python3.12/site-packages/airflow/example_dags/example_sla_dag.py
[2025-11-25T16:55:21.263+0000] {processor.py:830} INFO - Processing file /home/airflow/.local/lib/python3.12/site-packages/airflow/example_dags/example_sla_dag.py for tasks to queue
[2025-11-25T16:55:21.264+0000] {logging_mixin.py:188} INFO - [2025-11-25T16:55:21.263+0000] {dagbag.py:545} INFO - Filling up the DagBag from /home/airflow/.local/lib/python3.12/site-packages/airflow/example_dags/example_sla_dag.py
[2025-11-25T16:55:21.269+0000] {processor.py:840} INFO - DAG(s) 'example_sla_dag' retrieved from /home/airflow/.local/lib/python3.12/site-packages/airflow/example_dags/example_sla_dag.py
[2025-11-25T16:55:21.284+0000] {logging_mixin.py:188} INFO - [2025-11-25T16:55:21.284+0000] {dag.py:3096} INFO - Sync 1 DAGs
[2025-11-25T16:55:21.294+0000] {logging_mixin.py:188} INFO - [2025-11-25T16:55:21.294+0000] {dag.py:3954} INFO - Setting next_dagrun for example_sla_dag to 2025-11-25 16:52:00+00:00, run_after=2025-11-25 16:54:00+00:00
[2025-11-25T16:55:21.306+0000] {processor.py:183} INFO - Processing /home/airflow/.local/lib/python3.12/site-packages/airflow/example_dags/example_sla_dag.py took 0.048 seconds
[2025-11-25T16:55:51.835+0000] {processor.py:161} INFO - Started process (PID=14540) to work on /home/airflow/.local/lib/python3.12/site-packages/airflow/example_dags/example_sla_dag.py
[2025-11-25T16:55:51.840+0000] {processor.py:830} INFO - Processing file /home/airflow/.local/lib/python3.12/site-packages/airflow/example_dags/example_sla_dag.py for tasks to queue
[2025-11-25T16:55:51.844+0000] {logging_mixin.py:188} INFO - [2025-11-25T16:55:51.844+0000] {dagbag.py:545} INFO - Filling up the DagBag from /home/airflow/.local/lib/python3.12/site-packages/airflow/example_dags/example_sla_dag.py
[2025-11-25T16:55:51.854+0000] {processor.py:840} INFO - DAG(s) 'example_sla_dag' retrieved from /home/airflow/.local/lib/python3.12/site-packages/airflow/example_dags/example_sla_dag.py
[2025-11-25T16:55:51.913+0000] {logging_mixin.py:188} INFO - [2025-11-25T16:55:51.912+0000] {dag.py:3096} INFO - Sync 1 DAGs
[2025-11-25T16:55:52.081+0000] {logging_mixin.py:188} INFO - [2025-11-25T16:55:52.074+0000] {dag.py:3954} INFO - Setting next_dagrun for example_sla_dag to 2025-11-25 16:52:00+00:00, run_after=2025-11-25 16:54:00+00:00
[2025-11-25T16:55:52.131+0000] {processor.py:183} INFO - Processing /home/airflow/.local/lib/python3.12/site-packages/airflow/example_dags/example_sla_dag.py took 0.328 seconds
[2025-11-25T16:56:22.865+0000] {processor.py:161} INFO - Started process (PID=14598) to work on /home/airflow/.local/lib/python3.12/site-packages/airflow/example_dags/example_sla_dag.py
[2025-11-25T16:56:22.866+0000] {processor.py:830} INFO - Processing file /home/airflow/.local/lib/python3.12/site-packages/airflow/example_dags/example_sla_dag.py for tasks to queue
[2025-11-25T16:56:22.868+0000] {logging_mixin.py:188} INFO - [2025-11-25T16:56:22.867+0000] {dagbag.py:545} INFO - Filling up the DagBag from /home/airflow/.local/lib/python3.12/site-packages/airflow/example_dags/example_sla_dag.py
[2025-11-25T16:56:22.873+0000] {processor.py:840} INFO - DAG(s) 'example_sla_dag' retrieved from /home/airflow/.local/lib/python3.12/site-packages/airflow/example_dags/example_sla_dag.py
[2025-11-25T16:56:22.888+0000] {logging_mixin.py:188} INFO - [2025-11-25T16:56:22.888+0000] {dag.py:3096} INFO - Sync 1 DAGs
[2025-11-25T16:56:22.897+0000] {logging_mixin.py:188} INFO - [2025-11-25T16:56:22.897+0000] {dag.py:3954} INFO - Setting next_dagrun for example_sla_dag to 2025-11-25 16:54:00+00:00, run_after=2025-11-25 16:56:00+00:00
[2025-11-25T16:56:22.904+0000] {processor.py:183} INFO - Processing /home/airflow/.local/lib/python3.12/site-packages/airflow/example_dags/example_sla_dag.py took 0.041 seconds
[2025-11-25T16:56:53.139+0000] {processor.py:161} INFO - Started process (PID=14656) to work on /home/airflow/.local/lib/python3.12/site-packages/airflow/example_dags/example_sla_dag.py
[2025-11-25T16:56:53.141+0000] {processor.py:830} INFO - Processing file /home/airflow/.local/lib/python3.12/site-packages/airflow/example_dags/example_sla_dag.py for tasks to queue
[2025-11-25T16:56:53.142+0000] {logging_mixin.py:188} INFO - [2025-11-25T16:56:53.142+0000] {dagbag.py:545} INFO - Filling up the DagBag from /home/airflow/.local/lib/python3.12/site-packages/airflow/example_dags/example_sla_dag.py
[2025-11-25T16:56:53.146+0000] {processor.py:840} INFO - DAG(s) 'example_sla_dag' retrieved from /home/airflow/.local/lib/python3.12/site-packages/airflow/example_dags/example_sla_dag.py
[2025-11-25T16:56:53.161+0000] {logging_mixin.py:188} INFO - [2025-11-25T16:56:53.161+0000] {dag.py:3096} INFO - Sync 1 DAGs
[2025-11-25T16:56:53.173+0000] {logging_mixin.py:188} INFO - [2025-11-25T16:56:53.173+0000] {dag.py:3954} INFO - Setting next_dagrun for example_sla_dag to 2025-11-25 16:54:00+00:00, run_after=2025-11-25 16:56:00+00:00
[2025-11-25T16:56:53.183+0000] {processor.py:183} INFO - Processing /home/airflow/.local/lib/python3.12/site-packages/airflow/example_dags/example_sla_dag.py took 0.047 seconds
[2025-11-25T16:57:23.511+0000] {processor.py:161} INFO - Started process (PID=14714) to work on /home/airflow/.local/lib/python3.12/site-packages/airflow/example_dags/example_sla_dag.py
[2025-11-25T16:57:23.512+0000] {processor.py:830} INFO - Processing file /home/airflow/.local/lib/python3.12/site-packages/airflow/example_dags/example_sla_dag.py for tasks to queue
[2025-11-25T16:57:23.513+0000] {logging_mixin.py:188} INFO - [2025-11-25T16:57:23.513+0000] {dagbag.py:545} INFO - Filling up the DagBag from /home/airflow/.local/lib/python3.12/site-packages/airflow/example_dags/example_sla_dag.py
[2025-11-25T16:57:23.517+0000] {processor.py:840} INFO - DAG(s) 'example_sla_dag' retrieved from /home/airflow/.local/lib/python3.12/site-packages/airflow/example_dags/example_sla_dag.py
[2025-11-25T16:57:23.527+0000] {logging_mixin.py:188} INFO - [2025-11-25T16:57:23.527+0000] {dag.py:3096} INFO - Sync 1 DAGs
[2025-11-25T16:57:23.536+0000] {logging_mixin.py:188} INFO - [2025-11-25T16:57:23.536+0000] {dag.py:3954} INFO - Setting next_dagrun for example_sla_dag to 2025-11-25 16:54:00+00:00, run_after=2025-11-25 16:56:00+00:00
[2025-11-25T16:57:23.543+0000] {processor.py:183} INFO - Processing /home/airflow/.local/lib/python3.12/site-packages/airflow/example_dags/example_sla_dag.py took 0.035 seconds
[2025-11-25T16:57:54.502+0000] {processor.py:161} INFO - Started process (PID=14772) to work on /home/airflow/.local/lib/python3.12/site-packages/airflow/example_dags/example_sla_dag.py
[2025-11-25T16:57:54.503+0000] {processor.py:830} INFO - Processing file /home/airflow/.local/lib/python3.12/site-packages/airflow/example_dags/example_sla_dag.py for tasks to queue
[2025-11-25T16:57:54.503+0000] {logging_mixin.py:188} INFO - [2025-11-25T16:57:54.503+0000] {dagbag.py:545} INFO - Filling up the DagBag from /home/airflow/.local/lib/python3.12/site-packages/airflow/example_dags/example_sla_dag.py
[2025-11-25T16:57:54.507+0000] {processor.py:840} INFO - DAG(s) 'example_sla_dag' retrieved from /home/airflow/.local/lib/python3.12/site-packages/airflow/example_dags/example_sla_dag.py
[2025-11-25T16:57:54.516+0000] {logging_mixin.py:188} INFO - [2025-11-25T16:57:54.516+0000] {dag.py:3096} INFO - Sync 1 DAGs
[2025-11-25T16:57:54.528+0000] {logging_mixin.py:188} INFO - [2025-11-25T16:57:54.528+0000] {dag.py:3954} INFO - Setting next_dagrun for example_sla_dag to 2025-11-25 16:54:00+00:00, run_after=2025-11-25 16:56:00+00:00
[2025-11-25T16:57:54.535+0000] {processor.py:183} INFO - Processing /home/airflow/.local/lib/python3.12/site-packages/airflow/example_dags/example_sla_dag.py took 0.036 seconds
[2025-11-25T16:58:24.573+0000] {processor.py:161} INFO - Started process (PID=14830) to work on /home/airflow/.local/lib/python3.12/site-packages/airflow/example_dags/example_sla_dag.py
[2025-11-25T16:58:24.573+0000] {processor.py:830} INFO - Processing file /home/airflow/.local/lib/python3.12/site-packages/airflow/example_dags/example_sla_dag.py for tasks to queue
[2025-11-25T16:58:24.574+0000] {logging_mixin.py:188} INFO - [2025-11-25T16:58:24.574+0000] {dagbag.py:545} INFO - Filling up the DagBag from /home/airflow/.local/lib/python3.12/site-packages/airflow/example_dags/example_sla_dag.py
[2025-11-25T16:58:24.577+0000] {processor.py:840} INFO - DAG(s) 'example_sla_dag' retrieved from /home/airflow/.local/lib/python3.12/site-packages/airflow/example_dags/example_sla_dag.py
[2025-11-25T16:58:24.584+0000] {logging_mixin.py:188} INFO - [2025-11-25T16:58:24.584+0000] {dag.py:3096} INFO - Sync 1 DAGs
[2025-11-25T16:58:24.592+0000] {logging_mixin.py:188} INFO - [2025-11-25T16:58:24.592+0000] {dag.py:3954} INFO - Setting next_dagrun for example_sla_dag to 2025-11-25 16:56:00+00:00, run_after=2025-11-25 16:58:00+00:00
[2025-11-25T16:58:24.597+0000] {processor.py:183} INFO - Processing /home/airflow/.local/lib/python3.12/site-packages/airflow/example_dags/example_sla_dag.py took 0.026 seconds
[2025-11-25T16:58:54.921+0000] {processor.py:161} INFO - Started process (PID=14888) to work on /home/airflow/.local/lib/python3.12/site-packages/airflow/example_dags/example_sla_dag.py
[2025-11-25T16:58:54.923+0000] {processor.py:830} INFO - Processing file /home/airflow/.local/lib/python3.12/site-packages/airflow/example_dags/example_sla_dag.py for tasks to queue
[2025-11-25T16:58:54.924+0000] {logging_mixin.py:188} INFO - [2025-11-25T16:58:54.924+0000] {dagbag.py:545} INFO - Filling up the DagBag from /home/airflow/.local/lib/python3.12/site-packages/airflow/example_dags/example_sla_dag.py
[2025-11-25T16:58:54.929+0000] {processor.py:840} INFO - DAG(s) 'example_sla_dag' retrieved from /home/airflow/.local/lib/python3.12/site-packages/airflow/example_dags/example_sla_dag.py
[2025-11-25T16:58:54.940+0000] {logging_mixin.py:188} INFO - [2025-11-25T16:58:54.940+0000] {dag.py:3096} INFO - Sync 1 DAGs
[2025-11-25T16:58:54.951+0000] {logging_mixin.py:188} INFO - [2025-11-25T16:58:54.951+0000] {dag.py:3954} INFO - Setting next_dagrun for example_sla_dag to 2025-11-25 16:56:00+00:00, run_after=2025-11-25 16:58:00+00:00
[2025-11-25T16:58:54.963+0000] {processor.py:183} INFO - Processing /home/airflow/.local/lib/python3.12/site-packages/airflow/example_dags/example_sla_dag.py took 0.044 seconds
[2025-11-25T16:59:25.212+0000] {processor.py:161} INFO - Started process (PID=14946) to work on /home/airflow/.local/lib/python3.12/site-packages/airflow/example_dags/example_sla_dag.py
[2025-11-25T16:59:25.213+0000] {processor.py:830} INFO - Processing file /home/airflow/.local/lib/python3.12/site-packages/airflow/example_dags/example_sla_dag.py for tasks to queue
[2025-11-25T16:59:25.214+0000] {logging_mixin.py:188} INFO - [2025-11-25T16:59:25.214+0000] {dagbag.py:545} INFO - Filling up the DagBag from /home/airflow/.local/lib/python3.12/site-packages/airflow/example_dags/example_sla_dag.py
[2025-11-25T16:59:25.218+0000] {processor.py:840} INFO - DAG(s) 'example_sla_dag' retrieved from /home/airflow/.local/lib/python3.12/site-packages/airflow/example_dags/example_sla_dag.py
[2025-11-25T16:59:25.226+0000] {logging_mixin.py:188} INFO - [2025-11-25T16:59:25.226+0000] {dag.py:3096} INFO - Sync 1 DAGs
[2025-11-25T16:59:25.236+0000] {logging_mixin.py:188} INFO - [2025-11-25T16:59:25.236+0000] {dag.py:3954} INFO - Setting next_dagrun for example_sla_dag to 2025-11-25 16:56:00+00:00, run_after=2025-11-25 16:58:00+00:00
[2025-11-25T16:59:25.247+0000] {processor.py:183} INFO - Processing /home/airflow/.local/lib/python3.12/site-packages/airflow/example_dags/example_sla_dag.py took 0.038 seconds
[2025-11-25T16:59:55.492+0000] {processor.py:161} INFO - Started process (PID=15004) to work on /home/airflow/.local/lib/python3.12/site-packages/airflow/example_dags/example_sla_dag.py
[2025-11-25T16:59:55.492+0000] {processor.py:830} INFO - Processing file /home/airflow/.local/lib/python3.12/site-packages/airflow/example_dags/example_sla_dag.py for tasks to queue
[2025-11-25T16:59:55.493+0000] {logging_mixin.py:188} INFO - [2025-11-25T16:59:55.493+0000] {dagbag.py:545} INFO - Filling up the DagBag from /home/airflow/.local/lib/python3.12/site-packages/airflow/example_dags/example_sla_dag.py
[2025-11-25T16:59:55.496+0000] {processor.py:840} INFO - DAG(s) 'example_sla_dag' retrieved from /home/airflow/.local/lib/python3.12/site-packages/airflow/example_dags/example_sla_dag.py
[2025-11-25T16:59:55.505+0000] {logging_mixin.py:188} INFO - [2025-11-25T16:59:55.505+0000] {dag.py:3096} INFO - Sync 1 DAGs
[2025-11-25T16:59:55.515+0000] {logging_mixin.py:188} INFO - [2025-11-25T16:59:55.515+0000] {dag.py:3954} INFO - Setting next_dagrun for example_sla_dag to 2025-11-25 16:56:00+00:00, run_after=2025-11-25 16:58:00+00:00
[2025-11-25T16:59:55.524+0000] {processor.py:183} INFO - Processing /home/airflow/.local/lib/python3.12/site-packages/airflow/example_dags/example_sla_dag.py took 0.035 seconds
[2025-11-25T17:00:25.924+0000] {processor.py:161} INFO - Started process (PID=15062) to work on /home/airflow/.local/lib/python3.12/site-packages/airflow/example_dags/example_sla_dag.py
[2025-11-25T17:00:25.924+0000] {processor.py:830} INFO - Processing file /home/airflow/.local/lib/python3.12/site-packages/airflow/example_dags/example_sla_dag.py for tasks to queue
[2025-11-25T17:00:25.926+0000] {logging_mixin.py:188} INFO - [2025-11-25T17:00:25.926+0000] {dagbag.py:545} INFO - Filling up the DagBag from /home/airflow/.local/lib/python3.12/site-packages/airflow/example_dags/example_sla_dag.py
[2025-11-25T17:00:25.931+0000] {processor.py:840} INFO - DAG(s) 'example_sla_dag' retrieved from /home/airflow/.local/lib/python3.12/site-packages/airflow/example_dags/example_sla_dag.py
[2025-11-25T17:00:25.943+0000] {logging_mixin.py:188} INFO - [2025-11-25T17:00:25.943+0000] {dag.py:3096} INFO - Sync 1 DAGs
[2025-11-25T17:00:25.953+0000] {logging_mixin.py:188} INFO - [2025-11-25T17:00:25.953+0000] {dag.py:3954} INFO - Setting next_dagrun for example_sla_dag to 2025-11-25 16:58:00+00:00, run_after=2025-11-25 17:00:00+00:00
[2025-11-25T17:00:25.961+0000] {processor.py:183} INFO - Processing /home/airflow/.local/lib/python3.12/site-packages/airflow/example_dags/example_sla_dag.py took 0.040 seconds
[2025-11-25T17:00:56.656+0000] {processor.py:161} INFO - Started process (PID=15120) to work on /home/airflow/.local/lib/python3.12/site-packages/airflow/example_dags/example_sla_dag.py
[2025-11-25T17:00:56.657+0000] {processor.py:830} INFO - Processing file /home/airflow/.local/lib/python3.12/site-packages/airflow/example_dags/example_sla_dag.py for tasks to queue
[2025-11-25T17:00:56.658+0000] {logging_mixin.py:188} INFO - [2025-11-25T17:00:56.658+0000] {dagbag.py:545} INFO - Filling up the DagBag from /home/airflow/.local/lib/python3.12/site-packages/airflow/example_dags/example_sla_dag.py
[2025-11-25T17:00:56.662+0000] {processor.py:840} INFO - DAG(s) 'example_sla_dag' retrieved from /home/airflow/.local/lib/python3.12/site-packages/airflow/example_dags/example_sla_dag.py
[2025-11-25T17:00:56.800+0000] {logging_mixin.py:188} INFO - [2025-11-25T17:00:56.800+0000] {dag.py:3096} INFO - Sync 1 DAGs
[2025-11-25T17:00:56.818+0000] {logging_mixin.py:188} INFO - [2025-11-25T17:00:56.818+0000] {dag.py:3954} INFO - Setting next_dagrun for example_sla_dag to 2025-11-25 16:58:00+00:00, run_after=2025-11-25 17:00:00+00:00
[2025-11-25T17:00:56.862+0000] {processor.py:183} INFO - Processing /home/airflow/.local/lib/python3.12/site-packages/airflow/example_dags/example_sla_dag.py took 0.208 seconds
[2025-11-25T17:40:50.484+0000] {processor.py:161} INFO - Started process (PID=15170) to work on /home/airflow/.local/lib/python3.12/site-packages/airflow/example_dags/example_sla_dag.py
[2025-11-25T17:40:50.486+0000] {processor.py:830} INFO - Processing file /home/airflow/.local/lib/python3.12/site-packages/airflow/example_dags/example_sla_dag.py for tasks to queue
[2025-11-25T17:40:50.487+0000] {logging_mixin.py:188} INFO - [2025-11-25T17:40:50.486+0000] {dagbag.py:545} INFO - Filling up the DagBag from /home/airflow/.local/lib/python3.12/site-packages/airflow/example_dags/example_sla_dag.py
[2025-11-25T17:40:50.491+0000] {processor.py:840} INFO - DAG(s) 'example_sla_dag' retrieved from /home/airflow/.local/lib/python3.12/site-packages/airflow/example_dags/example_sla_dag.py
[2025-11-25T17:40:50.500+0000] {logging_mixin.py:188} INFO - [2025-11-25T17:40:50.500+0000] {dag.py:3096} INFO - Sync 1 DAGs
[2025-11-25T17:40:50.512+0000] {logging_mixin.py:188} INFO - [2025-11-25T17:40:50.512+0000] {dag.py:3954} INFO - Setting next_dagrun for example_sla_dag to 2025-11-25 17:38:00+00:00, run_after=2025-11-25 17:40:00+00:00
[2025-11-25T17:40:50.522+0000] {processor.py:183} INFO - Processing /home/airflow/.local/lib/python3.12/site-packages/airflow/example_dags/example_sla_dag.py took 0.041 seconds
[2025-11-25T17:41:21.098+0000] {processor.py:161} INFO - Started process (PID=15228) to work on /home/airflow/.local/lib/python3.12/site-packages/airflow/example_dags/example_sla_dag.py
[2025-11-25T17:41:21.100+0000] {processor.py:830} INFO - Processing file /home/airflow/.local/lib/python3.12/site-packages/airflow/example_dags/example_sla_dag.py for tasks to queue
[2025-11-25T17:41:21.101+0000] {logging_mixin.py:188} INFO - [2025-11-25T17:41:21.101+0000] {dagbag.py:545} INFO - Filling up the DagBag from /home/airflow/.local/lib/python3.12/site-packages/airflow/example_dags/example_sla_dag.py
[2025-11-25T17:41:21.105+0000] {processor.py:840} INFO - DAG(s) 'example_sla_dag' retrieved from /home/airflow/.local/lib/python3.12/site-packages/airflow/example_dags/example_sla_dag.py
[2025-11-25T17:41:21.115+0000] {logging_mixin.py:188} INFO - [2025-11-25T17:41:21.115+0000] {dag.py:3096} INFO - Sync 1 DAGs
[2025-11-25T17:41:21.123+0000] {logging_mixin.py:188} INFO - [2025-11-25T17:41:21.123+0000] {dag.py:3954} INFO - Setting next_dagrun for example_sla_dag to 2025-11-25 17:38:00+00:00, run_after=2025-11-25 17:40:00+00:00
[2025-11-25T17:41:21.131+0000] {processor.py:183} INFO - Processing /home/airflow/.local/lib/python3.12/site-packages/airflow/example_dags/example_sla_dag.py took 0.035 seconds
[2025-11-25T17:41:51.754+0000] {processor.py:161} INFO - Started process (PID=15292) to work on /home/airflow/.local/lib/python3.12/site-packages/airflow/example_dags/example_sla_dag.py
[2025-11-25T17:41:51.754+0000] {processor.py:830} INFO - Processing file /home/airflow/.local/lib/python3.12/site-packages/airflow/example_dags/example_sla_dag.py for tasks to queue
[2025-11-25T17:41:51.755+0000] {logging_mixin.py:188} INFO - [2025-11-25T17:41:51.755+0000] {dagbag.py:545} INFO - Filling up the DagBag from /home/airflow/.local/lib/python3.12/site-packages/airflow/example_dags/example_sla_dag.py
[2025-11-25T17:41:51.760+0000] {processor.py:840} INFO - DAG(s) 'example_sla_dag' retrieved from /home/airflow/.local/lib/python3.12/site-packages/airflow/example_dags/example_sla_dag.py
[2025-11-25T17:41:51.771+0000] {logging_mixin.py:188} INFO - [2025-11-25T17:41:51.771+0000] {dag.py:3096} INFO - Sync 1 DAGs
[2025-11-25T17:41:51.780+0000] {logging_mixin.py:188} INFO - [2025-11-25T17:41:51.780+0000] {dag.py:3954} INFO - Setting next_dagrun for example_sla_dag to 2025-11-25 17:38:00+00:00, run_after=2025-11-25 17:40:00+00:00
[2025-11-25T17:41:51.791+0000] {processor.py:183} INFO - Processing /home/airflow/.local/lib/python3.12/site-packages/airflow/example_dags/example_sla_dag.py took 0.040 seconds
[2025-11-25T17:42:22.264+0000] {processor.py:161} INFO - Started process (PID=15350) to work on /home/airflow/.local/lib/python3.12/site-packages/airflow/example_dags/example_sla_dag.py
[2025-11-25T17:42:22.265+0000] {processor.py:830} INFO - Processing file /home/airflow/.local/lib/python3.12/site-packages/airflow/example_dags/example_sla_dag.py for tasks to queue
[2025-11-25T17:42:22.265+0000] {logging_mixin.py:188} INFO - [2025-11-25T17:42:22.265+0000] {dagbag.py:545} INFO - Filling up the DagBag from /home/airflow/.local/lib/python3.12/site-packages/airflow/example_dags/example_sla_dag.py
[2025-11-25T17:42:22.269+0000] {processor.py:840} INFO - DAG(s) 'example_sla_dag' retrieved from /home/airflow/.local/lib/python3.12/site-packages/airflow/example_dags/example_sla_dag.py
[2025-11-25T17:42:22.276+0000] {logging_mixin.py:188} INFO - [2025-11-25T17:42:22.276+0000] {dag.py:3096} INFO - Sync 1 DAGs
[2025-11-25T17:42:22.286+0000] {logging_mixin.py:188} INFO - [2025-11-25T17:42:22.286+0000] {dag.py:3954} INFO - Setting next_dagrun for example_sla_dag to 2025-11-25 17:40:00+00:00, run_after=2025-11-25 17:42:00+00:00
[2025-11-25T17:42:22.292+0000] {processor.py:183} INFO - Processing /home/airflow/.local/lib/python3.12/site-packages/airflow/example_dags/example_sla_dag.py took 0.030 seconds
[2025-11-25T17:42:52.843+0000] {processor.py:161} INFO - Started process (PID=15408) to work on /home/airflow/.local/lib/python3.12/site-packages/airflow/example_dags/example_sla_dag.py
[2025-11-25T17:42:52.844+0000] {processor.py:830} INFO - Processing file /home/airflow/.local/lib/python3.12/site-packages/airflow/example_dags/example_sla_dag.py for tasks to queue
[2025-11-25T17:42:52.845+0000] {logging_mixin.py:188} INFO - [2025-11-25T17:42:52.845+0000] {dagbag.py:545} INFO - Filling up the DagBag from /home/airflow/.local/lib/python3.12/site-packages/airflow/example_dags/example_sla_dag.py
[2025-11-25T17:42:52.848+0000] {processor.py:840} INFO - DAG(s) 'example_sla_dag' retrieved from /home/airflow/.local/lib/python3.12/site-packages/airflow/example_dags/example_sla_dag.py
[2025-11-25T17:42:52.856+0000] {logging_mixin.py:188} INFO - [2025-11-25T17:42:52.856+0000] {dag.py:3096} INFO - Sync 1 DAGs
[2025-11-25T17:42:52.865+0000] {logging_mixin.py:188} INFO - [2025-11-25T17:42:52.865+0000] {dag.py:3954} INFO - Setting next_dagrun for example_sla_dag to 2025-11-25 17:40:00+00:00, run_after=2025-11-25 17:42:00+00:00
[2025-11-25T17:42:52.871+0000] {processor.py:183} INFO - Processing /home/airflow/.local/lib/python3.12/site-packages/airflow/example_dags/example_sla_dag.py took 0.030 seconds
[2025-11-25T17:43:23.536+0000] {processor.py:161} INFO - Started process (PID=15466) to work on /home/airflow/.local/lib/python3.12/site-packages/airflow/example_dags/example_sla_dag.py
[2025-11-25T17:43:23.538+0000] {processor.py:830} INFO - Processing file /home/airflow/.local/lib/python3.12/site-packages/airflow/example_dags/example_sla_dag.py for tasks to queue
[2025-11-25T17:43:23.539+0000] {logging_mixin.py:188} INFO - [2025-11-25T17:43:23.539+0000] {dagbag.py:545} INFO - Filling up the DagBag from /home/airflow/.local/lib/python3.12/site-packages/airflow/example_dags/example_sla_dag.py
[2025-11-25T17:43:23.543+0000] {processor.py:840} INFO - DAG(s) 'example_sla_dag' retrieved from /home/airflow/.local/lib/python3.12/site-packages/airflow/example_dags/example_sla_dag.py
[2025-11-25T17:43:23.554+0000] {logging_mixin.py:188} INFO - [2025-11-25T17:43:23.553+0000] {dag.py:3096} INFO - Sync 1 DAGs
[2025-11-25T17:43:23.562+0000] {logging_mixin.py:188} INFO - [2025-11-25T17:43:23.562+0000] {dag.py:3954} INFO - Setting next_dagrun for example_sla_dag to 2025-11-25 17:40:00+00:00, run_after=2025-11-25 17:42:00+00:00
[2025-11-25T17:43:23.568+0000] {processor.py:183} INFO - Processing /home/airflow/.local/lib/python3.12/site-packages/airflow/example_dags/example_sla_dag.py took 0.034 seconds
[2025-11-25T17:43:54.066+0000] {processor.py:161} INFO - Started process (PID=15524) to work on /home/airflow/.local/lib/python3.12/site-packages/airflow/example_dags/example_sla_dag.py
[2025-11-25T17:43:54.067+0000] {processor.py:830} INFO - Processing file /home/airflow/.local/lib/python3.12/site-packages/airflow/example_dags/example_sla_dag.py for tasks to queue
[2025-11-25T17:43:54.068+0000] {logging_mixin.py:188} INFO - [2025-11-25T17:43:54.068+0000] {dagbag.py:545} INFO - Filling up the DagBag from /home/airflow/.local/lib/python3.12/site-packages/airflow/example_dags/example_sla_dag.py
[2025-11-25T17:43:54.073+0000] {processor.py:840} INFO - DAG(s) 'example_sla_dag' retrieved from /home/airflow/.local/lib/python3.12/site-packages/airflow/example_dags/example_sla_dag.py
[2025-11-25T17:43:54.082+0000] {logging_mixin.py:188} INFO - [2025-11-25T17:43:54.082+0000] {dag.py:3096} INFO - Sync 1 DAGs
[2025-11-25T17:43:54.091+0000] {logging_mixin.py:188} INFO - [2025-11-25T17:43:54.091+0000] {dag.py:3954} INFO - Setting next_dagrun for example_sla_dag to 2025-11-25 17:40:00+00:00, run_after=2025-11-25 17:42:00+00:00
[2025-11-25T17:43:54.097+0000] {processor.py:183} INFO - Processing /home/airflow/.local/lib/python3.12/site-packages/airflow/example_dags/example_sla_dag.py took 0.033 seconds
[2025-11-25T17:44:24.714+0000] {processor.py:161} INFO - Started process (PID=15582) to work on /home/airflow/.local/lib/python3.12/site-packages/airflow/example_dags/example_sla_dag.py
[2025-11-25T17:44:24.716+0000] {processor.py:830} INFO - Processing file /home/airflow/.local/lib/python3.12/site-packages/airflow/example_dags/example_sla_dag.py for tasks to queue
[2025-11-25T17:44:24.717+0000] {logging_mixin.py:188} INFO - [2025-11-25T17:44:24.717+0000] {dagbag.py:545} INFO - Filling up the DagBag from /home/airflow/.local/lib/python3.12/site-packages/airflow/example_dags/example_sla_dag.py
[2025-11-25T17:44:24.722+0000] {processor.py:840} INFO - DAG(s) 'example_sla_dag' retrieved from /home/airflow/.local/lib/python3.12/site-packages/airflow/example_dags/example_sla_dag.py
[2025-11-25T17:44:24.730+0000] {logging_mixin.py:188} INFO - [2025-11-25T17:44:24.730+0000] {dag.py:3096} INFO - Sync 1 DAGs
[2025-11-25T17:44:24.739+0000] {logging_mixin.py:188} INFO - [2025-11-25T17:44:24.739+0000] {dag.py:3954} INFO - Setting next_dagrun for example_sla_dag to 2025-11-25 17:42:00+00:00, run_after=2025-11-25 17:44:00+00:00
[2025-11-25T17:44:24.745+0000] {processor.py:183} INFO - Processing /home/airflow/.local/lib/python3.12/site-packages/airflow/example_dags/example_sla_dag.py took 0.034 seconds
[2025-11-25T17:44:55.255+0000] {processor.py:161} INFO - Started process (PID=15640) to work on /home/airflow/.local/lib/python3.12/site-packages/airflow/example_dags/example_sla_dag.py
[2025-11-25T17:44:55.256+0000] {processor.py:830} INFO - Processing file /home/airflow/.local/lib/python3.12/site-packages/airflow/example_dags/example_sla_dag.py for tasks to queue
[2025-11-25T17:44:55.257+0000] {logging_mixin.py:188} INFO - [2025-11-25T17:44:55.256+0000] {dagbag.py:545} INFO - Filling up the DagBag from /home/airflow/.local/lib/python3.12/site-packages/airflow/example_dags/example_sla_dag.py
[2025-11-25T17:44:55.260+0000] {processor.py:840} INFO - DAG(s) 'example_sla_dag' retrieved from /home/airflow/.local/lib/python3.12/site-packages/airflow/example_dags/example_sla_dag.py
[2025-11-25T17:44:55.270+0000] {logging_mixin.py:188} INFO - [2025-11-25T17:44:55.269+0000] {dag.py:3096} INFO - Sync 1 DAGs
[2025-11-25T17:44:55.282+0000] {logging_mixin.py:188} INFO - [2025-11-25T17:44:55.282+0000] {dag.py:3954} INFO - Setting next_dagrun for example_sla_dag to 2025-11-25 17:42:00+00:00, run_after=2025-11-25 17:44:00+00:00
[2025-11-25T17:44:55.289+0000] {processor.py:183} INFO - Processing /home/airflow/.local/lib/python3.12/site-packages/airflow/example_dags/example_sla_dag.py took 0.036 seconds
[2025-11-25T17:45:25.950+0000] {processor.py:161} INFO - Started process (PID=15698) to work on /home/airflow/.local/lib/python3.12/site-packages/airflow/example_dags/example_sla_dag.py
[2025-11-25T17:45:25.951+0000] {processor.py:830} INFO - Processing file /home/airflow/.local/lib/python3.12/site-packages/airflow/example_dags/example_sla_dag.py for tasks to queue
[2025-11-25T17:45:25.952+0000] {logging_mixin.py:188} INFO - [2025-11-25T17:45:25.952+0000] {dagbag.py:545} INFO - Filling up the DagBag from /home/airflow/.local/lib/python3.12/site-packages/airflow/example_dags/example_sla_dag.py
[2025-11-25T17:45:25.957+0000] {processor.py:840} INFO - DAG(s) 'example_sla_dag' retrieved from /home/airflow/.local/lib/python3.12/site-packages/airflow/example_dags/example_sla_dag.py
[2025-11-25T17:45:25.967+0000] {logging_mixin.py:188} INFO - [2025-11-25T17:45:25.967+0000] {dag.py:3096} INFO - Sync 1 DAGs
[2025-11-25T17:45:25.975+0000] {logging_mixin.py:188} INFO - [2025-11-25T17:45:25.975+0000] {dag.py:3954} INFO - Setting next_dagrun for example_sla_dag to 2025-11-25 17:42:00+00:00, run_after=2025-11-25 17:44:00+00:00
[2025-11-25T17:45:25.985+0000] {processor.py:183} INFO - Processing /home/airflow/.local/lib/python3.12/site-packages/airflow/example_dags/example_sla_dag.py took 0.038 seconds
[2025-11-25T17:45:56.472+0000] {processor.py:161} INFO - Started process (PID=15756) to work on /home/airflow/.local/lib/python3.12/site-packages/airflow/example_dags/example_sla_dag.py
[2025-11-25T17:45:56.472+0000] {processor.py:830} INFO - Processing file /home/airflow/.local/lib/python3.12/site-packages/airflow/example_dags/example_sla_dag.py for tasks to queue
[2025-11-25T17:45:56.473+0000] {logging_mixin.py:188} INFO - [2025-11-25T17:45:56.473+0000] {dagbag.py:545} INFO - Filling up the DagBag from /home/airflow/.local/lib/python3.12/site-packages/airflow/example_dags/example_sla_dag.py
[2025-11-25T17:45:56.477+0000] {processor.py:840} INFO - DAG(s) 'example_sla_dag' retrieved from /home/airflow/.local/lib/python3.12/site-packages/airflow/example_dags/example_sla_dag.py
[2025-11-25T17:45:56.485+0000] {logging_mixin.py:188} INFO - [2025-11-25T17:45:56.484+0000] {dag.py:3096} INFO - Sync 1 DAGs
[2025-11-25T17:45:56.493+0000] {logging_mixin.py:188} INFO - [2025-11-25T17:45:56.493+0000] {dag.py:3954} INFO - Setting next_dagrun for example_sla_dag to 2025-11-25 17:42:00+00:00, run_after=2025-11-25 17:44:00+00:00
[2025-11-25T17:45:56.499+0000] {processor.py:183} INFO - Processing /home/airflow/.local/lib/python3.12/site-packages/airflow/example_dags/example_sla_dag.py took 0.030 seconds
[2025-11-25T17:46:26.939+0000] {processor.py:161} INFO - Started process (PID=15814) to work on /home/airflow/.local/lib/python3.12/site-packages/airflow/example_dags/example_sla_dag.py
[2025-11-25T17:46:26.940+0000] {processor.py:830} INFO - Processing file /home/airflow/.local/lib/python3.12/site-packages/airflow/example_dags/example_sla_dag.py for tasks to queue
[2025-11-25T17:46:26.941+0000] {logging_mixin.py:188} INFO - [2025-11-25T17:46:26.940+0000] {dagbag.py:545} INFO - Filling up the DagBag from /home/airflow/.local/lib/python3.12/site-packages/airflow/example_dags/example_sla_dag.py
[2025-11-25T17:46:26.944+0000] {processor.py:840} INFO - DAG(s) 'example_sla_dag' retrieved from /home/airflow/.local/lib/python3.12/site-packages/airflow/example_dags/example_sla_dag.py
[2025-11-25T17:46:26.954+0000] {logging_mixin.py:188} INFO - [2025-11-25T17:46:26.954+0000] {dag.py:3096} INFO - Sync 1 DAGs
[2025-11-25T17:46:26.963+0000] {logging_mixin.py:188} INFO - [2025-11-25T17:46:26.963+0000] {dag.py:3954} INFO - Setting next_dagrun for example_sla_dag to 2025-11-25 17:44:00+00:00, run_after=2025-11-25 17:46:00+00:00
[2025-11-25T17:46:26.968+0000] {processor.py:183} INFO - Processing /home/airflow/.local/lib/python3.12/site-packages/airflow/example_dags/example_sla_dag.py took 0.031 seconds
[2025-11-25T17:46:57.651+0000] {processor.py:161} INFO - Started process (PID=15872) to work on /home/airflow/.local/lib/python3.12/site-packages/airflow/example_dags/example_sla_dag.py
[2025-11-25T17:46:57.651+0000] {processor.py:830} INFO - Processing file /home/airflow/.local/lib/python3.12/site-packages/airflow/example_dags/example_sla_dag.py for tasks to queue
[2025-11-25T17:46:57.652+0000] {logging_mixin.py:188} INFO - [2025-11-25T17:46:57.652+0000] {dagbag.py:545} INFO - Filling up the DagBag from /home/airflow/.local/lib/python3.12/site-packages/airflow/example_dags/example_sla_dag.py
[2025-11-25T17:46:57.655+0000] {processor.py:840} INFO - DAG(s) 'example_sla_dag' retrieved from /home/airflow/.local/lib/python3.12/site-packages/airflow/example_dags/example_sla_dag.py
[2025-11-25T17:46:57.664+0000] {logging_mixin.py:188} INFO - [2025-11-25T17:46:57.664+0000] {dag.py:3096} INFO - Sync 1 DAGs
[2025-11-25T17:46:57.676+0000] {logging_mixin.py:188} INFO - [2025-11-25T17:46:57.675+0000] {dag.py:3954} INFO - Setting next_dagrun for example_sla_dag to 2025-11-25 17:44:00+00:00, run_after=2025-11-25 17:46:00+00:00
[2025-11-25T17:46:57.684+0000] {processor.py:183} INFO - Processing /home/airflow/.local/lib/python3.12/site-packages/airflow/example_dags/example_sla_dag.py took 0.036 seconds
