[2025-11-25T01:47:04.978+0000] {processor.py:161} INFO - Started process (PID=65) to work on /home/airflow/.local/lib/python3.12/site-packages/airflow/example_dags/example_short_circuit_operator.py
[2025-11-25T01:47:04.981+0000] {processor.py:830} INFO - Processing file /home/airflow/.local/lib/python3.12/site-packages/airflow/example_dags/example_short_circuit_operator.py for tasks to queue
[2025-11-25T01:47:04.985+0000] {logging_mixin.py:188} INFO - [2025-11-25T01:47:04.985+0000] {dagbag.py:545} INFO - Filling up the DagBag from /home/airflow/.local/lib/python3.12/site-packages/airflow/example_dags/example_short_circuit_operator.py
[2025-11-25T01:47:05.007+0000] {processor.py:840} INFO - DAG(s) 'example_short_circuit_operator' retrieved from /home/airflow/.local/lib/python3.12/site-packages/airflow/example_dags/example_short_circuit_operator.py
[2025-11-25T01:47:05.043+0000] {logging_mixin.py:188} INFO - [2025-11-25T01:47:05.042+0000] {dag.py:3096} INFO - Sync 1 DAGs
[2025-11-25T01:47:05.067+0000] {logging_mixin.py:188} INFO - [2025-11-25T01:47:05.067+0000] {dag.py:3954} INFO - Setting next_dagrun for example_short_circuit_operator to 2025-11-24 00:00:00+00:00, run_after=2025-11-25 00:00:00+00:00
[2025-11-25T01:47:05.092+0000] {processor.py:183} INFO - Processing /home/airflow/.local/lib/python3.12/site-packages/airflow/example_dags/example_short_circuit_operator.py took 0.143 seconds
[2025-11-25T01:47:44.335+0000] {processor.py:161} INFO - Started process (PID=117) to work on /home/airflow/.local/lib/python3.12/site-packages/airflow/example_dags/example_short_circuit_operator.py
[2025-11-25T01:47:44.335+0000] {processor.py:830} INFO - Processing file /home/airflow/.local/lib/python3.12/site-packages/airflow/example_dags/example_short_circuit_operator.py for tasks to queue
[2025-11-25T01:47:44.336+0000] {logging_mixin.py:188} INFO - [2025-11-25T01:47:44.336+0000] {dagbag.py:545} INFO - Filling up the DagBag from /home/airflow/.local/lib/python3.12/site-packages/airflow/example_dags/example_short_circuit_operator.py
[2025-11-25T01:47:44.339+0000] {processor.py:840} INFO - DAG(s) 'example_short_circuit_operator' retrieved from /home/airflow/.local/lib/python3.12/site-packages/airflow/example_dags/example_short_circuit_operator.py
[2025-11-25T01:47:44.350+0000] {logging_mixin.py:188} INFO - [2025-11-25T01:47:44.349+0000] {dag.py:3096} INFO - Sync 1 DAGs
[2025-11-25T01:47:44.361+0000] {logging_mixin.py:188} INFO - [2025-11-25T01:47:44.361+0000] {dag.py:3954} INFO - Setting next_dagrun for example_short_circuit_operator to 2025-11-24 00:00:00+00:00, run_after=2025-11-25 00:00:00+00:00
[2025-11-25T01:47:44.373+0000] {processor.py:183} INFO - Processing /home/airflow/.local/lib/python3.12/site-packages/airflow/example_dags/example_short_circuit_operator.py took 0.040 seconds
[2025-11-25T02:00:39.894+0000] {processor.py:161} INFO - Started process (PID=175) to work on /home/airflow/.local/lib/python3.12/site-packages/airflow/example_dags/example_short_circuit_operator.py
[2025-11-25T02:00:39.894+0000] {processor.py:830} INFO - Processing file /home/airflow/.local/lib/python3.12/site-packages/airflow/example_dags/example_short_circuit_operator.py for tasks to queue
[2025-11-25T02:00:39.895+0000] {logging_mixin.py:188} INFO - [2025-11-25T02:00:39.895+0000] {dagbag.py:545} INFO - Filling up the DagBag from /home/airflow/.local/lib/python3.12/site-packages/airflow/example_dags/example_short_circuit_operator.py
[2025-11-25T02:00:39.898+0000] {processor.py:840} INFO - DAG(s) 'example_short_circuit_operator' retrieved from /home/airflow/.local/lib/python3.12/site-packages/airflow/example_dags/example_short_circuit_operator.py
[2025-11-25T02:00:39.915+0000] {logging_mixin.py:188} INFO - [2025-11-25T02:00:39.915+0000] {dag.py:3096} INFO - Sync 1 DAGs
[2025-11-25T02:00:39.925+0000] {logging_mixin.py:188} INFO - [2025-11-25T02:00:39.925+0000] {dag.py:3954} INFO - Setting next_dagrun for example_short_circuit_operator to 2025-11-24 00:00:00+00:00, run_after=2025-11-25 00:00:00+00:00
[2025-11-25T02:00:39.936+0000] {processor.py:183} INFO - Processing /home/airflow/.local/lib/python3.12/site-packages/airflow/example_dags/example_short_circuit_operator.py took 0.044 seconds
[2025-11-25T02:39:46.832+0000] {processor.py:161} INFO - Started process (PID=233) to work on /home/airflow/.local/lib/python3.12/site-packages/airflow/example_dags/example_short_circuit_operator.py
[2025-11-25T02:39:46.833+0000] {processor.py:830} INFO - Processing file /home/airflow/.local/lib/python3.12/site-packages/airflow/example_dags/example_short_circuit_operator.py for tasks to queue
[2025-11-25T02:39:46.834+0000] {logging_mixin.py:188} INFO - [2025-11-25T02:39:46.834+0000] {dagbag.py:545} INFO - Filling up the DagBag from /home/airflow/.local/lib/python3.12/site-packages/airflow/example_dags/example_short_circuit_operator.py
[2025-11-25T02:39:46.837+0000] {processor.py:840} INFO - DAG(s) 'example_short_circuit_operator' retrieved from /home/airflow/.local/lib/python3.12/site-packages/airflow/example_dags/example_short_circuit_operator.py
[2025-11-25T02:39:46.846+0000] {logging_mixin.py:188} INFO - [2025-11-25T02:39:46.846+0000] {dag.py:3096} INFO - Sync 1 DAGs
[2025-11-25T02:39:46.856+0000] {logging_mixin.py:188} INFO - [2025-11-25T02:39:46.856+0000] {dag.py:3954} INFO - Setting next_dagrun for example_short_circuit_operator to 2025-11-24 00:00:00+00:00, run_after=2025-11-25 00:00:00+00:00
[2025-11-25T02:39:46.862+0000] {processor.py:183} INFO - Processing /home/airflow/.local/lib/python3.12/site-packages/airflow/example_dags/example_short_circuit_operator.py took 0.032 seconds
[2025-11-25T02:46:11.222+0000] {processor.py:161} INFO - Started process (PID=291) to work on /home/airflow/.local/lib/python3.12/site-packages/airflow/example_dags/example_short_circuit_operator.py
[2025-11-25T02:46:11.224+0000] {processor.py:830} INFO - Processing file /home/airflow/.local/lib/python3.12/site-packages/airflow/example_dags/example_short_circuit_operator.py for tasks to queue
[2025-11-25T02:46:11.225+0000] {logging_mixin.py:188} INFO - [2025-11-25T02:46:11.225+0000] {dagbag.py:545} INFO - Filling up the DagBag from /home/airflow/.local/lib/python3.12/site-packages/airflow/example_dags/example_short_circuit_operator.py
[2025-11-25T02:46:11.229+0000] {processor.py:840} INFO - DAG(s) 'example_short_circuit_operator' retrieved from /home/airflow/.local/lib/python3.12/site-packages/airflow/example_dags/example_short_circuit_operator.py
[2025-11-25T02:46:11.244+0000] {logging_mixin.py:188} INFO - [2025-11-25T02:46:11.244+0000] {dag.py:3096} INFO - Sync 1 DAGs
[2025-11-25T02:46:11.254+0000] {logging_mixin.py:188} INFO - [2025-11-25T02:46:11.254+0000] {dag.py:3954} INFO - Setting next_dagrun for example_short_circuit_operator to 2025-11-24 00:00:00+00:00, run_after=2025-11-25 00:00:00+00:00
[2025-11-25T02:46:11.264+0000] {processor.py:183} INFO - Processing /home/airflow/.local/lib/python3.12/site-packages/airflow/example_dags/example_short_circuit_operator.py took 0.044 seconds
[2025-11-25T02:46:41.940+0000] {processor.py:161} INFO - Started process (PID=349) to work on /home/airflow/.local/lib/python3.12/site-packages/airflow/example_dags/example_short_circuit_operator.py
[2025-11-25T02:46:41.940+0000] {processor.py:830} INFO - Processing file /home/airflow/.local/lib/python3.12/site-packages/airflow/example_dags/example_short_circuit_operator.py for tasks to queue
[2025-11-25T02:46:41.941+0000] {logging_mixin.py:188} INFO - [2025-11-25T02:46:41.941+0000] {dagbag.py:545} INFO - Filling up the DagBag from /home/airflow/.local/lib/python3.12/site-packages/airflow/example_dags/example_short_circuit_operator.py
[2025-11-25T02:46:41.946+0000] {processor.py:840} INFO - DAG(s) 'example_short_circuit_operator' retrieved from /home/airflow/.local/lib/python3.12/site-packages/airflow/example_dags/example_short_circuit_operator.py
[2025-11-25T02:46:41.957+0000] {logging_mixin.py:188} INFO - [2025-11-25T02:46:41.956+0000] {dag.py:3096} INFO - Sync 1 DAGs
[2025-11-25T02:46:41.964+0000] {logging_mixin.py:188} INFO - [2025-11-25T02:46:41.964+0000] {dag.py:3954} INFO - Setting next_dagrun for example_short_circuit_operator to 2025-11-24 00:00:00+00:00, run_after=2025-11-25 00:00:00+00:00
[2025-11-25T02:46:41.973+0000] {processor.py:183} INFO - Processing /home/airflow/.local/lib/python3.12/site-packages/airflow/example_dags/example_short_circuit_operator.py took 0.036 seconds
[2025-11-25T02:47:12.571+0000] {processor.py:161} INFO - Started process (PID=407) to work on /home/airflow/.local/lib/python3.12/site-packages/airflow/example_dags/example_short_circuit_operator.py
[2025-11-25T02:47:12.573+0000] {processor.py:830} INFO - Processing file /home/airflow/.local/lib/python3.12/site-packages/airflow/example_dags/example_short_circuit_operator.py for tasks to queue
[2025-11-25T02:47:12.578+0000] {logging_mixin.py:188} INFO - [2025-11-25T02:47:12.577+0000] {dagbag.py:545} INFO - Filling up the DagBag from /home/airflow/.local/lib/python3.12/site-packages/airflow/example_dags/example_short_circuit_operator.py
[2025-11-25T02:47:12.583+0000] {processor.py:840} INFO - DAG(s) 'example_short_circuit_operator' retrieved from /home/airflow/.local/lib/python3.12/site-packages/airflow/example_dags/example_short_circuit_operator.py
[2025-11-25T02:47:12.594+0000] {logging_mixin.py:188} INFO - [2025-11-25T02:47:12.594+0000] {dag.py:3096} INFO - Sync 1 DAGs
[2025-11-25T02:47:12.608+0000] {logging_mixin.py:188} INFO - [2025-11-25T02:47:12.607+0000] {dag.py:3954} INFO - Setting next_dagrun for example_short_circuit_operator to 2025-11-24 00:00:00+00:00, run_after=2025-11-25 00:00:00+00:00
[2025-11-25T02:47:12.619+0000] {processor.py:183} INFO - Processing /home/airflow/.local/lib/python3.12/site-packages/airflow/example_dags/example_short_circuit_operator.py took 0.055 seconds
[2025-11-25T02:47:43.147+0000] {processor.py:161} INFO - Started process (PID=465) to work on /home/airflow/.local/lib/python3.12/site-packages/airflow/example_dags/example_short_circuit_operator.py
[2025-11-25T02:47:43.148+0000] {processor.py:830} INFO - Processing file /home/airflow/.local/lib/python3.12/site-packages/airflow/example_dags/example_short_circuit_operator.py for tasks to queue
[2025-11-25T02:47:43.149+0000] {logging_mixin.py:188} INFO - [2025-11-25T02:47:43.149+0000] {dagbag.py:545} INFO - Filling up the DagBag from /home/airflow/.local/lib/python3.12/site-packages/airflow/example_dags/example_short_circuit_operator.py
[2025-11-25T02:47:43.152+0000] {processor.py:840} INFO - DAG(s) 'example_short_circuit_operator' retrieved from /home/airflow/.local/lib/python3.12/site-packages/airflow/example_dags/example_short_circuit_operator.py
[2025-11-25T02:47:43.160+0000] {logging_mixin.py:188} INFO - [2025-11-25T02:47:43.160+0000] {dag.py:3096} INFO - Sync 1 DAGs
[2025-11-25T02:47:43.168+0000] {logging_mixin.py:188} INFO - [2025-11-25T02:47:43.168+0000] {dag.py:3954} INFO - Setting next_dagrun for example_short_circuit_operator to 2025-11-24 00:00:00+00:00, run_after=2025-11-25 00:00:00+00:00
[2025-11-25T02:47:43.176+0000] {processor.py:183} INFO - Processing /home/airflow/.local/lib/python3.12/site-packages/airflow/example_dags/example_short_circuit_operator.py took 0.031 seconds
[2025-11-25T02:49:25.542+0000] {processor.py:161} INFO - Started process (PID=523) to work on /home/airflow/.local/lib/python3.12/site-packages/airflow/example_dags/example_short_circuit_operator.py
[2025-11-25T02:49:25.543+0000] {processor.py:830} INFO - Processing file /home/airflow/.local/lib/python3.12/site-packages/airflow/example_dags/example_short_circuit_operator.py for tasks to queue
[2025-11-25T02:49:25.544+0000] {logging_mixin.py:188} INFO - [2025-11-25T02:49:25.544+0000] {dagbag.py:545} INFO - Filling up the DagBag from /home/airflow/.local/lib/python3.12/site-packages/airflow/example_dags/example_short_circuit_operator.py
[2025-11-25T02:49:25.548+0000] {processor.py:840} INFO - DAG(s) 'example_short_circuit_operator' retrieved from /home/airflow/.local/lib/python3.12/site-packages/airflow/example_dags/example_short_circuit_operator.py
[2025-11-25T02:49:25.559+0000] {logging_mixin.py:188} INFO - [2025-11-25T02:49:25.559+0000] {dag.py:3096} INFO - Sync 1 DAGs
[2025-11-25T02:49:25.569+0000] {logging_mixin.py:188} INFO - [2025-11-25T02:49:25.569+0000] {dag.py:3954} INFO - Setting next_dagrun for example_short_circuit_operator to 2025-11-24 00:00:00+00:00, run_after=2025-11-25 00:00:00+00:00
[2025-11-25T02:49:25.580+0000] {processor.py:183} INFO - Processing /home/airflow/.local/lib/python3.12/site-packages/airflow/example_dags/example_short_circuit_operator.py took 0.042 seconds
[2025-11-25T02:49:55.679+0000] {processor.py:161} INFO - Started process (PID=581) to work on /home/airflow/.local/lib/python3.12/site-packages/airflow/example_dags/example_short_circuit_operator.py
[2025-11-25T02:49:55.679+0000] {processor.py:830} INFO - Processing file /home/airflow/.local/lib/python3.12/site-packages/airflow/example_dags/example_short_circuit_operator.py for tasks to queue
[2025-11-25T02:49:55.680+0000] {logging_mixin.py:188} INFO - [2025-11-25T02:49:55.680+0000] {dagbag.py:545} INFO - Filling up the DagBag from /home/airflow/.local/lib/python3.12/site-packages/airflow/example_dags/example_short_circuit_operator.py
[2025-11-25T02:49:55.682+0000] {processor.py:840} INFO - DAG(s) 'example_short_circuit_operator' retrieved from /home/airflow/.local/lib/python3.12/site-packages/airflow/example_dags/example_short_circuit_operator.py
[2025-11-25T02:49:55.690+0000] {logging_mixin.py:188} INFO - [2025-11-25T02:49:55.690+0000] {dag.py:3096} INFO - Sync 1 DAGs
[2025-11-25T02:49:55.697+0000] {logging_mixin.py:188} INFO - [2025-11-25T02:49:55.697+0000] {dag.py:3954} INFO - Setting next_dagrun for example_short_circuit_operator to 2025-11-24 00:00:00+00:00, run_after=2025-11-25 00:00:00+00:00
[2025-11-25T02:49:55.702+0000] {processor.py:183} INFO - Processing /home/airflow/.local/lib/python3.12/site-packages/airflow/example_dags/example_short_circuit_operator.py took 0.026 seconds
[2025-11-25T02:50:26.279+0000] {processor.py:161} INFO - Started process (PID=639) to work on /home/airflow/.local/lib/python3.12/site-packages/airflow/example_dags/example_short_circuit_operator.py
[2025-11-25T02:50:26.281+0000] {processor.py:830} INFO - Processing file /home/airflow/.local/lib/python3.12/site-packages/airflow/example_dags/example_short_circuit_operator.py for tasks to queue
[2025-11-25T02:50:26.282+0000] {logging_mixin.py:188} INFO - [2025-11-25T02:50:26.282+0000] {dagbag.py:545} INFO - Filling up the DagBag from /home/airflow/.local/lib/python3.12/site-packages/airflow/example_dags/example_short_circuit_operator.py
[2025-11-25T02:50:26.285+0000] {processor.py:840} INFO - DAG(s) 'example_short_circuit_operator' retrieved from /home/airflow/.local/lib/python3.12/site-packages/airflow/example_dags/example_short_circuit_operator.py
[2025-11-25T02:50:26.297+0000] {logging_mixin.py:188} INFO - [2025-11-25T02:50:26.297+0000] {dag.py:3096} INFO - Sync 1 DAGs
[2025-11-25T02:50:26.305+0000] {logging_mixin.py:188} INFO - [2025-11-25T02:50:26.305+0000] {dag.py:3954} INFO - Setting next_dagrun for example_short_circuit_operator to 2025-11-24 00:00:00+00:00, run_after=2025-11-25 00:00:00+00:00
[2025-11-25T02:50:26.312+0000] {processor.py:183} INFO - Processing /home/airflow/.local/lib/python3.12/site-packages/airflow/example_dags/example_short_circuit_operator.py took 0.035 seconds
[2025-11-25T02:55:36.187+0000] {processor.py:161} INFO - Started process (PID=697) to work on /home/airflow/.local/lib/python3.12/site-packages/airflow/example_dags/example_short_circuit_operator.py
[2025-11-25T02:55:36.188+0000] {processor.py:830} INFO - Processing file /home/airflow/.local/lib/python3.12/site-packages/airflow/example_dags/example_short_circuit_operator.py for tasks to queue
[2025-11-25T02:55:36.189+0000] {logging_mixin.py:188} INFO - [2025-11-25T02:55:36.189+0000] {dagbag.py:545} INFO - Filling up the DagBag from /home/airflow/.local/lib/python3.12/site-packages/airflow/example_dags/example_short_circuit_operator.py
[2025-11-25T02:55:36.192+0000] {processor.py:840} INFO - DAG(s) 'example_short_circuit_operator' retrieved from /home/airflow/.local/lib/python3.12/site-packages/airflow/example_dags/example_short_circuit_operator.py
[2025-11-25T02:55:36.202+0000] {logging_mixin.py:188} INFO - [2025-11-25T02:55:36.202+0000] {dag.py:3096} INFO - Sync 1 DAGs
[2025-11-25T02:55:36.209+0000] {logging_mixin.py:188} INFO - [2025-11-25T02:55:36.209+0000] {dag.py:3954} INFO - Setting next_dagrun for example_short_circuit_operator to 2025-11-24 00:00:00+00:00, run_after=2025-11-25 00:00:00+00:00
[2025-11-25T02:55:36.216+0000] {processor.py:183} INFO - Processing /home/airflow/.local/lib/python3.12/site-packages/airflow/example_dags/example_short_circuit_operator.py took 0.031 seconds
[2025-11-25T02:57:19.009+0000] {processor.py:161} INFO - Started process (PID=755) to work on /home/airflow/.local/lib/python3.12/site-packages/airflow/example_dags/example_short_circuit_operator.py
[2025-11-25T02:57:19.010+0000] {processor.py:830} INFO - Processing file /home/airflow/.local/lib/python3.12/site-packages/airflow/example_dags/example_short_circuit_operator.py for tasks to queue
[2025-11-25T02:57:19.011+0000] {logging_mixin.py:188} INFO - [2025-11-25T02:57:19.011+0000] {dagbag.py:545} INFO - Filling up the DagBag from /home/airflow/.local/lib/python3.12/site-packages/airflow/example_dags/example_short_circuit_operator.py
[2025-11-25T02:57:19.014+0000] {processor.py:840} INFO - DAG(s) 'example_short_circuit_operator' retrieved from /home/airflow/.local/lib/python3.12/site-packages/airflow/example_dags/example_short_circuit_operator.py
[2025-11-25T02:57:19.024+0000] {logging_mixin.py:188} INFO - [2025-11-25T02:57:19.024+0000] {dag.py:3096} INFO - Sync 1 DAGs
[2025-11-25T02:57:19.031+0000] {logging_mixin.py:188} INFO - [2025-11-25T02:57:19.031+0000] {dag.py:3954} INFO - Setting next_dagrun for example_short_circuit_operator to 2025-11-24 00:00:00+00:00, run_after=2025-11-25 00:00:00+00:00
[2025-11-25T02:57:19.041+0000] {processor.py:183} INFO - Processing /home/airflow/.local/lib/python3.12/site-packages/airflow/example_dags/example_short_circuit_operator.py took 0.034 seconds
[2025-11-25T02:58:09.710+0000] {processor.py:161} INFO - Started process (PID=813) to work on /home/airflow/.local/lib/python3.12/site-packages/airflow/example_dags/example_short_circuit_operator.py
[2025-11-25T02:58:09.711+0000] {processor.py:830} INFO - Processing file /home/airflow/.local/lib/python3.12/site-packages/airflow/example_dags/example_short_circuit_operator.py for tasks to queue
[2025-11-25T02:58:09.712+0000] {logging_mixin.py:188} INFO - [2025-11-25T02:58:09.712+0000] {dagbag.py:545} INFO - Filling up the DagBag from /home/airflow/.local/lib/python3.12/site-packages/airflow/example_dags/example_short_circuit_operator.py
[2025-11-25T02:58:09.715+0000] {processor.py:840} INFO - DAG(s) 'example_short_circuit_operator' retrieved from /home/airflow/.local/lib/python3.12/site-packages/airflow/example_dags/example_short_circuit_operator.py
[2025-11-25T02:58:09.724+0000] {logging_mixin.py:188} INFO - [2025-11-25T02:58:09.723+0000] {dag.py:3096} INFO - Sync 1 DAGs
[2025-11-25T02:58:09.731+0000] {logging_mixin.py:188} INFO - [2025-11-25T02:58:09.731+0000] {dag.py:3954} INFO - Setting next_dagrun for example_short_circuit_operator to 2025-11-24 00:00:00+00:00, run_after=2025-11-25 00:00:00+00:00
[2025-11-25T02:58:09.742+0000] {processor.py:183} INFO - Processing /home/airflow/.local/lib/python3.12/site-packages/airflow/example_dags/example_short_circuit_operator.py took 0.035 seconds
[2025-11-25T02:59:17.746+0000] {processor.py:161} INFO - Started process (PID=871) to work on /home/airflow/.local/lib/python3.12/site-packages/airflow/example_dags/example_short_circuit_operator.py
[2025-11-25T02:59:17.747+0000] {processor.py:830} INFO - Processing file /home/airflow/.local/lib/python3.12/site-packages/airflow/example_dags/example_short_circuit_operator.py for tasks to queue
[2025-11-25T02:59:17.748+0000] {logging_mixin.py:188} INFO - [2025-11-25T02:59:17.748+0000] {dagbag.py:545} INFO - Filling up the DagBag from /home/airflow/.local/lib/python3.12/site-packages/airflow/example_dags/example_short_circuit_operator.py
[2025-11-25T02:59:17.751+0000] {processor.py:840} INFO - DAG(s) 'example_short_circuit_operator' retrieved from /home/airflow/.local/lib/python3.12/site-packages/airflow/example_dags/example_short_circuit_operator.py
[2025-11-25T02:59:17.772+0000] {logging_mixin.py:188} INFO - [2025-11-25T02:59:17.772+0000] {dag.py:3096} INFO - Sync 1 DAGs
[2025-11-25T02:59:17.780+0000] {logging_mixin.py:188} INFO - [2025-11-25T02:59:17.780+0000] {dag.py:3954} INFO - Setting next_dagrun for example_short_circuit_operator to 2025-11-24 00:00:00+00:00, run_after=2025-11-25 00:00:00+00:00
[2025-11-25T02:59:17.789+0000] {processor.py:183} INFO - Processing /home/airflow/.local/lib/python3.12/site-packages/airflow/example_dags/example_short_circuit_operator.py took 0.045 seconds
[2025-11-25T03:42:19.730+0000] {processor.py:161} INFO - Started process (PID=929) to work on /home/airflow/.local/lib/python3.12/site-packages/airflow/example_dags/example_short_circuit_operator.py
[2025-11-25T03:42:19.733+0000] {processor.py:830} INFO - Processing file /home/airflow/.local/lib/python3.12/site-packages/airflow/example_dags/example_short_circuit_operator.py for tasks to queue
[2025-11-25T03:42:19.734+0000] {logging_mixin.py:188} INFO - [2025-11-25T03:42:19.734+0000] {dagbag.py:545} INFO - Filling up the DagBag from /home/airflow/.local/lib/python3.12/site-packages/airflow/example_dags/example_short_circuit_operator.py
[2025-11-25T03:42:19.737+0000] {processor.py:840} INFO - DAG(s) 'example_short_circuit_operator' retrieved from /home/airflow/.local/lib/python3.12/site-packages/airflow/example_dags/example_short_circuit_operator.py
[2025-11-25T03:42:19.748+0000] {logging_mixin.py:188} INFO - [2025-11-25T03:42:19.747+0000] {dag.py:3096} INFO - Sync 1 DAGs
[2025-11-25T03:42:19.756+0000] {logging_mixin.py:188} INFO - [2025-11-25T03:42:19.756+0000] {dag.py:3954} INFO - Setting next_dagrun for example_short_circuit_operator to 2025-11-24 00:00:00+00:00, run_after=2025-11-25 00:00:00+00:00
[2025-11-25T03:42:19.762+0000] {processor.py:183} INFO - Processing /home/airflow/.local/lib/python3.12/site-packages/airflow/example_dags/example_short_circuit_operator.py took 0.034 seconds
[2025-11-25T04:00:21.941+0000] {processor.py:161} INFO - Started process (PID=987) to work on /home/airflow/.local/lib/python3.12/site-packages/airflow/example_dags/example_short_circuit_operator.py
[2025-11-25T04:00:21.941+0000] {processor.py:830} INFO - Processing file /home/airflow/.local/lib/python3.12/site-packages/airflow/example_dags/example_short_circuit_operator.py for tasks to queue
[2025-11-25T04:00:21.942+0000] {logging_mixin.py:188} INFO - [2025-11-25T04:00:21.942+0000] {dagbag.py:545} INFO - Filling up the DagBag from /home/airflow/.local/lib/python3.12/site-packages/airflow/example_dags/example_short_circuit_operator.py
[2025-11-25T04:00:21.945+0000] {processor.py:840} INFO - DAG(s) 'example_short_circuit_operator' retrieved from /home/airflow/.local/lib/python3.12/site-packages/airflow/example_dags/example_short_circuit_operator.py
[2025-11-25T04:00:21.953+0000] {logging_mixin.py:188} INFO - [2025-11-25T04:00:21.953+0000] {dag.py:3096} INFO - Sync 1 DAGs
[2025-11-25T04:00:21.962+0000] {logging_mixin.py:188} INFO - [2025-11-25T04:00:21.962+0000] {dag.py:3954} INFO - Setting next_dagrun for example_short_circuit_operator to 2025-11-24 00:00:00+00:00, run_after=2025-11-25 00:00:00+00:00
[2025-11-25T04:00:21.969+0000] {processor.py:183} INFO - Processing /home/airflow/.local/lib/python3.12/site-packages/airflow/example_dags/example_short_circuit_operator.py took 0.030 seconds
[2025-11-25T04:37:51.979+0000] {processor.py:161} INFO - Started process (PID=1045) to work on /home/airflow/.local/lib/python3.12/site-packages/airflow/example_dags/example_short_circuit_operator.py
[2025-11-25T04:37:51.980+0000] {processor.py:830} INFO - Processing file /home/airflow/.local/lib/python3.12/site-packages/airflow/example_dags/example_short_circuit_operator.py for tasks to queue
[2025-11-25T04:37:51.981+0000] {logging_mixin.py:188} INFO - [2025-11-25T04:37:51.980+0000] {dagbag.py:545} INFO - Filling up the DagBag from /home/airflow/.local/lib/python3.12/site-packages/airflow/example_dags/example_short_circuit_operator.py
[2025-11-25T04:37:51.983+0000] {processor.py:840} INFO - DAG(s) 'example_short_circuit_operator' retrieved from /home/airflow/.local/lib/python3.12/site-packages/airflow/example_dags/example_short_circuit_operator.py
[2025-11-25T04:37:51.992+0000] {logging_mixin.py:188} INFO - [2025-11-25T04:37:51.991+0000] {dag.py:3096} INFO - Sync 1 DAGs
[2025-11-25T04:37:51.999+0000] {logging_mixin.py:188} INFO - [2025-11-25T04:37:51.999+0000] {dag.py:3954} INFO - Setting next_dagrun for example_short_circuit_operator to 2025-11-24 00:00:00+00:00, run_after=2025-11-25 00:00:00+00:00
[2025-11-25T04:37:52.008+0000] {processor.py:183} INFO - Processing /home/airflow/.local/lib/python3.12/site-packages/airflow/example_dags/example_short_circuit_operator.py took 0.031 seconds
[2025-11-25T04:51:31.670+0000] {processor.py:161} INFO - Started process (PID=1103) to work on /home/airflow/.local/lib/python3.12/site-packages/airflow/example_dags/example_short_circuit_operator.py
[2025-11-25T04:51:31.670+0000] {processor.py:830} INFO - Processing file /home/airflow/.local/lib/python3.12/site-packages/airflow/example_dags/example_short_circuit_operator.py for tasks to queue
[2025-11-25T04:51:31.671+0000] {logging_mixin.py:188} INFO - [2025-11-25T04:51:31.671+0000] {dagbag.py:545} INFO - Filling up the DagBag from /home/airflow/.local/lib/python3.12/site-packages/airflow/example_dags/example_short_circuit_operator.py
[2025-11-25T04:51:31.674+0000] {processor.py:840} INFO - DAG(s) 'example_short_circuit_operator' retrieved from /home/airflow/.local/lib/python3.12/site-packages/airflow/example_dags/example_short_circuit_operator.py
[2025-11-25T04:51:31.683+0000] {logging_mixin.py:188} INFO - [2025-11-25T04:51:31.683+0000] {dag.py:3096} INFO - Sync 1 DAGs
[2025-11-25T04:51:31.691+0000] {logging_mixin.py:188} INFO - [2025-11-25T04:51:31.691+0000] {dag.py:3954} INFO - Setting next_dagrun for example_short_circuit_operator to 2025-11-24 00:00:00+00:00, run_after=2025-11-25 00:00:00+00:00
[2025-11-25T04:51:31.699+0000] {processor.py:183} INFO - Processing /home/airflow/.local/lib/python3.12/site-packages/airflow/example_dags/example_short_circuit_operator.py took 0.032 seconds
[2025-11-25T05:12:36.648+0000] {processor.py:161} INFO - Started process (PID=1161) to work on /home/airflow/.local/lib/python3.12/site-packages/airflow/example_dags/example_short_circuit_operator.py
[2025-11-25T05:12:36.649+0000] {processor.py:830} INFO - Processing file /home/airflow/.local/lib/python3.12/site-packages/airflow/example_dags/example_short_circuit_operator.py for tasks to queue
[2025-11-25T05:12:36.651+0000] {logging_mixin.py:188} INFO - [2025-11-25T05:12:36.651+0000] {dagbag.py:545} INFO - Filling up the DagBag from /home/airflow/.local/lib/python3.12/site-packages/airflow/example_dags/example_short_circuit_operator.py
[2025-11-25T05:12:36.653+0000] {processor.py:840} INFO - DAG(s) 'example_short_circuit_operator' retrieved from /home/airflow/.local/lib/python3.12/site-packages/airflow/example_dags/example_short_circuit_operator.py
[2025-11-25T05:12:36.665+0000] {logging_mixin.py:188} INFO - [2025-11-25T05:12:36.665+0000] {dag.py:3096} INFO - Sync 1 DAGs
[2025-11-25T05:12:36.673+0000] {logging_mixin.py:188} INFO - [2025-11-25T05:12:36.673+0000] {dag.py:3954} INFO - Setting next_dagrun for example_short_circuit_operator to 2025-11-24 00:00:00+00:00, run_after=2025-11-25 00:00:00+00:00
[2025-11-25T05:12:36.679+0000] {processor.py:183} INFO - Processing /home/airflow/.local/lib/python3.12/site-packages/airflow/example_dags/example_short_circuit_operator.py took 0.033 seconds
[2025-11-25T05:17:24.009+0000] {processor.py:161} INFO - Started process (PID=1219) to work on /home/airflow/.local/lib/python3.12/site-packages/airflow/example_dags/example_short_circuit_operator.py
[2025-11-25T05:17:24.009+0000] {processor.py:830} INFO - Processing file /home/airflow/.local/lib/python3.12/site-packages/airflow/example_dags/example_short_circuit_operator.py for tasks to queue
[2025-11-25T05:17:24.011+0000] {logging_mixin.py:188} INFO - [2025-11-25T05:17:24.011+0000] {dagbag.py:545} INFO - Filling up the DagBag from /home/airflow/.local/lib/python3.12/site-packages/airflow/example_dags/example_short_circuit_operator.py
[2025-11-25T05:17:24.015+0000] {processor.py:840} INFO - DAG(s) 'example_short_circuit_operator' retrieved from /home/airflow/.local/lib/python3.12/site-packages/airflow/example_dags/example_short_circuit_operator.py
[2025-11-25T05:17:24.024+0000] {logging_mixin.py:188} INFO - [2025-11-25T05:17:24.024+0000] {dag.py:3096} INFO - Sync 1 DAGs
[2025-11-25T05:17:24.036+0000] {logging_mixin.py:188} INFO - [2025-11-25T05:17:24.036+0000] {dag.py:3954} INFO - Setting next_dagrun for example_short_circuit_operator to 2025-11-24 00:00:00+00:00, run_after=2025-11-25 00:00:00+00:00
[2025-11-25T05:17:24.051+0000] {processor.py:183} INFO - Processing /home/airflow/.local/lib/python3.12/site-packages/airflow/example_dags/example_short_circuit_operator.py took 0.045 seconds
[2025-11-25T05:56:33.603+0000] {processor.py:161} INFO - Started process (PID=1277) to work on /home/airflow/.local/lib/python3.12/site-packages/airflow/example_dags/example_short_circuit_operator.py
[2025-11-25T05:56:33.605+0000] {processor.py:830} INFO - Processing file /home/airflow/.local/lib/python3.12/site-packages/airflow/example_dags/example_short_circuit_operator.py for tasks to queue
[2025-11-25T05:56:33.607+0000] {logging_mixin.py:188} INFO - [2025-11-25T05:56:33.607+0000] {dagbag.py:545} INFO - Filling up the DagBag from /home/airflow/.local/lib/python3.12/site-packages/airflow/example_dags/example_short_circuit_operator.py
[2025-11-25T05:56:33.610+0000] {processor.py:840} INFO - DAG(s) 'example_short_circuit_operator' retrieved from /home/airflow/.local/lib/python3.12/site-packages/airflow/example_dags/example_short_circuit_operator.py
[2025-11-25T05:56:33.623+0000] {logging_mixin.py:188} INFO - [2025-11-25T05:56:33.622+0000] {dag.py:3096} INFO - Sync 1 DAGs
[2025-11-25T05:56:33.633+0000] {logging_mixin.py:188} INFO - [2025-11-25T05:56:33.633+0000] {dag.py:3954} INFO - Setting next_dagrun for example_short_circuit_operator to 2025-11-24 00:00:00+00:00, run_after=2025-11-25 00:00:00+00:00
[2025-11-25T05:56:33.641+0000] {processor.py:183} INFO - Processing /home/airflow/.local/lib/python3.12/site-packages/airflow/example_dags/example_short_circuit_operator.py took 0.040 seconds
[2025-11-25T06:58:35.208+0000] {processor.py:161} INFO - Started process (PID=1335) to work on /home/airflow/.local/lib/python3.12/site-packages/airflow/example_dags/example_short_circuit_operator.py
[2025-11-25T06:58:35.210+0000] {processor.py:830} INFO - Processing file /home/airflow/.local/lib/python3.12/site-packages/airflow/example_dags/example_short_circuit_operator.py for tasks to queue
[2025-11-25T06:58:35.211+0000] {logging_mixin.py:188} INFO - [2025-11-25T06:58:35.211+0000] {dagbag.py:545} INFO - Filling up the DagBag from /home/airflow/.local/lib/python3.12/site-packages/airflow/example_dags/example_short_circuit_operator.py
[2025-11-25T06:58:35.214+0000] {processor.py:840} INFO - DAG(s) 'example_short_circuit_operator' retrieved from /home/airflow/.local/lib/python3.12/site-packages/airflow/example_dags/example_short_circuit_operator.py
[2025-11-25T06:58:35.223+0000] {logging_mixin.py:188} INFO - [2025-11-25T06:58:35.223+0000] {dag.py:3096} INFO - Sync 1 DAGs
[2025-11-25T06:58:35.234+0000] {logging_mixin.py:188} INFO - [2025-11-25T06:58:35.234+0000] {dag.py:3954} INFO - Setting next_dagrun for example_short_circuit_operator to 2025-11-24 00:00:00+00:00, run_after=2025-11-25 00:00:00+00:00
[2025-11-25T06:58:35.246+0000] {processor.py:183} INFO - Processing /home/airflow/.local/lib/python3.12/site-packages/airflow/example_dags/example_short_circuit_operator.py took 0.041 seconds
[2025-11-25T07:22:30.388+0000] {processor.py:161} INFO - Started process (PID=1393) to work on /home/airflow/.local/lib/python3.12/site-packages/airflow/example_dags/example_short_circuit_operator.py
[2025-11-25T07:22:30.390+0000] {processor.py:830} INFO - Processing file /home/airflow/.local/lib/python3.12/site-packages/airflow/example_dags/example_short_circuit_operator.py for tasks to queue
[2025-11-25T07:22:30.391+0000] {logging_mixin.py:188} INFO - [2025-11-25T07:22:30.391+0000] {dagbag.py:545} INFO - Filling up the DagBag from /home/airflow/.local/lib/python3.12/site-packages/airflow/example_dags/example_short_circuit_operator.py
[2025-11-25T07:22:30.394+0000] {processor.py:840} INFO - DAG(s) 'example_short_circuit_operator' retrieved from /home/airflow/.local/lib/python3.12/site-packages/airflow/example_dags/example_short_circuit_operator.py
[2025-11-25T07:22:30.402+0000] {logging_mixin.py:188} INFO - [2025-11-25T07:22:30.402+0000] {dag.py:3096} INFO - Sync 1 DAGs
[2025-11-25T07:22:30.412+0000] {logging_mixin.py:188} INFO - [2025-11-25T07:22:30.412+0000] {dag.py:3954} INFO - Setting next_dagrun for example_short_circuit_operator to 2025-11-24 00:00:00+00:00, run_after=2025-11-25 00:00:00+00:00
[2025-11-25T07:22:30.420+0000] {processor.py:183} INFO - Processing /home/airflow/.local/lib/python3.12/site-packages/airflow/example_dags/example_short_circuit_operator.py took 0.034 seconds
[2025-11-25T08:11:29.453+0000] {processor.py:161} INFO - Started process (PID=1451) to work on /home/airflow/.local/lib/python3.12/site-packages/airflow/example_dags/example_short_circuit_operator.py
[2025-11-25T08:11:29.454+0000] {processor.py:830} INFO - Processing file /home/airflow/.local/lib/python3.12/site-packages/airflow/example_dags/example_short_circuit_operator.py for tasks to queue
[2025-11-25T08:11:29.456+0000] {logging_mixin.py:188} INFO - [2025-11-25T08:11:29.455+0000] {dagbag.py:545} INFO - Filling up the DagBag from /home/airflow/.local/lib/python3.12/site-packages/airflow/example_dags/example_short_circuit_operator.py
[2025-11-25T08:11:29.459+0000] {processor.py:840} INFO - DAG(s) 'example_short_circuit_operator' retrieved from /home/airflow/.local/lib/python3.12/site-packages/airflow/example_dags/example_short_circuit_operator.py
[2025-11-25T08:11:29.470+0000] {logging_mixin.py:188} INFO - [2025-11-25T08:11:29.470+0000] {dag.py:3096} INFO - Sync 1 DAGs
[2025-11-25T08:11:29.485+0000] {logging_mixin.py:188} INFO - [2025-11-25T08:11:29.484+0000] {dag.py:3954} INFO - Setting next_dagrun for example_short_circuit_operator to 2025-11-24 00:00:00+00:00, run_after=2025-11-25 00:00:00+00:00
[2025-11-25T08:11:29.506+0000] {processor.py:183} INFO - Processing /home/airflow/.local/lib/python3.12/site-packages/airflow/example_dags/example_short_circuit_operator.py took 0.057 seconds
[2025-11-25T09:18:22.065+0000] {processor.py:161} INFO - Started process (PID=1509) to work on /home/airflow/.local/lib/python3.12/site-packages/airflow/example_dags/example_short_circuit_operator.py
[2025-11-25T09:18:22.066+0000] {processor.py:830} INFO - Processing file /home/airflow/.local/lib/python3.12/site-packages/airflow/example_dags/example_short_circuit_operator.py for tasks to queue
[2025-11-25T09:18:22.067+0000] {logging_mixin.py:188} INFO - [2025-11-25T09:18:22.067+0000] {dagbag.py:545} INFO - Filling up the DagBag from /home/airflow/.local/lib/python3.12/site-packages/airflow/example_dags/example_short_circuit_operator.py
[2025-11-25T09:18:22.071+0000] {processor.py:840} INFO - DAG(s) 'example_short_circuit_operator' retrieved from /home/airflow/.local/lib/python3.12/site-packages/airflow/example_dags/example_short_circuit_operator.py
[2025-11-25T09:18:22.081+0000] {logging_mixin.py:188} INFO - [2025-11-25T09:18:22.081+0000] {dag.py:3096} INFO - Sync 1 DAGs
[2025-11-25T09:18:22.090+0000] {logging_mixin.py:188} INFO - [2025-11-25T09:18:22.089+0000] {dag.py:3954} INFO - Setting next_dagrun for example_short_circuit_operator to 2025-11-24 00:00:00+00:00, run_after=2025-11-25 00:00:00+00:00
[2025-11-25T09:18:22.101+0000] {processor.py:183} INFO - Processing /home/airflow/.local/lib/python3.12/site-packages/airflow/example_dags/example_short_circuit_operator.py took 0.039 seconds
[2025-11-25T10:44:07.150+0000] {processor.py:161} INFO - Started process (PID=1567) to work on /home/airflow/.local/lib/python3.12/site-packages/airflow/example_dags/example_short_circuit_operator.py
[2025-11-25T10:44:07.152+0000] {processor.py:830} INFO - Processing file /home/airflow/.local/lib/python3.12/site-packages/airflow/example_dags/example_short_circuit_operator.py for tasks to queue
[2025-11-25T10:44:07.154+0000] {logging_mixin.py:188} INFO - [2025-11-25T10:44:07.154+0000] {dagbag.py:545} INFO - Filling up the DagBag from /home/airflow/.local/lib/python3.12/site-packages/airflow/example_dags/example_short_circuit_operator.py
[2025-11-25T10:44:07.159+0000] {processor.py:840} INFO - DAG(s) 'example_short_circuit_operator' retrieved from /home/airflow/.local/lib/python3.12/site-packages/airflow/example_dags/example_short_circuit_operator.py
[2025-11-25T10:44:07.176+0000] {logging_mixin.py:188} INFO - [2025-11-25T10:44:07.176+0000] {dag.py:3096} INFO - Sync 1 DAGs
[2025-11-25T10:44:07.190+0000] {logging_mixin.py:188} INFO - [2025-11-25T10:44:07.190+0000] {dag.py:3954} INFO - Setting next_dagrun for example_short_circuit_operator to 2025-11-24 00:00:00+00:00, run_after=2025-11-25 00:00:00+00:00
[2025-11-25T10:44:07.201+0000] {processor.py:183} INFO - Processing /home/airflow/.local/lib/python3.12/site-packages/airflow/example_dags/example_short_circuit_operator.py took 0.054 seconds
[2025-11-25T11:23:13.394+0000] {processor.py:161} INFO - Started process (PID=1625) to work on /home/airflow/.local/lib/python3.12/site-packages/airflow/example_dags/example_short_circuit_operator.py
[2025-11-25T11:23:13.394+0000] {processor.py:830} INFO - Processing file /home/airflow/.local/lib/python3.12/site-packages/airflow/example_dags/example_short_circuit_operator.py for tasks to queue
[2025-11-25T11:23:13.395+0000] {logging_mixin.py:188} INFO - [2025-11-25T11:23:13.395+0000] {dagbag.py:545} INFO - Filling up the DagBag from /home/airflow/.local/lib/python3.12/site-packages/airflow/example_dags/example_short_circuit_operator.py
[2025-11-25T11:23:13.397+0000] {processor.py:840} INFO - DAG(s) 'example_short_circuit_operator' retrieved from /home/airflow/.local/lib/python3.12/site-packages/airflow/example_dags/example_short_circuit_operator.py
[2025-11-25T11:23:13.405+0000] {logging_mixin.py:188} INFO - [2025-11-25T11:23:13.405+0000] {dag.py:3096} INFO - Sync 1 DAGs
[2025-11-25T11:23:13.411+0000] {logging_mixin.py:188} INFO - [2025-11-25T11:23:13.411+0000] {dag.py:3954} INFO - Setting next_dagrun for example_short_circuit_operator to 2025-11-24 00:00:00+00:00, run_after=2025-11-25 00:00:00+00:00
[2025-11-25T11:23:13.416+0000] {processor.py:183} INFO - Processing /home/airflow/.local/lib/python3.12/site-packages/airflow/example_dags/example_short_circuit_operator.py took 0.025 seconds
[2025-11-25T12:21:40.681+0000] {processor.py:161} INFO - Started process (PID=1683) to work on /home/airflow/.local/lib/python3.12/site-packages/airflow/example_dags/example_short_circuit_operator.py
[2025-11-25T12:21:40.682+0000] {processor.py:830} INFO - Processing file /home/airflow/.local/lib/python3.12/site-packages/airflow/example_dags/example_short_circuit_operator.py for tasks to queue
[2025-11-25T12:21:40.683+0000] {logging_mixin.py:188} INFO - [2025-11-25T12:21:40.682+0000] {dagbag.py:545} INFO - Filling up the DagBag from /home/airflow/.local/lib/python3.12/site-packages/airflow/example_dags/example_short_circuit_operator.py
[2025-11-25T12:21:40.685+0000] {processor.py:840} INFO - DAG(s) 'example_short_circuit_operator' retrieved from /home/airflow/.local/lib/python3.12/site-packages/airflow/example_dags/example_short_circuit_operator.py
[2025-11-25T12:21:40.696+0000] {logging_mixin.py:188} INFO - [2025-11-25T12:21:40.696+0000] {dag.py:3096} INFO - Sync 1 DAGs
[2025-11-25T12:21:40.704+0000] {logging_mixin.py:188} INFO - [2025-11-25T12:21:40.704+0000] {dag.py:3954} INFO - Setting next_dagrun for example_short_circuit_operator to 2025-11-24 00:00:00+00:00, run_after=2025-11-25 00:00:00+00:00
[2025-11-25T12:21:40.713+0000] {processor.py:183} INFO - Processing /home/airflow/.local/lib/python3.12/site-packages/airflow/example_dags/example_short_circuit_operator.py took 0.034 seconds
[2025-11-25T13:00:42.464+0000] {processor.py:161} INFO - Started process (PID=1741) to work on /home/airflow/.local/lib/python3.12/site-packages/airflow/example_dags/example_short_circuit_operator.py
[2025-11-25T13:00:42.465+0000] {processor.py:830} INFO - Processing file /home/airflow/.local/lib/python3.12/site-packages/airflow/example_dags/example_short_circuit_operator.py for tasks to queue
[2025-11-25T13:00:42.466+0000] {logging_mixin.py:188} INFO - [2025-11-25T13:00:42.466+0000] {dagbag.py:545} INFO - Filling up the DagBag from /home/airflow/.local/lib/python3.12/site-packages/airflow/example_dags/example_short_circuit_operator.py
[2025-11-25T13:00:42.469+0000] {processor.py:840} INFO - DAG(s) 'example_short_circuit_operator' retrieved from /home/airflow/.local/lib/python3.12/site-packages/airflow/example_dags/example_short_circuit_operator.py
[2025-11-25T13:00:42.481+0000] {logging_mixin.py:188} INFO - [2025-11-25T13:00:42.481+0000] {dag.py:3096} INFO - Sync 1 DAGs
[2025-11-25T13:00:42.490+0000] {logging_mixin.py:188} INFO - [2025-11-25T13:00:42.490+0000] {dag.py:3954} INFO - Setting next_dagrun for example_short_circuit_operator to 2025-11-24 00:00:00+00:00, run_after=2025-11-25 00:00:00+00:00
[2025-11-25T13:00:42.499+0000] {processor.py:183} INFO - Processing /home/airflow/.local/lib/python3.12/site-packages/airflow/example_dags/example_short_circuit_operator.py took 0.038 seconds
[2025-11-25T13:46:42.739+0000] {processor.py:161} INFO - Started process (PID=1799) to work on /home/airflow/.local/lib/python3.12/site-packages/airflow/example_dags/example_short_circuit_operator.py
[2025-11-25T13:46:42.741+0000] {processor.py:830} INFO - Processing file /home/airflow/.local/lib/python3.12/site-packages/airflow/example_dags/example_short_circuit_operator.py for tasks to queue
[2025-11-25T13:46:42.746+0000] {logging_mixin.py:188} INFO - [2025-11-25T13:46:42.746+0000] {dagbag.py:545} INFO - Filling up the DagBag from /home/airflow/.local/lib/python3.12/site-packages/airflow/example_dags/example_short_circuit_operator.py
[2025-11-25T13:46:42.751+0000] {processor.py:840} INFO - DAG(s) 'example_short_circuit_operator' retrieved from /home/airflow/.local/lib/python3.12/site-packages/airflow/example_dags/example_short_circuit_operator.py
[2025-11-25T13:46:42.761+0000] {logging_mixin.py:188} INFO - [2025-11-25T13:46:42.761+0000] {dag.py:3096} INFO - Sync 1 DAGs
[2025-11-25T13:46:42.770+0000] {logging_mixin.py:188} INFO - [2025-11-25T13:46:42.770+0000] {dag.py:3954} INFO - Setting next_dagrun for example_short_circuit_operator to 2025-11-24 00:00:00+00:00, run_after=2025-11-25 00:00:00+00:00
[2025-11-25T13:46:42.845+0000] {processor.py:183} INFO - Processing /home/airflow/.local/lib/python3.12/site-packages/airflow/example_dags/example_short_circuit_operator.py took 0.109 seconds
[2025-11-25T14:30:27.066+0000] {processor.py:161} INFO - Started process (PID=1857) to work on /home/airflow/.local/lib/python3.12/site-packages/airflow/example_dags/example_short_circuit_operator.py
[2025-11-25T14:30:27.066+0000] {processor.py:830} INFO - Processing file /home/airflow/.local/lib/python3.12/site-packages/airflow/example_dags/example_short_circuit_operator.py for tasks to queue
[2025-11-25T14:30:27.067+0000] {logging_mixin.py:188} INFO - [2025-11-25T14:30:27.067+0000] {dagbag.py:545} INFO - Filling up the DagBag from /home/airflow/.local/lib/python3.12/site-packages/airflow/example_dags/example_short_circuit_operator.py
[2025-11-25T14:30:27.070+0000] {processor.py:840} INFO - DAG(s) 'example_short_circuit_operator' retrieved from /home/airflow/.local/lib/python3.12/site-packages/airflow/example_dags/example_short_circuit_operator.py
[2025-11-25T14:30:27.078+0000] {logging_mixin.py:188} INFO - [2025-11-25T14:30:27.078+0000] {dag.py:3096} INFO - Sync 1 DAGs
[2025-11-25T14:30:27.092+0000] {logging_mixin.py:188} INFO - [2025-11-25T14:30:27.092+0000] {dag.py:3954} INFO - Setting next_dagrun for example_short_circuit_operator to 2025-11-24 00:00:00+00:00, run_after=2025-11-25 00:00:00+00:00
[2025-11-25T14:30:27.226+0000] {processor.py:183} INFO - Processing /home/airflow/.local/lib/python3.12/site-packages/airflow/example_dags/example_short_circuit_operator.py took 0.163 seconds
[2025-11-25T14:42:08.834+0000] {processor.py:161} INFO - Started process (PID=1915) to work on /home/airflow/.local/lib/python3.12/site-packages/airflow/example_dags/example_short_circuit_operator.py
[2025-11-25T14:42:08.837+0000] {processor.py:830} INFO - Processing file /home/airflow/.local/lib/python3.12/site-packages/airflow/example_dags/example_short_circuit_operator.py for tasks to queue
[2025-11-25T14:42:08.839+0000] {logging_mixin.py:188} INFO - [2025-11-25T14:42:08.839+0000] {dagbag.py:545} INFO - Filling up the DagBag from /home/airflow/.local/lib/python3.12/site-packages/airflow/example_dags/example_short_circuit_operator.py
[2025-11-25T14:42:08.842+0000] {processor.py:840} INFO - DAG(s) 'example_short_circuit_operator' retrieved from /home/airflow/.local/lib/python3.12/site-packages/airflow/example_dags/example_short_circuit_operator.py
[2025-11-25T14:42:08.856+0000] {logging_mixin.py:188} INFO - [2025-11-25T14:42:08.856+0000] {dag.py:3096} INFO - Sync 1 DAGs
[2025-11-25T14:42:08.864+0000] {logging_mixin.py:188} INFO - [2025-11-25T14:42:08.864+0000] {dag.py:3954} INFO - Setting next_dagrun for example_short_circuit_operator to 2025-11-24 00:00:00+00:00, run_after=2025-11-25 00:00:00+00:00
[2025-11-25T14:42:08.870+0000] {processor.py:183} INFO - Processing /home/airflow/.local/lib/python3.12/site-packages/airflow/example_dags/example_short_circuit_operator.py took 0.039 seconds
[2025-11-25T14:45:13.523+0000] {processor.py:161} INFO - Started process (PID=1973) to work on /home/airflow/.local/lib/python3.12/site-packages/airflow/example_dags/example_short_circuit_operator.py
[2025-11-25T14:45:13.524+0000] {processor.py:830} INFO - Processing file /home/airflow/.local/lib/python3.12/site-packages/airflow/example_dags/example_short_circuit_operator.py for tasks to queue
[2025-11-25T14:45:13.524+0000] {logging_mixin.py:188} INFO - [2025-11-25T14:45:13.524+0000] {dagbag.py:545} INFO - Filling up the DagBag from /home/airflow/.local/lib/python3.12/site-packages/airflow/example_dags/example_short_circuit_operator.py
[2025-11-25T14:45:13.527+0000] {processor.py:840} INFO - DAG(s) 'example_short_circuit_operator' retrieved from /home/airflow/.local/lib/python3.12/site-packages/airflow/example_dags/example_short_circuit_operator.py
[2025-11-25T14:45:13.535+0000] {logging_mixin.py:188} INFO - [2025-11-25T14:45:13.535+0000] {dag.py:3096} INFO - Sync 1 DAGs
[2025-11-25T14:45:13.546+0000] {logging_mixin.py:188} INFO - [2025-11-25T14:45:13.546+0000] {dag.py:3954} INFO - Setting next_dagrun for example_short_circuit_operator to 2025-11-24 00:00:00+00:00, run_after=2025-11-25 00:00:00+00:00
[2025-11-25T14:45:13.554+0000] {processor.py:183} INFO - Processing /home/airflow/.local/lib/python3.12/site-packages/airflow/example_dags/example_short_circuit_operator.py took 0.033 seconds
[2025-11-25T14:45:44.317+0000] {processor.py:161} INFO - Started process (PID=2031) to work on /home/airflow/.local/lib/python3.12/site-packages/airflow/example_dags/example_short_circuit_operator.py
[2025-11-25T14:45:44.318+0000] {processor.py:830} INFO - Processing file /home/airflow/.local/lib/python3.12/site-packages/airflow/example_dags/example_short_circuit_operator.py for tasks to queue
[2025-11-25T14:45:44.319+0000] {logging_mixin.py:188} INFO - [2025-11-25T14:45:44.319+0000] {dagbag.py:545} INFO - Filling up the DagBag from /home/airflow/.local/lib/python3.12/site-packages/airflow/example_dags/example_short_circuit_operator.py
[2025-11-25T14:45:44.322+0000] {processor.py:840} INFO - DAG(s) 'example_short_circuit_operator' retrieved from /home/airflow/.local/lib/python3.12/site-packages/airflow/example_dags/example_short_circuit_operator.py
[2025-11-25T14:45:44.331+0000] {logging_mixin.py:188} INFO - [2025-11-25T14:45:44.331+0000] {dag.py:3096} INFO - Sync 1 DAGs
[2025-11-25T14:45:44.340+0000] {logging_mixin.py:188} INFO - [2025-11-25T14:45:44.340+0000] {dag.py:3954} INFO - Setting next_dagrun for example_short_circuit_operator to 2025-11-24 00:00:00+00:00, run_after=2025-11-25 00:00:00+00:00
[2025-11-25T14:45:44.349+0000] {processor.py:183} INFO - Processing /home/airflow/.local/lib/python3.12/site-packages/airflow/example_dags/example_short_circuit_operator.py took 0.034 seconds
[2025-11-25T14:46:14.868+0000] {processor.py:161} INFO - Started process (PID=2089) to work on /home/airflow/.local/lib/python3.12/site-packages/airflow/example_dags/example_short_circuit_operator.py
[2025-11-25T14:46:14.869+0000] {processor.py:830} INFO - Processing file /home/airflow/.local/lib/python3.12/site-packages/airflow/example_dags/example_short_circuit_operator.py for tasks to queue
[2025-11-25T14:46:14.869+0000] {logging_mixin.py:188} INFO - [2025-11-25T14:46:14.869+0000] {dagbag.py:545} INFO - Filling up the DagBag from /home/airflow/.local/lib/python3.12/site-packages/airflow/example_dags/example_short_circuit_operator.py
[2025-11-25T14:46:14.873+0000] {processor.py:840} INFO - DAG(s) 'example_short_circuit_operator' retrieved from /home/airflow/.local/lib/python3.12/site-packages/airflow/example_dags/example_short_circuit_operator.py
[2025-11-25T14:46:14.950+0000] {logging_mixin.py:188} INFO - [2025-11-25T14:46:14.950+0000] {dag.py:3096} INFO - Sync 1 DAGs
[2025-11-25T14:46:14.959+0000] {logging_mixin.py:188} INFO - [2025-11-25T14:46:14.959+0000] {dag.py:3954} INFO - Setting next_dagrun for example_short_circuit_operator to 2025-11-24 00:00:00+00:00, run_after=2025-11-25 00:00:00+00:00
[2025-11-25T14:46:14.964+0000] {processor.py:183} INFO - Processing /home/airflow/.local/lib/python3.12/site-packages/airflow/example_dags/example_short_circuit_operator.py took 0.098 seconds
[2025-11-25T14:46:45.848+0000] {processor.py:161} INFO - Started process (PID=2147) to work on /home/airflow/.local/lib/python3.12/site-packages/airflow/example_dags/example_short_circuit_operator.py
[2025-11-25T14:46:45.849+0000] {processor.py:830} INFO - Processing file /home/airflow/.local/lib/python3.12/site-packages/airflow/example_dags/example_short_circuit_operator.py for tasks to queue
[2025-11-25T14:46:45.850+0000] {logging_mixin.py:188} INFO - [2025-11-25T14:46:45.850+0000] {dagbag.py:545} INFO - Filling up the DagBag from /home/airflow/.local/lib/python3.12/site-packages/airflow/example_dags/example_short_circuit_operator.py
[2025-11-25T14:46:45.853+0000] {processor.py:840} INFO - DAG(s) 'example_short_circuit_operator' retrieved from /home/airflow/.local/lib/python3.12/site-packages/airflow/example_dags/example_short_circuit_operator.py
[2025-11-25T14:46:45.863+0000] {logging_mixin.py:188} INFO - [2025-11-25T14:46:45.862+0000] {dag.py:3096} INFO - Sync 1 DAGs
[2025-11-25T14:46:45.873+0000] {logging_mixin.py:188} INFO - [2025-11-25T14:46:45.873+0000] {dag.py:3954} INFO - Setting next_dagrun for example_short_circuit_operator to 2025-11-24 00:00:00+00:00, run_after=2025-11-25 00:00:00+00:00
[2025-11-25T14:46:45.882+0000] {processor.py:183} INFO - Processing /home/airflow/.local/lib/python3.12/site-packages/airflow/example_dags/example_short_circuit_operator.py took 0.037 seconds
[2025-11-25T14:47:16.369+0000] {processor.py:161} INFO - Started process (PID=2205) to work on /home/airflow/.local/lib/python3.12/site-packages/airflow/example_dags/example_short_circuit_operator.py
[2025-11-25T14:47:16.370+0000] {processor.py:830} INFO - Processing file /home/airflow/.local/lib/python3.12/site-packages/airflow/example_dags/example_short_circuit_operator.py for tasks to queue
[2025-11-25T14:47:16.371+0000] {logging_mixin.py:188} INFO - [2025-11-25T14:47:16.371+0000] {dagbag.py:545} INFO - Filling up the DagBag from /home/airflow/.local/lib/python3.12/site-packages/airflow/example_dags/example_short_circuit_operator.py
[2025-11-25T14:47:16.375+0000] {processor.py:840} INFO - DAG(s) 'example_short_circuit_operator' retrieved from /home/airflow/.local/lib/python3.12/site-packages/airflow/example_dags/example_short_circuit_operator.py
[2025-11-25T14:47:16.384+0000] {logging_mixin.py:188} INFO - [2025-11-25T14:47:16.384+0000] {dag.py:3096} INFO - Sync 1 DAGs
[2025-11-25T14:47:16.392+0000] {logging_mixin.py:188} INFO - [2025-11-25T14:47:16.392+0000] {dag.py:3954} INFO - Setting next_dagrun for example_short_circuit_operator to 2025-11-24 00:00:00+00:00, run_after=2025-11-25 00:00:00+00:00
[2025-11-25T14:47:16.406+0000] {processor.py:183} INFO - Processing /home/airflow/.local/lib/python3.12/site-packages/airflow/example_dags/example_short_circuit_operator.py took 0.040 seconds
[2025-11-25T14:47:47.011+0000] {processor.py:161} INFO - Started process (PID=2263) to work on /home/airflow/.local/lib/python3.12/site-packages/airflow/example_dags/example_short_circuit_operator.py
[2025-11-25T14:47:47.012+0000] {processor.py:830} INFO - Processing file /home/airflow/.local/lib/python3.12/site-packages/airflow/example_dags/example_short_circuit_operator.py for tasks to queue
[2025-11-25T14:47:47.014+0000] {logging_mixin.py:188} INFO - [2025-11-25T14:47:47.014+0000] {dagbag.py:545} INFO - Filling up the DagBag from /home/airflow/.local/lib/python3.12/site-packages/airflow/example_dags/example_short_circuit_operator.py
[2025-11-25T14:47:47.018+0000] {processor.py:840} INFO - DAG(s) 'example_short_circuit_operator' retrieved from /home/airflow/.local/lib/python3.12/site-packages/airflow/example_dags/example_short_circuit_operator.py
[2025-11-25T14:47:47.036+0000] {logging_mixin.py:188} INFO - [2025-11-25T14:47:47.036+0000] {dag.py:3096} INFO - Sync 1 DAGs
[2025-11-25T14:47:47.048+0000] {logging_mixin.py:188} INFO - [2025-11-25T14:47:47.047+0000] {dag.py:3954} INFO - Setting next_dagrun for example_short_circuit_operator to 2025-11-24 00:00:00+00:00, run_after=2025-11-25 00:00:00+00:00
[2025-11-25T14:47:47.055+0000] {processor.py:183} INFO - Processing /home/airflow/.local/lib/python3.12/site-packages/airflow/example_dags/example_short_circuit_operator.py took 0.046 seconds
[2025-11-25T14:48:17.831+0000] {processor.py:161} INFO - Started process (PID=2321) to work on /home/airflow/.local/lib/python3.12/site-packages/airflow/example_dags/example_short_circuit_operator.py
[2025-11-25T14:48:17.832+0000] {processor.py:830} INFO - Processing file /home/airflow/.local/lib/python3.12/site-packages/airflow/example_dags/example_short_circuit_operator.py for tasks to queue
[2025-11-25T14:48:17.833+0000] {logging_mixin.py:188} INFO - [2025-11-25T14:48:17.833+0000] {dagbag.py:545} INFO - Filling up the DagBag from /home/airflow/.local/lib/python3.12/site-packages/airflow/example_dags/example_short_circuit_operator.py
[2025-11-25T14:48:17.837+0000] {processor.py:840} INFO - DAG(s) 'example_short_circuit_operator' retrieved from /home/airflow/.local/lib/python3.12/site-packages/airflow/example_dags/example_short_circuit_operator.py
[2025-11-25T14:48:17.846+0000] {logging_mixin.py:188} INFO - [2025-11-25T14:48:17.846+0000] {dag.py:3096} INFO - Sync 1 DAGs
[2025-11-25T14:48:17.856+0000] {logging_mixin.py:188} INFO - [2025-11-25T14:48:17.856+0000] {dag.py:3954} INFO - Setting next_dagrun for example_short_circuit_operator to 2025-11-24 00:00:00+00:00, run_after=2025-11-25 00:00:00+00:00
[2025-11-25T14:48:17.864+0000] {processor.py:183} INFO - Processing /home/airflow/.local/lib/python3.12/site-packages/airflow/example_dags/example_short_circuit_operator.py took 0.035 seconds
[2025-11-25T14:48:48.355+0000] {processor.py:161} INFO - Started process (PID=2379) to work on /home/airflow/.local/lib/python3.12/site-packages/airflow/example_dags/example_short_circuit_operator.py
[2025-11-25T14:48:48.358+0000] {processor.py:830} INFO - Processing file /home/airflow/.local/lib/python3.12/site-packages/airflow/example_dags/example_short_circuit_operator.py for tasks to queue
[2025-11-25T14:48:48.360+0000] {logging_mixin.py:188} INFO - [2025-11-25T14:48:48.359+0000] {dagbag.py:545} INFO - Filling up the DagBag from /home/airflow/.local/lib/python3.12/site-packages/airflow/example_dags/example_short_circuit_operator.py
[2025-11-25T14:48:48.363+0000] {processor.py:840} INFO - DAG(s) 'example_short_circuit_operator' retrieved from /home/airflow/.local/lib/python3.12/site-packages/airflow/example_dags/example_short_circuit_operator.py
[2025-11-25T14:48:48.375+0000] {logging_mixin.py:188} INFO - [2025-11-25T14:48:48.375+0000] {dag.py:3096} INFO - Sync 1 DAGs
[2025-11-25T14:48:48.384+0000] {logging_mixin.py:188} INFO - [2025-11-25T14:48:48.384+0000] {dag.py:3954} INFO - Setting next_dagrun for example_short_circuit_operator to 2025-11-24 00:00:00+00:00, run_after=2025-11-25 00:00:00+00:00
[2025-11-25T14:48:48.390+0000] {processor.py:183} INFO - Processing /home/airflow/.local/lib/python3.12/site-packages/airflow/example_dags/example_short_circuit_operator.py took 0.038 seconds
[2025-11-25T14:49:19.045+0000] {processor.py:161} INFO - Started process (PID=2437) to work on /home/airflow/.local/lib/python3.12/site-packages/airflow/example_dags/example_short_circuit_operator.py
[2025-11-25T14:49:19.048+0000] {processor.py:830} INFO - Processing file /home/airflow/.local/lib/python3.12/site-packages/airflow/example_dags/example_short_circuit_operator.py for tasks to queue
[2025-11-25T14:49:19.051+0000] {logging_mixin.py:188} INFO - [2025-11-25T14:49:19.050+0000] {dagbag.py:545} INFO - Filling up the DagBag from /home/airflow/.local/lib/python3.12/site-packages/airflow/example_dags/example_short_circuit_operator.py
[2025-11-25T14:49:19.057+0000] {processor.py:840} INFO - DAG(s) 'example_short_circuit_operator' retrieved from /home/airflow/.local/lib/python3.12/site-packages/airflow/example_dags/example_short_circuit_operator.py
[2025-11-25T14:49:19.071+0000] {logging_mixin.py:188} INFO - [2025-11-25T14:49:19.071+0000] {dag.py:3096} INFO - Sync 1 DAGs
[2025-11-25T14:49:19.092+0000] {logging_mixin.py:188} INFO - [2025-11-25T14:49:19.092+0000] {dag.py:3954} INFO - Setting next_dagrun for example_short_circuit_operator to 2025-11-24 00:00:00+00:00, run_after=2025-11-25 00:00:00+00:00
[2025-11-25T14:49:19.105+0000] {processor.py:183} INFO - Processing /home/airflow/.local/lib/python3.12/site-packages/airflow/example_dags/example_short_circuit_operator.py took 0.067 seconds
[2025-11-25T14:49:49.754+0000] {processor.py:161} INFO - Started process (PID=2495) to work on /home/airflow/.local/lib/python3.12/site-packages/airflow/example_dags/example_short_circuit_operator.py
[2025-11-25T14:49:49.755+0000] {processor.py:830} INFO - Processing file /home/airflow/.local/lib/python3.12/site-packages/airflow/example_dags/example_short_circuit_operator.py for tasks to queue
[2025-11-25T14:49:49.756+0000] {logging_mixin.py:188} INFO - [2025-11-25T14:49:49.755+0000] {dagbag.py:545} INFO - Filling up the DagBag from /home/airflow/.local/lib/python3.12/site-packages/airflow/example_dags/example_short_circuit_operator.py
[2025-11-25T14:49:49.760+0000] {processor.py:840} INFO - DAG(s) 'example_short_circuit_operator' retrieved from /home/airflow/.local/lib/python3.12/site-packages/airflow/example_dags/example_short_circuit_operator.py
[2025-11-25T14:49:49.770+0000] {logging_mixin.py:188} INFO - [2025-11-25T14:49:49.769+0000] {dag.py:3096} INFO - Sync 1 DAGs
[2025-11-25T14:49:49.778+0000] {logging_mixin.py:188} INFO - [2025-11-25T14:49:49.778+0000] {dag.py:3954} INFO - Setting next_dagrun for example_short_circuit_operator to 2025-11-24 00:00:00+00:00, run_after=2025-11-25 00:00:00+00:00
[2025-11-25T14:49:49.789+0000] {processor.py:183} INFO - Processing /home/airflow/.local/lib/python3.12/site-packages/airflow/example_dags/example_short_circuit_operator.py took 0.038 seconds
[2025-11-25T14:50:20.491+0000] {processor.py:161} INFO - Started process (PID=2553) to work on /home/airflow/.local/lib/python3.12/site-packages/airflow/example_dags/example_short_circuit_operator.py
[2025-11-25T14:50:20.493+0000] {processor.py:830} INFO - Processing file /home/airflow/.local/lib/python3.12/site-packages/airflow/example_dags/example_short_circuit_operator.py for tasks to queue
[2025-11-25T14:50:20.494+0000] {logging_mixin.py:188} INFO - [2025-11-25T14:50:20.494+0000] {dagbag.py:545} INFO - Filling up the DagBag from /home/airflow/.local/lib/python3.12/site-packages/airflow/example_dags/example_short_circuit_operator.py
[2025-11-25T14:50:20.501+0000] {processor.py:840} INFO - DAG(s) 'example_short_circuit_operator' retrieved from /home/airflow/.local/lib/python3.12/site-packages/airflow/example_dags/example_short_circuit_operator.py
[2025-11-25T14:50:20.518+0000] {logging_mixin.py:188} INFO - [2025-11-25T14:50:20.518+0000] {dag.py:3096} INFO - Sync 1 DAGs
[2025-11-25T14:50:20.536+0000] {logging_mixin.py:188} INFO - [2025-11-25T14:50:20.536+0000] {dag.py:3954} INFO - Setting next_dagrun for example_short_circuit_operator to 2025-11-24 00:00:00+00:00, run_after=2025-11-25 00:00:00+00:00
[2025-11-25T14:50:20.549+0000] {processor.py:183} INFO - Processing /home/airflow/.local/lib/python3.12/site-packages/airflow/example_dags/example_short_circuit_operator.py took 0.063 seconds
[2025-11-25T14:50:51.352+0000] {processor.py:161} INFO - Started process (PID=2611) to work on /home/airflow/.local/lib/python3.12/site-packages/airflow/example_dags/example_short_circuit_operator.py
[2025-11-25T14:50:51.353+0000] {processor.py:830} INFO - Processing file /home/airflow/.local/lib/python3.12/site-packages/airflow/example_dags/example_short_circuit_operator.py for tasks to queue
[2025-11-25T14:50:51.354+0000] {logging_mixin.py:188} INFO - [2025-11-25T14:50:51.354+0000] {dagbag.py:545} INFO - Filling up the DagBag from /home/airflow/.local/lib/python3.12/site-packages/airflow/example_dags/example_short_circuit_operator.py
[2025-11-25T14:50:51.359+0000] {processor.py:840} INFO - DAG(s) 'example_short_circuit_operator' retrieved from /home/airflow/.local/lib/python3.12/site-packages/airflow/example_dags/example_short_circuit_operator.py
[2025-11-25T14:50:51.375+0000] {logging_mixin.py:188} INFO - [2025-11-25T14:50:51.375+0000] {dag.py:3096} INFO - Sync 1 DAGs
[2025-11-25T14:50:51.394+0000] {logging_mixin.py:188} INFO - [2025-11-25T14:50:51.393+0000] {dag.py:3954} INFO - Setting next_dagrun for example_short_circuit_operator to 2025-11-24 00:00:00+00:00, run_after=2025-11-25 00:00:00+00:00
[2025-11-25T14:50:51.405+0000] {processor.py:183} INFO - Processing /home/airflow/.local/lib/python3.12/site-packages/airflow/example_dags/example_short_circuit_operator.py took 0.057 seconds
[2025-11-25T14:51:22.152+0000] {processor.py:161} INFO - Started process (PID=2669) to work on /home/airflow/.local/lib/python3.12/site-packages/airflow/example_dags/example_short_circuit_operator.py
[2025-11-25T14:51:22.155+0000] {processor.py:830} INFO - Processing file /home/airflow/.local/lib/python3.12/site-packages/airflow/example_dags/example_short_circuit_operator.py for tasks to queue
[2025-11-25T14:51:22.158+0000] {logging_mixin.py:188} INFO - [2025-11-25T14:51:22.157+0000] {dagbag.py:545} INFO - Filling up the DagBag from /home/airflow/.local/lib/python3.12/site-packages/airflow/example_dags/example_short_circuit_operator.py
[2025-11-25T14:51:22.161+0000] {processor.py:840} INFO - DAG(s) 'example_short_circuit_operator' retrieved from /home/airflow/.local/lib/python3.12/site-packages/airflow/example_dags/example_short_circuit_operator.py
[2025-11-25T14:51:22.174+0000] {logging_mixin.py:188} INFO - [2025-11-25T14:51:22.174+0000] {dag.py:3096} INFO - Sync 1 DAGs
[2025-11-25T14:51:22.188+0000] {logging_mixin.py:188} INFO - [2025-11-25T14:51:22.188+0000] {dag.py:3954} INFO - Setting next_dagrun for example_short_circuit_operator to 2025-11-24 00:00:00+00:00, run_after=2025-11-25 00:00:00+00:00
[2025-11-25T14:51:22.205+0000] {processor.py:183} INFO - Processing /home/airflow/.local/lib/python3.12/site-packages/airflow/example_dags/example_short_circuit_operator.py took 0.056 seconds
[2025-11-25T14:51:52.840+0000] {processor.py:161} INFO - Started process (PID=2727) to work on /home/airflow/.local/lib/python3.12/site-packages/airflow/example_dags/example_short_circuit_operator.py
[2025-11-25T14:51:52.841+0000] {processor.py:830} INFO - Processing file /home/airflow/.local/lib/python3.12/site-packages/airflow/example_dags/example_short_circuit_operator.py for tasks to queue
[2025-11-25T14:51:52.843+0000] {logging_mixin.py:188} INFO - [2025-11-25T14:51:52.843+0000] {dagbag.py:545} INFO - Filling up the DagBag from /home/airflow/.local/lib/python3.12/site-packages/airflow/example_dags/example_short_circuit_operator.py
[2025-11-25T14:51:52.846+0000] {processor.py:840} INFO - DAG(s) 'example_short_circuit_operator' retrieved from /home/airflow/.local/lib/python3.12/site-packages/airflow/example_dags/example_short_circuit_operator.py
[2025-11-25T14:51:52.859+0000] {logging_mixin.py:188} INFO - [2025-11-25T14:51:52.859+0000] {dag.py:3096} INFO - Sync 1 DAGs
[2025-11-25T14:51:52.870+0000] {logging_mixin.py:188} INFO - [2025-11-25T14:51:52.870+0000] {dag.py:3954} INFO - Setting next_dagrun for example_short_circuit_operator to 2025-11-24 00:00:00+00:00, run_after=2025-11-25 00:00:00+00:00
[2025-11-25T14:51:52.879+0000] {processor.py:183} INFO - Processing /home/airflow/.local/lib/python3.12/site-packages/airflow/example_dags/example_short_circuit_operator.py took 0.042 seconds
[2025-11-25T14:52:23.489+0000] {processor.py:161} INFO - Started process (PID=2785) to work on /home/airflow/.local/lib/python3.12/site-packages/airflow/example_dags/example_short_circuit_operator.py
[2025-11-25T14:52:23.490+0000] {processor.py:830} INFO - Processing file /home/airflow/.local/lib/python3.12/site-packages/airflow/example_dags/example_short_circuit_operator.py for tasks to queue
[2025-11-25T14:52:23.493+0000] {logging_mixin.py:188} INFO - [2025-11-25T14:52:23.493+0000] {dagbag.py:545} INFO - Filling up the DagBag from /home/airflow/.local/lib/python3.12/site-packages/airflow/example_dags/example_short_circuit_operator.py
[2025-11-25T14:52:23.495+0000] {processor.py:840} INFO - DAG(s) 'example_short_circuit_operator' retrieved from /home/airflow/.local/lib/python3.12/site-packages/airflow/example_dags/example_short_circuit_operator.py
[2025-11-25T14:52:23.508+0000] {logging_mixin.py:188} INFO - [2025-11-25T14:52:23.508+0000] {dag.py:3096} INFO - Sync 1 DAGs
[2025-11-25T14:52:23.518+0000] {logging_mixin.py:188} INFO - [2025-11-25T14:52:23.518+0000] {dag.py:3954} INFO - Setting next_dagrun for example_short_circuit_operator to 2025-11-24 00:00:00+00:00, run_after=2025-11-25 00:00:00+00:00
[2025-11-25T14:52:23.528+0000] {processor.py:183} INFO - Processing /home/airflow/.local/lib/python3.12/site-packages/airflow/example_dags/example_short_circuit_operator.py took 0.043 seconds
[2025-11-25T14:52:54.230+0000] {processor.py:161} INFO - Started process (PID=2843) to work on /home/airflow/.local/lib/python3.12/site-packages/airflow/example_dags/example_short_circuit_operator.py
[2025-11-25T14:52:54.231+0000] {processor.py:830} INFO - Processing file /home/airflow/.local/lib/python3.12/site-packages/airflow/example_dags/example_short_circuit_operator.py for tasks to queue
[2025-11-25T14:52:54.232+0000] {logging_mixin.py:188} INFO - [2025-11-25T14:52:54.232+0000] {dagbag.py:545} INFO - Filling up the DagBag from /home/airflow/.local/lib/python3.12/site-packages/airflow/example_dags/example_short_circuit_operator.py
[2025-11-25T14:52:54.237+0000] {processor.py:840} INFO - DAG(s) 'example_short_circuit_operator' retrieved from /home/airflow/.local/lib/python3.12/site-packages/airflow/example_dags/example_short_circuit_operator.py
[2025-11-25T14:52:54.248+0000] {logging_mixin.py:188} INFO - [2025-11-25T14:52:54.247+0000] {dag.py:3096} INFO - Sync 1 DAGs
[2025-11-25T14:52:54.257+0000] {logging_mixin.py:188} INFO - [2025-11-25T14:52:54.257+0000] {dag.py:3954} INFO - Setting next_dagrun for example_short_circuit_operator to 2025-11-24 00:00:00+00:00, run_after=2025-11-25 00:00:00+00:00
[2025-11-25T14:52:54.265+0000] {processor.py:183} INFO - Processing /home/airflow/.local/lib/python3.12/site-packages/airflow/example_dags/example_short_circuit_operator.py took 0.038 seconds
[2025-11-25T14:53:24.969+0000] {processor.py:161} INFO - Started process (PID=2901) to work on /home/airflow/.local/lib/python3.12/site-packages/airflow/example_dags/example_short_circuit_operator.py
[2025-11-25T14:53:24.970+0000] {processor.py:830} INFO - Processing file /home/airflow/.local/lib/python3.12/site-packages/airflow/example_dags/example_short_circuit_operator.py for tasks to queue
[2025-11-25T14:53:24.971+0000] {logging_mixin.py:188} INFO - [2025-11-25T14:53:24.971+0000] {dagbag.py:545} INFO - Filling up the DagBag from /home/airflow/.local/lib/python3.12/site-packages/airflow/example_dags/example_short_circuit_operator.py
[2025-11-25T14:53:24.976+0000] {processor.py:840} INFO - DAG(s) 'example_short_circuit_operator' retrieved from /home/airflow/.local/lib/python3.12/site-packages/airflow/example_dags/example_short_circuit_operator.py
[2025-11-25T14:53:24.986+0000] {logging_mixin.py:188} INFO - [2025-11-25T14:53:24.985+0000] {dag.py:3096} INFO - Sync 1 DAGs
[2025-11-25T14:53:24.993+0000] {logging_mixin.py:188} INFO - [2025-11-25T14:53:24.993+0000] {dag.py:3954} INFO - Setting next_dagrun for example_short_circuit_operator to 2025-11-24 00:00:00+00:00, run_after=2025-11-25 00:00:00+00:00
[2025-11-25T14:53:25.004+0000] {processor.py:183} INFO - Processing /home/airflow/.local/lib/python3.12/site-packages/airflow/example_dags/example_short_circuit_operator.py took 0.038 seconds
[2025-11-25T14:59:09.342+0000] {processor.py:161} INFO - Started process (PID=2959) to work on /home/airflow/.local/lib/python3.12/site-packages/airflow/example_dags/example_short_circuit_operator.py
[2025-11-25T14:59:09.345+0000] {processor.py:830} INFO - Processing file /home/airflow/.local/lib/python3.12/site-packages/airflow/example_dags/example_short_circuit_operator.py for tasks to queue
[2025-11-25T14:59:09.345+0000] {logging_mixin.py:188} INFO - [2025-11-25T14:59:09.345+0000] {dagbag.py:545} INFO - Filling up the DagBag from /home/airflow/.local/lib/python3.12/site-packages/airflow/example_dags/example_short_circuit_operator.py
[2025-11-25T14:59:09.348+0000] {processor.py:840} INFO - DAG(s) 'example_short_circuit_operator' retrieved from /home/airflow/.local/lib/python3.12/site-packages/airflow/example_dags/example_short_circuit_operator.py
[2025-11-25T14:59:09.361+0000] {logging_mixin.py:188} INFO - [2025-11-25T14:59:09.361+0000] {dag.py:3096} INFO - Sync 1 DAGs
[2025-11-25T14:59:09.370+0000] {logging_mixin.py:188} INFO - [2025-11-25T14:59:09.370+0000] {dag.py:3954} INFO - Setting next_dagrun for example_short_circuit_operator to 2025-11-24 00:00:00+00:00, run_after=2025-11-25 00:00:00+00:00
[2025-11-25T14:59:09.376+0000] {processor.py:183} INFO - Processing /home/airflow/.local/lib/python3.12/site-packages/airflow/example_dags/example_short_circuit_operator.py took 0.036 seconds
[2025-11-25T15:14:02.595+0000] {processor.py:161} INFO - Started process (PID=3017) to work on /home/airflow/.local/lib/python3.12/site-packages/airflow/example_dags/example_short_circuit_operator.py
[2025-11-25T15:14:02.596+0000] {processor.py:830} INFO - Processing file /home/airflow/.local/lib/python3.12/site-packages/airflow/example_dags/example_short_circuit_operator.py for tasks to queue
[2025-11-25T15:14:02.597+0000] {logging_mixin.py:188} INFO - [2025-11-25T15:14:02.597+0000] {dagbag.py:545} INFO - Filling up the DagBag from /home/airflow/.local/lib/python3.12/site-packages/airflow/example_dags/example_short_circuit_operator.py
[2025-11-25T15:14:02.600+0000] {processor.py:840} INFO - DAG(s) 'example_short_circuit_operator' retrieved from /home/airflow/.local/lib/python3.12/site-packages/airflow/example_dags/example_short_circuit_operator.py
[2025-11-25T15:14:02.610+0000] {logging_mixin.py:188} INFO - [2025-11-25T15:14:02.610+0000] {dag.py:3096} INFO - Sync 1 DAGs
[2025-11-25T15:14:02.618+0000] {logging_mixin.py:188} INFO - [2025-11-25T15:14:02.618+0000] {dag.py:3954} INFO - Setting next_dagrun for example_short_circuit_operator to 2025-11-24 00:00:00+00:00, run_after=2025-11-25 00:00:00+00:00
[2025-11-25T15:14:02.624+0000] {processor.py:183} INFO - Processing /home/airflow/.local/lib/python3.12/site-packages/airflow/example_dags/example_short_circuit_operator.py took 0.031 seconds
[2025-11-25T15:15:16.713+0000] {processor.py:161} INFO - Started process (PID=3075) to work on /home/airflow/.local/lib/python3.12/site-packages/airflow/example_dags/example_short_circuit_operator.py
[2025-11-25T15:15:16.714+0000] {processor.py:830} INFO - Processing file /home/airflow/.local/lib/python3.12/site-packages/airflow/example_dags/example_short_circuit_operator.py for tasks to queue
[2025-11-25T15:15:16.714+0000] {logging_mixin.py:188} INFO - [2025-11-25T15:15:16.714+0000] {dagbag.py:545} INFO - Filling up the DagBag from /home/airflow/.local/lib/python3.12/site-packages/airflow/example_dags/example_short_circuit_operator.py
[2025-11-25T15:15:16.717+0000] {processor.py:840} INFO - DAG(s) 'example_short_circuit_operator' retrieved from /home/airflow/.local/lib/python3.12/site-packages/airflow/example_dags/example_short_circuit_operator.py
[2025-11-25T15:15:16.725+0000] {logging_mixin.py:188} INFO - [2025-11-25T15:15:16.725+0000] {dag.py:3096} INFO - Sync 1 DAGs
[2025-11-25T15:15:16.733+0000] {logging_mixin.py:188} INFO - [2025-11-25T15:15:16.733+0000] {dag.py:3954} INFO - Setting next_dagrun for example_short_circuit_operator to 2025-11-24 00:00:00+00:00, run_after=2025-11-25 00:00:00+00:00
[2025-11-25T15:15:16.743+0000] {processor.py:183} INFO - Processing /home/airflow/.local/lib/python3.12/site-packages/airflow/example_dags/example_short_circuit_operator.py took 0.033 seconds
[2025-11-25T15:15:47.315+0000] {processor.py:161} INFO - Started process (PID=3133) to work on /home/airflow/.local/lib/python3.12/site-packages/airflow/example_dags/example_short_circuit_operator.py
[2025-11-25T15:15:47.315+0000] {processor.py:830} INFO - Processing file /home/airflow/.local/lib/python3.12/site-packages/airflow/example_dags/example_short_circuit_operator.py for tasks to queue
[2025-11-25T15:15:47.316+0000] {logging_mixin.py:188} INFO - [2025-11-25T15:15:47.316+0000] {dagbag.py:545} INFO - Filling up the DagBag from /home/airflow/.local/lib/python3.12/site-packages/airflow/example_dags/example_short_circuit_operator.py
[2025-11-25T15:15:47.319+0000] {processor.py:840} INFO - DAG(s) 'example_short_circuit_operator' retrieved from /home/airflow/.local/lib/python3.12/site-packages/airflow/example_dags/example_short_circuit_operator.py
[2025-11-25T15:15:47.328+0000] {logging_mixin.py:188} INFO - [2025-11-25T15:15:47.328+0000] {dag.py:3096} INFO - Sync 1 DAGs
[2025-11-25T15:15:47.337+0000] {logging_mixin.py:188} INFO - [2025-11-25T15:15:47.336+0000] {dag.py:3954} INFO - Setting next_dagrun for example_short_circuit_operator to 2025-11-24 00:00:00+00:00, run_after=2025-11-25 00:00:00+00:00
[2025-11-25T15:15:47.346+0000] {processor.py:183} INFO - Processing /home/airflow/.local/lib/python3.12/site-packages/airflow/example_dags/example_short_circuit_operator.py took 0.034 seconds
[2025-11-25T15:16:18.010+0000] {processor.py:161} INFO - Started process (PID=3191) to work on /home/airflow/.local/lib/python3.12/site-packages/airflow/example_dags/example_short_circuit_operator.py
[2025-11-25T15:16:18.011+0000] {processor.py:830} INFO - Processing file /home/airflow/.local/lib/python3.12/site-packages/airflow/example_dags/example_short_circuit_operator.py for tasks to queue
[2025-11-25T15:16:18.012+0000] {logging_mixin.py:188} INFO - [2025-11-25T15:16:18.012+0000] {dagbag.py:545} INFO - Filling up the DagBag from /home/airflow/.local/lib/python3.12/site-packages/airflow/example_dags/example_short_circuit_operator.py
[2025-11-25T15:16:18.015+0000] {processor.py:840} INFO - DAG(s) 'example_short_circuit_operator' retrieved from /home/airflow/.local/lib/python3.12/site-packages/airflow/example_dags/example_short_circuit_operator.py
[2025-11-25T15:16:18.025+0000] {logging_mixin.py:188} INFO - [2025-11-25T15:16:18.025+0000] {dag.py:3096} INFO - Sync 1 DAGs
[2025-11-25T15:16:18.034+0000] {logging_mixin.py:188} INFO - [2025-11-25T15:16:18.034+0000] {dag.py:3954} INFO - Setting next_dagrun for example_short_circuit_operator to 2025-11-24 00:00:00+00:00, run_after=2025-11-25 00:00:00+00:00
[2025-11-25T15:16:18.043+0000] {processor.py:183} INFO - Processing /home/airflow/.local/lib/python3.12/site-packages/airflow/example_dags/example_short_circuit_operator.py took 0.036 seconds
[2025-11-25T15:16:48.658+0000] {processor.py:161} INFO - Started process (PID=3249) to work on /home/airflow/.local/lib/python3.12/site-packages/airflow/example_dags/example_short_circuit_operator.py
[2025-11-25T15:16:48.659+0000] {processor.py:830} INFO - Processing file /home/airflow/.local/lib/python3.12/site-packages/airflow/example_dags/example_short_circuit_operator.py for tasks to queue
[2025-11-25T15:16:48.659+0000] {logging_mixin.py:188} INFO - [2025-11-25T15:16:48.659+0000] {dagbag.py:545} INFO - Filling up the DagBag from /home/airflow/.local/lib/python3.12/site-packages/airflow/example_dags/example_short_circuit_operator.py
[2025-11-25T15:16:48.662+0000] {processor.py:840} INFO - DAG(s) 'example_short_circuit_operator' retrieved from /home/airflow/.local/lib/python3.12/site-packages/airflow/example_dags/example_short_circuit_operator.py
[2025-11-25T15:16:48.671+0000] {logging_mixin.py:188} INFO - [2025-11-25T15:16:48.671+0000] {dag.py:3096} INFO - Sync 1 DAGs
[2025-11-25T15:16:48.678+0000] {logging_mixin.py:188} INFO - [2025-11-25T15:16:48.678+0000] {dag.py:3954} INFO - Setting next_dagrun for example_short_circuit_operator to 2025-11-24 00:00:00+00:00, run_after=2025-11-25 00:00:00+00:00
[2025-11-25T15:16:48.686+0000] {processor.py:183} INFO - Processing /home/airflow/.local/lib/python3.12/site-packages/airflow/example_dags/example_short_circuit_operator.py took 0.030 seconds
[2025-11-25T15:17:19.173+0000] {processor.py:161} INFO - Started process (PID=3306) to work on /home/airflow/.local/lib/python3.12/site-packages/airflow/example_dags/example_short_circuit_operator.py
[2025-11-25T15:17:19.173+0000] {processor.py:830} INFO - Processing file /home/airflow/.local/lib/python3.12/site-packages/airflow/example_dags/example_short_circuit_operator.py for tasks to queue
[2025-11-25T15:17:19.174+0000] {logging_mixin.py:188} INFO - [2025-11-25T15:17:19.174+0000] {dagbag.py:545} INFO - Filling up the DagBag from /home/airflow/.local/lib/python3.12/site-packages/airflow/example_dags/example_short_circuit_operator.py
[2025-11-25T15:17:19.177+0000] {processor.py:840} INFO - DAG(s) 'example_short_circuit_operator' retrieved from /home/airflow/.local/lib/python3.12/site-packages/airflow/example_dags/example_short_circuit_operator.py
[2025-11-25T15:17:19.185+0000] {logging_mixin.py:188} INFO - [2025-11-25T15:17:19.185+0000] {dag.py:3096} INFO - Sync 1 DAGs
[2025-11-25T15:17:19.191+0000] {logging_mixin.py:188} INFO - [2025-11-25T15:17:19.191+0000] {dag.py:3954} INFO - Setting next_dagrun for example_short_circuit_operator to 2025-11-24 00:00:00+00:00, run_after=2025-11-25 00:00:00+00:00
[2025-11-25T15:17:19.196+0000] {processor.py:183} INFO - Processing /home/airflow/.local/lib/python3.12/site-packages/airflow/example_dags/example_short_circuit_operator.py took 0.025 seconds
[2025-11-25T15:17:49.759+0000] {processor.py:161} INFO - Started process (PID=3364) to work on /home/airflow/.local/lib/python3.12/site-packages/airflow/example_dags/example_short_circuit_operator.py
[2025-11-25T15:17:49.760+0000] {processor.py:830} INFO - Processing file /home/airflow/.local/lib/python3.12/site-packages/airflow/example_dags/example_short_circuit_operator.py for tasks to queue
[2025-11-25T15:17:49.761+0000] {logging_mixin.py:188} INFO - [2025-11-25T15:17:49.761+0000] {dagbag.py:545} INFO - Filling up the DagBag from /home/airflow/.local/lib/python3.12/site-packages/airflow/example_dags/example_short_circuit_operator.py
[2025-11-25T15:17:49.764+0000] {processor.py:840} INFO - DAG(s) 'example_short_circuit_operator' retrieved from /home/airflow/.local/lib/python3.12/site-packages/airflow/example_dags/example_short_circuit_operator.py
[2025-11-25T15:17:49.775+0000] {logging_mixin.py:188} INFO - [2025-11-25T15:17:49.775+0000] {dag.py:3096} INFO - Sync 1 DAGs
[2025-11-25T15:17:49.789+0000] {logging_mixin.py:188} INFO - [2025-11-25T15:17:49.789+0000] {dag.py:3954} INFO - Setting next_dagrun for example_short_circuit_operator to 2025-11-24 00:00:00+00:00, run_after=2025-11-25 00:00:00+00:00
[2025-11-25T15:17:49.797+0000] {processor.py:183} INFO - Processing /home/airflow/.local/lib/python3.12/site-packages/airflow/example_dags/example_short_circuit_operator.py took 0.040 seconds
[2025-11-25T15:18:20.274+0000] {processor.py:161} INFO - Started process (PID=3422) to work on /home/airflow/.local/lib/python3.12/site-packages/airflow/example_dags/example_short_circuit_operator.py
[2025-11-25T15:18:20.275+0000] {processor.py:830} INFO - Processing file /home/airflow/.local/lib/python3.12/site-packages/airflow/example_dags/example_short_circuit_operator.py for tasks to queue
[2025-11-25T15:18:20.276+0000] {logging_mixin.py:188} INFO - [2025-11-25T15:18:20.276+0000] {dagbag.py:545} INFO - Filling up the DagBag from /home/airflow/.local/lib/python3.12/site-packages/airflow/example_dags/example_short_circuit_operator.py
[2025-11-25T15:18:20.278+0000] {processor.py:840} INFO - DAG(s) 'example_short_circuit_operator' retrieved from /home/airflow/.local/lib/python3.12/site-packages/airflow/example_dags/example_short_circuit_operator.py
[2025-11-25T15:18:20.287+0000] {logging_mixin.py:188} INFO - [2025-11-25T15:18:20.287+0000] {dag.py:3096} INFO - Sync 1 DAGs
[2025-11-25T15:18:20.294+0000] {logging_mixin.py:188} INFO - [2025-11-25T15:18:20.294+0000] {dag.py:3954} INFO - Setting next_dagrun for example_short_circuit_operator to 2025-11-24 00:00:00+00:00, run_after=2025-11-25 00:00:00+00:00
[2025-11-25T15:18:20.303+0000] {processor.py:183} INFO - Processing /home/airflow/.local/lib/python3.12/site-packages/airflow/example_dags/example_short_circuit_operator.py took 0.031 seconds
[2025-11-25T15:18:50.696+0000] {processor.py:161} INFO - Started process (PID=3480) to work on /home/airflow/.local/lib/python3.12/site-packages/airflow/example_dags/example_short_circuit_operator.py
[2025-11-25T15:18:50.697+0000] {processor.py:830} INFO - Processing file /home/airflow/.local/lib/python3.12/site-packages/airflow/example_dags/example_short_circuit_operator.py for tasks to queue
[2025-11-25T15:18:50.698+0000] {logging_mixin.py:188} INFO - [2025-11-25T15:18:50.698+0000] {dagbag.py:545} INFO - Filling up the DagBag from /home/airflow/.local/lib/python3.12/site-packages/airflow/example_dags/example_short_circuit_operator.py
[2025-11-25T15:18:50.701+0000] {processor.py:840} INFO - DAG(s) 'example_short_circuit_operator' retrieved from /home/airflow/.local/lib/python3.12/site-packages/airflow/example_dags/example_short_circuit_operator.py
[2025-11-25T15:18:50.709+0000] {logging_mixin.py:188} INFO - [2025-11-25T15:18:50.709+0000] {dag.py:3096} INFO - Sync 1 DAGs
[2025-11-25T15:18:50.716+0000] {logging_mixin.py:188} INFO - [2025-11-25T15:18:50.716+0000] {dag.py:3954} INFO - Setting next_dagrun for example_short_circuit_operator to 2025-11-24 00:00:00+00:00, run_after=2025-11-25 00:00:00+00:00
[2025-11-25T15:18:50.726+0000] {processor.py:183} INFO - Processing /home/airflow/.local/lib/python3.12/site-packages/airflow/example_dags/example_short_circuit_operator.py took 0.032 seconds
[2025-11-25T15:19:21.213+0000] {processor.py:161} INFO - Started process (PID=3538) to work on /home/airflow/.local/lib/python3.12/site-packages/airflow/example_dags/example_short_circuit_operator.py
[2025-11-25T15:19:21.214+0000] {processor.py:830} INFO - Processing file /home/airflow/.local/lib/python3.12/site-packages/airflow/example_dags/example_short_circuit_operator.py for tasks to queue
[2025-11-25T15:19:21.215+0000] {logging_mixin.py:188} INFO - [2025-11-25T15:19:21.214+0000] {dagbag.py:545} INFO - Filling up the DagBag from /home/airflow/.local/lib/python3.12/site-packages/airflow/example_dags/example_short_circuit_operator.py
[2025-11-25T15:19:21.217+0000] {processor.py:840} INFO - DAG(s) 'example_short_circuit_operator' retrieved from /home/airflow/.local/lib/python3.12/site-packages/airflow/example_dags/example_short_circuit_operator.py
[2025-11-25T15:19:21.227+0000] {logging_mixin.py:188} INFO - [2025-11-25T15:19:21.227+0000] {dag.py:3096} INFO - Sync 1 DAGs
[2025-11-25T15:19:21.234+0000] {logging_mixin.py:188} INFO - [2025-11-25T15:19:21.234+0000] {dag.py:3954} INFO - Setting next_dagrun for example_short_circuit_operator to 2025-11-24 00:00:00+00:00, run_after=2025-11-25 00:00:00+00:00
[2025-11-25T15:19:21.240+0000] {processor.py:183} INFO - Processing /home/airflow/.local/lib/python3.12/site-packages/airflow/example_dags/example_short_circuit_operator.py took 0.029 seconds
[2025-11-25T15:19:51.561+0000] {processor.py:161} INFO - Started process (PID=3596) to work on /home/airflow/.local/lib/python3.12/site-packages/airflow/example_dags/example_short_circuit_operator.py
[2025-11-25T15:19:51.562+0000] {processor.py:830} INFO - Processing file /home/airflow/.local/lib/python3.12/site-packages/airflow/example_dags/example_short_circuit_operator.py for tasks to queue
[2025-11-25T15:19:51.563+0000] {logging_mixin.py:188} INFO - [2025-11-25T15:19:51.563+0000] {dagbag.py:545} INFO - Filling up the DagBag from /home/airflow/.local/lib/python3.12/site-packages/airflow/example_dags/example_short_circuit_operator.py
[2025-11-25T15:19:51.566+0000] {processor.py:840} INFO - DAG(s) 'example_short_circuit_operator' retrieved from /home/airflow/.local/lib/python3.12/site-packages/airflow/example_dags/example_short_circuit_operator.py
[2025-11-25T15:19:51.574+0000] {logging_mixin.py:188} INFO - [2025-11-25T15:19:51.574+0000] {dag.py:3096} INFO - Sync 1 DAGs
[2025-11-25T15:19:51.581+0000] {logging_mixin.py:188} INFO - [2025-11-25T15:19:51.581+0000] {dag.py:3954} INFO - Setting next_dagrun for example_short_circuit_operator to 2025-11-24 00:00:00+00:00, run_after=2025-11-25 00:00:00+00:00
[2025-11-25T15:19:51.587+0000] {processor.py:183} INFO - Processing /home/airflow/.local/lib/python3.12/site-packages/airflow/example_dags/example_short_circuit_operator.py took 0.028 seconds
[2025-11-25T15:20:21.938+0000] {processor.py:161} INFO - Started process (PID=3654) to work on /home/airflow/.local/lib/python3.12/site-packages/airflow/example_dags/example_short_circuit_operator.py
[2025-11-25T15:20:21.939+0000] {processor.py:830} INFO - Processing file /home/airflow/.local/lib/python3.12/site-packages/airflow/example_dags/example_short_circuit_operator.py for tasks to queue
[2025-11-25T15:20:21.940+0000] {logging_mixin.py:188} INFO - [2025-11-25T15:20:21.940+0000] {dagbag.py:545} INFO - Filling up the DagBag from /home/airflow/.local/lib/python3.12/site-packages/airflow/example_dags/example_short_circuit_operator.py
[2025-11-25T15:20:21.944+0000] {processor.py:840} INFO - DAG(s) 'example_short_circuit_operator' retrieved from /home/airflow/.local/lib/python3.12/site-packages/airflow/example_dags/example_short_circuit_operator.py
[2025-11-25T15:20:21.952+0000] {logging_mixin.py:188} INFO - [2025-11-25T15:20:21.952+0000] {dag.py:3096} INFO - Sync 1 DAGs
[2025-11-25T15:20:21.960+0000] {logging_mixin.py:188} INFO - [2025-11-25T15:20:21.959+0000] {dag.py:3954} INFO - Setting next_dagrun for example_short_circuit_operator to 2025-11-24 00:00:00+00:00, run_after=2025-11-25 00:00:00+00:00
[2025-11-25T15:20:21.965+0000] {processor.py:183} INFO - Processing /home/airflow/.local/lib/python3.12/site-packages/airflow/example_dags/example_short_circuit_operator.py took 0.030 seconds
[2025-11-25T15:20:52.320+0000] {processor.py:161} INFO - Started process (PID=3712) to work on /home/airflow/.local/lib/python3.12/site-packages/airflow/example_dags/example_short_circuit_operator.py
[2025-11-25T15:20:52.321+0000] {processor.py:830} INFO - Processing file /home/airflow/.local/lib/python3.12/site-packages/airflow/example_dags/example_short_circuit_operator.py for tasks to queue
[2025-11-25T15:20:52.323+0000] {logging_mixin.py:188} INFO - [2025-11-25T15:20:52.323+0000] {dagbag.py:545} INFO - Filling up the DagBag from /home/airflow/.local/lib/python3.12/site-packages/airflow/example_dags/example_short_circuit_operator.py
[2025-11-25T15:20:52.327+0000] {processor.py:840} INFO - DAG(s) 'example_short_circuit_operator' retrieved from /home/airflow/.local/lib/python3.12/site-packages/airflow/example_dags/example_short_circuit_operator.py
[2025-11-25T15:20:52.337+0000] {logging_mixin.py:188} INFO - [2025-11-25T15:20:52.336+0000] {dag.py:3096} INFO - Sync 1 DAGs
[2025-11-25T15:20:52.345+0000] {logging_mixin.py:188} INFO - [2025-11-25T15:20:52.345+0000] {dag.py:3954} INFO - Setting next_dagrun for example_short_circuit_operator to 2025-11-24 00:00:00+00:00, run_after=2025-11-25 00:00:00+00:00
[2025-11-25T15:20:52.351+0000] {processor.py:183} INFO - Processing /home/airflow/.local/lib/python3.12/site-packages/airflow/example_dags/example_short_circuit_operator.py took 0.034 seconds
[2025-11-25T15:21:22.763+0000] {processor.py:161} INFO - Started process (PID=3770) to work on /home/airflow/.local/lib/python3.12/site-packages/airflow/example_dags/example_short_circuit_operator.py
[2025-11-25T15:21:22.763+0000] {processor.py:830} INFO - Processing file /home/airflow/.local/lib/python3.12/site-packages/airflow/example_dags/example_short_circuit_operator.py for tasks to queue
[2025-11-25T15:21:22.764+0000] {logging_mixin.py:188} INFO - [2025-11-25T15:21:22.764+0000] {dagbag.py:545} INFO - Filling up the DagBag from /home/airflow/.local/lib/python3.12/site-packages/airflow/example_dags/example_short_circuit_operator.py
[2025-11-25T15:21:22.767+0000] {processor.py:840} INFO - DAG(s) 'example_short_circuit_operator' retrieved from /home/airflow/.local/lib/python3.12/site-packages/airflow/example_dags/example_short_circuit_operator.py
[2025-11-25T15:21:22.776+0000] {logging_mixin.py:188} INFO - [2025-11-25T15:21:22.776+0000] {dag.py:3096} INFO - Sync 1 DAGs
[2025-11-25T15:21:22.785+0000] {logging_mixin.py:188} INFO - [2025-11-25T15:21:22.785+0000] {dag.py:3954} INFO - Setting next_dagrun for example_short_circuit_operator to 2025-11-24 00:00:00+00:00, run_after=2025-11-25 00:00:00+00:00
[2025-11-25T15:21:22.791+0000] {processor.py:183} INFO - Processing /home/airflow/.local/lib/python3.12/site-packages/airflow/example_dags/example_short_circuit_operator.py took 0.031 seconds
[2025-11-25T15:21:53.103+0000] {processor.py:161} INFO - Started process (PID=3828) to work on /home/airflow/.local/lib/python3.12/site-packages/airflow/example_dags/example_short_circuit_operator.py
[2025-11-25T15:21:53.104+0000] {processor.py:830} INFO - Processing file /home/airflow/.local/lib/python3.12/site-packages/airflow/example_dags/example_short_circuit_operator.py for tasks to queue
[2025-11-25T15:21:53.105+0000] {logging_mixin.py:188} INFO - [2025-11-25T15:21:53.105+0000] {dagbag.py:545} INFO - Filling up the DagBag from /home/airflow/.local/lib/python3.12/site-packages/airflow/example_dags/example_short_circuit_operator.py
[2025-11-25T15:21:53.109+0000] {processor.py:840} INFO - DAG(s) 'example_short_circuit_operator' retrieved from /home/airflow/.local/lib/python3.12/site-packages/airflow/example_dags/example_short_circuit_operator.py
[2025-11-25T15:21:53.117+0000] {logging_mixin.py:188} INFO - [2025-11-25T15:21:53.117+0000] {dag.py:3096} INFO - Sync 1 DAGs
[2025-11-25T15:21:53.124+0000] {logging_mixin.py:188} INFO - [2025-11-25T15:21:53.124+0000] {dag.py:3954} INFO - Setting next_dagrun for example_short_circuit_operator to 2025-11-24 00:00:00+00:00, run_after=2025-11-25 00:00:00+00:00
[2025-11-25T15:21:53.130+0000] {processor.py:183} INFO - Processing /home/airflow/.local/lib/python3.12/site-packages/airflow/example_dags/example_short_circuit_operator.py took 0.030 seconds
[2025-11-25T15:22:23.758+0000] {processor.py:161} INFO - Started process (PID=3886) to work on /home/airflow/.local/lib/python3.12/site-packages/airflow/example_dags/example_short_circuit_operator.py
[2025-11-25T15:22:23.759+0000] {processor.py:830} INFO - Processing file /home/airflow/.local/lib/python3.12/site-packages/airflow/example_dags/example_short_circuit_operator.py for tasks to queue
[2025-11-25T15:22:23.760+0000] {logging_mixin.py:188} INFO - [2025-11-25T15:22:23.760+0000] {dagbag.py:545} INFO - Filling up the DagBag from /home/airflow/.local/lib/python3.12/site-packages/airflow/example_dags/example_short_circuit_operator.py
[2025-11-25T15:22:23.766+0000] {processor.py:840} INFO - DAG(s) 'example_short_circuit_operator' retrieved from /home/airflow/.local/lib/python3.12/site-packages/airflow/example_dags/example_short_circuit_operator.py
[2025-11-25T15:22:23.778+0000] {logging_mixin.py:188} INFO - [2025-11-25T15:22:23.778+0000] {dag.py:3096} INFO - Sync 1 DAGs
[2025-11-25T15:22:23.787+0000] {logging_mixin.py:188} INFO - [2025-11-25T15:22:23.787+0000] {dag.py:3954} INFO - Setting next_dagrun for example_short_circuit_operator to 2025-11-24 00:00:00+00:00, run_after=2025-11-25 00:00:00+00:00
[2025-11-25T15:22:23.797+0000] {processor.py:183} INFO - Processing /home/airflow/.local/lib/python3.12/site-packages/airflow/example_dags/example_short_circuit_operator.py took 0.042 seconds
[2025-11-25T15:22:54.755+0000] {processor.py:161} INFO - Started process (PID=3944) to work on /home/airflow/.local/lib/python3.12/site-packages/airflow/example_dags/example_short_circuit_operator.py
[2025-11-25T15:22:54.756+0000] {processor.py:830} INFO - Processing file /home/airflow/.local/lib/python3.12/site-packages/airflow/example_dags/example_short_circuit_operator.py for tasks to queue
[2025-11-25T15:22:54.757+0000] {logging_mixin.py:188} INFO - [2025-11-25T15:22:54.757+0000] {dagbag.py:545} INFO - Filling up the DagBag from /home/airflow/.local/lib/python3.12/site-packages/airflow/example_dags/example_short_circuit_operator.py
[2025-11-25T15:22:54.762+0000] {processor.py:840} INFO - DAG(s) 'example_short_circuit_operator' retrieved from /home/airflow/.local/lib/python3.12/site-packages/airflow/example_dags/example_short_circuit_operator.py
[2025-11-25T15:22:54.779+0000] {logging_mixin.py:188} INFO - [2025-11-25T15:22:54.779+0000] {dag.py:3096} INFO - Sync 1 DAGs
[2025-11-25T15:22:54.790+0000] {logging_mixin.py:188} INFO - [2025-11-25T15:22:54.790+0000] {dag.py:3954} INFO - Setting next_dagrun for example_short_circuit_operator to 2025-11-24 00:00:00+00:00, run_after=2025-11-25 00:00:00+00:00
[2025-11-25T15:22:54.802+0000] {processor.py:183} INFO - Processing /home/airflow/.local/lib/python3.12/site-packages/airflow/example_dags/example_short_circuit_operator.py took 0.049 seconds
[2025-11-25T15:23:25.525+0000] {processor.py:161} INFO - Started process (PID=4002) to work on /home/airflow/.local/lib/python3.12/site-packages/airflow/example_dags/example_short_circuit_operator.py
[2025-11-25T15:23:25.525+0000] {processor.py:830} INFO - Processing file /home/airflow/.local/lib/python3.12/site-packages/airflow/example_dags/example_short_circuit_operator.py for tasks to queue
[2025-11-25T15:23:25.526+0000] {logging_mixin.py:188} INFO - [2025-11-25T15:23:25.526+0000] {dagbag.py:545} INFO - Filling up the DagBag from /home/airflow/.local/lib/python3.12/site-packages/airflow/example_dags/example_short_circuit_operator.py
[2025-11-25T15:23:25.529+0000] {processor.py:840} INFO - DAG(s) 'example_short_circuit_operator' retrieved from /home/airflow/.local/lib/python3.12/site-packages/airflow/example_dags/example_short_circuit_operator.py
[2025-11-25T15:23:25.539+0000] {logging_mixin.py:188} INFO - [2025-11-25T15:23:25.539+0000] {dag.py:3096} INFO - Sync 1 DAGs
[2025-11-25T15:23:25.548+0000] {logging_mixin.py:188} INFO - [2025-11-25T15:23:25.548+0000] {dag.py:3954} INFO - Setting next_dagrun for example_short_circuit_operator to 2025-11-24 00:00:00+00:00, run_after=2025-11-25 00:00:00+00:00
[2025-11-25T15:23:25.556+0000] {processor.py:183} INFO - Processing /home/airflow/.local/lib/python3.12/site-packages/airflow/example_dags/example_short_circuit_operator.py took 0.034 seconds
[2025-11-25T15:23:56.157+0000] {processor.py:161} INFO - Started process (PID=4060) to work on /home/airflow/.local/lib/python3.12/site-packages/airflow/example_dags/example_short_circuit_operator.py
[2025-11-25T15:23:56.160+0000] {processor.py:830} INFO - Processing file /home/airflow/.local/lib/python3.12/site-packages/airflow/example_dags/example_short_circuit_operator.py for tasks to queue
[2025-11-25T15:23:56.160+0000] {logging_mixin.py:188} INFO - [2025-11-25T15:23:56.160+0000] {dagbag.py:545} INFO - Filling up the DagBag from /home/airflow/.local/lib/python3.12/site-packages/airflow/example_dags/example_short_circuit_operator.py
[2025-11-25T15:23:56.164+0000] {processor.py:840} INFO - DAG(s) 'example_short_circuit_operator' retrieved from /home/airflow/.local/lib/python3.12/site-packages/airflow/example_dags/example_short_circuit_operator.py
[2025-11-25T15:23:56.174+0000] {logging_mixin.py:188} INFO - [2025-11-25T15:23:56.174+0000] {dag.py:3096} INFO - Sync 1 DAGs
[2025-11-25T15:23:56.182+0000] {logging_mixin.py:188} INFO - [2025-11-25T15:23:56.182+0000] {dag.py:3954} INFO - Setting next_dagrun for example_short_circuit_operator to 2025-11-24 00:00:00+00:00, run_after=2025-11-25 00:00:00+00:00
[2025-11-25T15:23:56.188+0000] {processor.py:183} INFO - Processing /home/airflow/.local/lib/python3.12/site-packages/airflow/example_dags/example_short_circuit_operator.py took 0.034 seconds
[2025-11-25T15:24:29.626+0000] {processor.py:161} INFO - Started process (PID=4118) to work on /home/airflow/.local/lib/python3.12/site-packages/airflow/example_dags/example_short_circuit_operator.py
[2025-11-25T15:24:29.628+0000] {processor.py:830} INFO - Processing file /home/airflow/.local/lib/python3.12/site-packages/airflow/example_dags/example_short_circuit_operator.py for tasks to queue
[2025-11-25T15:24:29.629+0000] {logging_mixin.py:188} INFO - [2025-11-25T15:24:29.629+0000] {dagbag.py:545} INFO - Filling up the DagBag from /home/airflow/.local/lib/python3.12/site-packages/airflow/example_dags/example_short_circuit_operator.py
[2025-11-25T15:24:29.633+0000] {processor.py:840} INFO - DAG(s) 'example_short_circuit_operator' retrieved from /home/airflow/.local/lib/python3.12/site-packages/airflow/example_dags/example_short_circuit_operator.py
[2025-11-25T15:24:29.648+0000] {logging_mixin.py:188} INFO - [2025-11-25T15:24:29.648+0000] {dag.py:3096} INFO - Sync 1 DAGs
[2025-11-25T15:24:29.658+0000] {logging_mixin.py:188} INFO - [2025-11-25T15:24:29.658+0000] {dag.py:3954} INFO - Setting next_dagrun for example_short_circuit_operator to 2025-11-24 00:00:00+00:00, run_after=2025-11-25 00:00:00+00:00
[2025-11-25T15:24:29.670+0000] {processor.py:183} INFO - Processing /home/airflow/.local/lib/python3.12/site-packages/airflow/example_dags/example_short_circuit_operator.py took 0.047 seconds
[2025-11-25T15:24:59.988+0000] {processor.py:161} INFO - Started process (PID=4176) to work on /home/airflow/.local/lib/python3.12/site-packages/airflow/example_dags/example_short_circuit_operator.py
[2025-11-25T15:24:59.989+0000] {processor.py:830} INFO - Processing file /home/airflow/.local/lib/python3.12/site-packages/airflow/example_dags/example_short_circuit_operator.py for tasks to queue
[2025-11-25T15:24:59.990+0000] {logging_mixin.py:188} INFO - [2025-11-25T15:24:59.990+0000] {dagbag.py:545} INFO - Filling up the DagBag from /home/airflow/.local/lib/python3.12/site-packages/airflow/example_dags/example_short_circuit_operator.py
[2025-11-25T15:24:59.993+0000] {processor.py:840} INFO - DAG(s) 'example_short_circuit_operator' retrieved from /home/airflow/.local/lib/python3.12/site-packages/airflow/example_dags/example_short_circuit_operator.py
[2025-11-25T15:25:00.006+0000] {logging_mixin.py:188} INFO - [2025-11-25T15:25:00.005+0000] {dag.py:3096} INFO - Sync 1 DAGs
[2025-11-25T15:25:00.014+0000] {logging_mixin.py:188} INFO - [2025-11-25T15:25:00.014+0000] {dag.py:3954} INFO - Setting next_dagrun for example_short_circuit_operator to 2025-11-24 00:00:00+00:00, run_after=2025-11-25 00:00:00+00:00
[2025-11-25T15:25:00.020+0000] {processor.py:183} INFO - Processing /home/airflow/.local/lib/python3.12/site-packages/airflow/example_dags/example_short_circuit_operator.py took 0.034 seconds
[2025-11-25T15:25:30.497+0000] {processor.py:161} INFO - Started process (PID=4234) to work on /home/airflow/.local/lib/python3.12/site-packages/airflow/example_dags/example_short_circuit_operator.py
[2025-11-25T15:25:30.498+0000] {processor.py:830} INFO - Processing file /home/airflow/.local/lib/python3.12/site-packages/airflow/example_dags/example_short_circuit_operator.py for tasks to queue
[2025-11-25T15:25:30.498+0000] {logging_mixin.py:188} INFO - [2025-11-25T15:25:30.498+0000] {dagbag.py:545} INFO - Filling up the DagBag from /home/airflow/.local/lib/python3.12/site-packages/airflow/example_dags/example_short_circuit_operator.py
[2025-11-25T15:25:30.501+0000] {processor.py:840} INFO - DAG(s) 'example_short_circuit_operator' retrieved from /home/airflow/.local/lib/python3.12/site-packages/airflow/example_dags/example_short_circuit_operator.py
[2025-11-25T15:25:30.510+0000] {logging_mixin.py:188} INFO - [2025-11-25T15:25:30.509+0000] {dag.py:3096} INFO - Sync 1 DAGs
[2025-11-25T15:25:30.517+0000] {logging_mixin.py:188} INFO - [2025-11-25T15:25:30.517+0000] {dag.py:3954} INFO - Setting next_dagrun for example_short_circuit_operator to 2025-11-24 00:00:00+00:00, run_after=2025-11-25 00:00:00+00:00
[2025-11-25T15:25:30.524+0000] {processor.py:183} INFO - Processing /home/airflow/.local/lib/python3.12/site-packages/airflow/example_dags/example_short_circuit_operator.py took 0.029 seconds
[2025-11-25T15:26:01.038+0000] {processor.py:161} INFO - Started process (PID=4292) to work on /home/airflow/.local/lib/python3.12/site-packages/airflow/example_dags/example_short_circuit_operator.py
[2025-11-25T15:26:01.039+0000] {processor.py:830} INFO - Processing file /home/airflow/.local/lib/python3.12/site-packages/airflow/example_dags/example_short_circuit_operator.py for tasks to queue
[2025-11-25T15:26:01.040+0000] {logging_mixin.py:188} INFO - [2025-11-25T15:26:01.040+0000] {dagbag.py:545} INFO - Filling up the DagBag from /home/airflow/.local/lib/python3.12/site-packages/airflow/example_dags/example_short_circuit_operator.py
[2025-11-25T15:26:01.043+0000] {processor.py:840} INFO - DAG(s) 'example_short_circuit_operator' retrieved from /home/airflow/.local/lib/python3.12/site-packages/airflow/example_dags/example_short_circuit_operator.py
[2025-11-25T15:26:01.052+0000] {logging_mixin.py:188} INFO - [2025-11-25T15:26:01.052+0000] {dag.py:3096} INFO - Sync 1 DAGs
[2025-11-25T15:26:01.059+0000] {logging_mixin.py:188} INFO - [2025-11-25T15:26:01.059+0000] {dag.py:3954} INFO - Setting next_dagrun for example_short_circuit_operator to 2025-11-24 00:00:00+00:00, run_after=2025-11-25 00:00:00+00:00
[2025-11-25T15:26:01.066+0000] {processor.py:183} INFO - Processing /home/airflow/.local/lib/python3.12/site-packages/airflow/example_dags/example_short_circuit_operator.py took 0.030 seconds
[2025-11-25T15:26:31.565+0000] {processor.py:161} INFO - Started process (PID=4350) to work on /home/airflow/.local/lib/python3.12/site-packages/airflow/example_dags/example_short_circuit_operator.py
[2025-11-25T15:26:31.566+0000] {processor.py:830} INFO - Processing file /home/airflow/.local/lib/python3.12/site-packages/airflow/example_dags/example_short_circuit_operator.py for tasks to queue
[2025-11-25T15:26:31.568+0000] {logging_mixin.py:188} INFO - [2025-11-25T15:26:31.567+0000] {dagbag.py:545} INFO - Filling up the DagBag from /home/airflow/.local/lib/python3.12/site-packages/airflow/example_dags/example_short_circuit_operator.py
[2025-11-25T15:26:31.570+0000] {processor.py:840} INFO - DAG(s) 'example_short_circuit_operator' retrieved from /home/airflow/.local/lib/python3.12/site-packages/airflow/example_dags/example_short_circuit_operator.py
[2025-11-25T15:26:31.580+0000] {logging_mixin.py:188} INFO - [2025-11-25T15:26:31.580+0000] {dag.py:3096} INFO - Sync 1 DAGs
[2025-11-25T15:26:31.587+0000] {logging_mixin.py:188} INFO - [2025-11-25T15:26:31.587+0000] {dag.py:3954} INFO - Setting next_dagrun for example_short_circuit_operator to 2025-11-24 00:00:00+00:00, run_after=2025-11-25 00:00:00+00:00
[2025-11-25T15:26:31.593+0000] {processor.py:183} INFO - Processing /home/airflow/.local/lib/python3.12/site-packages/airflow/example_dags/example_short_circuit_operator.py took 0.030 seconds
[2025-11-25T15:27:02.349+0000] {processor.py:161} INFO - Started process (PID=4413) to work on /home/airflow/.local/lib/python3.12/site-packages/airflow/example_dags/example_short_circuit_operator.py
[2025-11-25T15:27:02.350+0000] {processor.py:830} INFO - Processing file /home/airflow/.local/lib/python3.12/site-packages/airflow/example_dags/example_short_circuit_operator.py for tasks to queue
[2025-11-25T15:27:02.352+0000] {logging_mixin.py:188} INFO - [2025-11-25T15:27:02.352+0000] {dagbag.py:545} INFO - Filling up the DagBag from /home/airflow/.local/lib/python3.12/site-packages/airflow/example_dags/example_short_circuit_operator.py
[2025-11-25T15:27:02.356+0000] {processor.py:840} INFO - DAG(s) 'example_short_circuit_operator' retrieved from /home/airflow/.local/lib/python3.12/site-packages/airflow/example_dags/example_short_circuit_operator.py
[2025-11-25T15:27:02.371+0000] {logging_mixin.py:188} INFO - [2025-11-25T15:27:02.370+0000] {dag.py:3096} INFO - Sync 1 DAGs
[2025-11-25T15:27:02.380+0000] {logging_mixin.py:188} INFO - [2025-11-25T15:27:02.380+0000] {dag.py:3954} INFO - Setting next_dagrun for example_short_circuit_operator to 2025-11-24 00:00:00+00:00, run_after=2025-11-25 00:00:00+00:00
[2025-11-25T15:27:02.386+0000] {processor.py:183} INFO - Processing /home/airflow/.local/lib/python3.12/site-packages/airflow/example_dags/example_short_circuit_operator.py took 0.042 seconds
[2025-11-25T15:27:33.140+0000] {processor.py:161} INFO - Started process (PID=4471) to work on /home/airflow/.local/lib/python3.12/site-packages/airflow/example_dags/example_short_circuit_operator.py
[2025-11-25T15:27:33.141+0000] {processor.py:830} INFO - Processing file /home/airflow/.local/lib/python3.12/site-packages/airflow/example_dags/example_short_circuit_operator.py for tasks to queue
[2025-11-25T15:27:33.142+0000] {logging_mixin.py:188} INFO - [2025-11-25T15:27:33.142+0000] {dagbag.py:545} INFO - Filling up the DagBag from /home/airflow/.local/lib/python3.12/site-packages/airflow/example_dags/example_short_circuit_operator.py
[2025-11-25T15:27:33.146+0000] {processor.py:840} INFO - DAG(s) 'example_short_circuit_operator' retrieved from /home/airflow/.local/lib/python3.12/site-packages/airflow/example_dags/example_short_circuit_operator.py
[2025-11-25T15:27:33.157+0000] {logging_mixin.py:188} INFO - [2025-11-25T15:27:33.157+0000] {dag.py:3096} INFO - Sync 1 DAGs
[2025-11-25T15:27:33.170+0000] {logging_mixin.py:188} INFO - [2025-11-25T15:27:33.169+0000] {dag.py:3954} INFO - Setting next_dagrun for example_short_circuit_operator to 2025-11-24 00:00:00+00:00, run_after=2025-11-25 00:00:00+00:00
[2025-11-25T15:27:33.180+0000] {processor.py:183} INFO - Processing /home/airflow/.local/lib/python3.12/site-packages/airflow/example_dags/example_short_circuit_operator.py took 0.043 seconds
[2025-11-25T15:28:03.775+0000] {processor.py:161} INFO - Started process (PID=4529) to work on /home/airflow/.local/lib/python3.12/site-packages/airflow/example_dags/example_short_circuit_operator.py
[2025-11-25T15:28:03.776+0000] {processor.py:830} INFO - Processing file /home/airflow/.local/lib/python3.12/site-packages/airflow/example_dags/example_short_circuit_operator.py for tasks to queue
[2025-11-25T15:28:03.777+0000] {logging_mixin.py:188} INFO - [2025-11-25T15:28:03.776+0000] {dagbag.py:545} INFO - Filling up the DagBag from /home/airflow/.local/lib/python3.12/site-packages/airflow/example_dags/example_short_circuit_operator.py
[2025-11-25T15:28:03.780+0000] {processor.py:840} INFO - DAG(s) 'example_short_circuit_operator' retrieved from /home/airflow/.local/lib/python3.12/site-packages/airflow/example_dags/example_short_circuit_operator.py
[2025-11-25T15:28:03.788+0000] {logging_mixin.py:188} INFO - [2025-11-25T15:28:03.788+0000] {dag.py:3096} INFO - Sync 1 DAGs
[2025-11-25T15:28:03.796+0000] {logging_mixin.py:188} INFO - [2025-11-25T15:28:03.796+0000] {dag.py:3954} INFO - Setting next_dagrun for example_short_circuit_operator to 2025-11-24 00:00:00+00:00, run_after=2025-11-25 00:00:00+00:00
[2025-11-25T15:28:03.802+0000] {processor.py:183} INFO - Processing /home/airflow/.local/lib/python3.12/site-packages/airflow/example_dags/example_short_circuit_operator.py took 0.029 seconds
[2025-11-25T15:28:34.360+0000] {processor.py:161} INFO - Started process (PID=4587) to work on /home/airflow/.local/lib/python3.12/site-packages/airflow/example_dags/example_short_circuit_operator.py
[2025-11-25T15:28:34.364+0000] {processor.py:830} INFO - Processing file /home/airflow/.local/lib/python3.12/site-packages/airflow/example_dags/example_short_circuit_operator.py for tasks to queue
[2025-11-25T15:28:34.365+0000] {logging_mixin.py:188} INFO - [2025-11-25T15:28:34.365+0000] {dagbag.py:545} INFO - Filling up the DagBag from /home/airflow/.local/lib/python3.12/site-packages/airflow/example_dags/example_short_circuit_operator.py
[2025-11-25T15:28:34.368+0000] {processor.py:840} INFO - DAG(s) 'example_short_circuit_operator' retrieved from /home/airflow/.local/lib/python3.12/site-packages/airflow/example_dags/example_short_circuit_operator.py
[2025-11-25T15:28:34.378+0000] {logging_mixin.py:188} INFO - [2025-11-25T15:28:34.378+0000] {dag.py:3096} INFO - Sync 1 DAGs
[2025-11-25T15:28:34.385+0000] {logging_mixin.py:188} INFO - [2025-11-25T15:28:34.385+0000] {dag.py:3954} INFO - Setting next_dagrun for example_short_circuit_operator to 2025-11-24 00:00:00+00:00, run_after=2025-11-25 00:00:00+00:00
[2025-11-25T15:28:34.391+0000] {processor.py:183} INFO - Processing /home/airflow/.local/lib/python3.12/site-packages/airflow/example_dags/example_short_circuit_operator.py took 0.034 seconds
[2025-11-25T15:29:05.100+0000] {processor.py:161} INFO - Started process (PID=4645) to work on /home/airflow/.local/lib/python3.12/site-packages/airflow/example_dags/example_short_circuit_operator.py
[2025-11-25T15:29:05.100+0000] {processor.py:830} INFO - Processing file /home/airflow/.local/lib/python3.12/site-packages/airflow/example_dags/example_short_circuit_operator.py for tasks to queue
[2025-11-25T15:29:05.101+0000] {logging_mixin.py:188} INFO - [2025-11-25T15:29:05.101+0000] {dagbag.py:545} INFO - Filling up the DagBag from /home/airflow/.local/lib/python3.12/site-packages/airflow/example_dags/example_short_circuit_operator.py
[2025-11-25T15:29:05.104+0000] {processor.py:840} INFO - DAG(s) 'example_short_circuit_operator' retrieved from /home/airflow/.local/lib/python3.12/site-packages/airflow/example_dags/example_short_circuit_operator.py
[2025-11-25T15:29:05.115+0000] {logging_mixin.py:188} INFO - [2025-11-25T15:29:05.115+0000] {dag.py:3096} INFO - Sync 1 DAGs
[2025-11-25T15:29:05.124+0000] {logging_mixin.py:188} INFO - [2025-11-25T15:29:05.124+0000] {dag.py:3954} INFO - Setting next_dagrun for example_short_circuit_operator to 2025-11-24 00:00:00+00:00, run_after=2025-11-25 00:00:00+00:00
[2025-11-25T15:29:05.133+0000] {processor.py:183} INFO - Processing /home/airflow/.local/lib/python3.12/site-packages/airflow/example_dags/example_short_circuit_operator.py took 0.036 seconds
[2025-11-25T15:29:35.929+0000] {processor.py:161} INFO - Started process (PID=4703) to work on /home/airflow/.local/lib/python3.12/site-packages/airflow/example_dags/example_short_circuit_operator.py
[2025-11-25T15:29:35.930+0000] {processor.py:830} INFO - Processing file /home/airflow/.local/lib/python3.12/site-packages/airflow/example_dags/example_short_circuit_operator.py for tasks to queue
[2025-11-25T15:29:35.931+0000] {logging_mixin.py:188} INFO - [2025-11-25T15:29:35.931+0000] {dagbag.py:545} INFO - Filling up the DagBag from /home/airflow/.local/lib/python3.12/site-packages/airflow/example_dags/example_short_circuit_operator.py
[2025-11-25T15:29:35.935+0000] {processor.py:840} INFO - DAG(s) 'example_short_circuit_operator' retrieved from /home/airflow/.local/lib/python3.12/site-packages/airflow/example_dags/example_short_circuit_operator.py
[2025-11-25T15:29:35.946+0000] {logging_mixin.py:188} INFO - [2025-11-25T15:29:35.946+0000] {dag.py:3096} INFO - Sync 1 DAGs
[2025-11-25T15:29:35.955+0000] {logging_mixin.py:188} INFO - [2025-11-25T15:29:35.955+0000] {dag.py:3954} INFO - Setting next_dagrun for example_short_circuit_operator to 2025-11-24 00:00:00+00:00, run_after=2025-11-25 00:00:00+00:00
[2025-11-25T15:29:35.962+0000] {processor.py:183} INFO - Processing /home/airflow/.local/lib/python3.12/site-packages/airflow/example_dags/example_short_circuit_operator.py took 0.035 seconds
[2025-11-25T15:30:06.155+0000] {processor.py:161} INFO - Started process (PID=4761) to work on /home/airflow/.local/lib/python3.12/site-packages/airflow/example_dags/example_short_circuit_operator.py
[2025-11-25T15:30:06.156+0000] {processor.py:830} INFO - Processing file /home/airflow/.local/lib/python3.12/site-packages/airflow/example_dags/example_short_circuit_operator.py for tasks to queue
[2025-11-25T15:30:06.160+0000] {logging_mixin.py:188} INFO - [2025-11-25T15:30:06.160+0000] {dagbag.py:545} INFO - Filling up the DagBag from /home/airflow/.local/lib/python3.12/site-packages/airflow/example_dags/example_short_circuit_operator.py
[2025-11-25T15:30:06.164+0000] {processor.py:840} INFO - DAG(s) 'example_short_circuit_operator' retrieved from /home/airflow/.local/lib/python3.12/site-packages/airflow/example_dags/example_short_circuit_operator.py
[2025-11-25T15:30:06.175+0000] {logging_mixin.py:188} INFO - [2025-11-25T15:30:06.175+0000] {dag.py:3096} INFO - Sync 1 DAGs
[2025-11-25T15:30:06.186+0000] {logging_mixin.py:188} INFO - [2025-11-25T15:30:06.186+0000] {dag.py:3954} INFO - Setting next_dagrun for example_short_circuit_operator to 2025-11-24 00:00:00+00:00, run_after=2025-11-25 00:00:00+00:00
[2025-11-25T15:30:06.194+0000] {processor.py:183} INFO - Processing /home/airflow/.local/lib/python3.12/site-packages/airflow/example_dags/example_short_circuit_operator.py took 0.041 seconds
[2025-11-25T15:30:36.543+0000] {processor.py:161} INFO - Started process (PID=4819) to work on /home/airflow/.local/lib/python3.12/site-packages/airflow/example_dags/example_short_circuit_operator.py
[2025-11-25T15:30:36.544+0000] {processor.py:830} INFO - Processing file /home/airflow/.local/lib/python3.12/site-packages/airflow/example_dags/example_short_circuit_operator.py for tasks to queue
[2025-11-25T15:30:36.546+0000] {logging_mixin.py:188} INFO - [2025-11-25T15:30:36.546+0000] {dagbag.py:545} INFO - Filling up the DagBag from /home/airflow/.local/lib/python3.12/site-packages/airflow/example_dags/example_short_circuit_operator.py
[2025-11-25T15:30:36.549+0000] {processor.py:840} INFO - DAG(s) 'example_short_circuit_operator' retrieved from /home/airflow/.local/lib/python3.12/site-packages/airflow/example_dags/example_short_circuit_operator.py
[2025-11-25T15:30:36.559+0000] {logging_mixin.py:188} INFO - [2025-11-25T15:30:36.559+0000] {dag.py:3096} INFO - Sync 1 DAGs
[2025-11-25T15:30:36.570+0000] {logging_mixin.py:188} INFO - [2025-11-25T15:30:36.570+0000] {dag.py:3954} INFO - Setting next_dagrun for example_short_circuit_operator to 2025-11-24 00:00:00+00:00, run_after=2025-11-25 00:00:00+00:00
[2025-11-25T15:30:36.579+0000] {processor.py:183} INFO - Processing /home/airflow/.local/lib/python3.12/site-packages/airflow/example_dags/example_short_circuit_operator.py took 0.038 seconds
[2025-11-25T15:31:06.615+0000] {processor.py:161} INFO - Started process (PID=4877) to work on /home/airflow/.local/lib/python3.12/site-packages/airflow/example_dags/example_short_circuit_operator.py
[2025-11-25T15:31:06.616+0000] {processor.py:830} INFO - Processing file /home/airflow/.local/lib/python3.12/site-packages/airflow/example_dags/example_short_circuit_operator.py for tasks to queue
[2025-11-25T15:31:06.616+0000] {logging_mixin.py:188} INFO - [2025-11-25T15:31:06.616+0000] {dagbag.py:545} INFO - Filling up the DagBag from /home/airflow/.local/lib/python3.12/site-packages/airflow/example_dags/example_short_circuit_operator.py
[2025-11-25T15:31:06.619+0000] {processor.py:840} INFO - DAG(s) 'example_short_circuit_operator' retrieved from /home/airflow/.local/lib/python3.12/site-packages/airflow/example_dags/example_short_circuit_operator.py
[2025-11-25T15:31:06.629+0000] {logging_mixin.py:188} INFO - [2025-11-25T15:31:06.629+0000] {dag.py:3096} INFO - Sync 1 DAGs
[2025-11-25T15:31:06.637+0000] {logging_mixin.py:188} INFO - [2025-11-25T15:31:06.637+0000] {dag.py:3954} INFO - Setting next_dagrun for example_short_circuit_operator to 2025-11-24 00:00:00+00:00, run_after=2025-11-25 00:00:00+00:00
[2025-11-25T15:31:06.647+0000] {processor.py:183} INFO - Processing /home/airflow/.local/lib/python3.12/site-packages/airflow/example_dags/example_short_circuit_operator.py took 0.035 seconds
[2025-11-25T15:31:37.392+0000] {processor.py:161} INFO - Started process (PID=4936) to work on /home/airflow/.local/lib/python3.12/site-packages/airflow/example_dags/example_short_circuit_operator.py
[2025-11-25T15:31:37.393+0000] {processor.py:830} INFO - Processing file /home/airflow/.local/lib/python3.12/site-packages/airflow/example_dags/example_short_circuit_operator.py for tasks to queue
[2025-11-25T15:31:37.394+0000] {logging_mixin.py:188} INFO - [2025-11-25T15:31:37.394+0000] {dagbag.py:545} INFO - Filling up the DagBag from /home/airflow/.local/lib/python3.12/site-packages/airflow/example_dags/example_short_circuit_operator.py
[2025-11-25T15:31:37.397+0000] {processor.py:840} INFO - DAG(s) 'example_short_circuit_operator' retrieved from /home/airflow/.local/lib/python3.12/site-packages/airflow/example_dags/example_short_circuit_operator.py
[2025-11-25T15:31:37.406+0000] {logging_mixin.py:188} INFO - [2025-11-25T15:31:37.406+0000] {dag.py:3096} INFO - Sync 1 DAGs
[2025-11-25T15:31:37.415+0000] {logging_mixin.py:188} INFO - [2025-11-25T15:31:37.415+0000] {dag.py:3954} INFO - Setting next_dagrun for example_short_circuit_operator to 2025-11-24 00:00:00+00:00, run_after=2025-11-25 00:00:00+00:00
[2025-11-25T15:31:37.424+0000] {processor.py:183} INFO - Processing /home/airflow/.local/lib/python3.12/site-packages/airflow/example_dags/example_short_circuit_operator.py took 0.034 seconds
[2025-11-25T15:32:08.263+0000] {processor.py:161} INFO - Started process (PID=4994) to work on /home/airflow/.local/lib/python3.12/site-packages/airflow/example_dags/example_short_circuit_operator.py
[2025-11-25T15:32:08.264+0000] {processor.py:830} INFO - Processing file /home/airflow/.local/lib/python3.12/site-packages/airflow/example_dags/example_short_circuit_operator.py for tasks to queue
[2025-11-25T15:32:08.265+0000] {logging_mixin.py:188} INFO - [2025-11-25T15:32:08.265+0000] {dagbag.py:545} INFO - Filling up the DagBag from /home/airflow/.local/lib/python3.12/site-packages/airflow/example_dags/example_short_circuit_operator.py
[2025-11-25T15:32:08.269+0000] {processor.py:840} INFO - DAG(s) 'example_short_circuit_operator' retrieved from /home/airflow/.local/lib/python3.12/site-packages/airflow/example_dags/example_short_circuit_operator.py
[2025-11-25T15:32:08.283+0000] {logging_mixin.py:188} INFO - [2025-11-25T15:32:08.283+0000] {dag.py:3096} INFO - Sync 1 DAGs
[2025-11-25T15:32:08.295+0000] {logging_mixin.py:188} INFO - [2025-11-25T15:32:08.295+0000] {dag.py:3954} INFO - Setting next_dagrun for example_short_circuit_operator to 2025-11-24 00:00:00+00:00, run_after=2025-11-25 00:00:00+00:00
[2025-11-25T15:32:08.305+0000] {processor.py:183} INFO - Processing /home/airflow/.local/lib/python3.12/site-packages/airflow/example_dags/example_short_circuit_operator.py took 0.046 seconds
[2025-11-25T15:32:38.368+0000] {processor.py:161} INFO - Started process (PID=5052) to work on /home/airflow/.local/lib/python3.12/site-packages/airflow/example_dags/example_short_circuit_operator.py
[2025-11-25T15:32:38.371+0000] {processor.py:830} INFO - Processing file /home/airflow/.local/lib/python3.12/site-packages/airflow/example_dags/example_short_circuit_operator.py for tasks to queue
[2025-11-25T15:32:38.373+0000] {logging_mixin.py:188} INFO - [2025-11-25T15:32:38.373+0000] {dagbag.py:545} INFO - Filling up the DagBag from /home/airflow/.local/lib/python3.12/site-packages/airflow/example_dags/example_short_circuit_operator.py
[2025-11-25T15:32:38.377+0000] {processor.py:840} INFO - DAG(s) 'example_short_circuit_operator' retrieved from /home/airflow/.local/lib/python3.12/site-packages/airflow/example_dags/example_short_circuit_operator.py
[2025-11-25T15:32:38.386+0000] {logging_mixin.py:188} INFO - [2025-11-25T15:32:38.386+0000] {dag.py:3096} INFO - Sync 1 DAGs
[2025-11-25T15:32:38.394+0000] {logging_mixin.py:188} INFO - [2025-11-25T15:32:38.394+0000] {dag.py:3954} INFO - Setting next_dagrun for example_short_circuit_operator to 2025-11-24 00:00:00+00:00, run_after=2025-11-25 00:00:00+00:00
[2025-11-25T15:32:38.401+0000] {processor.py:183} INFO - Processing /home/airflow/.local/lib/python3.12/site-packages/airflow/example_dags/example_short_circuit_operator.py took 0.036 seconds
[2025-11-25T15:33:09.117+0000] {processor.py:161} INFO - Started process (PID=5110) to work on /home/airflow/.local/lib/python3.12/site-packages/airflow/example_dags/example_short_circuit_operator.py
[2025-11-25T15:33:09.118+0000] {processor.py:830} INFO - Processing file /home/airflow/.local/lib/python3.12/site-packages/airflow/example_dags/example_short_circuit_operator.py for tasks to queue
[2025-11-25T15:33:09.119+0000] {logging_mixin.py:188} INFO - [2025-11-25T15:33:09.119+0000] {dagbag.py:545} INFO - Filling up the DagBag from /home/airflow/.local/lib/python3.12/site-packages/airflow/example_dags/example_short_circuit_operator.py
[2025-11-25T15:33:09.123+0000] {processor.py:840} INFO - DAG(s) 'example_short_circuit_operator' retrieved from /home/airflow/.local/lib/python3.12/site-packages/airflow/example_dags/example_short_circuit_operator.py
[2025-11-25T15:33:09.132+0000] {logging_mixin.py:188} INFO - [2025-11-25T15:33:09.132+0000] {dag.py:3096} INFO - Sync 1 DAGs
[2025-11-25T15:33:09.139+0000] {logging_mixin.py:188} INFO - [2025-11-25T15:33:09.139+0000] {dag.py:3954} INFO - Setting next_dagrun for example_short_circuit_operator to 2025-11-24 00:00:00+00:00, run_after=2025-11-25 00:00:00+00:00
[2025-11-25T15:33:09.147+0000] {processor.py:183} INFO - Processing /home/airflow/.local/lib/python3.12/site-packages/airflow/example_dags/example_short_circuit_operator.py took 0.033 seconds
[2025-11-25T15:33:39.366+0000] {processor.py:161} INFO - Started process (PID=5168) to work on /home/airflow/.local/lib/python3.12/site-packages/airflow/example_dags/example_short_circuit_operator.py
[2025-11-25T15:33:39.367+0000] {processor.py:830} INFO - Processing file /home/airflow/.local/lib/python3.12/site-packages/airflow/example_dags/example_short_circuit_operator.py for tasks to queue
[2025-11-25T15:33:39.368+0000] {logging_mixin.py:188} INFO - [2025-11-25T15:33:39.368+0000] {dagbag.py:545} INFO - Filling up the DagBag from /home/airflow/.local/lib/python3.12/site-packages/airflow/example_dags/example_short_circuit_operator.py
[2025-11-25T15:33:39.372+0000] {processor.py:840} INFO - DAG(s) 'example_short_circuit_operator' retrieved from /home/airflow/.local/lib/python3.12/site-packages/airflow/example_dags/example_short_circuit_operator.py
[2025-11-25T15:33:39.384+0000] {logging_mixin.py:188} INFO - [2025-11-25T15:33:39.384+0000] {dag.py:3096} INFO - Sync 1 DAGs
[2025-11-25T15:33:39.392+0000] {logging_mixin.py:188} INFO - [2025-11-25T15:33:39.392+0000] {dag.py:3954} INFO - Setting next_dagrun for example_short_circuit_operator to 2025-11-24 00:00:00+00:00, run_after=2025-11-25 00:00:00+00:00
[2025-11-25T15:33:39.400+0000] {processor.py:183} INFO - Processing /home/airflow/.local/lib/python3.12/site-packages/airflow/example_dags/example_short_circuit_operator.py took 0.036 seconds
[2025-11-25T15:34:09.588+0000] {processor.py:161} INFO - Started process (PID=5226) to work on /home/airflow/.local/lib/python3.12/site-packages/airflow/example_dags/example_short_circuit_operator.py
[2025-11-25T15:34:09.588+0000] {processor.py:830} INFO - Processing file /home/airflow/.local/lib/python3.12/site-packages/airflow/example_dags/example_short_circuit_operator.py for tasks to queue
[2025-11-25T15:34:09.589+0000] {logging_mixin.py:188} INFO - [2025-11-25T15:34:09.589+0000] {dagbag.py:545} INFO - Filling up the DagBag from /home/airflow/.local/lib/python3.12/site-packages/airflow/example_dags/example_short_circuit_operator.py
[2025-11-25T15:34:09.591+0000] {processor.py:840} INFO - DAG(s) 'example_short_circuit_operator' retrieved from /home/airflow/.local/lib/python3.12/site-packages/airflow/example_dags/example_short_circuit_operator.py
[2025-11-25T15:34:09.599+0000] {logging_mixin.py:188} INFO - [2025-11-25T15:34:09.599+0000] {dag.py:3096} INFO - Sync 1 DAGs
[2025-11-25T15:34:09.606+0000] {logging_mixin.py:188} INFO - [2025-11-25T15:34:09.606+0000] {dag.py:3954} INFO - Setting next_dagrun for example_short_circuit_operator to 2025-11-24 00:00:00+00:00, run_after=2025-11-25 00:00:00+00:00
[2025-11-25T15:34:09.612+0000] {processor.py:183} INFO - Processing /home/airflow/.local/lib/python3.12/site-packages/airflow/example_dags/example_short_circuit_operator.py took 0.026 seconds
[2025-11-25T15:34:40.449+0000] {processor.py:161} INFO - Started process (PID=5284) to work on /home/airflow/.local/lib/python3.12/site-packages/airflow/example_dags/example_short_circuit_operator.py
[2025-11-25T15:34:40.450+0000] {processor.py:830} INFO - Processing file /home/airflow/.local/lib/python3.12/site-packages/airflow/example_dags/example_short_circuit_operator.py for tasks to queue
[2025-11-25T15:34:40.451+0000] {logging_mixin.py:188} INFO - [2025-11-25T15:34:40.451+0000] {dagbag.py:545} INFO - Filling up the DagBag from /home/airflow/.local/lib/python3.12/site-packages/airflow/example_dags/example_short_circuit_operator.py
[2025-11-25T15:34:40.454+0000] {processor.py:840} INFO - DAG(s) 'example_short_circuit_operator' retrieved from /home/airflow/.local/lib/python3.12/site-packages/airflow/example_dags/example_short_circuit_operator.py
[2025-11-25T15:34:40.462+0000] {logging_mixin.py:188} INFO - [2025-11-25T15:34:40.462+0000] {dag.py:3096} INFO - Sync 1 DAGs
[2025-11-25T15:34:40.470+0000] {logging_mixin.py:188} INFO - [2025-11-25T15:34:40.470+0000] {dag.py:3954} INFO - Setting next_dagrun for example_short_circuit_operator to 2025-11-24 00:00:00+00:00, run_after=2025-11-25 00:00:00+00:00
[2025-11-25T15:34:40.480+0000] {processor.py:183} INFO - Processing /home/airflow/.local/lib/python3.12/site-packages/airflow/example_dags/example_short_circuit_operator.py took 0.033 seconds
[2025-11-25T15:35:10.645+0000] {processor.py:161} INFO - Started process (PID=5342) to work on /home/airflow/.local/lib/python3.12/site-packages/airflow/example_dags/example_short_circuit_operator.py
[2025-11-25T15:35:10.646+0000] {processor.py:830} INFO - Processing file /home/airflow/.local/lib/python3.12/site-packages/airflow/example_dags/example_short_circuit_operator.py for tasks to queue
[2025-11-25T15:35:10.647+0000] {logging_mixin.py:188} INFO - [2025-11-25T15:35:10.647+0000] {dagbag.py:545} INFO - Filling up the DagBag from /home/airflow/.local/lib/python3.12/site-packages/airflow/example_dags/example_short_circuit_operator.py
[2025-11-25T15:35:10.652+0000] {processor.py:840} INFO - DAG(s) 'example_short_circuit_operator' retrieved from /home/airflow/.local/lib/python3.12/site-packages/airflow/example_dags/example_short_circuit_operator.py
[2025-11-25T15:35:10.661+0000] {logging_mixin.py:188} INFO - [2025-11-25T15:35:10.661+0000] {dag.py:3096} INFO - Sync 1 DAGs
[2025-11-25T15:35:10.670+0000] {logging_mixin.py:188} INFO - [2025-11-25T15:35:10.670+0000] {dag.py:3954} INFO - Setting next_dagrun for example_short_circuit_operator to 2025-11-24 00:00:00+00:00, run_after=2025-11-25 00:00:00+00:00
[2025-11-25T15:35:10.678+0000] {processor.py:183} INFO - Processing /home/airflow/.local/lib/python3.12/site-packages/airflow/example_dags/example_short_circuit_operator.py took 0.035 seconds
[2025-11-25T15:35:40.988+0000] {processor.py:161} INFO - Started process (PID=5400) to work on /home/airflow/.local/lib/python3.12/site-packages/airflow/example_dags/example_short_circuit_operator.py
[2025-11-25T15:35:40.988+0000] {processor.py:830} INFO - Processing file /home/airflow/.local/lib/python3.12/site-packages/airflow/example_dags/example_short_circuit_operator.py for tasks to queue
[2025-11-25T15:35:40.989+0000] {logging_mixin.py:188} INFO - [2025-11-25T15:35:40.989+0000] {dagbag.py:545} INFO - Filling up the DagBag from /home/airflow/.local/lib/python3.12/site-packages/airflow/example_dags/example_short_circuit_operator.py
[2025-11-25T15:35:40.992+0000] {processor.py:840} INFO - DAG(s) 'example_short_circuit_operator' retrieved from /home/airflow/.local/lib/python3.12/site-packages/airflow/example_dags/example_short_circuit_operator.py
[2025-11-25T15:35:41.008+0000] {logging_mixin.py:188} INFO - [2025-11-25T15:35:41.008+0000] {dag.py:3096} INFO - Sync 1 DAGs
[2025-11-25T15:35:41.020+0000] {logging_mixin.py:188} INFO - [2025-11-25T15:35:41.020+0000] {dag.py:3954} INFO - Setting next_dagrun for example_short_circuit_operator to 2025-11-24 00:00:00+00:00, run_after=2025-11-25 00:00:00+00:00
[2025-11-25T15:35:41.028+0000] {processor.py:183} INFO - Processing /home/airflow/.local/lib/python3.12/site-packages/airflow/example_dags/example_short_circuit_operator.py took 0.043 seconds
[2025-11-25T15:36:11.305+0000] {processor.py:161} INFO - Started process (PID=5458) to work on /home/airflow/.local/lib/python3.12/site-packages/airflow/example_dags/example_short_circuit_operator.py
[2025-11-25T15:36:11.306+0000] {processor.py:830} INFO - Processing file /home/airflow/.local/lib/python3.12/site-packages/airflow/example_dags/example_short_circuit_operator.py for tasks to queue
[2025-11-25T15:36:11.308+0000] {logging_mixin.py:188} INFO - [2025-11-25T15:36:11.307+0000] {dagbag.py:545} INFO - Filling up the DagBag from /home/airflow/.local/lib/python3.12/site-packages/airflow/example_dags/example_short_circuit_operator.py
[2025-11-25T15:36:11.311+0000] {processor.py:840} INFO - DAG(s) 'example_short_circuit_operator' retrieved from /home/airflow/.local/lib/python3.12/site-packages/airflow/example_dags/example_short_circuit_operator.py
[2025-11-25T15:36:11.321+0000] {logging_mixin.py:188} INFO - [2025-11-25T15:36:11.321+0000] {dag.py:3096} INFO - Sync 1 DAGs
[2025-11-25T15:36:11.329+0000] {logging_mixin.py:188} INFO - [2025-11-25T15:36:11.329+0000] {dag.py:3954} INFO - Setting next_dagrun for example_short_circuit_operator to 2025-11-24 00:00:00+00:00, run_after=2025-11-25 00:00:00+00:00
[2025-11-25T15:36:11.335+0000] {processor.py:183} INFO - Processing /home/airflow/.local/lib/python3.12/site-packages/airflow/example_dags/example_short_circuit_operator.py took 0.032 seconds
[2025-11-25T15:36:41.575+0000] {processor.py:161} INFO - Started process (PID=5516) to work on /home/airflow/.local/lib/python3.12/site-packages/airflow/example_dags/example_short_circuit_operator.py
[2025-11-25T15:36:41.579+0000] {processor.py:830} INFO - Processing file /home/airflow/.local/lib/python3.12/site-packages/airflow/example_dags/example_short_circuit_operator.py for tasks to queue
[2025-11-25T15:36:41.579+0000] {logging_mixin.py:188} INFO - [2025-11-25T15:36:41.579+0000] {dagbag.py:545} INFO - Filling up the DagBag from /home/airflow/.local/lib/python3.12/site-packages/airflow/example_dags/example_short_circuit_operator.py
[2025-11-25T15:36:41.584+0000] {processor.py:840} INFO - DAG(s) 'example_short_circuit_operator' retrieved from /home/airflow/.local/lib/python3.12/site-packages/airflow/example_dags/example_short_circuit_operator.py
[2025-11-25T15:36:41.594+0000] {logging_mixin.py:188} INFO - [2025-11-25T15:36:41.594+0000] {dag.py:3096} INFO - Sync 1 DAGs
[2025-11-25T15:36:41.602+0000] {logging_mixin.py:188} INFO - [2025-11-25T15:36:41.602+0000] {dag.py:3954} INFO - Setting next_dagrun for example_short_circuit_operator to 2025-11-24 00:00:00+00:00, run_after=2025-11-25 00:00:00+00:00
[2025-11-25T15:36:41.609+0000] {processor.py:183} INFO - Processing /home/airflow/.local/lib/python3.12/site-packages/airflow/example_dags/example_short_circuit_operator.py took 0.037 seconds
[2025-11-25T15:37:11.983+0000] {processor.py:161} INFO - Started process (PID=5574) to work on /home/airflow/.local/lib/python3.12/site-packages/airflow/example_dags/example_short_circuit_operator.py
[2025-11-25T15:37:11.983+0000] {processor.py:830} INFO - Processing file /home/airflow/.local/lib/python3.12/site-packages/airflow/example_dags/example_short_circuit_operator.py for tasks to queue
[2025-11-25T15:37:11.984+0000] {logging_mixin.py:188} INFO - [2025-11-25T15:37:11.984+0000] {dagbag.py:545} INFO - Filling up the DagBag from /home/airflow/.local/lib/python3.12/site-packages/airflow/example_dags/example_short_circuit_operator.py
[2025-11-25T15:37:11.986+0000] {processor.py:840} INFO - DAG(s) 'example_short_circuit_operator' retrieved from /home/airflow/.local/lib/python3.12/site-packages/airflow/example_dags/example_short_circuit_operator.py
[2025-11-25T15:37:11.994+0000] {logging_mixin.py:188} INFO - [2025-11-25T15:37:11.994+0000] {dag.py:3096} INFO - Sync 1 DAGs
[2025-11-25T15:37:12.002+0000] {logging_mixin.py:188} INFO - [2025-11-25T15:37:12.002+0000] {dag.py:3954} INFO - Setting next_dagrun for example_short_circuit_operator to 2025-11-24 00:00:00+00:00, run_after=2025-11-25 00:00:00+00:00
[2025-11-25T15:37:12.007+0000] {processor.py:183} INFO - Processing /home/airflow/.local/lib/python3.12/site-packages/airflow/example_dags/example_short_circuit_operator.py took 0.027 seconds
[2025-11-25T15:37:42.135+0000] {processor.py:161} INFO - Started process (PID=5632) to work on /home/airflow/.local/lib/python3.12/site-packages/airflow/example_dags/example_short_circuit_operator.py
[2025-11-25T15:37:42.136+0000] {processor.py:830} INFO - Processing file /home/airflow/.local/lib/python3.12/site-packages/airflow/example_dags/example_short_circuit_operator.py for tasks to queue
[2025-11-25T15:37:42.137+0000] {logging_mixin.py:188} INFO - [2025-11-25T15:37:42.137+0000] {dagbag.py:545} INFO - Filling up the DagBag from /home/airflow/.local/lib/python3.12/site-packages/airflow/example_dags/example_short_circuit_operator.py
[2025-11-25T15:37:42.140+0000] {processor.py:840} INFO - DAG(s) 'example_short_circuit_operator' retrieved from /home/airflow/.local/lib/python3.12/site-packages/airflow/example_dags/example_short_circuit_operator.py
[2025-11-25T15:37:42.151+0000] {logging_mixin.py:188} INFO - [2025-11-25T15:37:42.151+0000] {dag.py:3096} INFO - Sync 1 DAGs
[2025-11-25T15:37:42.159+0000] {logging_mixin.py:188} INFO - [2025-11-25T15:37:42.159+0000] {dag.py:3954} INFO - Setting next_dagrun for example_short_circuit_operator to 2025-11-24 00:00:00+00:00, run_after=2025-11-25 00:00:00+00:00
[2025-11-25T15:37:42.166+0000] {processor.py:183} INFO - Processing /home/airflow/.local/lib/python3.12/site-packages/airflow/example_dags/example_short_circuit_operator.py took 0.033 seconds
[2025-11-25T15:38:12.221+0000] {processor.py:161} INFO - Started process (PID=5690) to work on /home/airflow/.local/lib/python3.12/site-packages/airflow/example_dags/example_short_circuit_operator.py
[2025-11-25T15:38:12.222+0000] {processor.py:830} INFO - Processing file /home/airflow/.local/lib/python3.12/site-packages/airflow/example_dags/example_short_circuit_operator.py for tasks to queue
[2025-11-25T15:38:12.224+0000] {logging_mixin.py:188} INFO - [2025-11-25T15:38:12.224+0000] {dagbag.py:545} INFO - Filling up the DagBag from /home/airflow/.local/lib/python3.12/site-packages/airflow/example_dags/example_short_circuit_operator.py
[2025-11-25T15:38:12.227+0000] {processor.py:840} INFO - DAG(s) 'example_short_circuit_operator' retrieved from /home/airflow/.local/lib/python3.12/site-packages/airflow/example_dags/example_short_circuit_operator.py
[2025-11-25T15:38:12.236+0000] {logging_mixin.py:188} INFO - [2025-11-25T15:38:12.236+0000] {dag.py:3096} INFO - Sync 1 DAGs
[2025-11-25T15:38:12.244+0000] {logging_mixin.py:188} INFO - [2025-11-25T15:38:12.244+0000] {dag.py:3954} INFO - Setting next_dagrun for example_short_circuit_operator to 2025-11-24 00:00:00+00:00, run_after=2025-11-25 00:00:00+00:00
[2025-11-25T15:38:12.254+0000] {processor.py:183} INFO - Processing /home/airflow/.local/lib/python3.12/site-packages/airflow/example_dags/example_short_circuit_operator.py took 0.035 seconds
[2025-11-25T15:38:42.487+0000] {processor.py:161} INFO - Started process (PID=5748) to work on /home/airflow/.local/lib/python3.12/site-packages/airflow/example_dags/example_short_circuit_operator.py
[2025-11-25T15:38:42.487+0000] {processor.py:830} INFO - Processing file /home/airflow/.local/lib/python3.12/site-packages/airflow/example_dags/example_short_circuit_operator.py for tasks to queue
[2025-11-25T15:38:42.488+0000] {logging_mixin.py:188} INFO - [2025-11-25T15:38:42.488+0000] {dagbag.py:545} INFO - Filling up the DagBag from /home/airflow/.local/lib/python3.12/site-packages/airflow/example_dags/example_short_circuit_operator.py
[2025-11-25T15:38:42.490+0000] {processor.py:840} INFO - DAG(s) 'example_short_circuit_operator' retrieved from /home/airflow/.local/lib/python3.12/site-packages/airflow/example_dags/example_short_circuit_operator.py
[2025-11-25T15:38:42.502+0000] {logging_mixin.py:188} INFO - [2025-11-25T15:38:42.502+0000] {dag.py:3096} INFO - Sync 1 DAGs
[2025-11-25T15:38:42.510+0000] {logging_mixin.py:188} INFO - [2025-11-25T15:38:42.510+0000] {dag.py:3954} INFO - Setting next_dagrun for example_short_circuit_operator to 2025-11-24 00:00:00+00:00, run_after=2025-11-25 00:00:00+00:00
[2025-11-25T15:38:42.519+0000] {processor.py:183} INFO - Processing /home/airflow/.local/lib/python3.12/site-packages/airflow/example_dags/example_short_circuit_operator.py took 0.035 seconds
[2025-11-25T15:39:12.814+0000] {processor.py:161} INFO - Started process (PID=5806) to work on /home/airflow/.local/lib/python3.12/site-packages/airflow/example_dags/example_short_circuit_operator.py
[2025-11-25T15:39:12.815+0000] {processor.py:830} INFO - Processing file /home/airflow/.local/lib/python3.12/site-packages/airflow/example_dags/example_short_circuit_operator.py for tasks to queue
[2025-11-25T15:39:12.816+0000] {logging_mixin.py:188} INFO - [2025-11-25T15:39:12.815+0000] {dagbag.py:545} INFO - Filling up the DagBag from /home/airflow/.local/lib/python3.12/site-packages/airflow/example_dags/example_short_circuit_operator.py
[2025-11-25T15:39:12.819+0000] {processor.py:840} INFO - DAG(s) 'example_short_circuit_operator' retrieved from /home/airflow/.local/lib/python3.12/site-packages/airflow/example_dags/example_short_circuit_operator.py
[2025-11-25T15:39:12.830+0000] {logging_mixin.py:188} INFO - [2025-11-25T15:39:12.830+0000] {dag.py:3096} INFO - Sync 1 DAGs
[2025-11-25T15:39:12.840+0000] {logging_mixin.py:188} INFO - [2025-11-25T15:39:12.840+0000] {dag.py:3954} INFO - Setting next_dagrun for example_short_circuit_operator to 2025-11-24 00:00:00+00:00, run_after=2025-11-25 00:00:00+00:00
[2025-11-25T15:39:12.850+0000] {processor.py:183} INFO - Processing /home/airflow/.local/lib/python3.12/site-packages/airflow/example_dags/example_short_circuit_operator.py took 0.038 seconds
[2025-11-25T15:39:43.267+0000] {processor.py:161} INFO - Started process (PID=5864) to work on /home/airflow/.local/lib/python3.12/site-packages/airflow/example_dags/example_short_circuit_operator.py
[2025-11-25T15:39:43.268+0000] {processor.py:830} INFO - Processing file /home/airflow/.local/lib/python3.12/site-packages/airflow/example_dags/example_short_circuit_operator.py for tasks to queue
[2025-11-25T15:39:43.269+0000] {logging_mixin.py:188} INFO - [2025-11-25T15:39:43.269+0000] {dagbag.py:545} INFO - Filling up the DagBag from /home/airflow/.local/lib/python3.12/site-packages/airflow/example_dags/example_short_circuit_operator.py
[2025-11-25T15:39:43.274+0000] {processor.py:840} INFO - DAG(s) 'example_short_circuit_operator' retrieved from /home/airflow/.local/lib/python3.12/site-packages/airflow/example_dags/example_short_circuit_operator.py
[2025-11-25T15:39:43.286+0000] {logging_mixin.py:188} INFO - [2025-11-25T15:39:43.286+0000] {dag.py:3096} INFO - Sync 1 DAGs
[2025-11-25T15:39:43.296+0000] {logging_mixin.py:188} INFO - [2025-11-25T15:39:43.296+0000] {dag.py:3954} INFO - Setting next_dagrun for example_short_circuit_operator to 2025-11-24 00:00:00+00:00, run_after=2025-11-25 00:00:00+00:00
[2025-11-25T15:39:43.303+0000] {processor.py:183} INFO - Processing /home/airflow/.local/lib/python3.12/site-packages/airflow/example_dags/example_short_circuit_operator.py took 0.039 seconds
[2025-11-25T15:40:13.647+0000] {processor.py:161} INFO - Started process (PID=5922) to work on /home/airflow/.local/lib/python3.12/site-packages/airflow/example_dags/example_short_circuit_operator.py
[2025-11-25T15:40:13.649+0000] {processor.py:830} INFO - Processing file /home/airflow/.local/lib/python3.12/site-packages/airflow/example_dags/example_short_circuit_operator.py for tasks to queue
[2025-11-25T15:40:13.650+0000] {logging_mixin.py:188} INFO - [2025-11-25T15:40:13.650+0000] {dagbag.py:545} INFO - Filling up the DagBag from /home/airflow/.local/lib/python3.12/site-packages/airflow/example_dags/example_short_circuit_operator.py
[2025-11-25T15:40:13.654+0000] {processor.py:840} INFO - DAG(s) 'example_short_circuit_operator' retrieved from /home/airflow/.local/lib/python3.12/site-packages/airflow/example_dags/example_short_circuit_operator.py
[2025-11-25T15:40:13.666+0000] {logging_mixin.py:188} INFO - [2025-11-25T15:40:13.666+0000] {dag.py:3096} INFO - Sync 1 DAGs
[2025-11-25T15:40:13.674+0000] {logging_mixin.py:188} INFO - [2025-11-25T15:40:13.674+0000] {dag.py:3954} INFO - Setting next_dagrun for example_short_circuit_operator to 2025-11-24 00:00:00+00:00, run_after=2025-11-25 00:00:00+00:00
[2025-11-25T15:40:13.681+0000] {processor.py:183} INFO - Processing /home/airflow/.local/lib/python3.12/site-packages/airflow/example_dags/example_short_circuit_operator.py took 0.038 seconds
[2025-11-25T15:40:44.335+0000] {processor.py:161} INFO - Started process (PID=5980) to work on /home/airflow/.local/lib/python3.12/site-packages/airflow/example_dags/example_short_circuit_operator.py
[2025-11-25T15:40:44.336+0000] {processor.py:830} INFO - Processing file /home/airflow/.local/lib/python3.12/site-packages/airflow/example_dags/example_short_circuit_operator.py for tasks to queue
[2025-11-25T15:40:44.336+0000] {logging_mixin.py:188} INFO - [2025-11-25T15:40:44.336+0000] {dagbag.py:545} INFO - Filling up the DagBag from /home/airflow/.local/lib/python3.12/site-packages/airflow/example_dags/example_short_circuit_operator.py
[2025-11-25T15:40:44.339+0000] {processor.py:840} INFO - DAG(s) 'example_short_circuit_operator' retrieved from /home/airflow/.local/lib/python3.12/site-packages/airflow/example_dags/example_short_circuit_operator.py
[2025-11-25T15:40:44.348+0000] {logging_mixin.py:188} INFO - [2025-11-25T15:40:44.348+0000] {dag.py:3096} INFO - Sync 1 DAGs
[2025-11-25T15:40:44.357+0000] {logging_mixin.py:188} INFO - [2025-11-25T15:40:44.357+0000] {dag.py:3954} INFO - Setting next_dagrun for example_short_circuit_operator to 2025-11-24 00:00:00+00:00, run_after=2025-11-25 00:00:00+00:00
[2025-11-25T15:40:44.367+0000] {processor.py:183} INFO - Processing /home/airflow/.local/lib/python3.12/site-packages/airflow/example_dags/example_short_circuit_operator.py took 0.034 seconds
[2025-11-25T15:41:15.684+0000] {processor.py:161} INFO - Started process (PID=6037) to work on /home/airflow/.local/lib/python3.12/site-packages/airflow/example_dags/example_short_circuit_operator.py
[2025-11-25T15:41:15.689+0000] {processor.py:830} INFO - Processing file /home/airflow/.local/lib/python3.12/site-packages/airflow/example_dags/example_short_circuit_operator.py for tasks to queue
[2025-11-25T15:41:15.693+0000] {logging_mixin.py:188} INFO - [2025-11-25T15:41:15.693+0000] {dagbag.py:545} INFO - Filling up the DagBag from /home/airflow/.local/lib/python3.12/site-packages/airflow/example_dags/example_short_circuit_operator.py
[2025-11-25T15:41:15.698+0000] {processor.py:840} INFO - DAG(s) 'example_short_circuit_operator' retrieved from /home/airflow/.local/lib/python3.12/site-packages/airflow/example_dags/example_short_circuit_operator.py
[2025-11-25T15:41:15.709+0000] {logging_mixin.py:188} INFO - [2025-11-25T15:41:15.709+0000] {dag.py:3096} INFO - Sync 1 DAGs
[2025-11-25T15:41:15.721+0000] {logging_mixin.py:188} INFO - [2025-11-25T15:41:15.721+0000] {dag.py:3954} INFO - Setting next_dagrun for example_short_circuit_operator to 2025-11-24 00:00:00+00:00, run_after=2025-11-25 00:00:00+00:00
[2025-11-25T15:41:15.736+0000] {processor.py:183} INFO - Processing /home/airflow/.local/lib/python3.12/site-packages/airflow/example_dags/example_short_circuit_operator.py took 0.054 seconds
[2025-11-25T15:41:45.858+0000] {processor.py:161} INFO - Started process (PID=6095) to work on /home/airflow/.local/lib/python3.12/site-packages/airflow/example_dags/example_short_circuit_operator.py
[2025-11-25T15:41:45.860+0000] {processor.py:830} INFO - Processing file /home/airflow/.local/lib/python3.12/site-packages/airflow/example_dags/example_short_circuit_operator.py for tasks to queue
[2025-11-25T15:41:45.861+0000] {logging_mixin.py:188} INFO - [2025-11-25T15:41:45.861+0000] {dagbag.py:545} INFO - Filling up the DagBag from /home/airflow/.local/lib/python3.12/site-packages/airflow/example_dags/example_short_circuit_operator.py
[2025-11-25T15:41:45.864+0000] {processor.py:840} INFO - DAG(s) 'example_short_circuit_operator' retrieved from /home/airflow/.local/lib/python3.12/site-packages/airflow/example_dags/example_short_circuit_operator.py
[2025-11-25T15:41:45.876+0000] {logging_mixin.py:188} INFO - [2025-11-25T15:41:45.876+0000] {dag.py:3096} INFO - Sync 1 DAGs
[2025-11-25T15:41:45.886+0000] {logging_mixin.py:188} INFO - [2025-11-25T15:41:45.886+0000] {dag.py:3954} INFO - Setting next_dagrun for example_short_circuit_operator to 2025-11-24 00:00:00+00:00, run_after=2025-11-25 00:00:00+00:00
[2025-11-25T15:41:45.899+0000] {processor.py:183} INFO - Processing /home/airflow/.local/lib/python3.12/site-packages/airflow/example_dags/example_short_circuit_operator.py took 0.044 seconds
[2025-11-25T15:42:16.050+0000] {processor.py:161} INFO - Started process (PID=6153) to work on /home/airflow/.local/lib/python3.12/site-packages/airflow/example_dags/example_short_circuit_operator.py
[2025-11-25T15:42:16.051+0000] {processor.py:830} INFO - Processing file /home/airflow/.local/lib/python3.12/site-packages/airflow/example_dags/example_short_circuit_operator.py for tasks to queue
[2025-11-25T15:42:16.052+0000] {logging_mixin.py:188} INFO - [2025-11-25T15:42:16.052+0000] {dagbag.py:545} INFO - Filling up the DagBag from /home/airflow/.local/lib/python3.12/site-packages/airflow/example_dags/example_short_circuit_operator.py
[2025-11-25T15:42:16.055+0000] {processor.py:840} INFO - DAG(s) 'example_short_circuit_operator' retrieved from /home/airflow/.local/lib/python3.12/site-packages/airflow/example_dags/example_short_circuit_operator.py
[2025-11-25T15:42:16.065+0000] {logging_mixin.py:188} INFO - [2025-11-25T15:42:16.065+0000] {dag.py:3096} INFO - Sync 1 DAGs
[2025-11-25T15:42:16.075+0000] {logging_mixin.py:188} INFO - [2025-11-25T15:42:16.075+0000] {dag.py:3954} INFO - Setting next_dagrun for example_short_circuit_operator to 2025-11-24 00:00:00+00:00, run_after=2025-11-25 00:00:00+00:00
[2025-11-25T15:42:16.087+0000] {processor.py:183} INFO - Processing /home/airflow/.local/lib/python3.12/site-packages/airflow/example_dags/example_short_circuit_operator.py took 0.039 seconds
[2025-11-25T15:42:46.324+0000] {processor.py:161} INFO - Started process (PID=6211) to work on /home/airflow/.local/lib/python3.12/site-packages/airflow/example_dags/example_short_circuit_operator.py
[2025-11-25T15:42:46.325+0000] {processor.py:830} INFO - Processing file /home/airflow/.local/lib/python3.12/site-packages/airflow/example_dags/example_short_circuit_operator.py for tasks to queue
[2025-11-25T15:42:46.326+0000] {logging_mixin.py:188} INFO - [2025-11-25T15:42:46.326+0000] {dagbag.py:545} INFO - Filling up the DagBag from /home/airflow/.local/lib/python3.12/site-packages/airflow/example_dags/example_short_circuit_operator.py
[2025-11-25T15:42:46.329+0000] {processor.py:840} INFO - DAG(s) 'example_short_circuit_operator' retrieved from /home/airflow/.local/lib/python3.12/site-packages/airflow/example_dags/example_short_circuit_operator.py
[2025-11-25T15:42:46.338+0000] {logging_mixin.py:188} INFO - [2025-11-25T15:42:46.338+0000] {dag.py:3096} INFO - Sync 1 DAGs
[2025-11-25T15:42:46.347+0000] {logging_mixin.py:188} INFO - [2025-11-25T15:42:46.347+0000] {dag.py:3954} INFO - Setting next_dagrun for example_short_circuit_operator to 2025-11-24 00:00:00+00:00, run_after=2025-11-25 00:00:00+00:00
[2025-11-25T15:42:46.360+0000] {processor.py:183} INFO - Processing /home/airflow/.local/lib/python3.12/site-packages/airflow/example_dags/example_short_circuit_operator.py took 0.039 seconds
[2025-11-25T15:43:16.466+0000] {processor.py:161} INFO - Started process (PID=6269) to work on /home/airflow/.local/lib/python3.12/site-packages/airflow/example_dags/example_short_circuit_operator.py
[2025-11-25T15:43:16.467+0000] {processor.py:830} INFO - Processing file /home/airflow/.local/lib/python3.12/site-packages/airflow/example_dags/example_short_circuit_operator.py for tasks to queue
[2025-11-25T15:43:16.468+0000] {logging_mixin.py:188} INFO - [2025-11-25T15:43:16.467+0000] {dagbag.py:545} INFO - Filling up the DagBag from /home/airflow/.local/lib/python3.12/site-packages/airflow/example_dags/example_short_circuit_operator.py
[2025-11-25T15:43:16.470+0000] {processor.py:840} INFO - DAG(s) 'example_short_circuit_operator' retrieved from /home/airflow/.local/lib/python3.12/site-packages/airflow/example_dags/example_short_circuit_operator.py
[2025-11-25T15:43:16.484+0000] {logging_mixin.py:188} INFO - [2025-11-25T15:43:16.484+0000] {dag.py:3096} INFO - Sync 1 DAGs
[2025-11-25T15:43:16.494+0000] {logging_mixin.py:188} INFO - [2025-11-25T15:43:16.493+0000] {dag.py:3954} INFO - Setting next_dagrun for example_short_circuit_operator to 2025-11-24 00:00:00+00:00, run_after=2025-11-25 00:00:00+00:00
[2025-11-25T15:43:16.505+0000] {processor.py:183} INFO - Processing /home/airflow/.local/lib/python3.12/site-packages/airflow/example_dags/example_short_circuit_operator.py took 0.041 seconds
[2025-11-25T15:43:47.003+0000] {processor.py:161} INFO - Started process (PID=6327) to work on /home/airflow/.local/lib/python3.12/site-packages/airflow/example_dags/example_short_circuit_operator.py
[2025-11-25T15:43:47.006+0000] {processor.py:830} INFO - Processing file /home/airflow/.local/lib/python3.12/site-packages/airflow/example_dags/example_short_circuit_operator.py for tasks to queue
[2025-11-25T15:43:47.008+0000] {logging_mixin.py:188} INFO - [2025-11-25T15:43:47.007+0000] {dagbag.py:545} INFO - Filling up the DagBag from /home/airflow/.local/lib/python3.12/site-packages/airflow/example_dags/example_short_circuit_operator.py
[2025-11-25T15:43:47.011+0000] {processor.py:840} INFO - DAG(s) 'example_short_circuit_operator' retrieved from /home/airflow/.local/lib/python3.12/site-packages/airflow/example_dags/example_short_circuit_operator.py
[2025-11-25T15:43:47.020+0000] {logging_mixin.py:188} INFO - [2025-11-25T15:43:47.020+0000] {dag.py:3096} INFO - Sync 1 DAGs
[2025-11-25T15:43:47.029+0000] {logging_mixin.py:188} INFO - [2025-11-25T15:43:47.029+0000] {dag.py:3954} INFO - Setting next_dagrun for example_short_circuit_operator to 2025-11-24 00:00:00+00:00, run_after=2025-11-25 00:00:00+00:00
[2025-11-25T15:43:47.036+0000] {processor.py:183} INFO - Processing /home/airflow/.local/lib/python3.12/site-packages/airflow/example_dags/example_short_circuit_operator.py took 0.036 seconds
[2025-11-25T15:44:17.158+0000] {processor.py:161} INFO - Started process (PID=6385) to work on /home/airflow/.local/lib/python3.12/site-packages/airflow/example_dags/example_short_circuit_operator.py
[2025-11-25T15:44:17.159+0000] {processor.py:830} INFO - Processing file /home/airflow/.local/lib/python3.12/site-packages/airflow/example_dags/example_short_circuit_operator.py for tasks to queue
[2025-11-25T15:44:17.160+0000] {logging_mixin.py:188} INFO - [2025-11-25T15:44:17.160+0000] {dagbag.py:545} INFO - Filling up the DagBag from /home/airflow/.local/lib/python3.12/site-packages/airflow/example_dags/example_short_circuit_operator.py
[2025-11-25T15:44:17.164+0000] {processor.py:840} INFO - DAG(s) 'example_short_circuit_operator' retrieved from /home/airflow/.local/lib/python3.12/site-packages/airflow/example_dags/example_short_circuit_operator.py
[2025-11-25T15:44:17.176+0000] {logging_mixin.py:188} INFO - [2025-11-25T15:44:17.175+0000] {dag.py:3096} INFO - Sync 1 DAGs
[2025-11-25T15:44:17.184+0000] {logging_mixin.py:188} INFO - [2025-11-25T15:44:17.184+0000] {dag.py:3954} INFO - Setting next_dagrun for example_short_circuit_operator to 2025-11-24 00:00:00+00:00, run_after=2025-11-25 00:00:00+00:00
[2025-11-25T15:44:17.191+0000] {processor.py:183} INFO - Processing /home/airflow/.local/lib/python3.12/site-packages/airflow/example_dags/example_short_circuit_operator.py took 0.036 seconds
[2025-11-25T15:44:47.420+0000] {processor.py:161} INFO - Started process (PID=6443) to work on /home/airflow/.local/lib/python3.12/site-packages/airflow/example_dags/example_short_circuit_operator.py
[2025-11-25T15:44:47.421+0000] {processor.py:830} INFO - Processing file /home/airflow/.local/lib/python3.12/site-packages/airflow/example_dags/example_short_circuit_operator.py for tasks to queue
[2025-11-25T15:44:47.422+0000] {logging_mixin.py:188} INFO - [2025-11-25T15:44:47.421+0000] {dagbag.py:545} INFO - Filling up the DagBag from /home/airflow/.local/lib/python3.12/site-packages/airflow/example_dags/example_short_circuit_operator.py
[2025-11-25T15:44:47.425+0000] {processor.py:840} INFO - DAG(s) 'example_short_circuit_operator' retrieved from /home/airflow/.local/lib/python3.12/site-packages/airflow/example_dags/example_short_circuit_operator.py
[2025-11-25T15:44:47.434+0000] {logging_mixin.py:188} INFO - [2025-11-25T15:44:47.433+0000] {dag.py:3096} INFO - Sync 1 DAGs
[2025-11-25T15:44:47.443+0000] {logging_mixin.py:188} INFO - [2025-11-25T15:44:47.443+0000] {dag.py:3954} INFO - Setting next_dagrun for example_short_circuit_operator to 2025-11-24 00:00:00+00:00, run_after=2025-11-25 00:00:00+00:00
[2025-11-25T15:44:47.450+0000] {processor.py:183} INFO - Processing /home/airflow/.local/lib/python3.12/site-packages/airflow/example_dags/example_short_circuit_operator.py took 0.033 seconds
[2025-11-25T15:45:17.824+0000] {processor.py:161} INFO - Started process (PID=6501) to work on /home/airflow/.local/lib/python3.12/site-packages/airflow/example_dags/example_short_circuit_operator.py
[2025-11-25T15:45:17.825+0000] {processor.py:830} INFO - Processing file /home/airflow/.local/lib/python3.12/site-packages/airflow/example_dags/example_short_circuit_operator.py for tasks to queue
[2025-11-25T15:45:17.828+0000] {logging_mixin.py:188} INFO - [2025-11-25T15:45:17.828+0000] {dagbag.py:545} INFO - Filling up the DagBag from /home/airflow/.local/lib/python3.12/site-packages/airflow/example_dags/example_short_circuit_operator.py
[2025-11-25T15:45:17.831+0000] {processor.py:840} INFO - DAG(s) 'example_short_circuit_operator' retrieved from /home/airflow/.local/lib/python3.12/site-packages/airflow/example_dags/example_short_circuit_operator.py
[2025-11-25T15:45:17.840+0000] {logging_mixin.py:188} INFO - [2025-11-25T15:45:17.840+0000] {dag.py:3096} INFO - Sync 1 DAGs
[2025-11-25T15:45:17.847+0000] {logging_mixin.py:188} INFO - [2025-11-25T15:45:17.847+0000] {dag.py:3954} INFO - Setting next_dagrun for example_short_circuit_operator to 2025-11-24 00:00:00+00:00, run_after=2025-11-25 00:00:00+00:00
[2025-11-25T15:45:17.853+0000] {processor.py:183} INFO - Processing /home/airflow/.local/lib/python3.12/site-packages/airflow/example_dags/example_short_circuit_operator.py took 0.031 seconds
[2025-11-25T15:45:48.606+0000] {processor.py:161} INFO - Started process (PID=6560) to work on /home/airflow/.local/lib/python3.12/site-packages/airflow/example_dags/example_short_circuit_operator.py
[2025-11-25T15:45:48.607+0000] {processor.py:830} INFO - Processing file /home/airflow/.local/lib/python3.12/site-packages/airflow/example_dags/example_short_circuit_operator.py for tasks to queue
[2025-11-25T15:45:48.607+0000] {logging_mixin.py:188} INFO - [2025-11-25T15:45:48.607+0000] {dagbag.py:545} INFO - Filling up the DagBag from /home/airflow/.local/lib/python3.12/site-packages/airflow/example_dags/example_short_circuit_operator.py
[2025-11-25T15:45:48.611+0000] {processor.py:840} INFO - DAG(s) 'example_short_circuit_operator' retrieved from /home/airflow/.local/lib/python3.12/site-packages/airflow/example_dags/example_short_circuit_operator.py
[2025-11-25T15:45:48.619+0000] {logging_mixin.py:188} INFO - [2025-11-25T15:45:48.619+0000] {dag.py:3096} INFO - Sync 1 DAGs
[2025-11-25T15:45:48.627+0000] {logging_mixin.py:188} INFO - [2025-11-25T15:45:48.627+0000] {dag.py:3954} INFO - Setting next_dagrun for example_short_circuit_operator to 2025-11-24 00:00:00+00:00, run_after=2025-11-25 00:00:00+00:00
[2025-11-25T15:45:48.634+0000] {processor.py:183} INFO - Processing /home/airflow/.local/lib/python3.12/site-packages/airflow/example_dags/example_short_circuit_operator.py took 0.030 seconds
[2025-11-25T15:46:19.308+0000] {processor.py:161} INFO - Started process (PID=6618) to work on /home/airflow/.local/lib/python3.12/site-packages/airflow/example_dags/example_short_circuit_operator.py
[2025-11-25T15:46:19.309+0000] {processor.py:830} INFO - Processing file /home/airflow/.local/lib/python3.12/site-packages/airflow/example_dags/example_short_circuit_operator.py for tasks to queue
[2025-11-25T15:46:19.309+0000] {logging_mixin.py:188} INFO - [2025-11-25T15:46:19.309+0000] {dagbag.py:545} INFO - Filling up the DagBag from /home/airflow/.local/lib/python3.12/site-packages/airflow/example_dags/example_short_circuit_operator.py
[2025-11-25T15:46:19.312+0000] {processor.py:840} INFO - DAG(s) 'example_short_circuit_operator' retrieved from /home/airflow/.local/lib/python3.12/site-packages/airflow/example_dags/example_short_circuit_operator.py
[2025-11-25T15:46:19.320+0000] {logging_mixin.py:188} INFO - [2025-11-25T15:46:19.320+0000] {dag.py:3096} INFO - Sync 1 DAGs
[2025-11-25T15:46:19.328+0000] {logging_mixin.py:188} INFO - [2025-11-25T15:46:19.328+0000] {dag.py:3954} INFO - Setting next_dagrun for example_short_circuit_operator to 2025-11-24 00:00:00+00:00, run_after=2025-11-25 00:00:00+00:00
[2025-11-25T15:46:19.337+0000] {processor.py:183} INFO - Processing /home/airflow/.local/lib/python3.12/site-packages/airflow/example_dags/example_short_circuit_operator.py took 0.031 seconds
[2025-11-25T15:46:49.484+0000] {processor.py:161} INFO - Started process (PID=6676) to work on /home/airflow/.local/lib/python3.12/site-packages/airflow/example_dags/example_short_circuit_operator.py
[2025-11-25T15:46:49.484+0000] {processor.py:830} INFO - Processing file /home/airflow/.local/lib/python3.12/site-packages/airflow/example_dags/example_short_circuit_operator.py for tasks to queue
[2025-11-25T15:46:49.485+0000] {logging_mixin.py:188} INFO - [2025-11-25T15:46:49.485+0000] {dagbag.py:545} INFO - Filling up the DagBag from /home/airflow/.local/lib/python3.12/site-packages/airflow/example_dags/example_short_circuit_operator.py
[2025-11-25T15:46:49.488+0000] {processor.py:840} INFO - DAG(s) 'example_short_circuit_operator' retrieved from /home/airflow/.local/lib/python3.12/site-packages/airflow/example_dags/example_short_circuit_operator.py
[2025-11-25T15:46:49.499+0000] {logging_mixin.py:188} INFO - [2025-11-25T15:46:49.499+0000] {dag.py:3096} INFO - Sync 1 DAGs
[2025-11-25T15:46:49.507+0000] {logging_mixin.py:188} INFO - [2025-11-25T15:46:49.506+0000] {dag.py:3954} INFO - Setting next_dagrun for example_short_circuit_operator to 2025-11-24 00:00:00+00:00, run_after=2025-11-25 00:00:00+00:00
[2025-11-25T15:46:49.512+0000] {processor.py:183} INFO - Processing /home/airflow/.local/lib/python3.12/site-packages/airflow/example_dags/example_short_circuit_operator.py took 0.031 seconds
[2025-11-25T15:47:20.193+0000] {processor.py:161} INFO - Started process (PID=6734) to work on /home/airflow/.local/lib/python3.12/site-packages/airflow/example_dags/example_short_circuit_operator.py
[2025-11-25T15:47:20.194+0000] {processor.py:830} INFO - Processing file /home/airflow/.local/lib/python3.12/site-packages/airflow/example_dags/example_short_circuit_operator.py for tasks to queue
[2025-11-25T15:47:20.195+0000] {logging_mixin.py:188} INFO - [2025-11-25T15:47:20.195+0000] {dagbag.py:545} INFO - Filling up the DagBag from /home/airflow/.local/lib/python3.12/site-packages/airflow/example_dags/example_short_circuit_operator.py
[2025-11-25T15:47:20.198+0000] {processor.py:840} INFO - DAG(s) 'example_short_circuit_operator' retrieved from /home/airflow/.local/lib/python3.12/site-packages/airflow/example_dags/example_short_circuit_operator.py
[2025-11-25T15:47:20.208+0000] {logging_mixin.py:188} INFO - [2025-11-25T15:47:20.208+0000] {dag.py:3096} INFO - Sync 1 DAGs
[2025-11-25T15:47:20.216+0000] {logging_mixin.py:188} INFO - [2025-11-25T15:47:20.216+0000] {dag.py:3954} INFO - Setting next_dagrun for example_short_circuit_operator to 2025-11-24 00:00:00+00:00, run_after=2025-11-25 00:00:00+00:00
[2025-11-25T15:47:20.222+0000] {processor.py:183} INFO - Processing /home/airflow/.local/lib/python3.12/site-packages/airflow/example_dags/example_short_circuit_operator.py took 0.031 seconds
[2025-11-25T15:47:50.294+0000] {processor.py:161} INFO - Started process (PID=6792) to work on /home/airflow/.local/lib/python3.12/site-packages/airflow/example_dags/example_short_circuit_operator.py
[2025-11-25T15:47:50.295+0000] {processor.py:830} INFO - Processing file /home/airflow/.local/lib/python3.12/site-packages/airflow/example_dags/example_short_circuit_operator.py for tasks to queue
[2025-11-25T15:47:50.296+0000] {logging_mixin.py:188} INFO - [2025-11-25T15:47:50.296+0000] {dagbag.py:545} INFO - Filling up the DagBag from /home/airflow/.local/lib/python3.12/site-packages/airflow/example_dags/example_short_circuit_operator.py
[2025-11-25T15:47:50.301+0000] {processor.py:840} INFO - DAG(s) 'example_short_circuit_operator' retrieved from /home/airflow/.local/lib/python3.12/site-packages/airflow/example_dags/example_short_circuit_operator.py
[2025-11-25T15:47:50.311+0000] {logging_mixin.py:188} INFO - [2025-11-25T15:47:50.311+0000] {dag.py:3096} INFO - Sync 1 DAGs
[2025-11-25T15:47:50.320+0000] {logging_mixin.py:188} INFO - [2025-11-25T15:47:50.320+0000] {dag.py:3954} INFO - Setting next_dagrun for example_short_circuit_operator to 2025-11-24 00:00:00+00:00, run_after=2025-11-25 00:00:00+00:00
[2025-11-25T15:47:50.326+0000] {processor.py:183} INFO - Processing /home/airflow/.local/lib/python3.12/site-packages/airflow/example_dags/example_short_circuit_operator.py took 0.035 seconds
[2025-11-25T15:48:21.115+0000] {processor.py:161} INFO - Started process (PID=6850) to work on /home/airflow/.local/lib/python3.12/site-packages/airflow/example_dags/example_short_circuit_operator.py
[2025-11-25T15:48:21.115+0000] {processor.py:830} INFO - Processing file /home/airflow/.local/lib/python3.12/site-packages/airflow/example_dags/example_short_circuit_operator.py for tasks to queue
[2025-11-25T15:48:21.118+0000] {logging_mixin.py:188} INFO - [2025-11-25T15:48:21.118+0000] {dagbag.py:545} INFO - Filling up the DagBag from /home/airflow/.local/lib/python3.12/site-packages/airflow/example_dags/example_short_circuit_operator.py
[2025-11-25T15:48:21.123+0000] {processor.py:840} INFO - DAG(s) 'example_short_circuit_operator' retrieved from /home/airflow/.local/lib/python3.12/site-packages/airflow/example_dags/example_short_circuit_operator.py
[2025-11-25T15:48:21.136+0000] {logging_mixin.py:188} INFO - [2025-11-25T15:48:21.136+0000] {dag.py:3096} INFO - Sync 1 DAGs
[2025-11-25T15:48:21.147+0000] {logging_mixin.py:188} INFO - [2025-11-25T15:48:21.147+0000] {dag.py:3954} INFO - Setting next_dagrun for example_short_circuit_operator to 2025-11-24 00:00:00+00:00, run_after=2025-11-25 00:00:00+00:00
[2025-11-25T15:48:21.157+0000] {processor.py:183} INFO - Processing /home/airflow/.local/lib/python3.12/site-packages/airflow/example_dags/example_short_circuit_operator.py took 0.045 seconds
[2025-11-25T15:48:51.342+0000] {processor.py:161} INFO - Started process (PID=6908) to work on /home/airflow/.local/lib/python3.12/site-packages/airflow/example_dags/example_short_circuit_operator.py
[2025-11-25T15:48:51.343+0000] {processor.py:830} INFO - Processing file /home/airflow/.local/lib/python3.12/site-packages/airflow/example_dags/example_short_circuit_operator.py for tasks to queue
[2025-11-25T15:48:51.344+0000] {logging_mixin.py:188} INFO - [2025-11-25T15:48:51.344+0000] {dagbag.py:545} INFO - Filling up the DagBag from /home/airflow/.local/lib/python3.12/site-packages/airflow/example_dags/example_short_circuit_operator.py
[2025-11-25T15:48:51.347+0000] {processor.py:840} INFO - DAG(s) 'example_short_circuit_operator' retrieved from /home/airflow/.local/lib/python3.12/site-packages/airflow/example_dags/example_short_circuit_operator.py
[2025-11-25T15:48:51.356+0000] {logging_mixin.py:188} INFO - [2025-11-25T15:48:51.356+0000] {dag.py:3096} INFO - Sync 1 DAGs
[2025-11-25T15:48:51.365+0000] {logging_mixin.py:188} INFO - [2025-11-25T15:48:51.365+0000] {dag.py:3954} INFO - Setting next_dagrun for example_short_circuit_operator to 2025-11-24 00:00:00+00:00, run_after=2025-11-25 00:00:00+00:00
[2025-11-25T15:48:51.372+0000] {processor.py:183} INFO - Processing /home/airflow/.local/lib/python3.12/site-packages/airflow/example_dags/example_short_circuit_operator.py took 0.033 seconds
[2025-11-25T15:49:21.728+0000] {processor.py:161} INFO - Started process (PID=6966) to work on /home/airflow/.local/lib/python3.12/site-packages/airflow/example_dags/example_short_circuit_operator.py
[2025-11-25T15:49:21.729+0000] {processor.py:830} INFO - Processing file /home/airflow/.local/lib/python3.12/site-packages/airflow/example_dags/example_short_circuit_operator.py for tasks to queue
[2025-11-25T15:49:21.730+0000] {logging_mixin.py:188} INFO - [2025-11-25T15:49:21.730+0000] {dagbag.py:545} INFO - Filling up the DagBag from /home/airflow/.local/lib/python3.12/site-packages/airflow/example_dags/example_short_circuit_operator.py
[2025-11-25T15:49:21.733+0000] {processor.py:840} INFO - DAG(s) 'example_short_circuit_operator' retrieved from /home/airflow/.local/lib/python3.12/site-packages/airflow/example_dags/example_short_circuit_operator.py
[2025-11-25T15:49:21.741+0000] {logging_mixin.py:188} INFO - [2025-11-25T15:49:21.741+0000] {dag.py:3096} INFO - Sync 1 DAGs
[2025-11-25T15:49:21.748+0000] {logging_mixin.py:188} INFO - [2025-11-25T15:49:21.748+0000] {dag.py:3954} INFO - Setting next_dagrun for example_short_circuit_operator to 2025-11-24 00:00:00+00:00, run_after=2025-11-25 00:00:00+00:00
[2025-11-25T15:49:21.755+0000] {processor.py:183} INFO - Processing /home/airflow/.local/lib/python3.12/site-packages/airflow/example_dags/example_short_circuit_operator.py took 0.029 seconds
[2025-11-25T15:49:52.043+0000] {processor.py:161} INFO - Started process (PID=7024) to work on /home/airflow/.local/lib/python3.12/site-packages/airflow/example_dags/example_short_circuit_operator.py
[2025-11-25T15:49:52.045+0000] {processor.py:830} INFO - Processing file /home/airflow/.local/lib/python3.12/site-packages/airflow/example_dags/example_short_circuit_operator.py for tasks to queue
[2025-11-25T15:49:52.048+0000] {logging_mixin.py:188} INFO - [2025-11-25T15:49:52.047+0000] {dagbag.py:545} INFO - Filling up the DagBag from /home/airflow/.local/lib/python3.12/site-packages/airflow/example_dags/example_short_circuit_operator.py
[2025-11-25T15:49:52.054+0000] {processor.py:840} INFO - DAG(s) 'example_short_circuit_operator' retrieved from /home/airflow/.local/lib/python3.12/site-packages/airflow/example_dags/example_short_circuit_operator.py
[2025-11-25T15:49:52.065+0000] {logging_mixin.py:188} INFO - [2025-11-25T15:49:52.065+0000] {dag.py:3096} INFO - Sync 1 DAGs
[2025-11-25T15:49:52.077+0000] {logging_mixin.py:188} INFO - [2025-11-25T15:49:52.077+0000] {dag.py:3954} INFO - Setting next_dagrun for example_short_circuit_operator to 2025-11-24 00:00:00+00:00, run_after=2025-11-25 00:00:00+00:00
[2025-11-25T15:49:52.086+0000] {processor.py:183} INFO - Processing /home/airflow/.local/lib/python3.12/site-packages/airflow/example_dags/example_short_circuit_operator.py took 0.047 seconds
[2025-11-25T15:50:22.672+0000] {processor.py:161} INFO - Started process (PID=7082) to work on /home/airflow/.local/lib/python3.12/site-packages/airflow/example_dags/example_short_circuit_operator.py
[2025-11-25T15:50:22.673+0000] {processor.py:830} INFO - Processing file /home/airflow/.local/lib/python3.12/site-packages/airflow/example_dags/example_short_circuit_operator.py for tasks to queue
[2025-11-25T15:50:22.674+0000] {logging_mixin.py:188} INFO - [2025-11-25T15:50:22.674+0000] {dagbag.py:545} INFO - Filling up the DagBag from /home/airflow/.local/lib/python3.12/site-packages/airflow/example_dags/example_short_circuit_operator.py
[2025-11-25T15:50:22.678+0000] {processor.py:840} INFO - DAG(s) 'example_short_circuit_operator' retrieved from /home/airflow/.local/lib/python3.12/site-packages/airflow/example_dags/example_short_circuit_operator.py
[2025-11-25T15:50:22.686+0000] {logging_mixin.py:188} INFO - [2025-11-25T15:50:22.686+0000] {dag.py:3096} INFO - Sync 1 DAGs
[2025-11-25T15:50:22.695+0000] {logging_mixin.py:188} INFO - [2025-11-25T15:50:22.695+0000] {dag.py:3954} INFO - Setting next_dagrun for example_short_circuit_operator to 2025-11-24 00:00:00+00:00, run_after=2025-11-25 00:00:00+00:00
[2025-11-25T15:50:22.701+0000] {processor.py:183} INFO - Processing /home/airflow/.local/lib/python3.12/site-packages/airflow/example_dags/example_short_circuit_operator.py took 0.031 seconds
[2025-11-25T15:50:53.257+0000] {processor.py:161} INFO - Started process (PID=7140) to work on /home/airflow/.local/lib/python3.12/site-packages/airflow/example_dags/example_short_circuit_operator.py
[2025-11-25T15:50:53.258+0000] {processor.py:830} INFO - Processing file /home/airflow/.local/lib/python3.12/site-packages/airflow/example_dags/example_short_circuit_operator.py for tasks to queue
[2025-11-25T15:50:53.259+0000] {logging_mixin.py:188} INFO - [2025-11-25T15:50:53.258+0000] {dagbag.py:545} INFO - Filling up the DagBag from /home/airflow/.local/lib/python3.12/site-packages/airflow/example_dags/example_short_circuit_operator.py
[2025-11-25T15:50:53.261+0000] {processor.py:840} INFO - DAG(s) 'example_short_circuit_operator' retrieved from /home/airflow/.local/lib/python3.12/site-packages/airflow/example_dags/example_short_circuit_operator.py
[2025-11-25T15:50:53.270+0000] {logging_mixin.py:188} INFO - [2025-11-25T15:50:53.270+0000] {dag.py:3096} INFO - Sync 1 DAGs
[2025-11-25T15:50:53.347+0000] {logging_mixin.py:188} INFO - [2025-11-25T15:50:53.347+0000] {dag.py:3954} INFO - Setting next_dagrun for example_short_circuit_operator to 2025-11-24 00:00:00+00:00, run_after=2025-11-25 00:00:00+00:00
[2025-11-25T15:50:53.354+0000] {processor.py:183} INFO - Processing /home/airflow/.local/lib/python3.12/site-packages/airflow/example_dags/example_short_circuit_operator.py took 0.099 seconds
[2025-11-25T15:51:23.560+0000] {processor.py:161} INFO - Started process (PID=7198) to work on /home/airflow/.local/lib/python3.12/site-packages/airflow/example_dags/example_short_circuit_operator.py
[2025-11-25T15:51:23.561+0000] {processor.py:830} INFO - Processing file /home/airflow/.local/lib/python3.12/site-packages/airflow/example_dags/example_short_circuit_operator.py for tasks to queue
[2025-11-25T15:51:23.562+0000] {logging_mixin.py:188} INFO - [2025-11-25T15:51:23.562+0000] {dagbag.py:545} INFO - Filling up the DagBag from /home/airflow/.local/lib/python3.12/site-packages/airflow/example_dags/example_short_circuit_operator.py
[2025-11-25T15:51:23.565+0000] {processor.py:840} INFO - DAG(s) 'example_short_circuit_operator' retrieved from /home/airflow/.local/lib/python3.12/site-packages/airflow/example_dags/example_short_circuit_operator.py
[2025-11-25T15:51:23.575+0000] {logging_mixin.py:188} INFO - [2025-11-25T15:51:23.575+0000] {dag.py:3096} INFO - Sync 1 DAGs
[2025-11-25T15:51:23.584+0000] {logging_mixin.py:188} INFO - [2025-11-25T15:51:23.584+0000] {dag.py:3954} INFO - Setting next_dagrun for example_short_circuit_operator to 2025-11-24 00:00:00+00:00, run_after=2025-11-25 00:00:00+00:00
[2025-11-25T15:51:23.665+0000] {processor.py:183} INFO - Processing /home/airflow/.local/lib/python3.12/site-packages/airflow/example_dags/example_short_circuit_operator.py took 0.107 seconds
[2025-11-25T15:51:54.292+0000] {processor.py:161} INFO - Started process (PID=7256) to work on /home/airflow/.local/lib/python3.12/site-packages/airflow/example_dags/example_short_circuit_operator.py
[2025-11-25T15:51:54.292+0000] {processor.py:830} INFO - Processing file /home/airflow/.local/lib/python3.12/site-packages/airflow/example_dags/example_short_circuit_operator.py for tasks to queue
[2025-11-25T15:51:54.293+0000] {logging_mixin.py:188} INFO - [2025-11-25T15:51:54.293+0000] {dagbag.py:545} INFO - Filling up the DagBag from /home/airflow/.local/lib/python3.12/site-packages/airflow/example_dags/example_short_circuit_operator.py
[2025-11-25T15:51:54.295+0000] {processor.py:840} INFO - DAG(s) 'example_short_circuit_operator' retrieved from /home/airflow/.local/lib/python3.12/site-packages/airflow/example_dags/example_short_circuit_operator.py
[2025-11-25T15:51:54.308+0000] {logging_mixin.py:188} INFO - [2025-11-25T15:51:54.308+0000] {dag.py:3096} INFO - Sync 1 DAGs
[2025-11-25T15:51:54.316+0000] {logging_mixin.py:188} INFO - [2025-11-25T15:51:54.315+0000] {dag.py:3954} INFO - Setting next_dagrun for example_short_circuit_operator to 2025-11-24 00:00:00+00:00, run_after=2025-11-25 00:00:00+00:00
[2025-11-25T15:51:54.322+0000] {processor.py:183} INFO - Processing /home/airflow/.local/lib/python3.12/site-packages/airflow/example_dags/example_short_circuit_operator.py took 0.032 seconds
[2025-11-25T15:52:25.282+0000] {processor.py:161} INFO - Started process (PID=7312) to work on /home/airflow/.local/lib/python3.12/site-packages/airflow/example_dags/example_short_circuit_operator.py
[2025-11-25T15:52:25.283+0000] {processor.py:830} INFO - Processing file /home/airflow/.local/lib/python3.12/site-packages/airflow/example_dags/example_short_circuit_operator.py for tasks to queue
[2025-11-25T15:52:25.284+0000] {logging_mixin.py:188} INFO - [2025-11-25T15:52:25.283+0000] {dagbag.py:545} INFO - Filling up the DagBag from /home/airflow/.local/lib/python3.12/site-packages/airflow/example_dags/example_short_circuit_operator.py
[2025-11-25T15:52:25.286+0000] {processor.py:840} INFO - DAG(s) 'example_short_circuit_operator' retrieved from /home/airflow/.local/lib/python3.12/site-packages/airflow/example_dags/example_short_circuit_operator.py
[2025-11-25T15:52:25.295+0000] {logging_mixin.py:188} INFO - [2025-11-25T15:52:25.295+0000] {dag.py:3096} INFO - Sync 1 DAGs
[2025-11-25T15:52:25.304+0000] {logging_mixin.py:188} INFO - [2025-11-25T15:52:25.304+0000] {dag.py:3954} INFO - Setting next_dagrun for example_short_circuit_operator to 2025-11-24 00:00:00+00:00, run_after=2025-11-25 00:00:00+00:00
[2025-11-25T15:52:25.311+0000] {processor.py:183} INFO - Processing /home/airflow/.local/lib/python3.12/site-packages/airflow/example_dags/example_short_circuit_operator.py took 0.031 seconds
[2025-11-25T15:52:56.028+0000] {processor.py:161} INFO - Started process (PID=7370) to work on /home/airflow/.local/lib/python3.12/site-packages/airflow/example_dags/example_short_circuit_operator.py
[2025-11-25T15:52:56.029+0000] {processor.py:830} INFO - Processing file /home/airflow/.local/lib/python3.12/site-packages/airflow/example_dags/example_short_circuit_operator.py for tasks to queue
[2025-11-25T15:52:56.029+0000] {logging_mixin.py:188} INFO - [2025-11-25T15:52:56.029+0000] {dagbag.py:545} INFO - Filling up the DagBag from /home/airflow/.local/lib/python3.12/site-packages/airflow/example_dags/example_short_circuit_operator.py
[2025-11-25T15:52:56.032+0000] {processor.py:840} INFO - DAG(s) 'example_short_circuit_operator' retrieved from /home/airflow/.local/lib/python3.12/site-packages/airflow/example_dags/example_short_circuit_operator.py
[2025-11-25T15:52:56.040+0000] {logging_mixin.py:188} INFO - [2025-11-25T15:52:56.040+0000] {dag.py:3096} INFO - Sync 1 DAGs
[2025-11-25T15:52:56.047+0000] {logging_mixin.py:188} INFO - [2025-11-25T15:52:56.047+0000] {dag.py:3954} INFO - Setting next_dagrun for example_short_circuit_operator to 2025-11-24 00:00:00+00:00, run_after=2025-11-25 00:00:00+00:00
[2025-11-25T15:52:56.053+0000] {processor.py:183} INFO - Processing /home/airflow/.local/lib/python3.12/site-packages/airflow/example_dags/example_short_circuit_operator.py took 0.028 seconds
[2025-11-25T15:53:26.689+0000] {processor.py:161} INFO - Started process (PID=7428) to work on /home/airflow/.local/lib/python3.12/site-packages/airflow/example_dags/example_short_circuit_operator.py
[2025-11-25T15:53:26.692+0000] {processor.py:830} INFO - Processing file /home/airflow/.local/lib/python3.12/site-packages/airflow/example_dags/example_short_circuit_operator.py for tasks to queue
[2025-11-25T15:53:26.693+0000] {logging_mixin.py:188} INFO - [2025-11-25T15:53:26.693+0000] {dagbag.py:545} INFO - Filling up the DagBag from /home/airflow/.local/lib/python3.12/site-packages/airflow/example_dags/example_short_circuit_operator.py
[2025-11-25T15:53:26.696+0000] {processor.py:840} INFO - DAG(s) 'example_short_circuit_operator' retrieved from /home/airflow/.local/lib/python3.12/site-packages/airflow/example_dags/example_short_circuit_operator.py
[2025-11-25T15:53:26.704+0000] {logging_mixin.py:188} INFO - [2025-11-25T15:53:26.704+0000] {dag.py:3096} INFO - Sync 1 DAGs
[2025-11-25T15:53:26.712+0000] {logging_mixin.py:188} INFO - [2025-11-25T15:53:26.712+0000] {dag.py:3954} INFO - Setting next_dagrun for example_short_circuit_operator to 2025-11-24 00:00:00+00:00, run_after=2025-11-25 00:00:00+00:00
[2025-11-25T15:53:26.717+0000] {processor.py:183} INFO - Processing /home/airflow/.local/lib/python3.12/site-packages/airflow/example_dags/example_short_circuit_operator.py took 0.031 seconds
[2025-11-25T15:53:57.299+0000] {processor.py:161} INFO - Started process (PID=7486) to work on /home/airflow/.local/lib/python3.12/site-packages/airflow/example_dags/example_short_circuit_operator.py
[2025-11-25T15:53:57.300+0000] {processor.py:830} INFO - Processing file /home/airflow/.local/lib/python3.12/site-packages/airflow/example_dags/example_short_circuit_operator.py for tasks to queue
[2025-11-25T15:53:57.300+0000] {logging_mixin.py:188} INFO - [2025-11-25T15:53:57.300+0000] {dagbag.py:545} INFO - Filling up the DagBag from /home/airflow/.local/lib/python3.12/site-packages/airflow/example_dags/example_short_circuit_operator.py
[2025-11-25T15:53:57.303+0000] {processor.py:840} INFO - DAG(s) 'example_short_circuit_operator' retrieved from /home/airflow/.local/lib/python3.12/site-packages/airflow/example_dags/example_short_circuit_operator.py
[2025-11-25T15:53:57.311+0000] {logging_mixin.py:188} INFO - [2025-11-25T15:53:57.311+0000] {dag.py:3096} INFO - Sync 1 DAGs
[2025-11-25T15:53:57.318+0000] {logging_mixin.py:188} INFO - [2025-11-25T15:53:57.318+0000] {dag.py:3954} INFO - Setting next_dagrun for example_short_circuit_operator to 2025-11-24 00:00:00+00:00, run_after=2025-11-25 00:00:00+00:00
[2025-11-25T15:53:57.323+0000] {processor.py:183} INFO - Processing /home/airflow/.local/lib/python3.12/site-packages/airflow/example_dags/example_short_circuit_operator.py took 0.026 seconds
[2025-11-25T15:54:28.037+0000] {processor.py:161} INFO - Started process (PID=7544) to work on /home/airflow/.local/lib/python3.12/site-packages/airflow/example_dags/example_short_circuit_operator.py
[2025-11-25T15:54:28.037+0000] {processor.py:830} INFO - Processing file /home/airflow/.local/lib/python3.12/site-packages/airflow/example_dags/example_short_circuit_operator.py for tasks to queue
[2025-11-25T15:54:28.039+0000] {logging_mixin.py:188} INFO - [2025-11-25T15:54:28.038+0000] {dagbag.py:545} INFO - Filling up the DagBag from /home/airflow/.local/lib/python3.12/site-packages/airflow/example_dags/example_short_circuit_operator.py
[2025-11-25T15:54:28.041+0000] {processor.py:840} INFO - DAG(s) 'example_short_circuit_operator' retrieved from /home/airflow/.local/lib/python3.12/site-packages/airflow/example_dags/example_short_circuit_operator.py
[2025-11-25T15:54:28.053+0000] {logging_mixin.py:188} INFO - [2025-11-25T15:54:28.052+0000] {dag.py:3096} INFO - Sync 1 DAGs
[2025-11-25T15:54:28.060+0000] {logging_mixin.py:188} INFO - [2025-11-25T15:54:28.060+0000] {dag.py:3954} INFO - Setting next_dagrun for example_short_circuit_operator to 2025-11-24 00:00:00+00:00, run_after=2025-11-25 00:00:00+00:00
[2025-11-25T15:54:28.067+0000] {processor.py:183} INFO - Processing /home/airflow/.local/lib/python3.12/site-packages/airflow/example_dags/example_short_circuit_operator.py took 0.033 seconds
[2025-11-25T15:54:58.722+0000] {processor.py:161} INFO - Started process (PID=7602) to work on /home/airflow/.local/lib/python3.12/site-packages/airflow/example_dags/example_short_circuit_operator.py
[2025-11-25T15:54:58.723+0000] {processor.py:830} INFO - Processing file /home/airflow/.local/lib/python3.12/site-packages/airflow/example_dags/example_short_circuit_operator.py for tasks to queue
[2025-11-25T15:54:58.724+0000] {logging_mixin.py:188} INFO - [2025-11-25T15:54:58.724+0000] {dagbag.py:545} INFO - Filling up the DagBag from /home/airflow/.local/lib/python3.12/site-packages/airflow/example_dags/example_short_circuit_operator.py
[2025-11-25T15:54:58.727+0000] {processor.py:840} INFO - DAG(s) 'example_short_circuit_operator' retrieved from /home/airflow/.local/lib/python3.12/site-packages/airflow/example_dags/example_short_circuit_operator.py
[2025-11-25T15:54:58.737+0000] {logging_mixin.py:188} INFO - [2025-11-25T15:54:58.737+0000] {dag.py:3096} INFO - Sync 1 DAGs
[2025-11-25T15:54:58.745+0000] {logging_mixin.py:188} INFO - [2025-11-25T15:54:58.745+0000] {dag.py:3954} INFO - Setting next_dagrun for example_short_circuit_operator to 2025-11-24 00:00:00+00:00, run_after=2025-11-25 00:00:00+00:00
[2025-11-25T15:54:58.752+0000] {processor.py:183} INFO - Processing /home/airflow/.local/lib/python3.12/site-packages/airflow/example_dags/example_short_circuit_operator.py took 0.032 seconds
[2025-11-25T15:55:29.469+0000] {processor.py:161} INFO - Started process (PID=7660) to work on /home/airflow/.local/lib/python3.12/site-packages/airflow/example_dags/example_short_circuit_operator.py
[2025-11-25T15:55:29.470+0000] {processor.py:830} INFO - Processing file /home/airflow/.local/lib/python3.12/site-packages/airflow/example_dags/example_short_circuit_operator.py for tasks to queue
[2025-11-25T15:55:29.471+0000] {logging_mixin.py:188} INFO - [2025-11-25T15:55:29.471+0000] {dagbag.py:545} INFO - Filling up the DagBag from /home/airflow/.local/lib/python3.12/site-packages/airflow/example_dags/example_short_circuit_operator.py
[2025-11-25T15:55:29.474+0000] {processor.py:840} INFO - DAG(s) 'example_short_circuit_operator' retrieved from /home/airflow/.local/lib/python3.12/site-packages/airflow/example_dags/example_short_circuit_operator.py
[2025-11-25T15:55:29.484+0000] {logging_mixin.py:188} INFO - [2025-11-25T15:55:29.484+0000] {dag.py:3096} INFO - Sync 1 DAGs
[2025-11-25T15:55:29.492+0000] {logging_mixin.py:188} INFO - [2025-11-25T15:55:29.492+0000] {dag.py:3954} INFO - Setting next_dagrun for example_short_circuit_operator to 2025-11-24 00:00:00+00:00, run_after=2025-11-25 00:00:00+00:00
[2025-11-25T15:55:29.499+0000] {processor.py:183} INFO - Processing /home/airflow/.local/lib/python3.12/site-packages/airflow/example_dags/example_short_circuit_operator.py took 0.032 seconds
[2025-11-25T15:56:00.250+0000] {processor.py:161} INFO - Started process (PID=7718) to work on /home/airflow/.local/lib/python3.12/site-packages/airflow/example_dags/example_short_circuit_operator.py
[2025-11-25T15:56:00.251+0000] {processor.py:830} INFO - Processing file /home/airflow/.local/lib/python3.12/site-packages/airflow/example_dags/example_short_circuit_operator.py for tasks to queue
[2025-11-25T15:56:00.251+0000] {logging_mixin.py:188} INFO - [2025-11-25T15:56:00.251+0000] {dagbag.py:545} INFO - Filling up the DagBag from /home/airflow/.local/lib/python3.12/site-packages/airflow/example_dags/example_short_circuit_operator.py
[2025-11-25T15:56:00.254+0000] {processor.py:840} INFO - DAG(s) 'example_short_circuit_operator' retrieved from /home/airflow/.local/lib/python3.12/site-packages/airflow/example_dags/example_short_circuit_operator.py
[2025-11-25T15:56:00.262+0000] {logging_mixin.py:188} INFO - [2025-11-25T15:56:00.262+0000] {dag.py:3096} INFO - Sync 1 DAGs
[2025-11-25T15:56:00.268+0000] {logging_mixin.py:188} INFO - [2025-11-25T15:56:00.268+0000] {dag.py:3954} INFO - Setting next_dagrun for example_short_circuit_operator to 2025-11-24 00:00:00+00:00, run_after=2025-11-25 00:00:00+00:00
[2025-11-25T15:56:00.274+0000] {processor.py:183} INFO - Processing /home/airflow/.local/lib/python3.12/site-packages/airflow/example_dags/example_short_circuit_operator.py took 0.026 seconds
[2025-11-25T15:56:31.101+0000] {processor.py:161} INFO - Started process (PID=7776) to work on /home/airflow/.local/lib/python3.12/site-packages/airflow/example_dags/example_short_circuit_operator.py
[2025-11-25T15:56:31.101+0000] {processor.py:830} INFO - Processing file /home/airflow/.local/lib/python3.12/site-packages/airflow/example_dags/example_short_circuit_operator.py for tasks to queue
[2025-11-25T15:56:31.103+0000] {logging_mixin.py:188} INFO - [2025-11-25T15:56:31.103+0000] {dagbag.py:545} INFO - Filling up the DagBag from /home/airflow/.local/lib/python3.12/site-packages/airflow/example_dags/example_short_circuit_operator.py
[2025-11-25T15:56:31.106+0000] {processor.py:840} INFO - DAG(s) 'example_short_circuit_operator' retrieved from /home/airflow/.local/lib/python3.12/site-packages/airflow/example_dags/example_short_circuit_operator.py
[2025-11-25T15:56:31.115+0000] {logging_mixin.py:188} INFO - [2025-11-25T15:56:31.115+0000] {dag.py:3096} INFO - Sync 1 DAGs
[2025-11-25T15:56:31.124+0000] {logging_mixin.py:188} INFO - [2025-11-25T15:56:31.124+0000] {dag.py:3954} INFO - Setting next_dagrun for example_short_circuit_operator to 2025-11-24 00:00:00+00:00, run_after=2025-11-25 00:00:00+00:00
[2025-11-25T15:56:31.131+0000] {processor.py:183} INFO - Processing /home/airflow/.local/lib/python3.12/site-packages/airflow/example_dags/example_short_circuit_operator.py took 0.033 seconds
[2025-11-25T15:57:02.087+0000] {processor.py:161} INFO - Started process (PID=7834) to work on /home/airflow/.local/lib/python3.12/site-packages/airflow/example_dags/example_short_circuit_operator.py
[2025-11-25T15:57:02.089+0000] {processor.py:830} INFO - Processing file /home/airflow/.local/lib/python3.12/site-packages/airflow/example_dags/example_short_circuit_operator.py for tasks to queue
[2025-11-25T15:57:02.090+0000] {logging_mixin.py:188} INFO - [2025-11-25T15:57:02.090+0000] {dagbag.py:545} INFO - Filling up the DagBag from /home/airflow/.local/lib/python3.12/site-packages/airflow/example_dags/example_short_circuit_operator.py
[2025-11-25T15:57:02.093+0000] {processor.py:840} INFO - DAG(s) 'example_short_circuit_operator' retrieved from /home/airflow/.local/lib/python3.12/site-packages/airflow/example_dags/example_short_circuit_operator.py
[2025-11-25T15:57:02.108+0000] {logging_mixin.py:188} INFO - [2025-11-25T15:57:02.108+0000] {dag.py:3096} INFO - Sync 1 DAGs
[2025-11-25T15:57:02.118+0000] {logging_mixin.py:188} INFO - [2025-11-25T15:57:02.118+0000] {dag.py:3954} INFO - Setting next_dagrun for example_short_circuit_operator to 2025-11-24 00:00:00+00:00, run_after=2025-11-25 00:00:00+00:00
[2025-11-25T15:57:02.128+0000] {processor.py:183} INFO - Processing /home/airflow/.local/lib/python3.12/site-packages/airflow/example_dags/example_short_circuit_operator.py took 0.044 seconds
[2025-11-25T15:57:33.085+0000] {processor.py:161} INFO - Started process (PID=7892) to work on /home/airflow/.local/lib/python3.12/site-packages/airflow/example_dags/example_short_circuit_operator.py
[2025-11-25T15:57:33.087+0000] {processor.py:830} INFO - Processing file /home/airflow/.local/lib/python3.12/site-packages/airflow/example_dags/example_short_circuit_operator.py for tasks to queue
[2025-11-25T15:57:33.088+0000] {logging_mixin.py:188} INFO - [2025-11-25T15:57:33.088+0000] {dagbag.py:545} INFO - Filling up the DagBag from /home/airflow/.local/lib/python3.12/site-packages/airflow/example_dags/example_short_circuit_operator.py
[2025-11-25T15:57:33.092+0000] {processor.py:840} INFO - DAG(s) 'example_short_circuit_operator' retrieved from /home/airflow/.local/lib/python3.12/site-packages/airflow/example_dags/example_short_circuit_operator.py
[2025-11-25T15:57:33.105+0000] {logging_mixin.py:188} INFO - [2025-11-25T15:57:33.105+0000] {dag.py:3096} INFO - Sync 1 DAGs
[2025-11-25T15:57:33.114+0000] {logging_mixin.py:188} INFO - [2025-11-25T15:57:33.114+0000] {dag.py:3954} INFO - Setting next_dagrun for example_short_circuit_operator to 2025-11-24 00:00:00+00:00, run_after=2025-11-25 00:00:00+00:00
[2025-11-25T15:57:33.120+0000] {processor.py:183} INFO - Processing /home/airflow/.local/lib/python3.12/site-packages/airflow/example_dags/example_short_circuit_operator.py took 0.037 seconds
[2025-11-25T15:58:03.599+0000] {processor.py:161} INFO - Started process (PID=7950) to work on /home/airflow/.local/lib/python3.12/site-packages/airflow/example_dags/example_short_circuit_operator.py
[2025-11-25T15:58:03.602+0000] {processor.py:830} INFO - Processing file /home/airflow/.local/lib/python3.12/site-packages/airflow/example_dags/example_short_circuit_operator.py for tasks to queue
[2025-11-25T15:58:03.603+0000] {logging_mixin.py:188} INFO - [2025-11-25T15:58:03.603+0000] {dagbag.py:545} INFO - Filling up the DagBag from /home/airflow/.local/lib/python3.12/site-packages/airflow/example_dags/example_short_circuit_operator.py
[2025-11-25T15:58:03.606+0000] {processor.py:840} INFO - DAG(s) 'example_short_circuit_operator' retrieved from /home/airflow/.local/lib/python3.12/site-packages/airflow/example_dags/example_short_circuit_operator.py
[2025-11-25T15:58:03.616+0000] {logging_mixin.py:188} INFO - [2025-11-25T15:58:03.616+0000] {dag.py:3096} INFO - Sync 1 DAGs
[2025-11-25T15:58:03.627+0000] {logging_mixin.py:188} INFO - [2025-11-25T15:58:03.627+0000] {dag.py:3954} INFO - Setting next_dagrun for example_short_circuit_operator to 2025-11-24 00:00:00+00:00, run_after=2025-11-25 00:00:00+00:00
[2025-11-25T15:58:03.646+0000] {processor.py:183} INFO - Processing /home/airflow/.local/lib/python3.12/site-packages/airflow/example_dags/example_short_circuit_operator.py took 0.049 seconds
[2025-11-25T15:58:33.801+0000] {processor.py:161} INFO - Started process (PID=8008) to work on /home/airflow/.local/lib/python3.12/site-packages/airflow/example_dags/example_short_circuit_operator.py
[2025-11-25T15:58:33.804+0000] {processor.py:830} INFO - Processing file /home/airflow/.local/lib/python3.12/site-packages/airflow/example_dags/example_short_circuit_operator.py for tasks to queue
[2025-11-25T15:58:33.805+0000] {logging_mixin.py:188} INFO - [2025-11-25T15:58:33.805+0000] {dagbag.py:545} INFO - Filling up the DagBag from /home/airflow/.local/lib/python3.12/site-packages/airflow/example_dags/example_short_circuit_operator.py
[2025-11-25T15:58:33.808+0000] {processor.py:840} INFO - DAG(s) 'example_short_circuit_operator' retrieved from /home/airflow/.local/lib/python3.12/site-packages/airflow/example_dags/example_short_circuit_operator.py
[2025-11-25T15:58:33.818+0000] {logging_mixin.py:188} INFO - [2025-11-25T15:58:33.818+0000] {dag.py:3096} INFO - Sync 1 DAGs
[2025-11-25T15:58:33.830+0000] {logging_mixin.py:188} INFO - [2025-11-25T15:58:33.830+0000] {dag.py:3954} INFO - Setting next_dagrun for example_short_circuit_operator to 2025-11-24 00:00:00+00:00, run_after=2025-11-25 00:00:00+00:00
[2025-11-25T15:58:33.842+0000] {processor.py:183} INFO - Processing /home/airflow/.local/lib/python3.12/site-packages/airflow/example_dags/example_short_circuit_operator.py took 0.043 seconds
[2025-11-25T15:59:04.858+0000] {processor.py:161} INFO - Started process (PID=8066) to work on /home/airflow/.local/lib/python3.12/site-packages/airflow/example_dags/example_short_circuit_operator.py
[2025-11-25T15:59:04.859+0000] {processor.py:830} INFO - Processing file /home/airflow/.local/lib/python3.12/site-packages/airflow/example_dags/example_short_circuit_operator.py for tasks to queue
[2025-11-25T15:59:04.860+0000] {logging_mixin.py:188} INFO - [2025-11-25T15:59:04.860+0000] {dagbag.py:545} INFO - Filling up the DagBag from /home/airflow/.local/lib/python3.12/site-packages/airflow/example_dags/example_short_circuit_operator.py
[2025-11-25T15:59:04.864+0000] {processor.py:840} INFO - DAG(s) 'example_short_circuit_operator' retrieved from /home/airflow/.local/lib/python3.12/site-packages/airflow/example_dags/example_short_circuit_operator.py
[2025-11-25T15:59:04.876+0000] {logging_mixin.py:188} INFO - [2025-11-25T15:59:04.876+0000] {dag.py:3096} INFO - Sync 1 DAGs
[2025-11-25T15:59:04.884+0000] {logging_mixin.py:188} INFO - [2025-11-25T15:59:04.884+0000] {dag.py:3954} INFO - Setting next_dagrun for example_short_circuit_operator to 2025-11-24 00:00:00+00:00, run_after=2025-11-25 00:00:00+00:00
[2025-11-25T15:59:04.891+0000] {processor.py:183} INFO - Processing /home/airflow/.local/lib/python3.12/site-packages/airflow/example_dags/example_short_circuit_operator.py took 0.036 seconds
[2025-11-25T15:59:35.775+0000] {processor.py:161} INFO - Started process (PID=8124) to work on /home/airflow/.local/lib/python3.12/site-packages/airflow/example_dags/example_short_circuit_operator.py
[2025-11-25T15:59:35.776+0000] {processor.py:830} INFO - Processing file /home/airflow/.local/lib/python3.12/site-packages/airflow/example_dags/example_short_circuit_operator.py for tasks to queue
[2025-11-25T15:59:35.777+0000] {logging_mixin.py:188} INFO - [2025-11-25T15:59:35.777+0000] {dagbag.py:545} INFO - Filling up the DagBag from /home/airflow/.local/lib/python3.12/site-packages/airflow/example_dags/example_short_circuit_operator.py
[2025-11-25T15:59:35.780+0000] {processor.py:840} INFO - DAG(s) 'example_short_circuit_operator' retrieved from /home/airflow/.local/lib/python3.12/site-packages/airflow/example_dags/example_short_circuit_operator.py
[2025-11-25T15:59:35.792+0000] {logging_mixin.py:188} INFO - [2025-11-25T15:59:35.792+0000] {dag.py:3096} INFO - Sync 1 DAGs
[2025-11-25T15:59:35.800+0000] {logging_mixin.py:188} INFO - [2025-11-25T15:59:35.800+0000] {dag.py:3954} INFO - Setting next_dagrun for example_short_circuit_operator to 2025-11-24 00:00:00+00:00, run_after=2025-11-25 00:00:00+00:00
[2025-11-25T15:59:35.810+0000] {processor.py:183} INFO - Processing /home/airflow/.local/lib/python3.12/site-packages/airflow/example_dags/example_short_circuit_operator.py took 0.038 seconds
[2025-11-25T16:00:06.987+0000] {processor.py:161} INFO - Started process (PID=8182) to work on /home/airflow/.local/lib/python3.12/site-packages/airflow/example_dags/example_short_circuit_operator.py
[2025-11-25T16:00:06.988+0000] {processor.py:830} INFO - Processing file /home/airflow/.local/lib/python3.12/site-packages/airflow/example_dags/example_short_circuit_operator.py for tasks to queue
[2025-11-25T16:00:06.989+0000] {logging_mixin.py:188} INFO - [2025-11-25T16:00:06.989+0000] {dagbag.py:545} INFO - Filling up the DagBag from /home/airflow/.local/lib/python3.12/site-packages/airflow/example_dags/example_short_circuit_operator.py
[2025-11-25T16:00:06.992+0000] {processor.py:840} INFO - DAG(s) 'example_short_circuit_operator' retrieved from /home/airflow/.local/lib/python3.12/site-packages/airflow/example_dags/example_short_circuit_operator.py
[2025-11-25T16:00:07.002+0000] {logging_mixin.py:188} INFO - [2025-11-25T16:00:07.001+0000] {dag.py:3096} INFO - Sync 1 DAGs
[2025-11-25T16:00:07.011+0000] {logging_mixin.py:188} INFO - [2025-11-25T16:00:07.011+0000] {dag.py:3954} INFO - Setting next_dagrun for example_short_circuit_operator to 2025-11-24 00:00:00+00:00, run_after=2025-11-25 00:00:00+00:00
[2025-11-25T16:00:07.022+0000] {processor.py:183} INFO - Processing /home/airflow/.local/lib/python3.12/site-packages/airflow/example_dags/example_short_circuit_operator.py took 0.037 seconds
[2025-11-25T16:00:37.234+0000] {processor.py:161} INFO - Started process (PID=8240) to work on /home/airflow/.local/lib/python3.12/site-packages/airflow/example_dags/example_short_circuit_operator.py
[2025-11-25T16:00:37.235+0000] {processor.py:830} INFO - Processing file /home/airflow/.local/lib/python3.12/site-packages/airflow/example_dags/example_short_circuit_operator.py for tasks to queue
[2025-11-25T16:00:37.236+0000] {logging_mixin.py:188} INFO - [2025-11-25T16:00:37.235+0000] {dagbag.py:545} INFO - Filling up the DagBag from /home/airflow/.local/lib/python3.12/site-packages/airflow/example_dags/example_short_circuit_operator.py
[2025-11-25T16:00:37.239+0000] {processor.py:840} INFO - DAG(s) 'example_short_circuit_operator' retrieved from /home/airflow/.local/lib/python3.12/site-packages/airflow/example_dags/example_short_circuit_operator.py
[2025-11-25T16:00:37.250+0000] {logging_mixin.py:188} INFO - [2025-11-25T16:00:37.250+0000] {dag.py:3096} INFO - Sync 1 DAGs
[2025-11-25T16:00:37.260+0000] {logging_mixin.py:188} INFO - [2025-11-25T16:00:37.260+0000] {dag.py:3954} INFO - Setting next_dagrun for example_short_circuit_operator to 2025-11-24 00:00:00+00:00, run_after=2025-11-25 00:00:00+00:00
[2025-11-25T16:00:37.270+0000] {processor.py:183} INFO - Processing /home/airflow/.local/lib/python3.12/site-packages/airflow/example_dags/example_short_circuit_operator.py took 0.038 seconds
[2025-11-25T16:01:08.171+0000] {processor.py:161} INFO - Started process (PID=8298) to work on /home/airflow/.local/lib/python3.12/site-packages/airflow/example_dags/example_short_circuit_operator.py
[2025-11-25T16:01:08.171+0000] {processor.py:830} INFO - Processing file /home/airflow/.local/lib/python3.12/site-packages/airflow/example_dags/example_short_circuit_operator.py for tasks to queue
[2025-11-25T16:01:08.173+0000] {logging_mixin.py:188} INFO - [2025-11-25T16:01:08.173+0000] {dagbag.py:545} INFO - Filling up the DagBag from /home/airflow/.local/lib/python3.12/site-packages/airflow/example_dags/example_short_circuit_operator.py
[2025-11-25T16:01:08.178+0000] {processor.py:840} INFO - DAG(s) 'example_short_circuit_operator' retrieved from /home/airflow/.local/lib/python3.12/site-packages/airflow/example_dags/example_short_circuit_operator.py
[2025-11-25T16:01:08.192+0000] {logging_mixin.py:188} INFO - [2025-11-25T16:01:08.192+0000] {dag.py:3096} INFO - Sync 1 DAGs
[2025-11-25T16:01:08.203+0000] {logging_mixin.py:188} INFO - [2025-11-25T16:01:08.203+0000] {dag.py:3954} INFO - Setting next_dagrun for example_short_circuit_operator to 2025-11-24 00:00:00+00:00, run_after=2025-11-25 00:00:00+00:00
[2025-11-25T16:01:08.210+0000] {processor.py:183} INFO - Processing /home/airflow/.local/lib/python3.12/site-packages/airflow/example_dags/example_short_circuit_operator.py took 0.041 seconds
[2025-11-25T16:01:39.055+0000] {processor.py:161} INFO - Started process (PID=8362) to work on /home/airflow/.local/lib/python3.12/site-packages/airflow/example_dags/example_short_circuit_operator.py
[2025-11-25T16:01:39.056+0000] {processor.py:830} INFO - Processing file /home/airflow/.local/lib/python3.12/site-packages/airflow/example_dags/example_short_circuit_operator.py for tasks to queue
[2025-11-25T16:01:39.056+0000] {logging_mixin.py:188} INFO - [2025-11-25T16:01:39.056+0000] {dagbag.py:545} INFO - Filling up the DagBag from /home/airflow/.local/lib/python3.12/site-packages/airflow/example_dags/example_short_circuit_operator.py
[2025-11-25T16:01:39.060+0000] {processor.py:840} INFO - DAG(s) 'example_short_circuit_operator' retrieved from /home/airflow/.local/lib/python3.12/site-packages/airflow/example_dags/example_short_circuit_operator.py
[2025-11-25T16:01:39.073+0000] {logging_mixin.py:188} INFO - [2025-11-25T16:01:39.073+0000] {dag.py:3096} INFO - Sync 1 DAGs
[2025-11-25T16:01:39.082+0000] {logging_mixin.py:188} INFO - [2025-11-25T16:01:39.082+0000] {dag.py:3954} INFO - Setting next_dagrun for example_short_circuit_operator to 2025-11-24 00:00:00+00:00, run_after=2025-11-25 00:00:00+00:00
[2025-11-25T16:01:39.092+0000] {processor.py:183} INFO - Processing /home/airflow/.local/lib/python3.12/site-packages/airflow/example_dags/example_short_circuit_operator.py took 0.039 seconds
[2025-11-25T16:02:09.876+0000] {processor.py:161} INFO - Started process (PID=8420) to work on /home/airflow/.local/lib/python3.12/site-packages/airflow/example_dags/example_short_circuit_operator.py
[2025-11-25T16:02:09.878+0000] {processor.py:830} INFO - Processing file /home/airflow/.local/lib/python3.12/site-packages/airflow/example_dags/example_short_circuit_operator.py for tasks to queue
[2025-11-25T16:02:09.878+0000] {logging_mixin.py:188} INFO - [2025-11-25T16:02:09.878+0000] {dagbag.py:545} INFO - Filling up the DagBag from /home/airflow/.local/lib/python3.12/site-packages/airflow/example_dags/example_short_circuit_operator.py
[2025-11-25T16:02:09.882+0000] {processor.py:840} INFO - DAG(s) 'example_short_circuit_operator' retrieved from /home/airflow/.local/lib/python3.12/site-packages/airflow/example_dags/example_short_circuit_operator.py
[2025-11-25T16:02:09.892+0000] {logging_mixin.py:188} INFO - [2025-11-25T16:02:09.892+0000] {dag.py:3096} INFO - Sync 1 DAGs
[2025-11-25T16:02:09.900+0000] {logging_mixin.py:188} INFO - [2025-11-25T16:02:09.900+0000] {dag.py:3954} INFO - Setting next_dagrun for example_short_circuit_operator to 2025-11-24 00:00:00+00:00, run_after=2025-11-25 00:00:00+00:00
[2025-11-25T16:02:09.906+0000] {processor.py:183} INFO - Processing /home/airflow/.local/lib/python3.12/site-packages/airflow/example_dags/example_short_circuit_operator.py took 0.032 seconds
[2025-11-25T16:02:40.697+0000] {processor.py:161} INFO - Started process (PID=8478) to work on /home/airflow/.local/lib/python3.12/site-packages/airflow/example_dags/example_short_circuit_operator.py
[2025-11-25T16:02:40.699+0000] {processor.py:830} INFO - Processing file /home/airflow/.local/lib/python3.12/site-packages/airflow/example_dags/example_short_circuit_operator.py for tasks to queue
[2025-11-25T16:02:40.700+0000] {logging_mixin.py:188} INFO - [2025-11-25T16:02:40.700+0000] {dagbag.py:545} INFO - Filling up the DagBag from /home/airflow/.local/lib/python3.12/site-packages/airflow/example_dags/example_short_circuit_operator.py
[2025-11-25T16:02:40.704+0000] {processor.py:840} INFO - DAG(s) 'example_short_circuit_operator' retrieved from /home/airflow/.local/lib/python3.12/site-packages/airflow/example_dags/example_short_circuit_operator.py
[2025-11-25T16:02:40.716+0000] {logging_mixin.py:188} INFO - [2025-11-25T16:02:40.715+0000] {dag.py:3096} INFO - Sync 1 DAGs
[2025-11-25T16:02:40.724+0000] {logging_mixin.py:188} INFO - [2025-11-25T16:02:40.724+0000] {dag.py:3954} INFO - Setting next_dagrun for example_short_circuit_operator to 2025-11-24 00:00:00+00:00, run_after=2025-11-25 00:00:00+00:00
[2025-11-25T16:02:40.730+0000] {processor.py:183} INFO - Processing /home/airflow/.local/lib/python3.12/site-packages/airflow/example_dags/example_short_circuit_operator.py took 0.035 seconds
[2025-11-25T16:03:11.403+0000] {processor.py:161} INFO - Started process (PID=8536) to work on /home/airflow/.local/lib/python3.12/site-packages/airflow/example_dags/example_short_circuit_operator.py
[2025-11-25T16:03:11.404+0000] {processor.py:830} INFO - Processing file /home/airflow/.local/lib/python3.12/site-packages/airflow/example_dags/example_short_circuit_operator.py for tasks to queue
[2025-11-25T16:03:11.405+0000] {logging_mixin.py:188} INFO - [2025-11-25T16:03:11.405+0000] {dagbag.py:545} INFO - Filling up the DagBag from /home/airflow/.local/lib/python3.12/site-packages/airflow/example_dags/example_short_circuit_operator.py
[2025-11-25T16:03:11.407+0000] {processor.py:840} INFO - DAG(s) 'example_short_circuit_operator' retrieved from /home/airflow/.local/lib/python3.12/site-packages/airflow/example_dags/example_short_circuit_operator.py
[2025-11-25T16:03:11.420+0000] {logging_mixin.py:188} INFO - [2025-11-25T16:03:11.420+0000] {dag.py:3096} INFO - Sync 1 DAGs
[2025-11-25T16:03:11.429+0000] {logging_mixin.py:188} INFO - [2025-11-25T16:03:11.429+0000] {dag.py:3954} INFO - Setting next_dagrun for example_short_circuit_operator to 2025-11-24 00:00:00+00:00, run_after=2025-11-25 00:00:00+00:00
[2025-11-25T16:03:11.437+0000] {processor.py:183} INFO - Processing /home/airflow/.local/lib/python3.12/site-packages/airflow/example_dags/example_short_circuit_operator.py took 0.035 seconds
[2025-11-25T16:03:42.120+0000] {processor.py:161} INFO - Started process (PID=8594) to work on /home/airflow/.local/lib/python3.12/site-packages/airflow/example_dags/example_short_circuit_operator.py
[2025-11-25T16:03:42.121+0000] {processor.py:830} INFO - Processing file /home/airflow/.local/lib/python3.12/site-packages/airflow/example_dags/example_short_circuit_operator.py for tasks to queue
[2025-11-25T16:03:42.121+0000] {logging_mixin.py:188} INFO - [2025-11-25T16:03:42.121+0000] {dagbag.py:545} INFO - Filling up the DagBag from /home/airflow/.local/lib/python3.12/site-packages/airflow/example_dags/example_short_circuit_operator.py
[2025-11-25T16:03:42.126+0000] {processor.py:840} INFO - DAG(s) 'example_short_circuit_operator' retrieved from /home/airflow/.local/lib/python3.12/site-packages/airflow/example_dags/example_short_circuit_operator.py
[2025-11-25T16:03:42.136+0000] {logging_mixin.py:188} INFO - [2025-11-25T16:03:42.136+0000] {dag.py:3096} INFO - Sync 1 DAGs
[2025-11-25T16:03:42.144+0000] {logging_mixin.py:188} INFO - [2025-11-25T16:03:42.144+0000] {dag.py:3954} INFO - Setting next_dagrun for example_short_circuit_operator to 2025-11-24 00:00:00+00:00, run_after=2025-11-25 00:00:00+00:00
[2025-11-25T16:03:42.151+0000] {processor.py:183} INFO - Processing /home/airflow/.local/lib/python3.12/site-packages/airflow/example_dags/example_short_circuit_operator.py took 0.033 seconds
[2025-11-25T16:04:13.070+0000] {processor.py:161} INFO - Started process (PID=8652) to work on /home/airflow/.local/lib/python3.12/site-packages/airflow/example_dags/example_short_circuit_operator.py
[2025-11-25T16:04:13.071+0000] {processor.py:830} INFO - Processing file /home/airflow/.local/lib/python3.12/site-packages/airflow/example_dags/example_short_circuit_operator.py for tasks to queue
[2025-11-25T16:04:13.072+0000] {logging_mixin.py:188} INFO - [2025-11-25T16:04:13.072+0000] {dagbag.py:545} INFO - Filling up the DagBag from /home/airflow/.local/lib/python3.12/site-packages/airflow/example_dags/example_short_circuit_operator.py
[2025-11-25T16:04:13.075+0000] {processor.py:840} INFO - DAG(s) 'example_short_circuit_operator' retrieved from /home/airflow/.local/lib/python3.12/site-packages/airflow/example_dags/example_short_circuit_operator.py
[2025-11-25T16:04:13.084+0000] {logging_mixin.py:188} INFO - [2025-11-25T16:04:13.084+0000] {dag.py:3096} INFO - Sync 1 DAGs
[2025-11-25T16:04:13.094+0000] {logging_mixin.py:188} INFO - [2025-11-25T16:04:13.093+0000] {dag.py:3954} INFO - Setting next_dagrun for example_short_circuit_operator to 2025-11-24 00:00:00+00:00, run_after=2025-11-25 00:00:00+00:00
[2025-11-25T16:04:13.102+0000] {processor.py:183} INFO - Processing /home/airflow/.local/lib/python3.12/site-packages/airflow/example_dags/example_short_circuit_operator.py took 0.035 seconds
[2025-11-25T16:04:44.141+0000] {processor.py:161} INFO - Started process (PID=8710) to work on /home/airflow/.local/lib/python3.12/site-packages/airflow/example_dags/example_short_circuit_operator.py
[2025-11-25T16:04:44.142+0000] {processor.py:830} INFO - Processing file /home/airflow/.local/lib/python3.12/site-packages/airflow/example_dags/example_short_circuit_operator.py for tasks to queue
[2025-11-25T16:04:44.143+0000] {logging_mixin.py:188} INFO - [2025-11-25T16:04:44.142+0000] {dagbag.py:545} INFO - Filling up the DagBag from /home/airflow/.local/lib/python3.12/site-packages/airflow/example_dags/example_short_circuit_operator.py
[2025-11-25T16:04:44.146+0000] {processor.py:840} INFO - DAG(s) 'example_short_circuit_operator' retrieved from /home/airflow/.local/lib/python3.12/site-packages/airflow/example_dags/example_short_circuit_operator.py
[2025-11-25T16:04:44.154+0000] {logging_mixin.py:188} INFO - [2025-11-25T16:04:44.154+0000] {dag.py:3096} INFO - Sync 1 DAGs
[2025-11-25T16:04:44.162+0000] {logging_mixin.py:188} INFO - [2025-11-25T16:04:44.162+0000] {dag.py:3954} INFO - Setting next_dagrun for example_short_circuit_operator to 2025-11-24 00:00:00+00:00, run_after=2025-11-25 00:00:00+00:00
[2025-11-25T16:04:44.171+0000] {processor.py:183} INFO - Processing /home/airflow/.local/lib/python3.12/site-packages/airflow/example_dags/example_short_circuit_operator.py took 0.033 seconds
[2025-11-25T16:05:15.060+0000] {processor.py:161} INFO - Started process (PID=8768) to work on /home/airflow/.local/lib/python3.12/site-packages/airflow/example_dags/example_short_circuit_operator.py
[2025-11-25T16:05:15.061+0000] {processor.py:830} INFO - Processing file /home/airflow/.local/lib/python3.12/site-packages/airflow/example_dags/example_short_circuit_operator.py for tasks to queue
[2025-11-25T16:05:15.062+0000] {logging_mixin.py:188} INFO - [2025-11-25T16:05:15.061+0000] {dagbag.py:545} INFO - Filling up the DagBag from /home/airflow/.local/lib/python3.12/site-packages/airflow/example_dags/example_short_circuit_operator.py
[2025-11-25T16:05:15.064+0000] {processor.py:840} INFO - DAG(s) 'example_short_circuit_operator' retrieved from /home/airflow/.local/lib/python3.12/site-packages/airflow/example_dags/example_short_circuit_operator.py
[2025-11-25T16:05:15.073+0000] {logging_mixin.py:188} INFO - [2025-11-25T16:05:15.072+0000] {dag.py:3096} INFO - Sync 1 DAGs
[2025-11-25T16:05:15.080+0000] {logging_mixin.py:188} INFO - [2025-11-25T16:05:15.080+0000] {dag.py:3954} INFO - Setting next_dagrun for example_short_circuit_operator to 2025-11-24 00:00:00+00:00, run_after=2025-11-25 00:00:00+00:00
[2025-11-25T16:05:15.085+0000] {processor.py:183} INFO - Processing /home/airflow/.local/lib/python3.12/site-packages/airflow/example_dags/example_short_circuit_operator.py took 0.027 seconds
[2025-11-25T16:05:46.060+0000] {processor.py:161} INFO - Started process (PID=8826) to work on /home/airflow/.local/lib/python3.12/site-packages/airflow/example_dags/example_short_circuit_operator.py
[2025-11-25T16:05:46.061+0000] {processor.py:830} INFO - Processing file /home/airflow/.local/lib/python3.12/site-packages/airflow/example_dags/example_short_circuit_operator.py for tasks to queue
[2025-11-25T16:05:46.062+0000] {logging_mixin.py:188} INFO - [2025-11-25T16:05:46.062+0000] {dagbag.py:545} INFO - Filling up the DagBag from /home/airflow/.local/lib/python3.12/site-packages/airflow/example_dags/example_short_circuit_operator.py
[2025-11-25T16:05:46.068+0000] {processor.py:840} INFO - DAG(s) 'example_short_circuit_operator' retrieved from /home/airflow/.local/lib/python3.12/site-packages/airflow/example_dags/example_short_circuit_operator.py
[2025-11-25T16:05:46.080+0000] {logging_mixin.py:188} INFO - [2025-11-25T16:05:46.080+0000] {dag.py:3096} INFO - Sync 1 DAGs
[2025-11-25T16:05:46.092+0000] {logging_mixin.py:188} INFO - [2025-11-25T16:05:46.092+0000] {dag.py:3954} INFO - Setting next_dagrun for example_short_circuit_operator to 2025-11-24 00:00:00+00:00, run_after=2025-11-25 00:00:00+00:00
[2025-11-25T16:05:46.104+0000] {processor.py:183} INFO - Processing /home/airflow/.local/lib/python3.12/site-packages/airflow/example_dags/example_short_circuit_operator.py took 0.047 seconds
[2025-11-25T16:06:17.028+0000] {processor.py:161} INFO - Started process (PID=8884) to work on /home/airflow/.local/lib/python3.12/site-packages/airflow/example_dags/example_short_circuit_operator.py
[2025-11-25T16:06:17.031+0000] {processor.py:830} INFO - Processing file /home/airflow/.local/lib/python3.12/site-packages/airflow/example_dags/example_short_circuit_operator.py for tasks to queue
[2025-11-25T16:06:17.032+0000] {logging_mixin.py:188} INFO - [2025-11-25T16:06:17.031+0000] {dagbag.py:545} INFO - Filling up the DagBag from /home/airflow/.local/lib/python3.12/site-packages/airflow/example_dags/example_short_circuit_operator.py
[2025-11-25T16:06:17.035+0000] {processor.py:840} INFO - DAG(s) 'example_short_circuit_operator' retrieved from /home/airflow/.local/lib/python3.12/site-packages/airflow/example_dags/example_short_circuit_operator.py
[2025-11-25T16:06:17.043+0000] {logging_mixin.py:188} INFO - [2025-11-25T16:06:17.043+0000] {dag.py:3096} INFO - Sync 1 DAGs
[2025-11-25T16:06:17.051+0000] {logging_mixin.py:188} INFO - [2025-11-25T16:06:17.051+0000] {dag.py:3954} INFO - Setting next_dagrun for example_short_circuit_operator to 2025-11-24 00:00:00+00:00, run_after=2025-11-25 00:00:00+00:00
[2025-11-25T16:06:17.058+0000] {processor.py:183} INFO - Processing /home/airflow/.local/lib/python3.12/site-packages/airflow/example_dags/example_short_circuit_operator.py took 0.032 seconds
[2025-11-25T16:06:48.029+0000] {processor.py:161} INFO - Started process (PID=8942) to work on /home/airflow/.local/lib/python3.12/site-packages/airflow/example_dags/example_short_circuit_operator.py
[2025-11-25T16:06:48.031+0000] {processor.py:830} INFO - Processing file /home/airflow/.local/lib/python3.12/site-packages/airflow/example_dags/example_short_circuit_operator.py for tasks to queue
[2025-11-25T16:06:48.032+0000] {logging_mixin.py:188} INFO - [2025-11-25T16:06:48.032+0000] {dagbag.py:545} INFO - Filling up the DagBag from /home/airflow/.local/lib/python3.12/site-packages/airflow/example_dags/example_short_circuit_operator.py
[2025-11-25T16:06:48.036+0000] {processor.py:840} INFO - DAG(s) 'example_short_circuit_operator' retrieved from /home/airflow/.local/lib/python3.12/site-packages/airflow/example_dags/example_short_circuit_operator.py
[2025-11-25T16:06:48.052+0000] {logging_mixin.py:188} INFO - [2025-11-25T16:06:48.052+0000] {dag.py:3096} INFO - Sync 1 DAGs
[2025-11-25T16:06:48.070+0000] {logging_mixin.py:188} INFO - [2025-11-25T16:06:48.070+0000] {dag.py:3954} INFO - Setting next_dagrun for example_short_circuit_operator to 2025-11-24 00:00:00+00:00, run_after=2025-11-25 00:00:00+00:00
[2025-11-25T16:06:48.084+0000] {processor.py:183} INFO - Processing /home/airflow/.local/lib/python3.12/site-packages/airflow/example_dags/example_short_circuit_operator.py took 0.058 seconds
[2025-11-25T16:07:18.959+0000] {processor.py:161} INFO - Started process (PID=9000) to work on /home/airflow/.local/lib/python3.12/site-packages/airflow/example_dags/example_short_circuit_operator.py
[2025-11-25T16:07:18.959+0000] {processor.py:830} INFO - Processing file /home/airflow/.local/lib/python3.12/site-packages/airflow/example_dags/example_short_circuit_operator.py for tasks to queue
[2025-11-25T16:07:18.960+0000] {logging_mixin.py:188} INFO - [2025-11-25T16:07:18.960+0000] {dagbag.py:545} INFO - Filling up the DagBag from /home/airflow/.local/lib/python3.12/site-packages/airflow/example_dags/example_short_circuit_operator.py
[2025-11-25T16:07:18.963+0000] {processor.py:840} INFO - DAG(s) 'example_short_circuit_operator' retrieved from /home/airflow/.local/lib/python3.12/site-packages/airflow/example_dags/example_short_circuit_operator.py
[2025-11-25T16:07:18.973+0000] {logging_mixin.py:188} INFO - [2025-11-25T16:07:18.973+0000] {dag.py:3096} INFO - Sync 1 DAGs
[2025-11-25T16:07:18.982+0000] {logging_mixin.py:188} INFO - [2025-11-25T16:07:18.982+0000] {dag.py:3954} INFO - Setting next_dagrun for example_short_circuit_operator to 2025-11-24 00:00:00+00:00, run_after=2025-11-25 00:00:00+00:00
[2025-11-25T16:07:18.993+0000] {processor.py:183} INFO - Processing /home/airflow/.local/lib/python3.12/site-packages/airflow/example_dags/example_short_circuit_operator.py took 0.037 seconds
[2025-11-25T16:07:49.549+0000] {processor.py:161} INFO - Started process (PID=9058) to work on /home/airflow/.local/lib/python3.12/site-packages/airflow/example_dags/example_short_circuit_operator.py
[2025-11-25T16:07:49.551+0000] {processor.py:830} INFO - Processing file /home/airflow/.local/lib/python3.12/site-packages/airflow/example_dags/example_short_circuit_operator.py for tasks to queue
[2025-11-25T16:07:49.552+0000] {logging_mixin.py:188} INFO - [2025-11-25T16:07:49.552+0000] {dagbag.py:545} INFO - Filling up the DagBag from /home/airflow/.local/lib/python3.12/site-packages/airflow/example_dags/example_short_circuit_operator.py
[2025-11-25T16:07:49.555+0000] {processor.py:840} INFO - DAG(s) 'example_short_circuit_operator' retrieved from /home/airflow/.local/lib/python3.12/site-packages/airflow/example_dags/example_short_circuit_operator.py
[2025-11-25T16:07:49.565+0000] {logging_mixin.py:188} INFO - [2025-11-25T16:07:49.565+0000] {dag.py:3096} INFO - Sync 1 DAGs
[2025-11-25T16:07:49.575+0000] {logging_mixin.py:188} INFO - [2025-11-25T16:07:49.575+0000] {dag.py:3954} INFO - Setting next_dagrun for example_short_circuit_operator to 2025-11-24 00:00:00+00:00, run_after=2025-11-25 00:00:00+00:00
[2025-11-25T16:07:49.587+0000] {processor.py:183} INFO - Processing /home/airflow/.local/lib/python3.12/site-packages/airflow/example_dags/example_short_circuit_operator.py took 0.043 seconds
[2025-11-25T16:08:20.167+0000] {processor.py:161} INFO - Started process (PID=9116) to work on /home/airflow/.local/lib/python3.12/site-packages/airflow/example_dags/example_short_circuit_operator.py
[2025-11-25T16:08:20.168+0000] {processor.py:830} INFO - Processing file /home/airflow/.local/lib/python3.12/site-packages/airflow/example_dags/example_short_circuit_operator.py for tasks to queue
[2025-11-25T16:08:20.169+0000] {logging_mixin.py:188} INFO - [2025-11-25T16:08:20.169+0000] {dagbag.py:545} INFO - Filling up the DagBag from /home/airflow/.local/lib/python3.12/site-packages/airflow/example_dags/example_short_circuit_operator.py
[2025-11-25T16:08:20.173+0000] {processor.py:840} INFO - DAG(s) 'example_short_circuit_operator' retrieved from /home/airflow/.local/lib/python3.12/site-packages/airflow/example_dags/example_short_circuit_operator.py
[2025-11-25T16:08:20.183+0000] {logging_mixin.py:188} INFO - [2025-11-25T16:08:20.183+0000] {dag.py:3096} INFO - Sync 1 DAGs
[2025-11-25T16:08:20.191+0000] {logging_mixin.py:188} INFO - [2025-11-25T16:08:20.191+0000] {dag.py:3954} INFO - Setting next_dagrun for example_short_circuit_operator to 2025-11-24 00:00:00+00:00, run_after=2025-11-25 00:00:00+00:00
[2025-11-25T16:08:20.197+0000] {processor.py:183} INFO - Processing /home/airflow/.local/lib/python3.12/site-packages/airflow/example_dags/example_short_circuit_operator.py took 0.034 seconds
[2025-11-25T16:08:50.941+0000] {processor.py:161} INFO - Started process (PID=9174) to work on /home/airflow/.local/lib/python3.12/site-packages/airflow/example_dags/example_short_circuit_operator.py
[2025-11-25T16:08:50.941+0000] {processor.py:830} INFO - Processing file /home/airflow/.local/lib/python3.12/site-packages/airflow/example_dags/example_short_circuit_operator.py for tasks to queue
[2025-11-25T16:08:50.942+0000] {logging_mixin.py:188} INFO - [2025-11-25T16:08:50.942+0000] {dagbag.py:545} INFO - Filling up the DagBag from /home/airflow/.local/lib/python3.12/site-packages/airflow/example_dags/example_short_circuit_operator.py
[2025-11-25T16:08:50.945+0000] {processor.py:840} INFO - DAG(s) 'example_short_circuit_operator' retrieved from /home/airflow/.local/lib/python3.12/site-packages/airflow/example_dags/example_short_circuit_operator.py
[2025-11-25T16:08:50.954+0000] {logging_mixin.py:188} INFO - [2025-11-25T16:08:50.954+0000] {dag.py:3096} INFO - Sync 1 DAGs
[2025-11-25T16:08:50.961+0000] {logging_mixin.py:188} INFO - [2025-11-25T16:08:50.961+0000] {dag.py:3954} INFO - Setting next_dagrun for example_short_circuit_operator to 2025-11-24 00:00:00+00:00, run_after=2025-11-25 00:00:00+00:00
[2025-11-25T16:08:50.967+0000] {processor.py:183} INFO - Processing /home/airflow/.local/lib/python3.12/site-packages/airflow/example_dags/example_short_circuit_operator.py took 0.028 seconds
[2025-11-25T16:09:21.673+0000] {processor.py:161} INFO - Started process (PID=9232) to work on /home/airflow/.local/lib/python3.12/site-packages/airflow/example_dags/example_short_circuit_operator.py
[2025-11-25T16:09:21.674+0000] {processor.py:830} INFO - Processing file /home/airflow/.local/lib/python3.12/site-packages/airflow/example_dags/example_short_circuit_operator.py for tasks to queue
[2025-11-25T16:09:21.675+0000] {logging_mixin.py:188} INFO - [2025-11-25T16:09:21.675+0000] {dagbag.py:545} INFO - Filling up the DagBag from /home/airflow/.local/lib/python3.12/site-packages/airflow/example_dags/example_short_circuit_operator.py
[2025-11-25T16:09:21.679+0000] {processor.py:840} INFO - DAG(s) 'example_short_circuit_operator' retrieved from /home/airflow/.local/lib/python3.12/site-packages/airflow/example_dags/example_short_circuit_operator.py
[2025-11-25T16:09:21.691+0000] {logging_mixin.py:188} INFO - [2025-11-25T16:09:21.690+0000] {dag.py:3096} INFO - Sync 1 DAGs
[2025-11-25T16:09:21.699+0000] {logging_mixin.py:188} INFO - [2025-11-25T16:09:21.699+0000] {dag.py:3954} INFO - Setting next_dagrun for example_short_circuit_operator to 2025-11-24 00:00:00+00:00, run_after=2025-11-25 00:00:00+00:00
[2025-11-25T16:09:21.707+0000] {processor.py:183} INFO - Processing /home/airflow/.local/lib/python3.12/site-packages/airflow/example_dags/example_short_circuit_operator.py took 0.036 seconds
[2025-11-25T16:09:52.393+0000] {processor.py:161} INFO - Started process (PID=9290) to work on /home/airflow/.local/lib/python3.12/site-packages/airflow/example_dags/example_short_circuit_operator.py
[2025-11-25T16:09:52.395+0000] {processor.py:830} INFO - Processing file /home/airflow/.local/lib/python3.12/site-packages/airflow/example_dags/example_short_circuit_operator.py for tasks to queue
[2025-11-25T16:09:52.396+0000] {logging_mixin.py:188} INFO - [2025-11-25T16:09:52.396+0000] {dagbag.py:545} INFO - Filling up the DagBag from /home/airflow/.local/lib/python3.12/site-packages/airflow/example_dags/example_short_circuit_operator.py
[2025-11-25T16:09:52.400+0000] {processor.py:840} INFO - DAG(s) 'example_short_circuit_operator' retrieved from /home/airflow/.local/lib/python3.12/site-packages/airflow/example_dags/example_short_circuit_operator.py
[2025-11-25T16:09:52.410+0000] {logging_mixin.py:188} INFO - [2025-11-25T16:09:52.410+0000] {dag.py:3096} INFO - Sync 1 DAGs
[2025-11-25T16:09:52.418+0000] {logging_mixin.py:188} INFO - [2025-11-25T16:09:52.418+0000] {dag.py:3954} INFO - Setting next_dagrun for example_short_circuit_operator to 2025-11-24 00:00:00+00:00, run_after=2025-11-25 00:00:00+00:00
[2025-11-25T16:09:52.428+0000] {processor.py:183} INFO - Processing /home/airflow/.local/lib/python3.12/site-packages/airflow/example_dags/example_short_circuit_operator.py took 0.037 seconds
[2025-11-25T16:10:23.138+0000] {processor.py:161} INFO - Started process (PID=9348) to work on /home/airflow/.local/lib/python3.12/site-packages/airflow/example_dags/example_short_circuit_operator.py
[2025-11-25T16:10:23.139+0000] {processor.py:830} INFO - Processing file /home/airflow/.local/lib/python3.12/site-packages/airflow/example_dags/example_short_circuit_operator.py for tasks to queue
[2025-11-25T16:10:23.140+0000] {logging_mixin.py:188} INFO - [2025-11-25T16:10:23.140+0000] {dagbag.py:545} INFO - Filling up the DagBag from /home/airflow/.local/lib/python3.12/site-packages/airflow/example_dags/example_short_circuit_operator.py
[2025-11-25T16:10:23.143+0000] {processor.py:840} INFO - DAG(s) 'example_short_circuit_operator' retrieved from /home/airflow/.local/lib/python3.12/site-packages/airflow/example_dags/example_short_circuit_operator.py
[2025-11-25T16:10:23.153+0000] {logging_mixin.py:188} INFO - [2025-11-25T16:10:23.153+0000] {dag.py:3096} INFO - Sync 1 DAGs
[2025-11-25T16:10:23.162+0000] {logging_mixin.py:188} INFO - [2025-11-25T16:10:23.162+0000] {dag.py:3954} INFO - Setting next_dagrun for example_short_circuit_operator to 2025-11-24 00:00:00+00:00, run_after=2025-11-25 00:00:00+00:00
[2025-11-25T16:10:23.172+0000] {processor.py:183} INFO - Processing /home/airflow/.local/lib/python3.12/site-packages/airflow/example_dags/example_short_circuit_operator.py took 0.036 seconds
[2025-11-25T16:10:53.795+0000] {processor.py:161} INFO - Started process (PID=9406) to work on /home/airflow/.local/lib/python3.12/site-packages/airflow/example_dags/example_short_circuit_operator.py
[2025-11-25T16:10:53.797+0000] {processor.py:830} INFO - Processing file /home/airflow/.local/lib/python3.12/site-packages/airflow/example_dags/example_short_circuit_operator.py for tasks to queue
[2025-11-25T16:10:53.798+0000] {logging_mixin.py:188} INFO - [2025-11-25T16:10:53.798+0000] {dagbag.py:545} INFO - Filling up the DagBag from /home/airflow/.local/lib/python3.12/site-packages/airflow/example_dags/example_short_circuit_operator.py
[2025-11-25T16:10:53.801+0000] {processor.py:840} INFO - DAG(s) 'example_short_circuit_operator' retrieved from /home/airflow/.local/lib/python3.12/site-packages/airflow/example_dags/example_short_circuit_operator.py
[2025-11-25T16:10:53.810+0000] {logging_mixin.py:188} INFO - [2025-11-25T16:10:53.810+0000] {dag.py:3096} INFO - Sync 1 DAGs
[2025-11-25T16:10:53.818+0000] {logging_mixin.py:188} INFO - [2025-11-25T16:10:53.818+0000] {dag.py:3954} INFO - Setting next_dagrun for example_short_circuit_operator to 2025-11-24 00:00:00+00:00, run_after=2025-11-25 00:00:00+00:00
[2025-11-25T16:10:53.826+0000] {processor.py:183} INFO - Processing /home/airflow/.local/lib/python3.12/site-packages/airflow/example_dags/example_short_circuit_operator.py took 0.033 seconds
[2025-11-25T16:11:24.491+0000] {processor.py:161} INFO - Started process (PID=9464) to work on /home/airflow/.local/lib/python3.12/site-packages/airflow/example_dags/example_short_circuit_operator.py
[2025-11-25T16:11:24.492+0000] {processor.py:830} INFO - Processing file /home/airflow/.local/lib/python3.12/site-packages/airflow/example_dags/example_short_circuit_operator.py for tasks to queue
[2025-11-25T16:11:24.493+0000] {logging_mixin.py:188} INFO - [2025-11-25T16:11:24.493+0000] {dagbag.py:545} INFO - Filling up the DagBag from /home/airflow/.local/lib/python3.12/site-packages/airflow/example_dags/example_short_circuit_operator.py
[2025-11-25T16:11:24.496+0000] {processor.py:840} INFO - DAG(s) 'example_short_circuit_operator' retrieved from /home/airflow/.local/lib/python3.12/site-packages/airflow/example_dags/example_short_circuit_operator.py
[2025-11-25T16:11:24.505+0000] {logging_mixin.py:188} INFO - [2025-11-25T16:11:24.505+0000] {dag.py:3096} INFO - Sync 1 DAGs
[2025-11-25T16:11:24.513+0000] {logging_mixin.py:188} INFO - [2025-11-25T16:11:24.513+0000] {dag.py:3954} INFO - Setting next_dagrun for example_short_circuit_operator to 2025-11-24 00:00:00+00:00, run_after=2025-11-25 00:00:00+00:00
[2025-11-25T16:11:24.521+0000] {processor.py:183} INFO - Processing /home/airflow/.local/lib/python3.12/site-packages/airflow/example_dags/example_short_circuit_operator.py took 0.032 seconds
[2025-11-25T16:11:55.142+0000] {processor.py:161} INFO - Started process (PID=9522) to work on /home/airflow/.local/lib/python3.12/site-packages/airflow/example_dags/example_short_circuit_operator.py
[2025-11-25T16:11:55.144+0000] {processor.py:830} INFO - Processing file /home/airflow/.local/lib/python3.12/site-packages/airflow/example_dags/example_short_circuit_operator.py for tasks to queue
[2025-11-25T16:11:55.145+0000] {logging_mixin.py:188} INFO - [2025-11-25T16:11:55.145+0000] {dagbag.py:545} INFO - Filling up the DagBag from /home/airflow/.local/lib/python3.12/site-packages/airflow/example_dags/example_short_circuit_operator.py
[2025-11-25T16:11:55.149+0000] {processor.py:840} INFO - DAG(s) 'example_short_circuit_operator' retrieved from /home/airflow/.local/lib/python3.12/site-packages/airflow/example_dags/example_short_circuit_operator.py
[2025-11-25T16:11:55.159+0000] {logging_mixin.py:188} INFO - [2025-11-25T16:11:55.159+0000] {dag.py:3096} INFO - Sync 1 DAGs
[2025-11-25T16:11:55.170+0000] {logging_mixin.py:188} INFO - [2025-11-25T16:11:55.170+0000] {dag.py:3954} INFO - Setting next_dagrun for example_short_circuit_operator to 2025-11-24 00:00:00+00:00, run_after=2025-11-25 00:00:00+00:00
[2025-11-25T16:11:55.179+0000] {processor.py:183} INFO - Processing /home/airflow/.local/lib/python3.12/site-packages/airflow/example_dags/example_short_circuit_operator.py took 0.040 seconds
[2025-11-25T16:12:25.949+0000] {processor.py:161} INFO - Started process (PID=9580) to work on /home/airflow/.local/lib/python3.12/site-packages/airflow/example_dags/example_short_circuit_operator.py
[2025-11-25T16:12:25.952+0000] {processor.py:830} INFO - Processing file /home/airflow/.local/lib/python3.12/site-packages/airflow/example_dags/example_short_circuit_operator.py for tasks to queue
[2025-11-25T16:12:25.953+0000] {logging_mixin.py:188} INFO - [2025-11-25T16:12:25.953+0000] {dagbag.py:545} INFO - Filling up the DagBag from /home/airflow/.local/lib/python3.12/site-packages/airflow/example_dags/example_short_circuit_operator.py
[2025-11-25T16:12:25.957+0000] {processor.py:840} INFO - DAG(s) 'example_short_circuit_operator' retrieved from /home/airflow/.local/lib/python3.12/site-packages/airflow/example_dags/example_short_circuit_operator.py
[2025-11-25T16:12:25.966+0000] {logging_mixin.py:188} INFO - [2025-11-25T16:12:25.966+0000] {dag.py:3096} INFO - Sync 1 DAGs
[2025-11-25T16:12:25.976+0000] {logging_mixin.py:188} INFO - [2025-11-25T16:12:25.976+0000] {dag.py:3954} INFO - Setting next_dagrun for example_short_circuit_operator to 2025-11-24 00:00:00+00:00, run_after=2025-11-25 00:00:00+00:00
[2025-11-25T16:12:25.986+0000] {processor.py:183} INFO - Processing /home/airflow/.local/lib/python3.12/site-packages/airflow/example_dags/example_short_circuit_operator.py took 0.039 seconds
[2025-11-25T16:12:56.664+0000] {processor.py:161} INFO - Started process (PID=9638) to work on /home/airflow/.local/lib/python3.12/site-packages/airflow/example_dags/example_short_circuit_operator.py
[2025-11-25T16:12:56.665+0000] {processor.py:830} INFO - Processing file /home/airflow/.local/lib/python3.12/site-packages/airflow/example_dags/example_short_circuit_operator.py for tasks to queue
[2025-11-25T16:12:56.666+0000] {logging_mixin.py:188} INFO - [2025-11-25T16:12:56.666+0000] {dagbag.py:545} INFO - Filling up the DagBag from /home/airflow/.local/lib/python3.12/site-packages/airflow/example_dags/example_short_circuit_operator.py
[2025-11-25T16:12:56.670+0000] {processor.py:840} INFO - DAG(s) 'example_short_circuit_operator' retrieved from /home/airflow/.local/lib/python3.12/site-packages/airflow/example_dags/example_short_circuit_operator.py
[2025-11-25T16:12:56.679+0000] {logging_mixin.py:188} INFO - [2025-11-25T16:12:56.679+0000] {dag.py:3096} INFO - Sync 1 DAGs
[2025-11-25T16:12:56.690+0000] {logging_mixin.py:188} INFO - [2025-11-25T16:12:56.690+0000] {dag.py:3954} INFO - Setting next_dagrun for example_short_circuit_operator to 2025-11-24 00:00:00+00:00, run_after=2025-11-25 00:00:00+00:00
[2025-11-25T16:12:56.698+0000] {processor.py:183} INFO - Processing /home/airflow/.local/lib/python3.12/site-packages/airflow/example_dags/example_short_circuit_operator.py took 0.036 seconds
[2025-11-25T16:13:27.348+0000] {processor.py:161} INFO - Started process (PID=9696) to work on /home/airflow/.local/lib/python3.12/site-packages/airflow/example_dags/example_short_circuit_operator.py
[2025-11-25T16:13:27.349+0000] {processor.py:830} INFO - Processing file /home/airflow/.local/lib/python3.12/site-packages/airflow/example_dags/example_short_circuit_operator.py for tasks to queue
[2025-11-25T16:13:27.350+0000] {logging_mixin.py:188} INFO - [2025-11-25T16:13:27.350+0000] {dagbag.py:545} INFO - Filling up the DagBag from /home/airflow/.local/lib/python3.12/site-packages/airflow/example_dags/example_short_circuit_operator.py
[2025-11-25T16:13:27.354+0000] {processor.py:840} INFO - DAG(s) 'example_short_circuit_operator' retrieved from /home/airflow/.local/lib/python3.12/site-packages/airflow/example_dags/example_short_circuit_operator.py
[2025-11-25T16:13:27.364+0000] {logging_mixin.py:188} INFO - [2025-11-25T16:13:27.364+0000] {dag.py:3096} INFO - Sync 1 DAGs
[2025-11-25T16:13:27.372+0000] {logging_mixin.py:188} INFO - [2025-11-25T16:13:27.372+0000] {dag.py:3954} INFO - Setting next_dagrun for example_short_circuit_operator to 2025-11-24 00:00:00+00:00, run_after=2025-11-25 00:00:00+00:00
[2025-11-25T16:13:27.382+0000] {processor.py:183} INFO - Processing /home/airflow/.local/lib/python3.12/site-packages/airflow/example_dags/example_short_circuit_operator.py took 0.037 seconds
[2025-11-25T16:13:58.037+0000] {processor.py:161} INFO - Started process (PID=9754) to work on /home/airflow/.local/lib/python3.12/site-packages/airflow/example_dags/example_short_circuit_operator.py
[2025-11-25T16:13:58.039+0000] {processor.py:830} INFO - Processing file /home/airflow/.local/lib/python3.12/site-packages/airflow/example_dags/example_short_circuit_operator.py for tasks to queue
[2025-11-25T16:13:58.040+0000] {logging_mixin.py:188} INFO - [2025-11-25T16:13:58.040+0000] {dagbag.py:545} INFO - Filling up the DagBag from /home/airflow/.local/lib/python3.12/site-packages/airflow/example_dags/example_short_circuit_operator.py
[2025-11-25T16:13:58.043+0000] {processor.py:840} INFO - DAG(s) 'example_short_circuit_operator' retrieved from /home/airflow/.local/lib/python3.12/site-packages/airflow/example_dags/example_short_circuit_operator.py
[2025-11-25T16:13:58.053+0000] {logging_mixin.py:188} INFO - [2025-11-25T16:13:58.053+0000] {dag.py:3096} INFO - Sync 1 DAGs
[2025-11-25T16:13:58.062+0000] {logging_mixin.py:188} INFO - [2025-11-25T16:13:58.062+0000] {dag.py:3954} INFO - Setting next_dagrun for example_short_circuit_operator to 2025-11-24 00:00:00+00:00, run_after=2025-11-25 00:00:00+00:00
[2025-11-25T16:13:58.068+0000] {processor.py:183} INFO - Processing /home/airflow/.local/lib/python3.12/site-packages/airflow/example_dags/example_short_circuit_operator.py took 0.034 seconds
[2025-11-25T16:14:28.746+0000] {processor.py:161} INFO - Started process (PID=9812) to work on /home/airflow/.local/lib/python3.12/site-packages/airflow/example_dags/example_short_circuit_operator.py
[2025-11-25T16:14:28.747+0000] {processor.py:830} INFO - Processing file /home/airflow/.local/lib/python3.12/site-packages/airflow/example_dags/example_short_circuit_operator.py for tasks to queue
[2025-11-25T16:14:28.748+0000] {logging_mixin.py:188} INFO - [2025-11-25T16:14:28.748+0000] {dagbag.py:545} INFO - Filling up the DagBag from /home/airflow/.local/lib/python3.12/site-packages/airflow/example_dags/example_short_circuit_operator.py
[2025-11-25T16:14:28.751+0000] {processor.py:840} INFO - DAG(s) 'example_short_circuit_operator' retrieved from /home/airflow/.local/lib/python3.12/site-packages/airflow/example_dags/example_short_circuit_operator.py
[2025-11-25T16:14:28.760+0000] {logging_mixin.py:188} INFO - [2025-11-25T16:14:28.760+0000] {dag.py:3096} INFO - Sync 1 DAGs
[2025-11-25T16:14:28.768+0000] {logging_mixin.py:188} INFO - [2025-11-25T16:14:28.768+0000] {dag.py:3954} INFO - Setting next_dagrun for example_short_circuit_operator to 2025-11-24 00:00:00+00:00, run_after=2025-11-25 00:00:00+00:00
[2025-11-25T16:14:28.777+0000] {processor.py:183} INFO - Processing /home/airflow/.local/lib/python3.12/site-packages/airflow/example_dags/example_short_circuit_operator.py took 0.034 seconds
[2025-11-25T16:14:59.523+0000] {processor.py:161} INFO - Started process (PID=9870) to work on /home/airflow/.local/lib/python3.12/site-packages/airflow/example_dags/example_short_circuit_operator.py
[2025-11-25T16:14:59.524+0000] {processor.py:830} INFO - Processing file /home/airflow/.local/lib/python3.12/site-packages/airflow/example_dags/example_short_circuit_operator.py for tasks to queue
[2025-11-25T16:14:59.525+0000] {logging_mixin.py:188} INFO - [2025-11-25T16:14:59.525+0000] {dagbag.py:545} INFO - Filling up the DagBag from /home/airflow/.local/lib/python3.12/site-packages/airflow/example_dags/example_short_circuit_operator.py
[2025-11-25T16:14:59.529+0000] {processor.py:840} INFO - DAG(s) 'example_short_circuit_operator' retrieved from /home/airflow/.local/lib/python3.12/site-packages/airflow/example_dags/example_short_circuit_operator.py
[2025-11-25T16:14:59.538+0000] {logging_mixin.py:188} INFO - [2025-11-25T16:14:59.538+0000] {dag.py:3096} INFO - Sync 1 DAGs
[2025-11-25T16:14:59.549+0000] {logging_mixin.py:188} INFO - [2025-11-25T16:14:59.549+0000] {dag.py:3954} INFO - Setting next_dagrun for example_short_circuit_operator to 2025-11-24 00:00:00+00:00, run_after=2025-11-25 00:00:00+00:00
[2025-11-25T16:14:59.557+0000] {processor.py:183} INFO - Processing /home/airflow/.local/lib/python3.12/site-packages/airflow/example_dags/example_short_circuit_operator.py took 0.037 seconds
[2025-11-25T16:15:29.701+0000] {processor.py:161} INFO - Started process (PID=9928) to work on /home/airflow/.local/lib/python3.12/site-packages/airflow/example_dags/example_short_circuit_operator.py
[2025-11-25T16:15:29.702+0000] {processor.py:830} INFO - Processing file /home/airflow/.local/lib/python3.12/site-packages/airflow/example_dags/example_short_circuit_operator.py for tasks to queue
[2025-11-25T16:15:29.703+0000] {logging_mixin.py:188} INFO - [2025-11-25T16:15:29.703+0000] {dagbag.py:545} INFO - Filling up the DagBag from /home/airflow/.local/lib/python3.12/site-packages/airflow/example_dags/example_short_circuit_operator.py
[2025-11-25T16:15:29.706+0000] {processor.py:840} INFO - DAG(s) 'example_short_circuit_operator' retrieved from /home/airflow/.local/lib/python3.12/site-packages/airflow/example_dags/example_short_circuit_operator.py
[2025-11-25T16:15:29.716+0000] {logging_mixin.py:188} INFO - [2025-11-25T16:15:29.716+0000] {dag.py:3096} INFO - Sync 1 DAGs
[2025-11-25T16:15:29.727+0000] {logging_mixin.py:188} INFO - [2025-11-25T16:15:29.727+0000] {dag.py:3954} INFO - Setting next_dagrun for example_short_circuit_operator to 2025-11-24 00:00:00+00:00, run_after=2025-11-25 00:00:00+00:00
[2025-11-25T16:15:29.739+0000] {processor.py:183} INFO - Processing /home/airflow/.local/lib/python3.12/site-packages/airflow/example_dags/example_short_circuit_operator.py took 0.040 seconds
[2025-11-25T16:16:00.404+0000] {processor.py:161} INFO - Started process (PID=9986) to work on /home/airflow/.local/lib/python3.12/site-packages/airflow/example_dags/example_short_circuit_operator.py
[2025-11-25T16:16:00.406+0000] {processor.py:830} INFO - Processing file /home/airflow/.local/lib/python3.12/site-packages/airflow/example_dags/example_short_circuit_operator.py for tasks to queue
[2025-11-25T16:16:00.407+0000] {logging_mixin.py:188} INFO - [2025-11-25T16:16:00.407+0000] {dagbag.py:545} INFO - Filling up the DagBag from /home/airflow/.local/lib/python3.12/site-packages/airflow/example_dags/example_short_circuit_operator.py
[2025-11-25T16:16:00.410+0000] {processor.py:840} INFO - DAG(s) 'example_short_circuit_operator' retrieved from /home/airflow/.local/lib/python3.12/site-packages/airflow/example_dags/example_short_circuit_operator.py
[2025-11-25T16:16:00.418+0000] {logging_mixin.py:188} INFO - [2025-11-25T16:16:00.418+0000] {dag.py:3096} INFO - Sync 1 DAGs
[2025-11-25T16:16:00.427+0000] {logging_mixin.py:188} INFO - [2025-11-25T16:16:00.427+0000] {dag.py:3954} INFO - Setting next_dagrun for example_short_circuit_operator to 2025-11-24 00:00:00+00:00, run_after=2025-11-25 00:00:00+00:00
[2025-11-25T16:16:00.438+0000] {processor.py:183} INFO - Processing /home/airflow/.local/lib/python3.12/site-packages/airflow/example_dags/example_short_circuit_operator.py took 0.036 seconds
[2025-11-25T16:16:30.948+0000] {processor.py:161} INFO - Started process (PID=10044) to work on /home/airflow/.local/lib/python3.12/site-packages/airflow/example_dags/example_short_circuit_operator.py
[2025-11-25T16:16:30.948+0000] {processor.py:830} INFO - Processing file /home/airflow/.local/lib/python3.12/site-packages/airflow/example_dags/example_short_circuit_operator.py for tasks to queue
[2025-11-25T16:16:30.950+0000] {logging_mixin.py:188} INFO - [2025-11-25T16:16:30.949+0000] {dagbag.py:545} INFO - Filling up the DagBag from /home/airflow/.local/lib/python3.12/site-packages/airflow/example_dags/example_short_circuit_operator.py
[2025-11-25T16:16:30.954+0000] {processor.py:840} INFO - DAG(s) 'example_short_circuit_operator' retrieved from /home/airflow/.local/lib/python3.12/site-packages/airflow/example_dags/example_short_circuit_operator.py
[2025-11-25T16:16:30.965+0000] {logging_mixin.py:188} INFO - [2025-11-25T16:16:30.965+0000] {dag.py:3096} INFO - Sync 1 DAGs
[2025-11-25T16:16:30.975+0000] {logging_mixin.py:188} INFO - [2025-11-25T16:16:30.975+0000] {dag.py:3954} INFO - Setting next_dagrun for example_short_circuit_operator to 2025-11-24 00:00:00+00:00, run_after=2025-11-25 00:00:00+00:00
[2025-11-25T16:16:30.984+0000] {processor.py:183} INFO - Processing /home/airflow/.local/lib/python3.12/site-packages/airflow/example_dags/example_short_circuit_operator.py took 0.039 seconds
[2025-11-25T16:17:01.812+0000] {processor.py:161} INFO - Started process (PID=10102) to work on /home/airflow/.local/lib/python3.12/site-packages/airflow/example_dags/example_short_circuit_operator.py
[2025-11-25T16:17:01.813+0000] {processor.py:830} INFO - Processing file /home/airflow/.local/lib/python3.12/site-packages/airflow/example_dags/example_short_circuit_operator.py for tasks to queue
[2025-11-25T16:17:01.815+0000] {logging_mixin.py:188} INFO - [2025-11-25T16:17:01.815+0000] {dagbag.py:545} INFO - Filling up the DagBag from /home/airflow/.local/lib/python3.12/site-packages/airflow/example_dags/example_short_circuit_operator.py
[2025-11-25T16:17:01.820+0000] {processor.py:840} INFO - DAG(s) 'example_short_circuit_operator' retrieved from /home/airflow/.local/lib/python3.12/site-packages/airflow/example_dags/example_short_circuit_operator.py
[2025-11-25T16:17:01.835+0000] {logging_mixin.py:188} INFO - [2025-11-25T16:17:01.835+0000] {dag.py:3096} INFO - Sync 1 DAGs
[2025-11-25T16:17:01.855+0000] {logging_mixin.py:188} INFO - [2025-11-25T16:17:01.855+0000] {dag.py:3954} INFO - Setting next_dagrun for example_short_circuit_operator to 2025-11-24 00:00:00+00:00, run_after=2025-11-25 00:00:00+00:00
[2025-11-25T16:17:01.870+0000] {processor.py:183} INFO - Processing /home/airflow/.local/lib/python3.12/site-packages/airflow/example_dags/example_short_circuit_operator.py took 0.064 seconds
[2025-11-25T16:17:31.984+0000] {processor.py:161} INFO - Started process (PID=10160) to work on /home/airflow/.local/lib/python3.12/site-packages/airflow/example_dags/example_short_circuit_operator.py
[2025-11-25T16:17:31.986+0000] {processor.py:830} INFO - Processing file /home/airflow/.local/lib/python3.12/site-packages/airflow/example_dags/example_short_circuit_operator.py for tasks to queue
[2025-11-25T16:17:31.987+0000] {logging_mixin.py:188} INFO - [2025-11-25T16:17:31.987+0000] {dagbag.py:545} INFO - Filling up the DagBag from /home/airflow/.local/lib/python3.12/site-packages/airflow/example_dags/example_short_circuit_operator.py
[2025-11-25T16:17:31.990+0000] {processor.py:840} INFO - DAG(s) 'example_short_circuit_operator' retrieved from /home/airflow/.local/lib/python3.12/site-packages/airflow/example_dags/example_short_circuit_operator.py
[2025-11-25T16:17:32.000+0000] {logging_mixin.py:188} INFO - [2025-11-25T16:17:32.000+0000] {dag.py:3096} INFO - Sync 1 DAGs
[2025-11-25T16:17:32.008+0000] {logging_mixin.py:188} INFO - [2025-11-25T16:17:32.008+0000] {dag.py:3954} INFO - Setting next_dagrun for example_short_circuit_operator to 2025-11-24 00:00:00+00:00, run_after=2025-11-25 00:00:00+00:00
[2025-11-25T16:17:32.018+0000] {processor.py:183} INFO - Processing /home/airflow/.local/lib/python3.12/site-packages/airflow/example_dags/example_short_circuit_operator.py took 0.037 seconds
[2025-11-25T16:18:02.631+0000] {processor.py:161} INFO - Started process (PID=10218) to work on /home/airflow/.local/lib/python3.12/site-packages/airflow/example_dags/example_short_circuit_operator.py
[2025-11-25T16:18:02.633+0000] {processor.py:830} INFO - Processing file /home/airflow/.local/lib/python3.12/site-packages/airflow/example_dags/example_short_circuit_operator.py for tasks to queue
[2025-11-25T16:18:02.635+0000] {logging_mixin.py:188} INFO - [2025-11-25T16:18:02.634+0000] {dagbag.py:545} INFO - Filling up the DagBag from /home/airflow/.local/lib/python3.12/site-packages/airflow/example_dags/example_short_circuit_operator.py
[2025-11-25T16:18:02.638+0000] {processor.py:840} INFO - DAG(s) 'example_short_circuit_operator' retrieved from /home/airflow/.local/lib/python3.12/site-packages/airflow/example_dags/example_short_circuit_operator.py
[2025-11-25T16:18:02.647+0000] {logging_mixin.py:188} INFO - [2025-11-25T16:18:02.647+0000] {dag.py:3096} INFO - Sync 1 DAGs
[2025-11-25T16:18:02.655+0000] {logging_mixin.py:188} INFO - [2025-11-25T16:18:02.655+0000] {dag.py:3954} INFO - Setting next_dagrun for example_short_circuit_operator to 2025-11-24 00:00:00+00:00, run_after=2025-11-25 00:00:00+00:00
[2025-11-25T16:18:02.664+0000] {processor.py:183} INFO - Processing /home/airflow/.local/lib/python3.12/site-packages/airflow/example_dags/example_short_circuit_operator.py took 0.035 seconds
[2025-11-25T16:18:34.097+0000] {processor.py:161} INFO - Started process (PID=10276) to work on /home/airflow/.local/lib/python3.12/site-packages/airflow/example_dags/example_short_circuit_operator.py
[2025-11-25T16:18:34.098+0000] {processor.py:830} INFO - Processing file /home/airflow/.local/lib/python3.12/site-packages/airflow/example_dags/example_short_circuit_operator.py for tasks to queue
[2025-11-25T16:18:34.101+0000] {logging_mixin.py:188} INFO - [2025-11-25T16:18:34.101+0000] {dagbag.py:545} INFO - Filling up the DagBag from /home/airflow/.local/lib/python3.12/site-packages/airflow/example_dags/example_short_circuit_operator.py
[2025-11-25T16:18:34.109+0000] {processor.py:840} INFO - DAG(s) 'example_short_circuit_operator' retrieved from /home/airflow/.local/lib/python3.12/site-packages/airflow/example_dags/example_short_circuit_operator.py
[2025-11-25T16:18:34.134+0000] {logging_mixin.py:188} INFO - [2025-11-25T16:18:34.134+0000] {dag.py:3096} INFO - Sync 1 DAGs
[2025-11-25T16:18:34.154+0000] {logging_mixin.py:188} INFO - [2025-11-25T16:18:34.154+0000] {dag.py:3954} INFO - Setting next_dagrun for example_short_circuit_operator to 2025-11-24 00:00:00+00:00, run_after=2025-11-25 00:00:00+00:00
[2025-11-25T16:18:34.176+0000] {processor.py:183} INFO - Processing /home/airflow/.local/lib/python3.12/site-packages/airflow/example_dags/example_short_circuit_operator.py took 0.082 seconds
[2025-11-25T16:19:04.317+0000] {processor.py:161} INFO - Started process (PID=10334) to work on /home/airflow/.local/lib/python3.12/site-packages/airflow/example_dags/example_short_circuit_operator.py
[2025-11-25T16:19:04.319+0000] {processor.py:830} INFO - Processing file /home/airflow/.local/lib/python3.12/site-packages/airflow/example_dags/example_short_circuit_operator.py for tasks to queue
[2025-11-25T16:19:04.321+0000] {logging_mixin.py:188} INFO - [2025-11-25T16:19:04.321+0000] {dagbag.py:545} INFO - Filling up the DagBag from /home/airflow/.local/lib/python3.12/site-packages/airflow/example_dags/example_short_circuit_operator.py
[2025-11-25T16:19:04.325+0000] {processor.py:840} INFO - DAG(s) 'example_short_circuit_operator' retrieved from /home/airflow/.local/lib/python3.12/site-packages/airflow/example_dags/example_short_circuit_operator.py
[2025-11-25T16:19:04.338+0000] {logging_mixin.py:188} INFO - [2025-11-25T16:19:04.338+0000] {dag.py:3096} INFO - Sync 1 DAGs
[2025-11-25T16:19:04.348+0000] {logging_mixin.py:188} INFO - [2025-11-25T16:19:04.347+0000] {dag.py:3954} INFO - Setting next_dagrun for example_short_circuit_operator to 2025-11-24 00:00:00+00:00, run_after=2025-11-25 00:00:00+00:00
[2025-11-25T16:19:04.360+0000] {processor.py:183} INFO - Processing /home/airflow/.local/lib/python3.12/site-packages/airflow/example_dags/example_short_circuit_operator.py took 0.045 seconds
[2025-11-25T16:19:34.627+0000] {processor.py:161} INFO - Started process (PID=10392) to work on /home/airflow/.local/lib/python3.12/site-packages/airflow/example_dags/example_short_circuit_operator.py
[2025-11-25T16:19:34.628+0000] {processor.py:830} INFO - Processing file /home/airflow/.local/lib/python3.12/site-packages/airflow/example_dags/example_short_circuit_operator.py for tasks to queue
[2025-11-25T16:19:34.629+0000] {logging_mixin.py:188} INFO - [2025-11-25T16:19:34.629+0000] {dagbag.py:545} INFO - Filling up the DagBag from /home/airflow/.local/lib/python3.12/site-packages/airflow/example_dags/example_short_circuit_operator.py
[2025-11-25T16:19:34.633+0000] {processor.py:840} INFO - DAG(s) 'example_short_circuit_operator' retrieved from /home/airflow/.local/lib/python3.12/site-packages/airflow/example_dags/example_short_circuit_operator.py
[2025-11-25T16:19:34.643+0000] {logging_mixin.py:188} INFO - [2025-11-25T16:19:34.642+0000] {dag.py:3096} INFO - Sync 1 DAGs
[2025-11-25T16:19:34.654+0000] {logging_mixin.py:188} INFO - [2025-11-25T16:19:34.654+0000] {dag.py:3954} INFO - Setting next_dagrun for example_short_circuit_operator to 2025-11-24 00:00:00+00:00, run_after=2025-11-25 00:00:00+00:00
[2025-11-25T16:19:34.668+0000] {processor.py:183} INFO - Processing /home/airflow/.local/lib/python3.12/site-packages/airflow/example_dags/example_short_circuit_operator.py took 0.043 seconds
[2025-11-25T16:20:04.962+0000] {processor.py:161} INFO - Started process (PID=10450) to work on /home/airflow/.local/lib/python3.12/site-packages/airflow/example_dags/example_short_circuit_operator.py
[2025-11-25T16:20:04.963+0000] {processor.py:830} INFO - Processing file /home/airflow/.local/lib/python3.12/site-packages/airflow/example_dags/example_short_circuit_operator.py for tasks to queue
[2025-11-25T16:20:04.964+0000] {logging_mixin.py:188} INFO - [2025-11-25T16:20:04.963+0000] {dagbag.py:545} INFO - Filling up the DagBag from /home/airflow/.local/lib/python3.12/site-packages/airflow/example_dags/example_short_circuit_operator.py
[2025-11-25T16:20:04.967+0000] {processor.py:840} INFO - DAG(s) 'example_short_circuit_operator' retrieved from /home/airflow/.local/lib/python3.12/site-packages/airflow/example_dags/example_short_circuit_operator.py
[2025-11-25T16:20:04.979+0000] {logging_mixin.py:188} INFO - [2025-11-25T16:20:04.979+0000] {dag.py:3096} INFO - Sync 1 DAGs
[2025-11-25T16:20:04.992+0000] {logging_mixin.py:188} INFO - [2025-11-25T16:20:04.992+0000] {dag.py:3954} INFO - Setting next_dagrun for example_short_circuit_operator to 2025-11-24 00:00:00+00:00, run_after=2025-11-25 00:00:00+00:00
[2025-11-25T16:20:05.003+0000] {processor.py:183} INFO - Processing /home/airflow/.local/lib/python3.12/site-packages/airflow/example_dags/example_short_circuit_operator.py took 0.043 seconds
[2025-11-25T16:20:35.109+0000] {processor.py:161} INFO - Started process (PID=10508) to work on /home/airflow/.local/lib/python3.12/site-packages/airflow/example_dags/example_short_circuit_operator.py
[2025-11-25T16:20:35.111+0000] {processor.py:830} INFO - Processing file /home/airflow/.local/lib/python3.12/site-packages/airflow/example_dags/example_short_circuit_operator.py for tasks to queue
[2025-11-25T16:20:35.112+0000] {logging_mixin.py:188} INFO - [2025-11-25T16:20:35.112+0000] {dagbag.py:545} INFO - Filling up the DagBag from /home/airflow/.local/lib/python3.12/site-packages/airflow/example_dags/example_short_circuit_operator.py
[2025-11-25T16:20:35.115+0000] {processor.py:840} INFO - DAG(s) 'example_short_circuit_operator' retrieved from /home/airflow/.local/lib/python3.12/site-packages/airflow/example_dags/example_short_circuit_operator.py
[2025-11-25T16:20:35.127+0000] {logging_mixin.py:188} INFO - [2025-11-25T16:20:35.127+0000] {dag.py:3096} INFO - Sync 1 DAGs
[2025-11-25T16:20:35.137+0000] {logging_mixin.py:188} INFO - [2025-11-25T16:20:35.137+0000] {dag.py:3954} INFO - Setting next_dagrun for example_short_circuit_operator to 2025-11-24 00:00:00+00:00, run_after=2025-11-25 00:00:00+00:00
[2025-11-25T16:20:35.153+0000] {processor.py:183} INFO - Processing /home/airflow/.local/lib/python3.12/site-packages/airflow/example_dags/example_short_circuit_operator.py took 0.046 seconds
[2025-11-25T16:21:05.407+0000] {processor.py:161} INFO - Started process (PID=10566) to work on /home/airflow/.local/lib/python3.12/site-packages/airflow/example_dags/example_short_circuit_operator.py
[2025-11-25T16:21:05.409+0000] {processor.py:830} INFO - Processing file /home/airflow/.local/lib/python3.12/site-packages/airflow/example_dags/example_short_circuit_operator.py for tasks to queue
[2025-11-25T16:21:05.410+0000] {logging_mixin.py:188} INFO - [2025-11-25T16:21:05.410+0000] {dagbag.py:545} INFO - Filling up the DagBag from /home/airflow/.local/lib/python3.12/site-packages/airflow/example_dags/example_short_circuit_operator.py
[2025-11-25T16:21:05.413+0000] {processor.py:840} INFO - DAG(s) 'example_short_circuit_operator' retrieved from /home/airflow/.local/lib/python3.12/site-packages/airflow/example_dags/example_short_circuit_operator.py
[2025-11-25T16:21:05.430+0000] {logging_mixin.py:188} INFO - [2025-11-25T16:21:05.430+0000] {dag.py:3096} INFO - Sync 1 DAGs
[2025-11-25T16:21:05.443+0000] {logging_mixin.py:188} INFO - [2025-11-25T16:21:05.443+0000] {dag.py:3954} INFO - Setting next_dagrun for example_short_circuit_operator to 2025-11-24 00:00:00+00:00, run_after=2025-11-25 00:00:00+00:00
[2025-11-25T16:21:05.453+0000] {processor.py:183} INFO - Processing /home/airflow/.local/lib/python3.12/site-packages/airflow/example_dags/example_short_circuit_operator.py took 0.049 seconds
[2025-11-25T16:21:36.213+0000] {processor.py:161} INFO - Started process (PID=10624) to work on /home/airflow/.local/lib/python3.12/site-packages/airflow/example_dags/example_short_circuit_operator.py
[2025-11-25T16:21:36.215+0000] {processor.py:830} INFO - Processing file /home/airflow/.local/lib/python3.12/site-packages/airflow/example_dags/example_short_circuit_operator.py for tasks to queue
[2025-11-25T16:21:36.216+0000] {logging_mixin.py:188} INFO - [2025-11-25T16:21:36.216+0000] {dagbag.py:545} INFO - Filling up the DagBag from /home/airflow/.local/lib/python3.12/site-packages/airflow/example_dags/example_short_circuit_operator.py
[2025-11-25T16:21:36.225+0000] {processor.py:840} INFO - DAG(s) 'example_short_circuit_operator' retrieved from /home/airflow/.local/lib/python3.12/site-packages/airflow/example_dags/example_short_circuit_operator.py
[2025-11-25T16:21:36.240+0000] {logging_mixin.py:188} INFO - [2025-11-25T16:21:36.240+0000] {dag.py:3096} INFO - Sync 1 DAGs
[2025-11-25T16:21:36.258+0000] {logging_mixin.py:188} INFO - [2025-11-25T16:21:36.257+0000] {dag.py:3954} INFO - Setting next_dagrun for example_short_circuit_operator to 2025-11-24 00:00:00+00:00, run_after=2025-11-25 00:00:00+00:00
[2025-11-25T16:21:36.272+0000] {processor.py:183} INFO - Processing /home/airflow/.local/lib/python3.12/site-packages/airflow/example_dags/example_short_circuit_operator.py took 0.064 seconds
[2025-11-25T16:22:06.937+0000] {processor.py:161} INFO - Started process (PID=10682) to work on /home/airflow/.local/lib/python3.12/site-packages/airflow/example_dags/example_short_circuit_operator.py
[2025-11-25T16:22:06.938+0000] {processor.py:830} INFO - Processing file /home/airflow/.local/lib/python3.12/site-packages/airflow/example_dags/example_short_circuit_operator.py for tasks to queue
[2025-11-25T16:22:06.940+0000] {logging_mixin.py:188} INFO - [2025-11-25T16:22:06.940+0000] {dagbag.py:545} INFO - Filling up the DagBag from /home/airflow/.local/lib/python3.12/site-packages/airflow/example_dags/example_short_circuit_operator.py
[2025-11-25T16:22:06.949+0000] {processor.py:840} INFO - DAG(s) 'example_short_circuit_operator' retrieved from /home/airflow/.local/lib/python3.12/site-packages/airflow/example_dags/example_short_circuit_operator.py
[2025-11-25T16:22:06.966+0000] {logging_mixin.py:188} INFO - [2025-11-25T16:22:06.966+0000] {dag.py:3096} INFO - Sync 1 DAGs
[2025-11-25T16:22:06.979+0000] {logging_mixin.py:188} INFO - [2025-11-25T16:22:06.979+0000] {dag.py:3954} INFO - Setting next_dagrun for example_short_circuit_operator to 2025-11-24 00:00:00+00:00, run_after=2025-11-25 00:00:00+00:00
[2025-11-25T16:22:06.999+0000] {processor.py:183} INFO - Processing /home/airflow/.local/lib/python3.12/site-packages/airflow/example_dags/example_short_circuit_operator.py took 0.068 seconds
[2025-11-25T16:22:37.152+0000] {processor.py:161} INFO - Started process (PID=10740) to work on /home/airflow/.local/lib/python3.12/site-packages/airflow/example_dags/example_short_circuit_operator.py
[2025-11-25T16:22:37.156+0000] {processor.py:830} INFO - Processing file /home/airflow/.local/lib/python3.12/site-packages/airflow/example_dags/example_short_circuit_operator.py for tasks to queue
[2025-11-25T16:22:37.157+0000] {logging_mixin.py:188} INFO - [2025-11-25T16:22:37.157+0000] {dagbag.py:545} INFO - Filling up the DagBag from /home/airflow/.local/lib/python3.12/site-packages/airflow/example_dags/example_short_circuit_operator.py
[2025-11-25T16:22:37.160+0000] {processor.py:840} INFO - DAG(s) 'example_short_circuit_operator' retrieved from /home/airflow/.local/lib/python3.12/site-packages/airflow/example_dags/example_short_circuit_operator.py
[2025-11-25T16:22:37.173+0000] {logging_mixin.py:188} INFO - [2025-11-25T16:22:37.173+0000] {dag.py:3096} INFO - Sync 1 DAGs
[2025-11-25T16:22:37.182+0000] {logging_mixin.py:188} INFO - [2025-11-25T16:22:37.182+0000] {dag.py:3954} INFO - Setting next_dagrun for example_short_circuit_operator to 2025-11-24 00:00:00+00:00, run_after=2025-11-25 00:00:00+00:00
[2025-11-25T16:22:37.187+0000] {processor.py:183} INFO - Processing /home/airflow/.local/lib/python3.12/site-packages/airflow/example_dags/example_short_circuit_operator.py took 0.037 seconds
[2025-11-25T16:23:07.477+0000] {processor.py:161} INFO - Started process (PID=10798) to work on /home/airflow/.local/lib/python3.12/site-packages/airflow/example_dags/example_short_circuit_operator.py
[2025-11-25T16:23:07.478+0000] {processor.py:830} INFO - Processing file /home/airflow/.local/lib/python3.12/site-packages/airflow/example_dags/example_short_circuit_operator.py for tasks to queue
[2025-11-25T16:23:07.479+0000] {logging_mixin.py:188} INFO - [2025-11-25T16:23:07.479+0000] {dagbag.py:545} INFO - Filling up the DagBag from /home/airflow/.local/lib/python3.12/site-packages/airflow/example_dags/example_short_circuit_operator.py
[2025-11-25T16:23:07.483+0000] {processor.py:840} INFO - DAG(s) 'example_short_circuit_operator' retrieved from /home/airflow/.local/lib/python3.12/site-packages/airflow/example_dags/example_short_circuit_operator.py
[2025-11-25T16:23:07.494+0000] {logging_mixin.py:188} INFO - [2025-11-25T16:23:07.494+0000] {dag.py:3096} INFO - Sync 1 DAGs
[2025-11-25T16:23:07.508+0000] {logging_mixin.py:188} INFO - [2025-11-25T16:23:07.508+0000] {dag.py:3954} INFO - Setting next_dagrun for example_short_circuit_operator to 2025-11-24 00:00:00+00:00, run_after=2025-11-25 00:00:00+00:00
[2025-11-25T16:23:07.526+0000] {processor.py:183} INFO - Processing /home/airflow/.local/lib/python3.12/site-packages/airflow/example_dags/example_short_circuit_operator.py took 0.052 seconds
[2025-11-25T16:23:38.666+0000] {processor.py:161} INFO - Started process (PID=10856) to work on /home/airflow/.local/lib/python3.12/site-packages/airflow/example_dags/example_short_circuit_operator.py
[2025-11-25T16:23:38.668+0000] {processor.py:830} INFO - Processing file /home/airflow/.local/lib/python3.12/site-packages/airflow/example_dags/example_short_circuit_operator.py for tasks to queue
[2025-11-25T16:23:38.672+0000] {logging_mixin.py:188} INFO - [2025-11-25T16:23:38.672+0000] {dagbag.py:545} INFO - Filling up the DagBag from /home/airflow/.local/lib/python3.12/site-packages/airflow/example_dags/example_short_circuit_operator.py
[2025-11-25T16:23:38.676+0000] {processor.py:840} INFO - DAG(s) 'example_short_circuit_operator' retrieved from /home/airflow/.local/lib/python3.12/site-packages/airflow/example_dags/example_short_circuit_operator.py
[2025-11-25T16:23:38.688+0000] {logging_mixin.py:188} INFO - [2025-11-25T16:23:38.688+0000] {dag.py:3096} INFO - Sync 1 DAGs
[2025-11-25T16:23:38.698+0000] {logging_mixin.py:188} INFO - [2025-11-25T16:23:38.698+0000] {dag.py:3954} INFO - Setting next_dagrun for example_short_circuit_operator to 2025-11-24 00:00:00+00:00, run_after=2025-11-25 00:00:00+00:00
[2025-11-25T16:23:38.706+0000] {processor.py:183} INFO - Processing /home/airflow/.local/lib/python3.12/site-packages/airflow/example_dags/example_short_circuit_operator.py took 0.044 seconds
[2025-11-25T16:24:09.638+0000] {processor.py:161} INFO - Started process (PID=10914) to work on /home/airflow/.local/lib/python3.12/site-packages/airflow/example_dags/example_short_circuit_operator.py
[2025-11-25T16:24:09.643+0000] {processor.py:830} INFO - Processing file /home/airflow/.local/lib/python3.12/site-packages/airflow/example_dags/example_short_circuit_operator.py for tasks to queue
[2025-11-25T16:24:09.644+0000] {logging_mixin.py:188} INFO - [2025-11-25T16:24:09.643+0000] {dagbag.py:545} INFO - Filling up the DagBag from /home/airflow/.local/lib/python3.12/site-packages/airflow/example_dags/example_short_circuit_operator.py
[2025-11-25T16:24:09.647+0000] {processor.py:840} INFO - DAG(s) 'example_short_circuit_operator' retrieved from /home/airflow/.local/lib/python3.12/site-packages/airflow/example_dags/example_short_circuit_operator.py
[2025-11-25T16:24:09.656+0000] {logging_mixin.py:188} INFO - [2025-11-25T16:24:09.656+0000] {dag.py:3096} INFO - Sync 1 DAGs
[2025-11-25T16:24:09.667+0000] {logging_mixin.py:188} INFO - [2025-11-25T16:24:09.667+0000] {dag.py:3954} INFO - Setting next_dagrun for example_short_circuit_operator to 2025-11-24 00:00:00+00:00, run_after=2025-11-25 00:00:00+00:00
[2025-11-25T16:24:09.678+0000] {processor.py:183} INFO - Processing /home/airflow/.local/lib/python3.12/site-packages/airflow/example_dags/example_short_circuit_operator.py took 0.043 seconds
[2025-11-25T16:24:40.032+0000] {processor.py:161} INFO - Started process (PID=10972) to work on /home/airflow/.local/lib/python3.12/site-packages/airflow/example_dags/example_short_circuit_operator.py
[2025-11-25T16:24:40.036+0000] {processor.py:830} INFO - Processing file /home/airflow/.local/lib/python3.12/site-packages/airflow/example_dags/example_short_circuit_operator.py for tasks to queue
[2025-11-25T16:24:40.040+0000] {logging_mixin.py:188} INFO - [2025-11-25T16:24:40.040+0000] {dagbag.py:545} INFO - Filling up the DagBag from /home/airflow/.local/lib/python3.12/site-packages/airflow/example_dags/example_short_circuit_operator.py
[2025-11-25T16:24:40.046+0000] {processor.py:840} INFO - DAG(s) 'example_short_circuit_operator' retrieved from /home/airflow/.local/lib/python3.12/site-packages/airflow/example_dags/example_short_circuit_operator.py
[2025-11-25T16:24:40.076+0000] {logging_mixin.py:188} INFO - [2025-11-25T16:24:40.076+0000] {dag.py:3096} INFO - Sync 1 DAGs
[2025-11-25T16:24:40.088+0000] {logging_mixin.py:188} INFO - [2025-11-25T16:24:40.088+0000] {dag.py:3954} INFO - Setting next_dagrun for example_short_circuit_operator to 2025-11-24 00:00:00+00:00, run_after=2025-11-25 00:00:00+00:00
[2025-11-25T16:24:40.107+0000] {processor.py:183} INFO - Processing /home/airflow/.local/lib/python3.12/site-packages/airflow/example_dags/example_short_circuit_operator.py took 0.078 seconds
[2025-11-25T16:25:10.511+0000] {processor.py:161} INFO - Started process (PID=11030) to work on /home/airflow/.local/lib/python3.12/site-packages/airflow/example_dags/example_short_circuit_operator.py
[2025-11-25T16:25:10.513+0000] {processor.py:830} INFO - Processing file /home/airflow/.local/lib/python3.12/site-packages/airflow/example_dags/example_short_circuit_operator.py for tasks to queue
[2025-11-25T16:25:10.514+0000] {logging_mixin.py:188} INFO - [2025-11-25T16:25:10.514+0000] {dagbag.py:545} INFO - Filling up the DagBag from /home/airflow/.local/lib/python3.12/site-packages/airflow/example_dags/example_short_circuit_operator.py
[2025-11-25T16:25:10.517+0000] {processor.py:840} INFO - DAG(s) 'example_short_circuit_operator' retrieved from /home/airflow/.local/lib/python3.12/site-packages/airflow/example_dags/example_short_circuit_operator.py
[2025-11-25T16:25:10.532+0000] {logging_mixin.py:188} INFO - [2025-11-25T16:25:10.532+0000] {dag.py:3096} INFO - Sync 1 DAGs
[2025-11-25T16:25:10.547+0000] {logging_mixin.py:188} INFO - [2025-11-25T16:25:10.547+0000] {dag.py:3954} INFO - Setting next_dagrun for example_short_circuit_operator to 2025-11-24 00:00:00+00:00, run_after=2025-11-25 00:00:00+00:00
[2025-11-25T16:25:10.559+0000] {processor.py:183} INFO - Processing /home/airflow/.local/lib/python3.12/site-packages/airflow/example_dags/example_short_circuit_operator.py took 0.054 seconds
[2025-11-25T16:25:40.594+0000] {processor.py:161} INFO - Started process (PID=11088) to work on /home/airflow/.local/lib/python3.12/site-packages/airflow/example_dags/example_short_circuit_operator.py
[2025-11-25T16:25:40.599+0000] {processor.py:830} INFO - Processing file /home/airflow/.local/lib/python3.12/site-packages/airflow/example_dags/example_short_circuit_operator.py for tasks to queue
[2025-11-25T16:25:40.600+0000] {logging_mixin.py:188} INFO - [2025-11-25T16:25:40.600+0000] {dagbag.py:545} INFO - Filling up the DagBag from /home/airflow/.local/lib/python3.12/site-packages/airflow/example_dags/example_short_circuit_operator.py
[2025-11-25T16:25:40.604+0000] {processor.py:840} INFO - DAG(s) 'example_short_circuit_operator' retrieved from /home/airflow/.local/lib/python3.12/site-packages/airflow/example_dags/example_short_circuit_operator.py
[2025-11-25T16:25:40.617+0000] {logging_mixin.py:188} INFO - [2025-11-25T16:25:40.617+0000] {dag.py:3096} INFO - Sync 1 DAGs
[2025-11-25T16:25:40.629+0000] {logging_mixin.py:188} INFO - [2025-11-25T16:25:40.629+0000] {dag.py:3954} INFO - Setting next_dagrun for example_short_circuit_operator to 2025-11-24 00:00:00+00:00, run_after=2025-11-25 00:00:00+00:00
[2025-11-25T16:25:40.639+0000] {processor.py:183} INFO - Processing /home/airflow/.local/lib/python3.12/site-packages/airflow/example_dags/example_short_circuit_operator.py took 0.047 seconds
[2025-11-25T16:26:10.945+0000] {processor.py:161} INFO - Started process (PID=11146) to work on /home/airflow/.local/lib/python3.12/site-packages/airflow/example_dags/example_short_circuit_operator.py
[2025-11-25T16:26:10.946+0000] {processor.py:830} INFO - Processing file /home/airflow/.local/lib/python3.12/site-packages/airflow/example_dags/example_short_circuit_operator.py for tasks to queue
[2025-11-25T16:26:10.949+0000] {logging_mixin.py:188} INFO - [2025-11-25T16:26:10.949+0000] {dagbag.py:545} INFO - Filling up the DagBag from /home/airflow/.local/lib/python3.12/site-packages/airflow/example_dags/example_short_circuit_operator.py
[2025-11-25T16:26:10.953+0000] {processor.py:840} INFO - DAG(s) 'example_short_circuit_operator' retrieved from /home/airflow/.local/lib/python3.12/site-packages/airflow/example_dags/example_short_circuit_operator.py
[2025-11-25T16:26:10.967+0000] {logging_mixin.py:188} INFO - [2025-11-25T16:26:10.967+0000] {dag.py:3096} INFO - Sync 1 DAGs
[2025-11-25T16:26:10.975+0000] {logging_mixin.py:188} INFO - [2025-11-25T16:26:10.975+0000] {dag.py:3954} INFO - Setting next_dagrun for example_short_circuit_operator to 2025-11-24 00:00:00+00:00, run_after=2025-11-25 00:00:00+00:00
[2025-11-25T16:26:10.983+0000] {processor.py:183} INFO - Processing /home/airflow/.local/lib/python3.12/site-packages/airflow/example_dags/example_short_circuit_operator.py took 0.041 seconds
[2025-11-25T16:26:41.841+0000] {processor.py:161} INFO - Started process (PID=11204) to work on /home/airflow/.local/lib/python3.12/site-packages/airflow/example_dags/example_short_circuit_operator.py
[2025-11-25T16:26:41.842+0000] {processor.py:830} INFO - Processing file /home/airflow/.local/lib/python3.12/site-packages/airflow/example_dags/example_short_circuit_operator.py for tasks to queue
[2025-11-25T16:26:41.843+0000] {logging_mixin.py:188} INFO - [2025-11-25T16:26:41.843+0000] {dagbag.py:545} INFO - Filling up the DagBag from /home/airflow/.local/lib/python3.12/site-packages/airflow/example_dags/example_short_circuit_operator.py
[2025-11-25T16:26:41.846+0000] {processor.py:840} INFO - DAG(s) 'example_short_circuit_operator' retrieved from /home/airflow/.local/lib/python3.12/site-packages/airflow/example_dags/example_short_circuit_operator.py
[2025-11-25T16:26:41.863+0000] {logging_mixin.py:188} INFO - [2025-11-25T16:26:41.862+0000] {dag.py:3096} INFO - Sync 1 DAGs
[2025-11-25T16:26:41.873+0000] {logging_mixin.py:188} INFO - [2025-11-25T16:26:41.873+0000] {dag.py:3954} INFO - Setting next_dagrun for example_short_circuit_operator to 2025-11-24 00:00:00+00:00, run_after=2025-11-25 00:00:00+00:00
[2025-11-25T16:26:41.883+0000] {processor.py:183} INFO - Processing /home/airflow/.local/lib/python3.12/site-packages/airflow/example_dags/example_short_circuit_operator.py took 0.045 seconds
[2025-11-25T16:27:12.929+0000] {processor.py:161} INFO - Started process (PID=11262) to work on /home/airflow/.local/lib/python3.12/site-packages/airflow/example_dags/example_short_circuit_operator.py
[2025-11-25T16:27:12.930+0000] {processor.py:830} INFO - Processing file /home/airflow/.local/lib/python3.12/site-packages/airflow/example_dags/example_short_circuit_operator.py for tasks to queue
[2025-11-25T16:27:12.932+0000] {logging_mixin.py:188} INFO - [2025-11-25T16:27:12.931+0000] {dagbag.py:545} INFO - Filling up the DagBag from /home/airflow/.local/lib/python3.12/site-packages/airflow/example_dags/example_short_circuit_operator.py
[2025-11-25T16:27:12.936+0000] {processor.py:840} INFO - DAG(s) 'example_short_circuit_operator' retrieved from /home/airflow/.local/lib/python3.12/site-packages/airflow/example_dags/example_short_circuit_operator.py
[2025-11-25T16:27:12.953+0000] {logging_mixin.py:188} INFO - [2025-11-25T16:27:12.953+0000] {dag.py:3096} INFO - Sync 1 DAGs
[2025-11-25T16:27:12.965+0000] {logging_mixin.py:188} INFO - [2025-11-25T16:27:12.965+0000] {dag.py:3954} INFO - Setting next_dagrun for example_short_circuit_operator to 2025-11-24 00:00:00+00:00, run_after=2025-11-25 00:00:00+00:00
[2025-11-25T16:27:12.974+0000] {processor.py:183} INFO - Processing /home/airflow/.local/lib/python3.12/site-packages/airflow/example_dags/example_short_circuit_operator.py took 0.048 seconds
[2025-11-25T16:27:43.056+0000] {processor.py:161} INFO - Started process (PID=11321) to work on /home/airflow/.local/lib/python3.12/site-packages/airflow/example_dags/example_short_circuit_operator.py
[2025-11-25T16:27:43.059+0000] {processor.py:830} INFO - Processing file /home/airflow/.local/lib/python3.12/site-packages/airflow/example_dags/example_short_circuit_operator.py for tasks to queue
[2025-11-25T16:27:43.061+0000] {logging_mixin.py:188} INFO - [2025-11-25T16:27:43.061+0000] {dagbag.py:545} INFO - Filling up the DagBag from /home/airflow/.local/lib/python3.12/site-packages/airflow/example_dags/example_short_circuit_operator.py
[2025-11-25T16:27:43.067+0000] {processor.py:840} INFO - DAG(s) 'example_short_circuit_operator' retrieved from /home/airflow/.local/lib/python3.12/site-packages/airflow/example_dags/example_short_circuit_operator.py
[2025-11-25T16:27:43.083+0000] {logging_mixin.py:188} INFO - [2025-11-25T16:27:43.082+0000] {dag.py:3096} INFO - Sync 1 DAGs
[2025-11-25T16:27:43.092+0000] {logging_mixin.py:188} INFO - [2025-11-25T16:27:43.092+0000] {dag.py:3954} INFO - Setting next_dagrun for example_short_circuit_operator to 2025-11-24 00:00:00+00:00, run_after=2025-11-25 00:00:00+00:00
[2025-11-25T16:27:43.100+0000] {processor.py:183} INFO - Processing /home/airflow/.local/lib/python3.12/site-packages/airflow/example_dags/example_short_circuit_operator.py took 0.047 seconds
[2025-11-25T16:28:14.092+0000] {processor.py:161} INFO - Started process (PID=11385) to work on /home/airflow/.local/lib/python3.12/site-packages/airflow/example_dags/example_short_circuit_operator.py
[2025-11-25T16:28:14.093+0000] {processor.py:830} INFO - Processing file /home/airflow/.local/lib/python3.12/site-packages/airflow/example_dags/example_short_circuit_operator.py for tasks to queue
[2025-11-25T16:28:14.094+0000] {logging_mixin.py:188} INFO - [2025-11-25T16:28:14.094+0000] {dagbag.py:545} INFO - Filling up the DagBag from /home/airflow/.local/lib/python3.12/site-packages/airflow/example_dags/example_short_circuit_operator.py
[2025-11-25T16:28:14.097+0000] {processor.py:840} INFO - DAG(s) 'example_short_circuit_operator' retrieved from /home/airflow/.local/lib/python3.12/site-packages/airflow/example_dags/example_short_circuit_operator.py
[2025-11-25T16:28:14.107+0000] {logging_mixin.py:188} INFO - [2025-11-25T16:28:14.107+0000] {dag.py:3096} INFO - Sync 1 DAGs
[2025-11-25T16:28:14.117+0000] {logging_mixin.py:188} INFO - [2025-11-25T16:28:14.117+0000] {dag.py:3954} INFO - Setting next_dagrun for example_short_circuit_operator to 2025-11-24 00:00:00+00:00, run_after=2025-11-25 00:00:00+00:00
[2025-11-25T16:28:14.125+0000] {processor.py:183} INFO - Processing /home/airflow/.local/lib/python3.12/site-packages/airflow/example_dags/example_short_circuit_operator.py took 0.036 seconds
[2025-11-25T16:28:44.163+0000] {processor.py:161} INFO - Started process (PID=11443) to work on /home/airflow/.local/lib/python3.12/site-packages/airflow/example_dags/example_short_circuit_operator.py
[2025-11-25T16:28:44.164+0000] {processor.py:830} INFO - Processing file /home/airflow/.local/lib/python3.12/site-packages/airflow/example_dags/example_short_circuit_operator.py for tasks to queue
[2025-11-25T16:28:44.165+0000] {logging_mixin.py:188} INFO - [2025-11-25T16:28:44.165+0000] {dagbag.py:545} INFO - Filling up the DagBag from /home/airflow/.local/lib/python3.12/site-packages/airflow/example_dags/example_short_circuit_operator.py
[2025-11-25T16:28:44.167+0000] {processor.py:840} INFO - DAG(s) 'example_short_circuit_operator' retrieved from /home/airflow/.local/lib/python3.12/site-packages/airflow/example_dags/example_short_circuit_operator.py
[2025-11-25T16:28:44.175+0000] {logging_mixin.py:188} INFO - [2025-11-25T16:28:44.175+0000] {dag.py:3096} INFO - Sync 1 DAGs
[2025-11-25T16:28:44.183+0000] {logging_mixin.py:188} INFO - [2025-11-25T16:28:44.183+0000] {dag.py:3954} INFO - Setting next_dagrun for example_short_circuit_operator to 2025-11-24 00:00:00+00:00, run_after=2025-11-25 00:00:00+00:00
[2025-11-25T16:28:44.188+0000] {processor.py:183} INFO - Processing /home/airflow/.local/lib/python3.12/site-packages/airflow/example_dags/example_short_circuit_operator.py took 0.027 seconds
[2025-11-25T16:29:14.800+0000] {processor.py:161} INFO - Started process (PID=11501) to work on /home/airflow/.local/lib/python3.12/site-packages/airflow/example_dags/example_short_circuit_operator.py
[2025-11-25T16:29:14.800+0000] {processor.py:830} INFO - Processing file /home/airflow/.local/lib/python3.12/site-packages/airflow/example_dags/example_short_circuit_operator.py for tasks to queue
[2025-11-25T16:29:14.801+0000] {logging_mixin.py:188} INFO - [2025-11-25T16:29:14.801+0000] {dagbag.py:545} INFO - Filling up the DagBag from /home/airflow/.local/lib/python3.12/site-packages/airflow/example_dags/example_short_circuit_operator.py
[2025-11-25T16:29:14.804+0000] {processor.py:840} INFO - DAG(s) 'example_short_circuit_operator' retrieved from /home/airflow/.local/lib/python3.12/site-packages/airflow/example_dags/example_short_circuit_operator.py
[2025-11-25T16:29:14.815+0000] {logging_mixin.py:188} INFO - [2025-11-25T16:29:14.815+0000] {dag.py:3096} INFO - Sync 1 DAGs
[2025-11-25T16:29:14.825+0000] {logging_mixin.py:188} INFO - [2025-11-25T16:29:14.825+0000] {dag.py:3954} INFO - Setting next_dagrun for example_short_circuit_operator to 2025-11-24 00:00:00+00:00, run_after=2025-11-25 00:00:00+00:00
[2025-11-25T16:29:14.837+0000] {processor.py:183} INFO - Processing /home/airflow/.local/lib/python3.12/site-packages/airflow/example_dags/example_short_circuit_operator.py took 0.039 seconds
[2025-11-25T16:29:45.839+0000] {processor.py:161} INFO - Started process (PID=11559) to work on /home/airflow/.local/lib/python3.12/site-packages/airflow/example_dags/example_short_circuit_operator.py
[2025-11-25T16:29:45.840+0000] {processor.py:830} INFO - Processing file /home/airflow/.local/lib/python3.12/site-packages/airflow/example_dags/example_short_circuit_operator.py for tasks to queue
[2025-11-25T16:29:45.841+0000] {logging_mixin.py:188} INFO - [2025-11-25T16:29:45.841+0000] {dagbag.py:545} INFO - Filling up the DagBag from /home/airflow/.local/lib/python3.12/site-packages/airflow/example_dags/example_short_circuit_operator.py
[2025-11-25T16:29:45.845+0000] {processor.py:840} INFO - DAG(s) 'example_short_circuit_operator' retrieved from /home/airflow/.local/lib/python3.12/site-packages/airflow/example_dags/example_short_circuit_operator.py
[2025-11-25T16:29:45.856+0000] {logging_mixin.py:188} INFO - [2025-11-25T16:29:45.856+0000] {dag.py:3096} INFO - Sync 1 DAGs
[2025-11-25T16:29:45.864+0000] {logging_mixin.py:188} INFO - [2025-11-25T16:29:45.864+0000] {dag.py:3954} INFO - Setting next_dagrun for example_short_circuit_operator to 2025-11-24 00:00:00+00:00, run_after=2025-11-25 00:00:00+00:00
[2025-11-25T16:29:45.871+0000] {processor.py:183} INFO - Processing /home/airflow/.local/lib/python3.12/site-packages/airflow/example_dags/example_short_circuit_operator.py took 0.034 seconds
[2025-11-25T16:30:16.292+0000] {processor.py:161} INFO - Started process (PID=11617) to work on /home/airflow/.local/lib/python3.12/site-packages/airflow/example_dags/example_short_circuit_operator.py
[2025-11-25T16:30:16.293+0000] {processor.py:830} INFO - Processing file /home/airflow/.local/lib/python3.12/site-packages/airflow/example_dags/example_short_circuit_operator.py for tasks to queue
[2025-11-25T16:30:16.296+0000] {logging_mixin.py:188} INFO - [2025-11-25T16:30:16.295+0000] {dagbag.py:545} INFO - Filling up the DagBag from /home/airflow/.local/lib/python3.12/site-packages/airflow/example_dags/example_short_circuit_operator.py
[2025-11-25T16:30:16.299+0000] {processor.py:840} INFO - DAG(s) 'example_short_circuit_operator' retrieved from /home/airflow/.local/lib/python3.12/site-packages/airflow/example_dags/example_short_circuit_operator.py
[2025-11-25T16:30:16.311+0000] {logging_mixin.py:188} INFO - [2025-11-25T16:30:16.311+0000] {dag.py:3096} INFO - Sync 1 DAGs
[2025-11-25T16:30:16.320+0000] {logging_mixin.py:188} INFO - [2025-11-25T16:30:16.320+0000] {dag.py:3954} INFO - Setting next_dagrun for example_short_circuit_operator to 2025-11-24 00:00:00+00:00, run_after=2025-11-25 00:00:00+00:00
[2025-11-25T16:30:16.328+0000] {processor.py:183} INFO - Processing /home/airflow/.local/lib/python3.12/site-packages/airflow/example_dags/example_short_circuit_operator.py took 0.039 seconds
[2025-11-25T16:30:46.587+0000] {processor.py:161} INFO - Started process (PID=11675) to work on /home/airflow/.local/lib/python3.12/site-packages/airflow/example_dags/example_short_circuit_operator.py
[2025-11-25T16:30:46.589+0000] {processor.py:830} INFO - Processing file /home/airflow/.local/lib/python3.12/site-packages/airflow/example_dags/example_short_circuit_operator.py for tasks to queue
[2025-11-25T16:30:46.590+0000] {logging_mixin.py:188} INFO - [2025-11-25T16:30:46.589+0000] {dagbag.py:545} INFO - Filling up the DagBag from /home/airflow/.local/lib/python3.12/site-packages/airflow/example_dags/example_short_circuit_operator.py
[2025-11-25T16:30:46.592+0000] {processor.py:840} INFO - DAG(s) 'example_short_circuit_operator' retrieved from /home/airflow/.local/lib/python3.12/site-packages/airflow/example_dags/example_short_circuit_operator.py
[2025-11-25T16:30:46.601+0000] {logging_mixin.py:188} INFO - [2025-11-25T16:30:46.601+0000] {dag.py:3096} INFO - Sync 1 DAGs
[2025-11-25T16:30:46.610+0000] {logging_mixin.py:188} INFO - [2025-11-25T16:30:46.610+0000] {dag.py:3954} INFO - Setting next_dagrun for example_short_circuit_operator to 2025-11-24 00:00:00+00:00, run_after=2025-11-25 00:00:00+00:00
[2025-11-25T16:30:46.620+0000] {processor.py:183} INFO - Processing /home/airflow/.local/lib/python3.12/site-packages/airflow/example_dags/example_short_circuit_operator.py took 0.035 seconds
[2025-11-25T16:31:16.845+0000] {processor.py:161} INFO - Started process (PID=11733) to work on /home/airflow/.local/lib/python3.12/site-packages/airflow/example_dags/example_short_circuit_operator.py
[2025-11-25T16:31:16.847+0000] {processor.py:830} INFO - Processing file /home/airflow/.local/lib/python3.12/site-packages/airflow/example_dags/example_short_circuit_operator.py for tasks to queue
[2025-11-25T16:31:16.848+0000] {logging_mixin.py:188} INFO - [2025-11-25T16:31:16.848+0000] {dagbag.py:545} INFO - Filling up the DagBag from /home/airflow/.local/lib/python3.12/site-packages/airflow/example_dags/example_short_circuit_operator.py
[2025-11-25T16:31:16.852+0000] {processor.py:840} INFO - DAG(s) 'example_short_circuit_operator' retrieved from /home/airflow/.local/lib/python3.12/site-packages/airflow/example_dags/example_short_circuit_operator.py
[2025-11-25T16:31:16.868+0000] {logging_mixin.py:188} INFO - [2025-11-25T16:31:16.868+0000] {dag.py:3096} INFO - Sync 1 DAGs
[2025-11-25T16:31:16.878+0000] {logging_mixin.py:188} INFO - [2025-11-25T16:31:16.878+0000] {dag.py:3954} INFO - Setting next_dagrun for example_short_circuit_operator to 2025-11-24 00:00:00+00:00, run_after=2025-11-25 00:00:00+00:00
[2025-11-25T16:31:16.886+0000] {processor.py:183} INFO - Processing /home/airflow/.local/lib/python3.12/site-packages/airflow/example_dags/example_short_circuit_operator.py took 0.044 seconds
[2025-11-25T16:31:47.118+0000] {processor.py:161} INFO - Started process (PID=11791) to work on /home/airflow/.local/lib/python3.12/site-packages/airflow/example_dags/example_short_circuit_operator.py
[2025-11-25T16:31:47.119+0000] {processor.py:830} INFO - Processing file /home/airflow/.local/lib/python3.12/site-packages/airflow/example_dags/example_short_circuit_operator.py for tasks to queue
[2025-11-25T16:31:47.120+0000] {logging_mixin.py:188} INFO - [2025-11-25T16:31:47.120+0000] {dagbag.py:545} INFO - Filling up the DagBag from /home/airflow/.local/lib/python3.12/site-packages/airflow/example_dags/example_short_circuit_operator.py
[2025-11-25T16:31:47.124+0000] {processor.py:840} INFO - DAG(s) 'example_short_circuit_operator' retrieved from /home/airflow/.local/lib/python3.12/site-packages/airflow/example_dags/example_short_circuit_operator.py
[2025-11-25T16:31:47.135+0000] {logging_mixin.py:188} INFO - [2025-11-25T16:31:47.135+0000] {dag.py:3096} INFO - Sync 1 DAGs
[2025-11-25T16:31:47.143+0000] {logging_mixin.py:188} INFO - [2025-11-25T16:31:47.143+0000] {dag.py:3954} INFO - Setting next_dagrun for example_short_circuit_operator to 2025-11-24 00:00:00+00:00, run_after=2025-11-25 00:00:00+00:00
[2025-11-25T16:31:47.150+0000] {processor.py:183} INFO - Processing /home/airflow/.local/lib/python3.12/site-packages/airflow/example_dags/example_short_circuit_operator.py took 0.035 seconds
[2025-11-25T16:32:17.476+0000] {processor.py:161} INFO - Started process (PID=11849) to work on /home/airflow/.local/lib/python3.12/site-packages/airflow/example_dags/example_short_circuit_operator.py
[2025-11-25T16:32:17.476+0000] {processor.py:830} INFO - Processing file /home/airflow/.local/lib/python3.12/site-packages/airflow/example_dags/example_short_circuit_operator.py for tasks to queue
[2025-11-25T16:32:17.477+0000] {logging_mixin.py:188} INFO - [2025-11-25T16:32:17.477+0000] {dagbag.py:545} INFO - Filling up the DagBag from /home/airflow/.local/lib/python3.12/site-packages/airflow/example_dags/example_short_circuit_operator.py
[2025-11-25T16:32:17.480+0000] {processor.py:840} INFO - DAG(s) 'example_short_circuit_operator' retrieved from /home/airflow/.local/lib/python3.12/site-packages/airflow/example_dags/example_short_circuit_operator.py
[2025-11-25T16:32:17.493+0000] {logging_mixin.py:188} INFO - [2025-11-25T16:32:17.492+0000] {dag.py:3096} INFO - Sync 1 DAGs
[2025-11-25T16:32:17.504+0000] {logging_mixin.py:188} INFO - [2025-11-25T16:32:17.504+0000] {dag.py:3954} INFO - Setting next_dagrun for example_short_circuit_operator to 2025-11-24 00:00:00+00:00, run_after=2025-11-25 00:00:00+00:00
[2025-11-25T16:32:17.514+0000] {processor.py:183} INFO - Processing /home/airflow/.local/lib/python3.12/site-packages/airflow/example_dags/example_short_circuit_operator.py took 0.041 seconds
[2025-11-25T16:32:47.594+0000] {processor.py:161} INFO - Started process (PID=11907) to work on /home/airflow/.local/lib/python3.12/site-packages/airflow/example_dags/example_short_circuit_operator.py
[2025-11-25T16:32:47.595+0000] {processor.py:830} INFO - Processing file /home/airflow/.local/lib/python3.12/site-packages/airflow/example_dags/example_short_circuit_operator.py for tasks to queue
[2025-11-25T16:32:47.596+0000] {logging_mixin.py:188} INFO - [2025-11-25T16:32:47.596+0000] {dagbag.py:545} INFO - Filling up the DagBag from /home/airflow/.local/lib/python3.12/site-packages/airflow/example_dags/example_short_circuit_operator.py
[2025-11-25T16:32:47.599+0000] {processor.py:840} INFO - DAG(s) 'example_short_circuit_operator' retrieved from /home/airflow/.local/lib/python3.12/site-packages/airflow/example_dags/example_short_circuit_operator.py
[2025-11-25T16:32:47.608+0000] {logging_mixin.py:188} INFO - [2025-11-25T16:32:47.608+0000] {dag.py:3096} INFO - Sync 1 DAGs
[2025-11-25T16:32:47.619+0000] {logging_mixin.py:188} INFO - [2025-11-25T16:32:47.619+0000] {dag.py:3954} INFO - Setting next_dagrun for example_short_circuit_operator to 2025-11-24 00:00:00+00:00, run_after=2025-11-25 00:00:00+00:00
[2025-11-25T16:32:47.628+0000] {processor.py:183} INFO - Processing /home/airflow/.local/lib/python3.12/site-packages/airflow/example_dags/example_short_circuit_operator.py took 0.036 seconds
[2025-11-25T16:33:18.040+0000] {processor.py:161} INFO - Started process (PID=11964) to work on /home/airflow/.local/lib/python3.12/site-packages/airflow/example_dags/example_short_circuit_operator.py
[2025-11-25T16:33:18.043+0000] {processor.py:830} INFO - Processing file /home/airflow/.local/lib/python3.12/site-packages/airflow/example_dags/example_short_circuit_operator.py for tasks to queue
[2025-11-25T16:33:18.045+0000] {logging_mixin.py:188} INFO - [2025-11-25T16:33:18.044+0000] {dagbag.py:545} INFO - Filling up the DagBag from /home/airflow/.local/lib/python3.12/site-packages/airflow/example_dags/example_short_circuit_operator.py
[2025-11-25T16:33:18.050+0000] {processor.py:840} INFO - DAG(s) 'example_short_circuit_operator' retrieved from /home/airflow/.local/lib/python3.12/site-packages/airflow/example_dags/example_short_circuit_operator.py
[2025-11-25T16:33:18.063+0000] {logging_mixin.py:188} INFO - [2025-11-25T16:33:18.063+0000] {dag.py:3096} INFO - Sync 1 DAGs
[2025-11-25T16:33:18.075+0000] {logging_mixin.py:188} INFO - [2025-11-25T16:33:18.074+0000] {dag.py:3954} INFO - Setting next_dagrun for example_short_circuit_operator to 2025-11-24 00:00:00+00:00, run_after=2025-11-25 00:00:00+00:00
[2025-11-25T16:33:18.082+0000] {processor.py:183} INFO - Processing /home/airflow/.local/lib/python3.12/site-packages/airflow/example_dags/example_short_circuit_operator.py took 0.046 seconds
[2025-11-25T16:33:49.522+0000] {processor.py:161} INFO - Started process (PID=12022) to work on /home/airflow/.local/lib/python3.12/site-packages/airflow/example_dags/example_short_circuit_operator.py
[2025-11-25T16:33:49.523+0000] {processor.py:830} INFO - Processing file /home/airflow/.local/lib/python3.12/site-packages/airflow/example_dags/example_short_circuit_operator.py for tasks to queue
[2025-11-25T16:33:49.524+0000] {logging_mixin.py:188} INFO - [2025-11-25T16:33:49.524+0000] {dagbag.py:545} INFO - Filling up the DagBag from /home/airflow/.local/lib/python3.12/site-packages/airflow/example_dags/example_short_circuit_operator.py
[2025-11-25T16:33:49.528+0000] {processor.py:840} INFO - DAG(s) 'example_short_circuit_operator' retrieved from /home/airflow/.local/lib/python3.12/site-packages/airflow/example_dags/example_short_circuit_operator.py
[2025-11-25T16:33:49.540+0000] {logging_mixin.py:188} INFO - [2025-11-25T16:33:49.539+0000] {dag.py:3096} INFO - Sync 1 DAGs
[2025-11-25T16:33:49.549+0000] {logging_mixin.py:188} INFO - [2025-11-25T16:33:49.549+0000] {dag.py:3954} INFO - Setting next_dagrun for example_short_circuit_operator to 2025-11-24 00:00:00+00:00, run_after=2025-11-25 00:00:00+00:00
[2025-11-25T16:33:49.642+0000] {processor.py:183} INFO - Processing /home/airflow/.local/lib/python3.12/site-packages/airflow/example_dags/example_short_circuit_operator.py took 0.123 seconds
[2025-11-25T16:34:20.206+0000] {processor.py:161} INFO - Started process (PID=12080) to work on /home/airflow/.local/lib/python3.12/site-packages/airflow/example_dags/example_short_circuit_operator.py
[2025-11-25T16:34:20.208+0000] {processor.py:830} INFO - Processing file /home/airflow/.local/lib/python3.12/site-packages/airflow/example_dags/example_short_circuit_operator.py for tasks to queue
[2025-11-25T16:34:20.209+0000] {logging_mixin.py:188} INFO - [2025-11-25T16:34:20.209+0000] {dagbag.py:545} INFO - Filling up the DagBag from /home/airflow/.local/lib/python3.12/site-packages/airflow/example_dags/example_short_circuit_operator.py
[2025-11-25T16:34:20.213+0000] {processor.py:840} INFO - DAG(s) 'example_short_circuit_operator' retrieved from /home/airflow/.local/lib/python3.12/site-packages/airflow/example_dags/example_short_circuit_operator.py
[2025-11-25T16:34:20.226+0000] {logging_mixin.py:188} INFO - [2025-11-25T16:34:20.225+0000] {dag.py:3096} INFO - Sync 1 DAGs
[2025-11-25T16:34:20.236+0000] {logging_mixin.py:188} INFO - [2025-11-25T16:34:20.236+0000] {dag.py:3954} INFO - Setting next_dagrun for example_short_circuit_operator to 2025-11-24 00:00:00+00:00, run_after=2025-11-25 00:00:00+00:00
[2025-11-25T16:34:20.248+0000] {processor.py:183} INFO - Processing /home/airflow/.local/lib/python3.12/site-packages/airflow/example_dags/example_short_circuit_operator.py took 0.045 seconds
[2025-11-25T16:34:50.795+0000] {processor.py:161} INFO - Started process (PID=12138) to work on /home/airflow/.local/lib/python3.12/site-packages/airflow/example_dags/example_short_circuit_operator.py
[2025-11-25T16:34:50.796+0000] {processor.py:830} INFO - Processing file /home/airflow/.local/lib/python3.12/site-packages/airflow/example_dags/example_short_circuit_operator.py for tasks to queue
[2025-11-25T16:34:50.798+0000] {logging_mixin.py:188} INFO - [2025-11-25T16:34:50.798+0000] {dagbag.py:545} INFO - Filling up the DagBag from /home/airflow/.local/lib/python3.12/site-packages/airflow/example_dags/example_short_circuit_operator.py
[2025-11-25T16:34:50.802+0000] {processor.py:840} INFO - DAG(s) 'example_short_circuit_operator' retrieved from /home/airflow/.local/lib/python3.12/site-packages/airflow/example_dags/example_short_circuit_operator.py
[2025-11-25T16:34:50.814+0000] {logging_mixin.py:188} INFO - [2025-11-25T16:34:50.814+0000] {dag.py:3096} INFO - Sync 1 DAGs
[2025-11-25T16:34:50.823+0000] {logging_mixin.py:188} INFO - [2025-11-25T16:34:50.823+0000] {dag.py:3954} INFO - Setting next_dagrun for example_short_circuit_operator to 2025-11-24 00:00:00+00:00, run_after=2025-11-25 00:00:00+00:00
[2025-11-25T16:34:50.830+0000] {processor.py:183} INFO - Processing /home/airflow/.local/lib/python3.12/site-packages/airflow/example_dags/example_short_circuit_operator.py took 0.037 seconds
[2025-11-25T16:35:21.323+0000] {processor.py:161} INFO - Started process (PID=12196) to work on /home/airflow/.local/lib/python3.12/site-packages/airflow/example_dags/example_short_circuit_operator.py
[2025-11-25T16:35:21.323+0000] {processor.py:830} INFO - Processing file /home/airflow/.local/lib/python3.12/site-packages/airflow/example_dags/example_short_circuit_operator.py for tasks to queue
[2025-11-25T16:35:21.324+0000] {logging_mixin.py:188} INFO - [2025-11-25T16:35:21.324+0000] {dagbag.py:545} INFO - Filling up the DagBag from /home/airflow/.local/lib/python3.12/site-packages/airflow/example_dags/example_short_circuit_operator.py
[2025-11-25T16:35:21.327+0000] {processor.py:840} INFO - DAG(s) 'example_short_circuit_operator' retrieved from /home/airflow/.local/lib/python3.12/site-packages/airflow/example_dags/example_short_circuit_operator.py
[2025-11-25T16:35:21.337+0000] {logging_mixin.py:188} INFO - [2025-11-25T16:35:21.337+0000] {dag.py:3096} INFO - Sync 1 DAGs
[2025-11-25T16:35:21.346+0000] {logging_mixin.py:188} INFO - [2025-11-25T16:35:21.346+0000] {dag.py:3954} INFO - Setting next_dagrun for example_short_circuit_operator to 2025-11-24 00:00:00+00:00, run_after=2025-11-25 00:00:00+00:00
[2025-11-25T16:35:21.355+0000] {processor.py:183} INFO - Processing /home/airflow/.local/lib/python3.12/site-packages/airflow/example_dags/example_short_circuit_operator.py took 0.035 seconds
[2025-11-25T16:35:51.811+0000] {processor.py:161} INFO - Started process (PID=12254) to work on /home/airflow/.local/lib/python3.12/site-packages/airflow/example_dags/example_short_circuit_operator.py
[2025-11-25T16:35:51.812+0000] {processor.py:830} INFO - Processing file /home/airflow/.local/lib/python3.12/site-packages/airflow/example_dags/example_short_circuit_operator.py for tasks to queue
[2025-11-25T16:35:51.813+0000] {logging_mixin.py:188} INFO - [2025-11-25T16:35:51.813+0000] {dagbag.py:545} INFO - Filling up the DagBag from /home/airflow/.local/lib/python3.12/site-packages/airflow/example_dags/example_short_circuit_operator.py
[2025-11-25T16:35:51.819+0000] {processor.py:840} INFO - DAG(s) 'example_short_circuit_operator' retrieved from /home/airflow/.local/lib/python3.12/site-packages/airflow/example_dags/example_short_circuit_operator.py
[2025-11-25T16:35:51.831+0000] {logging_mixin.py:188} INFO - [2025-11-25T16:35:51.831+0000] {dag.py:3096} INFO - Sync 1 DAGs
[2025-11-25T16:35:51.841+0000] {logging_mixin.py:188} INFO - [2025-11-25T16:35:51.841+0000] {dag.py:3954} INFO - Setting next_dagrun for example_short_circuit_operator to 2025-11-24 00:00:00+00:00, run_after=2025-11-25 00:00:00+00:00
[2025-11-25T16:35:51.851+0000] {processor.py:183} INFO - Processing /home/airflow/.local/lib/python3.12/site-packages/airflow/example_dags/example_short_circuit_operator.py took 0.043 seconds
[2025-11-25T16:36:22.614+0000] {processor.py:161} INFO - Started process (PID=12312) to work on /home/airflow/.local/lib/python3.12/site-packages/airflow/example_dags/example_short_circuit_operator.py
[2025-11-25T16:36:22.616+0000] {processor.py:830} INFO - Processing file /home/airflow/.local/lib/python3.12/site-packages/airflow/example_dags/example_short_circuit_operator.py for tasks to queue
[2025-11-25T16:36:22.618+0000] {logging_mixin.py:188} INFO - [2025-11-25T16:36:22.618+0000] {dagbag.py:545} INFO - Filling up the DagBag from /home/airflow/.local/lib/python3.12/site-packages/airflow/example_dags/example_short_circuit_operator.py
[2025-11-25T16:36:22.623+0000] {processor.py:840} INFO - DAG(s) 'example_short_circuit_operator' retrieved from /home/airflow/.local/lib/python3.12/site-packages/airflow/example_dags/example_short_circuit_operator.py
[2025-11-25T16:36:22.635+0000] {logging_mixin.py:188} INFO - [2025-11-25T16:36:22.635+0000] {dag.py:3096} INFO - Sync 1 DAGs
[2025-11-25T16:36:22.644+0000] {logging_mixin.py:188} INFO - [2025-11-25T16:36:22.644+0000] {dag.py:3954} INFO - Setting next_dagrun for example_short_circuit_operator to 2025-11-24 00:00:00+00:00, run_after=2025-11-25 00:00:00+00:00
[2025-11-25T16:36:22.652+0000] {processor.py:183} INFO - Processing /home/airflow/.local/lib/python3.12/site-packages/airflow/example_dags/example_short_circuit_operator.py took 0.041 seconds
[2025-11-25T16:36:53.799+0000] {processor.py:161} INFO - Started process (PID=12370) to work on /home/airflow/.local/lib/python3.12/site-packages/airflow/example_dags/example_short_circuit_operator.py
[2025-11-25T16:36:53.800+0000] {processor.py:830} INFO - Processing file /home/airflow/.local/lib/python3.12/site-packages/airflow/example_dags/example_short_circuit_operator.py for tasks to queue
[2025-11-25T16:36:53.801+0000] {logging_mixin.py:188} INFO - [2025-11-25T16:36:53.801+0000] {dagbag.py:545} INFO - Filling up the DagBag from /home/airflow/.local/lib/python3.12/site-packages/airflow/example_dags/example_short_circuit_operator.py
[2025-11-25T16:36:53.806+0000] {processor.py:840} INFO - DAG(s) 'example_short_circuit_operator' retrieved from /home/airflow/.local/lib/python3.12/site-packages/airflow/example_dags/example_short_circuit_operator.py
[2025-11-25T16:36:53.897+0000] {logging_mixin.py:188} INFO - [2025-11-25T16:36:53.897+0000] {dag.py:3096} INFO - Sync 1 DAGs
[2025-11-25T16:36:53.904+0000] {logging_mixin.py:188} INFO - [2025-11-25T16:36:53.904+0000] {dag.py:3954} INFO - Setting next_dagrun for example_short_circuit_operator to 2025-11-24 00:00:00+00:00, run_after=2025-11-25 00:00:00+00:00
[2025-11-25T16:36:53.910+0000] {processor.py:183} INFO - Processing /home/airflow/.local/lib/python3.12/site-packages/airflow/example_dags/example_short_circuit_operator.py took 0.114 seconds
[2025-11-25T16:37:24.343+0000] {processor.py:161} INFO - Started process (PID=12428) to work on /home/airflow/.local/lib/python3.12/site-packages/airflow/example_dags/example_short_circuit_operator.py
[2025-11-25T16:37:24.344+0000] {processor.py:830} INFO - Processing file /home/airflow/.local/lib/python3.12/site-packages/airflow/example_dags/example_short_circuit_operator.py for tasks to queue
[2025-11-25T16:37:24.346+0000] {logging_mixin.py:188} INFO - [2025-11-25T16:37:24.346+0000] {dagbag.py:545} INFO - Filling up the DagBag from /home/airflow/.local/lib/python3.12/site-packages/airflow/example_dags/example_short_circuit_operator.py
[2025-11-25T16:37:24.349+0000] {processor.py:840} INFO - DAG(s) 'example_short_circuit_operator' retrieved from /home/airflow/.local/lib/python3.12/site-packages/airflow/example_dags/example_short_circuit_operator.py
[2025-11-25T16:37:24.365+0000] {logging_mixin.py:188} INFO - [2025-11-25T16:37:24.364+0000] {dag.py:3096} INFO - Sync 1 DAGs
[2025-11-25T16:37:24.374+0000] {logging_mixin.py:188} INFO - [2025-11-25T16:37:24.374+0000] {dag.py:3954} INFO - Setting next_dagrun for example_short_circuit_operator to 2025-11-24 00:00:00+00:00, run_after=2025-11-25 00:00:00+00:00
[2025-11-25T16:37:24.381+0000] {processor.py:183} INFO - Processing /home/airflow/.local/lib/python3.12/site-packages/airflow/example_dags/example_short_circuit_operator.py took 0.040 seconds
[2025-11-25T16:37:55.315+0000] {processor.py:161} INFO - Started process (PID=12486) to work on /home/airflow/.local/lib/python3.12/site-packages/airflow/example_dags/example_short_circuit_operator.py
[2025-11-25T16:37:55.316+0000] {processor.py:830} INFO - Processing file /home/airflow/.local/lib/python3.12/site-packages/airflow/example_dags/example_short_circuit_operator.py for tasks to queue
[2025-11-25T16:37:55.317+0000] {logging_mixin.py:188} INFO - [2025-11-25T16:37:55.317+0000] {dagbag.py:545} INFO - Filling up the DagBag from /home/airflow/.local/lib/python3.12/site-packages/airflow/example_dags/example_short_circuit_operator.py
[2025-11-25T16:37:55.320+0000] {processor.py:840} INFO - DAG(s) 'example_short_circuit_operator' retrieved from /home/airflow/.local/lib/python3.12/site-packages/airflow/example_dags/example_short_circuit_operator.py
[2025-11-25T16:37:55.331+0000] {logging_mixin.py:188} INFO - [2025-11-25T16:37:55.331+0000] {dag.py:3096} INFO - Sync 1 DAGs
[2025-11-25T16:37:55.339+0000] {logging_mixin.py:188} INFO - [2025-11-25T16:37:55.339+0000] {dag.py:3954} INFO - Setting next_dagrun for example_short_circuit_operator to 2025-11-24 00:00:00+00:00, run_after=2025-11-25 00:00:00+00:00
[2025-11-25T16:37:55.347+0000] {processor.py:183} INFO - Processing /home/airflow/.local/lib/python3.12/site-packages/airflow/example_dags/example_short_circuit_operator.py took 0.034 seconds
[2025-11-25T16:38:26.457+0000] {processor.py:161} INFO - Started process (PID=12544) to work on /home/airflow/.local/lib/python3.12/site-packages/airflow/example_dags/example_short_circuit_operator.py
[2025-11-25T16:38:26.458+0000] {processor.py:830} INFO - Processing file /home/airflow/.local/lib/python3.12/site-packages/airflow/example_dags/example_short_circuit_operator.py for tasks to queue
[2025-11-25T16:38:26.459+0000] {logging_mixin.py:188} INFO - [2025-11-25T16:38:26.459+0000] {dagbag.py:545} INFO - Filling up the DagBag from /home/airflow/.local/lib/python3.12/site-packages/airflow/example_dags/example_short_circuit_operator.py
[2025-11-25T16:38:26.462+0000] {processor.py:840} INFO - DAG(s) 'example_short_circuit_operator' retrieved from /home/airflow/.local/lib/python3.12/site-packages/airflow/example_dags/example_short_circuit_operator.py
[2025-11-25T16:38:26.470+0000] {logging_mixin.py:188} INFO - [2025-11-25T16:38:26.470+0000] {dag.py:3096} INFO - Sync 1 DAGs
[2025-11-25T16:38:26.477+0000] {logging_mixin.py:188} INFO - [2025-11-25T16:38:26.477+0000] {dag.py:3954} INFO - Setting next_dagrun for example_short_circuit_operator to 2025-11-24 00:00:00+00:00, run_after=2025-11-25 00:00:00+00:00
[2025-11-25T16:38:26.483+0000] {processor.py:183} INFO - Processing /home/airflow/.local/lib/python3.12/site-packages/airflow/example_dags/example_short_circuit_operator.py took 0.028 seconds
[2025-11-25T16:38:57.319+0000] {processor.py:161} INFO - Started process (PID=12602) to work on /home/airflow/.local/lib/python3.12/site-packages/airflow/example_dags/example_short_circuit_operator.py
[2025-11-25T16:38:57.320+0000] {processor.py:830} INFO - Processing file /home/airflow/.local/lib/python3.12/site-packages/airflow/example_dags/example_short_circuit_operator.py for tasks to queue
[2025-11-25T16:38:57.321+0000] {logging_mixin.py:188} INFO - [2025-11-25T16:38:57.321+0000] {dagbag.py:545} INFO - Filling up the DagBag from /home/airflow/.local/lib/python3.12/site-packages/airflow/example_dags/example_short_circuit_operator.py
[2025-11-25T16:38:57.325+0000] {processor.py:840} INFO - DAG(s) 'example_short_circuit_operator' retrieved from /home/airflow/.local/lib/python3.12/site-packages/airflow/example_dags/example_short_circuit_operator.py
[2025-11-25T16:38:57.339+0000] {logging_mixin.py:188} INFO - [2025-11-25T16:38:57.339+0000] {dag.py:3096} INFO - Sync 1 DAGs
[2025-11-25T16:38:57.351+0000] {logging_mixin.py:188} INFO - [2025-11-25T16:38:57.351+0000] {dag.py:3954} INFO - Setting next_dagrun for example_short_circuit_operator to 2025-11-24 00:00:00+00:00, run_after=2025-11-25 00:00:00+00:00
[2025-11-25T16:38:57.364+0000] {processor.py:183} INFO - Processing /home/airflow/.local/lib/python3.12/site-packages/airflow/example_dags/example_short_circuit_operator.py took 0.048 seconds
[2025-11-25T16:39:27.540+0000] {processor.py:161} INFO - Started process (PID=12660) to work on /home/airflow/.local/lib/python3.12/site-packages/airflow/example_dags/example_short_circuit_operator.py
[2025-11-25T16:39:27.541+0000] {processor.py:830} INFO - Processing file /home/airflow/.local/lib/python3.12/site-packages/airflow/example_dags/example_short_circuit_operator.py for tasks to queue
[2025-11-25T16:39:27.542+0000] {logging_mixin.py:188} INFO - [2025-11-25T16:39:27.542+0000] {dagbag.py:545} INFO - Filling up the DagBag from /home/airflow/.local/lib/python3.12/site-packages/airflow/example_dags/example_short_circuit_operator.py
[2025-11-25T16:39:27.547+0000] {processor.py:840} INFO - DAG(s) 'example_short_circuit_operator' retrieved from /home/airflow/.local/lib/python3.12/site-packages/airflow/example_dags/example_short_circuit_operator.py
[2025-11-25T16:39:27.558+0000] {logging_mixin.py:188} INFO - [2025-11-25T16:39:27.558+0000] {dag.py:3096} INFO - Sync 1 DAGs
[2025-11-25T16:39:27.570+0000] {logging_mixin.py:188} INFO - [2025-11-25T16:39:27.570+0000] {dag.py:3954} INFO - Setting next_dagrun for example_short_circuit_operator to 2025-11-24 00:00:00+00:00, run_after=2025-11-25 00:00:00+00:00
[2025-11-25T16:39:27.585+0000] {processor.py:183} INFO - Processing /home/airflow/.local/lib/python3.12/site-packages/airflow/example_dags/example_short_circuit_operator.py took 0.048 seconds
[2025-11-25T16:39:57.603+0000] {processor.py:161} INFO - Started process (PID=12718) to work on /home/airflow/.local/lib/python3.12/site-packages/airflow/example_dags/example_short_circuit_operator.py
[2025-11-25T16:39:57.607+0000] {processor.py:830} INFO - Processing file /home/airflow/.local/lib/python3.12/site-packages/airflow/example_dags/example_short_circuit_operator.py for tasks to queue
[2025-11-25T16:39:57.608+0000] {logging_mixin.py:188} INFO - [2025-11-25T16:39:57.608+0000] {dagbag.py:545} INFO - Filling up the DagBag from /home/airflow/.local/lib/python3.12/site-packages/airflow/example_dags/example_short_circuit_operator.py
[2025-11-25T16:39:57.612+0000] {processor.py:840} INFO - DAG(s) 'example_short_circuit_operator' retrieved from /home/airflow/.local/lib/python3.12/site-packages/airflow/example_dags/example_short_circuit_operator.py
[2025-11-25T16:39:57.621+0000] {logging_mixin.py:188} INFO - [2025-11-25T16:39:57.621+0000] {dag.py:3096} INFO - Sync 1 DAGs
[2025-11-25T16:39:57.629+0000] {logging_mixin.py:188} INFO - [2025-11-25T16:39:57.629+0000] {dag.py:3954} INFO - Setting next_dagrun for example_short_circuit_operator to 2025-11-24 00:00:00+00:00, run_after=2025-11-25 00:00:00+00:00
[2025-11-25T16:39:57.640+0000] {processor.py:183} INFO - Processing /home/airflow/.local/lib/python3.12/site-packages/airflow/example_dags/example_short_circuit_operator.py took 0.039 seconds
[2025-11-25T16:40:27.723+0000] {processor.py:161} INFO - Started process (PID=12776) to work on /home/airflow/.local/lib/python3.12/site-packages/airflow/example_dags/example_short_circuit_operator.py
[2025-11-25T16:40:27.724+0000] {processor.py:830} INFO - Processing file /home/airflow/.local/lib/python3.12/site-packages/airflow/example_dags/example_short_circuit_operator.py for tasks to queue
[2025-11-25T16:40:27.725+0000] {logging_mixin.py:188} INFO - [2025-11-25T16:40:27.725+0000] {dagbag.py:545} INFO - Filling up the DagBag from /home/airflow/.local/lib/python3.12/site-packages/airflow/example_dags/example_short_circuit_operator.py
[2025-11-25T16:40:27.728+0000] {processor.py:840} INFO - DAG(s) 'example_short_circuit_operator' retrieved from /home/airflow/.local/lib/python3.12/site-packages/airflow/example_dags/example_short_circuit_operator.py
[2025-11-25T16:40:27.738+0000] {logging_mixin.py:188} INFO - [2025-11-25T16:40:27.737+0000] {dag.py:3096} INFO - Sync 1 DAGs
[2025-11-25T16:40:27.746+0000] {logging_mixin.py:188} INFO - [2025-11-25T16:40:27.746+0000] {dag.py:3954} INFO - Setting next_dagrun for example_short_circuit_operator to 2025-11-24 00:00:00+00:00, run_after=2025-11-25 00:00:00+00:00
[2025-11-25T16:40:27.754+0000] {processor.py:183} INFO - Processing /home/airflow/.local/lib/python3.12/site-packages/airflow/example_dags/example_short_circuit_operator.py took 0.034 seconds
[2025-11-25T16:40:58.124+0000] {processor.py:161} INFO - Started process (PID=12834) to work on /home/airflow/.local/lib/python3.12/site-packages/airflow/example_dags/example_short_circuit_operator.py
[2025-11-25T16:40:58.126+0000] {processor.py:830} INFO - Processing file /home/airflow/.local/lib/python3.12/site-packages/airflow/example_dags/example_short_circuit_operator.py for tasks to queue
[2025-11-25T16:40:58.128+0000] {logging_mixin.py:188} INFO - [2025-11-25T16:40:58.128+0000] {dagbag.py:545} INFO - Filling up the DagBag from /home/airflow/.local/lib/python3.12/site-packages/airflow/example_dags/example_short_circuit_operator.py
[2025-11-25T16:40:58.135+0000] {processor.py:840} INFO - DAG(s) 'example_short_circuit_operator' retrieved from /home/airflow/.local/lib/python3.12/site-packages/airflow/example_dags/example_short_circuit_operator.py
[2025-11-25T16:40:58.159+0000] {logging_mixin.py:188} INFO - [2025-11-25T16:40:58.158+0000] {dag.py:3096} INFO - Sync 1 DAGs
[2025-11-25T16:40:58.175+0000] {logging_mixin.py:188} INFO - [2025-11-25T16:40:58.175+0000] {dag.py:3954} INFO - Setting next_dagrun for example_short_circuit_operator to 2025-11-24 00:00:00+00:00, run_after=2025-11-25 00:00:00+00:00
[2025-11-25T16:40:58.189+0000] {processor.py:183} INFO - Processing /home/airflow/.local/lib/python3.12/site-packages/airflow/example_dags/example_short_circuit_operator.py took 0.071 seconds
[2025-11-25T16:41:28.694+0000] {processor.py:161} INFO - Started process (PID=12892) to work on /home/airflow/.local/lib/python3.12/site-packages/airflow/example_dags/example_short_circuit_operator.py
[2025-11-25T16:41:28.695+0000] {processor.py:830} INFO - Processing file /home/airflow/.local/lib/python3.12/site-packages/airflow/example_dags/example_short_circuit_operator.py for tasks to queue
[2025-11-25T16:41:28.698+0000] {logging_mixin.py:188} INFO - [2025-11-25T16:41:28.697+0000] {dagbag.py:545} INFO - Filling up the DagBag from /home/airflow/.local/lib/python3.12/site-packages/airflow/example_dags/example_short_circuit_operator.py
[2025-11-25T16:41:28.701+0000] {processor.py:840} INFO - DAG(s) 'example_short_circuit_operator' retrieved from /home/airflow/.local/lib/python3.12/site-packages/airflow/example_dags/example_short_circuit_operator.py
[2025-11-25T16:41:28.714+0000] {logging_mixin.py:188} INFO - [2025-11-25T16:41:28.714+0000] {dag.py:3096} INFO - Sync 1 DAGs
[2025-11-25T16:41:28.723+0000] {logging_mixin.py:188} INFO - [2025-11-25T16:41:28.723+0000] {dag.py:3954} INFO - Setting next_dagrun for example_short_circuit_operator to 2025-11-24 00:00:00+00:00, run_after=2025-11-25 00:00:00+00:00
[2025-11-25T16:41:28.731+0000] {processor.py:183} INFO - Processing /home/airflow/.local/lib/python3.12/site-packages/airflow/example_dags/example_short_circuit_operator.py took 0.043 seconds
[2025-11-25T16:41:59.270+0000] {processor.py:161} INFO - Started process (PID=12950) to work on /home/airflow/.local/lib/python3.12/site-packages/airflow/example_dags/example_short_circuit_operator.py
[2025-11-25T16:41:59.270+0000] {processor.py:830} INFO - Processing file /home/airflow/.local/lib/python3.12/site-packages/airflow/example_dags/example_short_circuit_operator.py for tasks to queue
[2025-11-25T16:41:59.271+0000] {logging_mixin.py:188} INFO - [2025-11-25T16:41:59.271+0000] {dagbag.py:545} INFO - Filling up the DagBag from /home/airflow/.local/lib/python3.12/site-packages/airflow/example_dags/example_short_circuit_operator.py
[2025-11-25T16:41:59.274+0000] {processor.py:840} INFO - DAG(s) 'example_short_circuit_operator' retrieved from /home/airflow/.local/lib/python3.12/site-packages/airflow/example_dags/example_short_circuit_operator.py
[2025-11-25T16:41:59.289+0000] {logging_mixin.py:188} INFO - [2025-11-25T16:41:59.289+0000] {dag.py:3096} INFO - Sync 1 DAGs
[2025-11-25T16:41:59.303+0000] {logging_mixin.py:188} INFO - [2025-11-25T16:41:59.303+0000] {dag.py:3954} INFO - Setting next_dagrun for example_short_circuit_operator to 2025-11-24 00:00:00+00:00, run_after=2025-11-25 00:00:00+00:00
[2025-11-25T16:41:59.312+0000] {processor.py:183} INFO - Processing /home/airflow/.local/lib/python3.12/site-packages/airflow/example_dags/example_short_circuit_operator.py took 0.045 seconds
[2025-11-25T16:42:29.649+0000] {processor.py:161} INFO - Started process (PID=13008) to work on /home/airflow/.local/lib/python3.12/site-packages/airflow/example_dags/example_short_circuit_operator.py
[2025-11-25T16:42:29.649+0000] {processor.py:830} INFO - Processing file /home/airflow/.local/lib/python3.12/site-packages/airflow/example_dags/example_short_circuit_operator.py for tasks to queue
[2025-11-25T16:42:29.650+0000] {logging_mixin.py:188} INFO - [2025-11-25T16:42:29.650+0000] {dagbag.py:545} INFO - Filling up the DagBag from /home/airflow/.local/lib/python3.12/site-packages/airflow/example_dags/example_short_circuit_operator.py
[2025-11-25T16:42:29.653+0000] {processor.py:840} INFO - DAG(s) 'example_short_circuit_operator' retrieved from /home/airflow/.local/lib/python3.12/site-packages/airflow/example_dags/example_short_circuit_operator.py
[2025-11-25T16:42:29.699+0000] {logging_mixin.py:188} INFO - [2025-11-25T16:42:29.699+0000] {dag.py:3096} INFO - Sync 1 DAGs
[2025-11-25T16:42:29.712+0000] {logging_mixin.py:188} INFO - [2025-11-25T16:42:29.712+0000] {dag.py:3954} INFO - Setting next_dagrun for example_short_circuit_operator to 2025-11-24 00:00:00+00:00, run_after=2025-11-25 00:00:00+00:00
[2025-11-25T16:42:29.724+0000] {processor.py:183} INFO - Processing /home/airflow/.local/lib/python3.12/site-packages/airflow/example_dags/example_short_circuit_operator.py took 0.078 seconds
[2025-11-25T16:43:00.306+0000] {processor.py:161} INFO - Started process (PID=13066) to work on /home/airflow/.local/lib/python3.12/site-packages/airflow/example_dags/example_short_circuit_operator.py
[2025-11-25T16:43:00.307+0000] {processor.py:830} INFO - Processing file /home/airflow/.local/lib/python3.12/site-packages/airflow/example_dags/example_short_circuit_operator.py for tasks to queue
[2025-11-25T16:43:00.307+0000] {logging_mixin.py:188} INFO - [2025-11-25T16:43:00.307+0000] {dagbag.py:545} INFO - Filling up the DagBag from /home/airflow/.local/lib/python3.12/site-packages/airflow/example_dags/example_short_circuit_operator.py
[2025-11-25T16:43:00.311+0000] {processor.py:840} INFO - DAG(s) 'example_short_circuit_operator' retrieved from /home/airflow/.local/lib/python3.12/site-packages/airflow/example_dags/example_short_circuit_operator.py
[2025-11-25T16:43:00.323+0000] {logging_mixin.py:188} INFO - [2025-11-25T16:43:00.323+0000] {dag.py:3096} INFO - Sync 1 DAGs
[2025-11-25T16:43:00.333+0000] {logging_mixin.py:188} INFO - [2025-11-25T16:43:00.333+0000] {dag.py:3954} INFO - Setting next_dagrun for example_short_circuit_operator to 2025-11-24 00:00:00+00:00, run_after=2025-11-25 00:00:00+00:00
[2025-11-25T16:43:00.348+0000] {processor.py:183} INFO - Processing /home/airflow/.local/lib/python3.12/site-packages/airflow/example_dags/example_short_circuit_operator.py took 0.045 seconds
[2025-11-25T16:43:30.407+0000] {processor.py:161} INFO - Started process (PID=13124) to work on /home/airflow/.local/lib/python3.12/site-packages/airflow/example_dags/example_short_circuit_operator.py
[2025-11-25T16:43:30.408+0000] {processor.py:830} INFO - Processing file /home/airflow/.local/lib/python3.12/site-packages/airflow/example_dags/example_short_circuit_operator.py for tasks to queue
[2025-11-25T16:43:30.408+0000] {logging_mixin.py:188} INFO - [2025-11-25T16:43:30.408+0000] {dagbag.py:545} INFO - Filling up the DagBag from /home/airflow/.local/lib/python3.12/site-packages/airflow/example_dags/example_short_circuit_operator.py
[2025-11-25T16:43:30.411+0000] {processor.py:840} INFO - DAG(s) 'example_short_circuit_operator' retrieved from /home/airflow/.local/lib/python3.12/site-packages/airflow/example_dags/example_short_circuit_operator.py
[2025-11-25T16:43:30.423+0000] {logging_mixin.py:188} INFO - [2025-11-25T16:43:30.423+0000] {dag.py:3096} INFO - Sync 1 DAGs
[2025-11-25T16:43:30.432+0000] {logging_mixin.py:188} INFO - [2025-11-25T16:43:30.432+0000] {dag.py:3954} INFO - Setting next_dagrun for example_short_circuit_operator to 2025-11-24 00:00:00+00:00, run_after=2025-11-25 00:00:00+00:00
[2025-11-25T16:43:30.441+0000] {processor.py:183} INFO - Processing /home/airflow/.local/lib/python3.12/site-packages/airflow/example_dags/example_short_circuit_operator.py took 0.036 seconds
[2025-11-25T16:44:01.361+0000] {processor.py:161} INFO - Started process (PID=13182) to work on /home/airflow/.local/lib/python3.12/site-packages/airflow/example_dags/example_short_circuit_operator.py
[2025-11-25T16:44:01.362+0000] {processor.py:830} INFO - Processing file /home/airflow/.local/lib/python3.12/site-packages/airflow/example_dags/example_short_circuit_operator.py for tasks to queue
[2025-11-25T16:44:01.365+0000] {logging_mixin.py:188} INFO - [2025-11-25T16:44:01.364+0000] {dagbag.py:545} INFO - Filling up the DagBag from /home/airflow/.local/lib/python3.12/site-packages/airflow/example_dags/example_short_circuit_operator.py
[2025-11-25T16:44:01.368+0000] {processor.py:840} INFO - DAG(s) 'example_short_circuit_operator' retrieved from /home/airflow/.local/lib/python3.12/site-packages/airflow/example_dags/example_short_circuit_operator.py
[2025-11-25T16:44:01.381+0000] {logging_mixin.py:188} INFO - [2025-11-25T16:44:01.381+0000] {dag.py:3096} INFO - Sync 1 DAGs
[2025-11-25T16:44:01.388+0000] {logging_mixin.py:188} INFO - [2025-11-25T16:44:01.388+0000] {dag.py:3954} INFO - Setting next_dagrun for example_short_circuit_operator to 2025-11-24 00:00:00+00:00, run_after=2025-11-25 00:00:00+00:00
[2025-11-25T16:44:01.398+0000] {processor.py:183} INFO - Processing /home/airflow/.local/lib/python3.12/site-packages/airflow/example_dags/example_short_circuit_operator.py took 0.039 seconds
[2025-11-25T16:44:32.254+0000] {processor.py:161} INFO - Started process (PID=13240) to work on /home/airflow/.local/lib/python3.12/site-packages/airflow/example_dags/example_short_circuit_operator.py
[2025-11-25T16:44:32.256+0000] {processor.py:830} INFO - Processing file /home/airflow/.local/lib/python3.12/site-packages/airflow/example_dags/example_short_circuit_operator.py for tasks to queue
[2025-11-25T16:44:32.257+0000] {logging_mixin.py:188} INFO - [2025-11-25T16:44:32.257+0000] {dagbag.py:545} INFO - Filling up the DagBag from /home/airflow/.local/lib/python3.12/site-packages/airflow/example_dags/example_short_circuit_operator.py
[2025-11-25T16:44:32.261+0000] {processor.py:840} INFO - DAG(s) 'example_short_circuit_operator' retrieved from /home/airflow/.local/lib/python3.12/site-packages/airflow/example_dags/example_short_circuit_operator.py
[2025-11-25T16:44:32.269+0000] {logging_mixin.py:188} INFO - [2025-11-25T16:44:32.269+0000] {dag.py:3096} INFO - Sync 1 DAGs
[2025-11-25T16:44:32.277+0000] {logging_mixin.py:188} INFO - [2025-11-25T16:44:32.277+0000] {dag.py:3954} INFO - Setting next_dagrun for example_short_circuit_operator to 2025-11-24 00:00:00+00:00, run_after=2025-11-25 00:00:00+00:00
[2025-11-25T16:44:32.286+0000] {processor.py:183} INFO - Processing /home/airflow/.local/lib/python3.12/site-packages/airflow/example_dags/example_short_circuit_operator.py took 0.034 seconds
[2025-11-25T16:45:03.188+0000] {processor.py:161} INFO - Started process (PID=13298) to work on /home/airflow/.local/lib/python3.12/site-packages/airflow/example_dags/example_short_circuit_operator.py
[2025-11-25T16:45:03.188+0000] {processor.py:830} INFO - Processing file /home/airflow/.local/lib/python3.12/site-packages/airflow/example_dags/example_short_circuit_operator.py for tasks to queue
[2025-11-25T16:45:03.189+0000] {logging_mixin.py:188} INFO - [2025-11-25T16:45:03.189+0000] {dagbag.py:545} INFO - Filling up the DagBag from /home/airflow/.local/lib/python3.12/site-packages/airflow/example_dags/example_short_circuit_operator.py
[2025-11-25T16:45:03.194+0000] {processor.py:840} INFO - DAG(s) 'example_short_circuit_operator' retrieved from /home/airflow/.local/lib/python3.12/site-packages/airflow/example_dags/example_short_circuit_operator.py
[2025-11-25T16:45:03.209+0000] {logging_mixin.py:188} INFO - [2025-11-25T16:45:03.208+0000] {dag.py:3096} INFO - Sync 1 DAGs
[2025-11-25T16:45:03.220+0000] {logging_mixin.py:188} INFO - [2025-11-25T16:45:03.220+0000] {dag.py:3954} INFO - Setting next_dagrun for example_short_circuit_operator to 2025-11-24 00:00:00+00:00, run_after=2025-11-25 00:00:00+00:00
[2025-11-25T16:45:03.236+0000] {processor.py:183} INFO - Processing /home/airflow/.local/lib/python3.12/site-packages/airflow/example_dags/example_short_circuit_operator.py took 0.050 seconds
[2025-11-25T16:45:34.246+0000] {processor.py:161} INFO - Started process (PID=13355) to work on /home/airflow/.local/lib/python3.12/site-packages/airflow/example_dags/example_short_circuit_operator.py
[2025-11-25T16:45:34.247+0000] {processor.py:830} INFO - Processing file /home/airflow/.local/lib/python3.12/site-packages/airflow/example_dags/example_short_circuit_operator.py for tasks to queue
[2025-11-25T16:45:34.247+0000] {logging_mixin.py:188} INFO - [2025-11-25T16:45:34.247+0000] {dagbag.py:545} INFO - Filling up the DagBag from /home/airflow/.local/lib/python3.12/site-packages/airflow/example_dags/example_short_circuit_operator.py
[2025-11-25T16:45:34.250+0000] {processor.py:840} INFO - DAG(s) 'example_short_circuit_operator' retrieved from /home/airflow/.local/lib/python3.12/site-packages/airflow/example_dags/example_short_circuit_operator.py
[2025-11-25T16:45:34.258+0000] {logging_mixin.py:188} INFO - [2025-11-25T16:45:34.258+0000] {dag.py:3096} INFO - Sync 1 DAGs
[2025-11-25T16:45:34.265+0000] {logging_mixin.py:188} INFO - [2025-11-25T16:45:34.264+0000] {dag.py:3954} INFO - Setting next_dagrun for example_short_circuit_operator to 2025-11-24 00:00:00+00:00, run_after=2025-11-25 00:00:00+00:00
[2025-11-25T16:45:34.270+0000] {processor.py:183} INFO - Processing /home/airflow/.local/lib/python3.12/site-packages/airflow/example_dags/example_short_circuit_operator.py took 0.026 seconds
[2025-11-25T16:46:07.101+0000] {processor.py:161} INFO - Started process (PID=13413) to work on /home/airflow/.local/lib/python3.12/site-packages/airflow/example_dags/example_short_circuit_operator.py
[2025-11-25T16:46:07.102+0000] {processor.py:830} INFO - Processing file /home/airflow/.local/lib/python3.12/site-packages/airflow/example_dags/example_short_circuit_operator.py for tasks to queue
[2025-11-25T16:46:07.104+0000] {logging_mixin.py:188} INFO - [2025-11-25T16:46:07.103+0000] {dagbag.py:545} INFO - Filling up the DagBag from /home/airflow/.local/lib/python3.12/site-packages/airflow/example_dags/example_short_circuit_operator.py
[2025-11-25T16:46:07.109+0000] {processor.py:840} INFO - DAG(s) 'example_short_circuit_operator' retrieved from /home/airflow/.local/lib/python3.12/site-packages/airflow/example_dags/example_short_circuit_operator.py
[2025-11-25T16:46:07.122+0000] {logging_mixin.py:188} INFO - [2025-11-25T16:46:07.121+0000] {dag.py:3096} INFO - Sync 1 DAGs
[2025-11-25T16:46:07.131+0000] {logging_mixin.py:188} INFO - [2025-11-25T16:46:07.130+0000] {dag.py:3954} INFO - Setting next_dagrun for example_short_circuit_operator to 2025-11-24 00:00:00+00:00, run_after=2025-11-25 00:00:00+00:00
[2025-11-25T16:46:07.146+0000] {processor.py:183} INFO - Processing /home/airflow/.local/lib/python3.12/site-packages/airflow/example_dags/example_short_circuit_operator.py took 0.047 seconds
[2025-11-25T16:46:38.599+0000] {processor.py:161} INFO - Started process (PID=13471) to work on /home/airflow/.local/lib/python3.12/site-packages/airflow/example_dags/example_short_circuit_operator.py
[2025-11-25T16:46:38.600+0000] {processor.py:830} INFO - Processing file /home/airflow/.local/lib/python3.12/site-packages/airflow/example_dags/example_short_circuit_operator.py for tasks to queue
[2025-11-25T16:46:38.602+0000] {logging_mixin.py:188} INFO - [2025-11-25T16:46:38.602+0000] {dagbag.py:545} INFO - Filling up the DagBag from /home/airflow/.local/lib/python3.12/site-packages/airflow/example_dags/example_short_circuit_operator.py
[2025-11-25T16:46:38.605+0000] {processor.py:840} INFO - DAG(s) 'example_short_circuit_operator' retrieved from /home/airflow/.local/lib/python3.12/site-packages/airflow/example_dags/example_short_circuit_operator.py
[2025-11-25T16:46:38.623+0000] {logging_mixin.py:188} INFO - [2025-11-25T16:46:38.622+0000] {dag.py:3096} INFO - Sync 1 DAGs
[2025-11-25T16:46:38.640+0000] {logging_mixin.py:188} INFO - [2025-11-25T16:46:38.640+0000] {dag.py:3954} INFO - Setting next_dagrun for example_short_circuit_operator to 2025-11-24 00:00:00+00:00, run_after=2025-11-25 00:00:00+00:00
[2025-11-25T16:46:38.656+0000] {processor.py:183} INFO - Processing /home/airflow/.local/lib/python3.12/site-packages/airflow/example_dags/example_short_circuit_operator.py took 0.060 seconds
[2025-11-25T16:47:09.462+0000] {processor.py:161} INFO - Started process (PID=13529) to work on /home/airflow/.local/lib/python3.12/site-packages/airflow/example_dags/example_short_circuit_operator.py
[2025-11-25T16:47:09.464+0000] {processor.py:830} INFO - Processing file /home/airflow/.local/lib/python3.12/site-packages/airflow/example_dags/example_short_circuit_operator.py for tasks to queue
[2025-11-25T16:47:09.465+0000] {logging_mixin.py:188} INFO - [2025-11-25T16:47:09.465+0000] {dagbag.py:545} INFO - Filling up the DagBag from /home/airflow/.local/lib/python3.12/site-packages/airflow/example_dags/example_short_circuit_operator.py
[2025-11-25T16:47:09.468+0000] {processor.py:840} INFO - DAG(s) 'example_short_circuit_operator' retrieved from /home/airflow/.local/lib/python3.12/site-packages/airflow/example_dags/example_short_circuit_operator.py
[2025-11-25T16:47:09.478+0000] {logging_mixin.py:188} INFO - [2025-11-25T16:47:09.478+0000] {dag.py:3096} INFO - Sync 1 DAGs
[2025-11-25T16:47:09.491+0000] {logging_mixin.py:188} INFO - [2025-11-25T16:47:09.491+0000] {dag.py:3954} INFO - Setting next_dagrun for example_short_circuit_operator to 2025-11-24 00:00:00+00:00, run_after=2025-11-25 00:00:00+00:00
[2025-11-25T16:47:09.503+0000] {processor.py:183} INFO - Processing /home/airflow/.local/lib/python3.12/site-packages/airflow/example_dags/example_short_circuit_operator.py took 0.044 seconds
[2025-11-25T16:47:40.405+0000] {processor.py:161} INFO - Started process (PID=13587) to work on /home/airflow/.local/lib/python3.12/site-packages/airflow/example_dags/example_short_circuit_operator.py
[2025-11-25T16:47:40.406+0000] {processor.py:830} INFO - Processing file /home/airflow/.local/lib/python3.12/site-packages/airflow/example_dags/example_short_circuit_operator.py for tasks to queue
[2025-11-25T16:47:40.407+0000] {logging_mixin.py:188} INFO - [2025-11-25T16:47:40.407+0000] {dagbag.py:545} INFO - Filling up the DagBag from /home/airflow/.local/lib/python3.12/site-packages/airflow/example_dags/example_short_circuit_operator.py
[2025-11-25T16:47:40.410+0000] {processor.py:840} INFO - DAG(s) 'example_short_circuit_operator' retrieved from /home/airflow/.local/lib/python3.12/site-packages/airflow/example_dags/example_short_circuit_operator.py
[2025-11-25T16:47:40.423+0000] {logging_mixin.py:188} INFO - [2025-11-25T16:47:40.423+0000] {dag.py:3096} INFO - Sync 1 DAGs
[2025-11-25T16:47:40.434+0000] {logging_mixin.py:188} INFO - [2025-11-25T16:47:40.434+0000] {dag.py:3954} INFO - Setting next_dagrun for example_short_circuit_operator to 2025-11-24 00:00:00+00:00, run_after=2025-11-25 00:00:00+00:00
[2025-11-25T16:47:40.444+0000] {processor.py:183} INFO - Processing /home/airflow/.local/lib/python3.12/site-packages/airflow/example_dags/example_short_circuit_operator.py took 0.041 seconds
[2025-11-25T16:48:11.124+0000] {processor.py:161} INFO - Started process (PID=13645) to work on /home/airflow/.local/lib/python3.12/site-packages/airflow/example_dags/example_short_circuit_operator.py
[2025-11-25T16:48:11.125+0000] {processor.py:830} INFO - Processing file /home/airflow/.local/lib/python3.12/site-packages/airflow/example_dags/example_short_circuit_operator.py for tasks to queue
[2025-11-25T16:48:11.126+0000] {logging_mixin.py:188} INFO - [2025-11-25T16:48:11.126+0000] {dagbag.py:545} INFO - Filling up the DagBag from /home/airflow/.local/lib/python3.12/site-packages/airflow/example_dags/example_short_circuit_operator.py
[2025-11-25T16:48:11.130+0000] {processor.py:840} INFO - DAG(s) 'example_short_circuit_operator' retrieved from /home/airflow/.local/lib/python3.12/site-packages/airflow/example_dags/example_short_circuit_operator.py
[2025-11-25T16:48:11.142+0000] {logging_mixin.py:188} INFO - [2025-11-25T16:48:11.142+0000] {dag.py:3096} INFO - Sync 1 DAGs
[2025-11-25T16:48:11.150+0000] {logging_mixin.py:188} INFO - [2025-11-25T16:48:11.150+0000] {dag.py:3954} INFO - Setting next_dagrun for example_short_circuit_operator to 2025-11-24 00:00:00+00:00, run_after=2025-11-25 00:00:00+00:00
[2025-11-25T16:48:11.159+0000] {processor.py:183} INFO - Processing /home/airflow/.local/lib/python3.12/site-packages/airflow/example_dags/example_short_circuit_operator.py took 0.038 seconds
[2025-11-25T16:48:42.230+0000] {processor.py:161} INFO - Started process (PID=13703) to work on /home/airflow/.local/lib/python3.12/site-packages/airflow/example_dags/example_short_circuit_operator.py
[2025-11-25T16:48:42.231+0000] {processor.py:830} INFO - Processing file /home/airflow/.local/lib/python3.12/site-packages/airflow/example_dags/example_short_circuit_operator.py for tasks to queue
[2025-11-25T16:48:42.234+0000] {logging_mixin.py:188} INFO - [2025-11-25T16:48:42.233+0000] {dagbag.py:545} INFO - Filling up the DagBag from /home/airflow/.local/lib/python3.12/site-packages/airflow/example_dags/example_short_circuit_operator.py
[2025-11-25T16:48:42.238+0000] {processor.py:840} INFO - DAG(s) 'example_short_circuit_operator' retrieved from /home/airflow/.local/lib/python3.12/site-packages/airflow/example_dags/example_short_circuit_operator.py
[2025-11-25T16:48:42.252+0000] {logging_mixin.py:188} INFO - [2025-11-25T16:48:42.252+0000] {dag.py:3096} INFO - Sync 1 DAGs
[2025-11-25T16:48:42.263+0000] {logging_mixin.py:188} INFO - [2025-11-25T16:48:42.262+0000] {dag.py:3954} INFO - Setting next_dagrun for example_short_circuit_operator to 2025-11-24 00:00:00+00:00, run_after=2025-11-25 00:00:00+00:00
[2025-11-25T16:48:42.280+0000] {processor.py:183} INFO - Processing /home/airflow/.local/lib/python3.12/site-packages/airflow/example_dags/example_short_circuit_operator.py took 0.053 seconds
[2025-11-25T16:49:13.098+0000] {processor.py:161} INFO - Started process (PID=13760) to work on /home/airflow/.local/lib/python3.12/site-packages/airflow/example_dags/example_short_circuit_operator.py
[2025-11-25T16:49:13.099+0000] {processor.py:830} INFO - Processing file /home/airflow/.local/lib/python3.12/site-packages/airflow/example_dags/example_short_circuit_operator.py for tasks to queue
[2025-11-25T16:49:13.100+0000] {logging_mixin.py:188} INFO - [2025-11-25T16:49:13.100+0000] {dagbag.py:545} INFO - Filling up the DagBag from /home/airflow/.local/lib/python3.12/site-packages/airflow/example_dags/example_short_circuit_operator.py
[2025-11-25T16:49:13.104+0000] {processor.py:840} INFO - DAG(s) 'example_short_circuit_operator' retrieved from /home/airflow/.local/lib/python3.12/site-packages/airflow/example_dags/example_short_circuit_operator.py
[2025-11-25T16:49:13.127+0000] {logging_mixin.py:188} INFO - [2025-11-25T16:49:13.127+0000] {dag.py:3096} INFO - Sync 1 DAGs
[2025-11-25T16:49:13.141+0000] {logging_mixin.py:188} INFO - [2025-11-25T16:49:13.141+0000] {dag.py:3954} INFO - Setting next_dagrun for example_short_circuit_operator to 2025-11-24 00:00:00+00:00, run_after=2025-11-25 00:00:00+00:00
[2025-11-25T16:49:13.154+0000] {processor.py:183} INFO - Processing /home/airflow/.local/lib/python3.12/site-packages/airflow/example_dags/example_short_circuit_operator.py took 0.060 seconds
[2025-11-25T16:49:43.373+0000] {processor.py:161} INFO - Started process (PID=13817) to work on /home/airflow/.local/lib/python3.12/site-packages/airflow/example_dags/example_short_circuit_operator.py
[2025-11-25T16:49:43.375+0000] {processor.py:830} INFO - Processing file /home/airflow/.local/lib/python3.12/site-packages/airflow/example_dags/example_short_circuit_operator.py for tasks to queue
[2025-11-25T16:49:43.377+0000] {logging_mixin.py:188} INFO - [2025-11-25T16:49:43.377+0000] {dagbag.py:545} INFO - Filling up the DagBag from /home/airflow/.local/lib/python3.12/site-packages/airflow/example_dags/example_short_circuit_operator.py
[2025-11-25T16:49:43.382+0000] {processor.py:840} INFO - DAG(s) 'example_short_circuit_operator' retrieved from /home/airflow/.local/lib/python3.12/site-packages/airflow/example_dags/example_short_circuit_operator.py
[2025-11-25T16:49:43.399+0000] {logging_mixin.py:188} INFO - [2025-11-25T16:49:43.398+0000] {dag.py:3096} INFO - Sync 1 DAGs
[2025-11-25T16:49:43.409+0000] {logging_mixin.py:188} INFO - [2025-11-25T16:49:43.409+0000] {dag.py:3954} INFO - Setting next_dagrun for example_short_circuit_operator to 2025-11-24 00:00:00+00:00, run_after=2025-11-25 00:00:00+00:00
[2025-11-25T16:49:43.416+0000] {processor.py:183} INFO - Processing /home/airflow/.local/lib/python3.12/site-packages/airflow/example_dags/example_short_circuit_operator.py took 0.047 seconds
[2025-11-25T16:50:13.911+0000] {processor.py:161} INFO - Started process (PID=13875) to work on /home/airflow/.local/lib/python3.12/site-packages/airflow/example_dags/example_short_circuit_operator.py
[2025-11-25T16:50:13.912+0000] {processor.py:830} INFO - Processing file /home/airflow/.local/lib/python3.12/site-packages/airflow/example_dags/example_short_circuit_operator.py for tasks to queue
[2025-11-25T16:50:13.916+0000] {logging_mixin.py:188} INFO - [2025-11-25T16:50:13.916+0000] {dagbag.py:545} INFO - Filling up the DagBag from /home/airflow/.local/lib/python3.12/site-packages/airflow/example_dags/example_short_circuit_operator.py
[2025-11-25T16:50:13.921+0000] {processor.py:840} INFO - DAG(s) 'example_short_circuit_operator' retrieved from /home/airflow/.local/lib/python3.12/site-packages/airflow/example_dags/example_short_circuit_operator.py
[2025-11-25T16:50:13.937+0000] {logging_mixin.py:188} INFO - [2025-11-25T16:50:13.937+0000] {dag.py:3096} INFO - Sync 1 DAGs
[2025-11-25T16:50:13.949+0000] {logging_mixin.py:188} INFO - [2025-11-25T16:50:13.949+0000] {dag.py:3954} INFO - Setting next_dagrun for example_short_circuit_operator to 2025-11-24 00:00:00+00:00, run_after=2025-11-25 00:00:00+00:00
[2025-11-25T16:50:13.965+0000] {processor.py:183} INFO - Processing /home/airflow/.local/lib/python3.12/site-packages/airflow/example_dags/example_short_circuit_operator.py took 0.060 seconds
[2025-11-25T16:50:44.977+0000] {processor.py:161} INFO - Started process (PID=13933) to work on /home/airflow/.local/lib/python3.12/site-packages/airflow/example_dags/example_short_circuit_operator.py
[2025-11-25T16:50:44.978+0000] {processor.py:830} INFO - Processing file /home/airflow/.local/lib/python3.12/site-packages/airflow/example_dags/example_short_circuit_operator.py for tasks to queue
[2025-11-25T16:50:44.978+0000] {logging_mixin.py:188} INFO - [2025-11-25T16:50:44.978+0000] {dagbag.py:545} INFO - Filling up the DagBag from /home/airflow/.local/lib/python3.12/site-packages/airflow/example_dags/example_short_circuit_operator.py
[2025-11-25T16:50:44.981+0000] {processor.py:840} INFO - DAG(s) 'example_short_circuit_operator' retrieved from /home/airflow/.local/lib/python3.12/site-packages/airflow/example_dags/example_short_circuit_operator.py
[2025-11-25T16:50:44.989+0000] {logging_mixin.py:188} INFO - [2025-11-25T16:50:44.989+0000] {dag.py:3096} INFO - Sync 1 DAGs
[2025-11-25T16:50:44.996+0000] {logging_mixin.py:188} INFO - [2025-11-25T16:50:44.996+0000] {dag.py:3954} INFO - Setting next_dagrun for example_short_circuit_operator to 2025-11-24 00:00:00+00:00, run_after=2025-11-25 00:00:00+00:00
[2025-11-25T16:50:45.002+0000] {processor.py:183} INFO - Processing /home/airflow/.local/lib/python3.12/site-packages/airflow/example_dags/example_short_circuit_operator.py took 0.027 seconds
[2025-11-25T16:51:15.101+0000] {processor.py:161} INFO - Started process (PID=13991) to work on /home/airflow/.local/lib/python3.12/site-packages/airflow/example_dags/example_short_circuit_operator.py
[2025-11-25T16:51:15.102+0000] {processor.py:830} INFO - Processing file /home/airflow/.local/lib/python3.12/site-packages/airflow/example_dags/example_short_circuit_operator.py for tasks to queue
[2025-11-25T16:51:15.103+0000] {logging_mixin.py:188} INFO - [2025-11-25T16:51:15.102+0000] {dagbag.py:545} INFO - Filling up the DagBag from /home/airflow/.local/lib/python3.12/site-packages/airflow/example_dags/example_short_circuit_operator.py
[2025-11-25T16:51:15.106+0000] {processor.py:840} INFO - DAG(s) 'example_short_circuit_operator' retrieved from /home/airflow/.local/lib/python3.12/site-packages/airflow/example_dags/example_short_circuit_operator.py
[2025-11-25T16:51:15.117+0000] {logging_mixin.py:188} INFO - [2025-11-25T16:51:15.117+0000] {dag.py:3096} INFO - Sync 1 DAGs
[2025-11-25T16:51:15.133+0000] {logging_mixin.py:188} INFO - [2025-11-25T16:51:15.133+0000] {dag.py:3954} INFO - Setting next_dagrun for example_short_circuit_operator to 2025-11-24 00:00:00+00:00, run_after=2025-11-25 00:00:00+00:00
[2025-11-25T16:51:15.144+0000] {processor.py:183} INFO - Processing /home/airflow/.local/lib/python3.12/site-packages/airflow/example_dags/example_short_circuit_operator.py took 0.047 seconds
[2025-11-25T16:51:45.217+0000] {processor.py:161} INFO - Started process (PID=14049) to work on /home/airflow/.local/lib/python3.12/site-packages/airflow/example_dags/example_short_circuit_operator.py
[2025-11-25T16:51:45.221+0000] {processor.py:830} INFO - Processing file /home/airflow/.local/lib/python3.12/site-packages/airflow/example_dags/example_short_circuit_operator.py for tasks to queue
[2025-11-25T16:51:45.222+0000] {logging_mixin.py:188} INFO - [2025-11-25T16:51:45.222+0000] {dagbag.py:545} INFO - Filling up the DagBag from /home/airflow/.local/lib/python3.12/site-packages/airflow/example_dags/example_short_circuit_operator.py
[2025-11-25T16:51:45.226+0000] {processor.py:840} INFO - DAG(s) 'example_short_circuit_operator' retrieved from /home/airflow/.local/lib/python3.12/site-packages/airflow/example_dags/example_short_circuit_operator.py
[2025-11-25T16:51:45.241+0000] {logging_mixin.py:188} INFO - [2025-11-25T16:51:45.241+0000] {dag.py:3096} INFO - Sync 1 DAGs
[2025-11-25T16:51:45.250+0000] {logging_mixin.py:188} INFO - [2025-11-25T16:51:45.250+0000] {dag.py:3954} INFO - Setting next_dagrun for example_short_circuit_operator to 2025-11-24 00:00:00+00:00, run_after=2025-11-25 00:00:00+00:00
[2025-11-25T16:51:45.256+0000] {processor.py:183} INFO - Processing /home/airflow/.local/lib/python3.12/site-packages/airflow/example_dags/example_short_circuit_operator.py took 0.041 seconds
[2025-11-25T16:52:16.263+0000] {processor.py:161} INFO - Started process (PID=14107) to work on /home/airflow/.local/lib/python3.12/site-packages/airflow/example_dags/example_short_circuit_operator.py
[2025-11-25T16:52:16.264+0000] {processor.py:830} INFO - Processing file /home/airflow/.local/lib/python3.12/site-packages/airflow/example_dags/example_short_circuit_operator.py for tasks to queue
[2025-11-25T16:52:16.265+0000] {logging_mixin.py:188} INFO - [2025-11-25T16:52:16.265+0000] {dagbag.py:545} INFO - Filling up the DagBag from /home/airflow/.local/lib/python3.12/site-packages/airflow/example_dags/example_short_circuit_operator.py
[2025-11-25T16:52:16.269+0000] {processor.py:840} INFO - DAG(s) 'example_short_circuit_operator' retrieved from /home/airflow/.local/lib/python3.12/site-packages/airflow/example_dags/example_short_circuit_operator.py
[2025-11-25T16:52:16.283+0000] {logging_mixin.py:188} INFO - [2025-11-25T16:52:16.283+0000] {dag.py:3096} INFO - Sync 1 DAGs
[2025-11-25T16:52:16.294+0000] {logging_mixin.py:188} INFO - [2025-11-25T16:52:16.294+0000] {dag.py:3954} INFO - Setting next_dagrun for example_short_circuit_operator to 2025-11-24 00:00:00+00:00, run_after=2025-11-25 00:00:00+00:00
[2025-11-25T16:52:16.307+0000] {processor.py:183} INFO - Processing /home/airflow/.local/lib/python3.12/site-packages/airflow/example_dags/example_short_circuit_operator.py took 0.047 seconds
[2025-11-25T16:52:47.371+0000] {processor.py:161} INFO - Started process (PID=14165) to work on /home/airflow/.local/lib/python3.12/site-packages/airflow/example_dags/example_short_circuit_operator.py
[2025-11-25T16:52:47.372+0000] {processor.py:830} INFO - Processing file /home/airflow/.local/lib/python3.12/site-packages/airflow/example_dags/example_short_circuit_operator.py for tasks to queue
[2025-11-25T16:52:47.373+0000] {logging_mixin.py:188} INFO - [2025-11-25T16:52:47.373+0000] {dagbag.py:545} INFO - Filling up the DagBag from /home/airflow/.local/lib/python3.12/site-packages/airflow/example_dags/example_short_circuit_operator.py
[2025-11-25T16:52:47.376+0000] {processor.py:840} INFO - DAG(s) 'example_short_circuit_operator' retrieved from /home/airflow/.local/lib/python3.12/site-packages/airflow/example_dags/example_short_circuit_operator.py
[2025-11-25T16:52:47.385+0000] {logging_mixin.py:188} INFO - [2025-11-25T16:52:47.385+0000] {dag.py:3096} INFO - Sync 1 DAGs
[2025-11-25T16:52:47.396+0000] {logging_mixin.py:188} INFO - [2025-11-25T16:52:47.396+0000] {dag.py:3954} INFO - Setting next_dagrun for example_short_circuit_operator to 2025-11-24 00:00:00+00:00, run_after=2025-11-25 00:00:00+00:00
[2025-11-25T16:52:47.408+0000] {processor.py:183} INFO - Processing /home/airflow/.local/lib/python3.12/site-packages/airflow/example_dags/example_short_circuit_operator.py took 0.040 seconds
[2025-11-25T16:53:18.519+0000] {processor.py:161} INFO - Started process (PID=14223) to work on /home/airflow/.local/lib/python3.12/site-packages/airflow/example_dags/example_short_circuit_operator.py
[2025-11-25T16:53:18.520+0000] {processor.py:830} INFO - Processing file /home/airflow/.local/lib/python3.12/site-packages/airflow/example_dags/example_short_circuit_operator.py for tasks to queue
[2025-11-25T16:53:18.521+0000] {logging_mixin.py:188} INFO - [2025-11-25T16:53:18.521+0000] {dagbag.py:545} INFO - Filling up the DagBag from /home/airflow/.local/lib/python3.12/site-packages/airflow/example_dags/example_short_circuit_operator.py
[2025-11-25T16:53:18.524+0000] {processor.py:840} INFO - DAG(s) 'example_short_circuit_operator' retrieved from /home/airflow/.local/lib/python3.12/site-packages/airflow/example_dags/example_short_circuit_operator.py
[2025-11-25T16:53:18.540+0000] {logging_mixin.py:188} INFO - [2025-11-25T16:53:18.540+0000] {dag.py:3096} INFO - Sync 1 DAGs
[2025-11-25T16:53:18.548+0000] {logging_mixin.py:188} INFO - [2025-11-25T16:53:18.548+0000] {dag.py:3954} INFO - Setting next_dagrun for example_short_circuit_operator to 2025-11-24 00:00:00+00:00, run_after=2025-11-25 00:00:00+00:00
[2025-11-25T16:53:18.561+0000] {processor.py:183} INFO - Processing /home/airflow/.local/lib/python3.12/site-packages/airflow/example_dags/example_short_circuit_operator.py took 0.045 seconds
[2025-11-25T16:53:48.780+0000] {processor.py:161} INFO - Started process (PID=14281) to work on /home/airflow/.local/lib/python3.12/site-packages/airflow/example_dags/example_short_circuit_operator.py
[2025-11-25T16:53:48.780+0000] {processor.py:830} INFO - Processing file /home/airflow/.local/lib/python3.12/site-packages/airflow/example_dags/example_short_circuit_operator.py for tasks to queue
[2025-11-25T16:53:48.781+0000] {logging_mixin.py:188} INFO - [2025-11-25T16:53:48.781+0000] {dagbag.py:545} INFO - Filling up the DagBag from /home/airflow/.local/lib/python3.12/site-packages/airflow/example_dags/example_short_circuit_operator.py
[2025-11-25T16:53:48.784+0000] {processor.py:840} INFO - DAG(s) 'example_short_circuit_operator' retrieved from /home/airflow/.local/lib/python3.12/site-packages/airflow/example_dags/example_short_circuit_operator.py
[2025-11-25T16:53:48.795+0000] {logging_mixin.py:188} INFO - [2025-11-25T16:53:48.795+0000] {dag.py:3096} INFO - Sync 1 DAGs
[2025-11-25T16:53:48.804+0000] {logging_mixin.py:188} INFO - [2025-11-25T16:53:48.803+0000] {dag.py:3954} INFO - Setting next_dagrun for example_short_circuit_operator to 2025-11-24 00:00:00+00:00, run_after=2025-11-25 00:00:00+00:00
[2025-11-25T16:53:48.813+0000] {processor.py:183} INFO - Processing /home/airflow/.local/lib/python3.12/site-packages/airflow/example_dags/example_short_circuit_operator.py took 0.035 seconds
[2025-11-25T16:54:19.049+0000] {processor.py:161} INFO - Started process (PID=14339) to work on /home/airflow/.local/lib/python3.12/site-packages/airflow/example_dags/example_short_circuit_operator.py
[2025-11-25T16:54:19.050+0000] {processor.py:830} INFO - Processing file /home/airflow/.local/lib/python3.12/site-packages/airflow/example_dags/example_short_circuit_operator.py for tasks to queue
[2025-11-25T16:54:19.051+0000] {logging_mixin.py:188} INFO - [2025-11-25T16:54:19.050+0000] {dagbag.py:545} INFO - Filling up the DagBag from /home/airflow/.local/lib/python3.12/site-packages/airflow/example_dags/example_short_circuit_operator.py
[2025-11-25T16:54:19.055+0000] {processor.py:840} INFO - DAG(s) 'example_short_circuit_operator' retrieved from /home/airflow/.local/lib/python3.12/site-packages/airflow/example_dags/example_short_circuit_operator.py
[2025-11-25T16:54:19.064+0000] {logging_mixin.py:188} INFO - [2025-11-25T16:54:19.064+0000] {dag.py:3096} INFO - Sync 1 DAGs
[2025-11-25T16:54:19.072+0000] {logging_mixin.py:188} INFO - [2025-11-25T16:54:19.072+0000] {dag.py:3954} INFO - Setting next_dagrun for example_short_circuit_operator to 2025-11-24 00:00:00+00:00, run_after=2025-11-25 00:00:00+00:00
[2025-11-25T16:54:19.080+0000] {processor.py:183} INFO - Processing /home/airflow/.local/lib/python3.12/site-packages/airflow/example_dags/example_short_circuit_operator.py took 0.033 seconds
[2025-11-25T16:54:49.748+0000] {processor.py:161} INFO - Started process (PID=14403) to work on /home/airflow/.local/lib/python3.12/site-packages/airflow/example_dags/example_short_circuit_operator.py
[2025-11-25T16:54:49.755+0000] {processor.py:830} INFO - Processing file /home/airflow/.local/lib/python3.12/site-packages/airflow/example_dags/example_short_circuit_operator.py for tasks to queue
[2025-11-25T16:54:49.758+0000] {logging_mixin.py:188} INFO - [2025-11-25T16:54:49.757+0000] {dagbag.py:545} INFO - Filling up the DagBag from /home/airflow/.local/lib/python3.12/site-packages/airflow/example_dags/example_short_circuit_operator.py
[2025-11-25T16:54:49.765+0000] {processor.py:840} INFO - DAG(s) 'example_short_circuit_operator' retrieved from /home/airflow/.local/lib/python3.12/site-packages/airflow/example_dags/example_short_circuit_operator.py
[2025-11-25T16:54:49.846+0000] {logging_mixin.py:188} INFO - [2025-11-25T16:54:49.846+0000] {dag.py:3096} INFO - Sync 1 DAGs
[2025-11-25T16:54:49.904+0000] {logging_mixin.py:188} INFO - [2025-11-25T16:54:49.904+0000] {dag.py:3954} INFO - Setting next_dagrun for example_short_circuit_operator to 2025-11-24 00:00:00+00:00, run_after=2025-11-25 00:00:00+00:00
[2025-11-25T16:54:49.923+0000] {processor.py:183} INFO - Processing /home/airflow/.local/lib/python3.12/site-packages/airflow/example_dags/example_short_circuit_operator.py took 0.179 seconds
[2025-11-25T16:55:20.687+0000] {processor.py:161} INFO - Started process (PID=14461) to work on /home/airflow/.local/lib/python3.12/site-packages/airflow/example_dags/example_short_circuit_operator.py
[2025-11-25T16:55:20.690+0000] {processor.py:830} INFO - Processing file /home/airflow/.local/lib/python3.12/site-packages/airflow/example_dags/example_short_circuit_operator.py for tasks to queue
[2025-11-25T16:55:20.691+0000] {logging_mixin.py:188} INFO - [2025-11-25T16:55:20.691+0000] {dagbag.py:545} INFO - Filling up the DagBag from /home/airflow/.local/lib/python3.12/site-packages/airflow/example_dags/example_short_circuit_operator.py
[2025-11-25T16:55:20.694+0000] {processor.py:840} INFO - DAG(s) 'example_short_circuit_operator' retrieved from /home/airflow/.local/lib/python3.12/site-packages/airflow/example_dags/example_short_circuit_operator.py
[2025-11-25T16:55:20.708+0000] {logging_mixin.py:188} INFO - [2025-11-25T16:55:20.708+0000] {dag.py:3096} INFO - Sync 1 DAGs
[2025-11-25T16:55:20.718+0000] {logging_mixin.py:188} INFO - [2025-11-25T16:55:20.718+0000] {dag.py:3954} INFO - Setting next_dagrun for example_short_circuit_operator to 2025-11-24 00:00:00+00:00, run_after=2025-11-25 00:00:00+00:00
[2025-11-25T16:55:20.730+0000] {processor.py:183} INFO - Processing /home/airflow/.local/lib/python3.12/site-packages/airflow/example_dags/example_short_circuit_operator.py took 0.046 seconds
[2025-11-25T16:55:50.897+0000] {processor.py:161} INFO - Started process (PID=14519) to work on /home/airflow/.local/lib/python3.12/site-packages/airflow/example_dags/example_short_circuit_operator.py
[2025-11-25T16:55:50.898+0000] {processor.py:830} INFO - Processing file /home/airflow/.local/lib/python3.12/site-packages/airflow/example_dags/example_short_circuit_operator.py for tasks to queue
[2025-11-25T16:55:50.899+0000] {logging_mixin.py:188} INFO - [2025-11-25T16:55:50.898+0000] {dagbag.py:545} INFO - Filling up the DagBag from /home/airflow/.local/lib/python3.12/site-packages/airflow/example_dags/example_short_circuit_operator.py
[2025-11-25T16:55:50.902+0000] {processor.py:840} INFO - DAG(s) 'example_short_circuit_operator' retrieved from /home/airflow/.local/lib/python3.12/site-packages/airflow/example_dags/example_short_circuit_operator.py
[2025-11-25T16:55:50.919+0000] {logging_mixin.py:188} INFO - [2025-11-25T16:55:50.919+0000] {dag.py:3096} INFO - Sync 1 DAGs
[2025-11-25T16:55:50.931+0000] {logging_mixin.py:188} INFO - [2025-11-25T16:55:50.931+0000] {dag.py:3954} INFO - Setting next_dagrun for example_short_circuit_operator to 2025-11-24 00:00:00+00:00, run_after=2025-11-25 00:00:00+00:00
[2025-11-25T16:55:50.938+0000] {processor.py:183} INFO - Processing /home/airflow/.local/lib/python3.12/site-packages/airflow/example_dags/example_short_circuit_operator.py took 0.044 seconds
[2025-11-25T16:56:21.232+0000] {processor.py:161} INFO - Started process (PID=14577) to work on /home/airflow/.local/lib/python3.12/site-packages/airflow/example_dags/example_short_circuit_operator.py
[2025-11-25T16:56:21.233+0000] {processor.py:830} INFO - Processing file /home/airflow/.local/lib/python3.12/site-packages/airflow/example_dags/example_short_circuit_operator.py for tasks to queue
[2025-11-25T16:56:21.233+0000] {logging_mixin.py:188} INFO - [2025-11-25T16:56:21.233+0000] {dagbag.py:545} INFO - Filling up the DagBag from /home/airflow/.local/lib/python3.12/site-packages/airflow/example_dags/example_short_circuit_operator.py
[2025-11-25T16:56:21.237+0000] {processor.py:840} INFO - DAG(s) 'example_short_circuit_operator' retrieved from /home/airflow/.local/lib/python3.12/site-packages/airflow/example_dags/example_short_circuit_operator.py
[2025-11-25T16:56:21.248+0000] {logging_mixin.py:188} INFO - [2025-11-25T16:56:21.248+0000] {dag.py:3096} INFO - Sync 1 DAGs
[2025-11-25T16:56:21.259+0000] {logging_mixin.py:188} INFO - [2025-11-25T16:56:21.259+0000] {dag.py:3954} INFO - Setting next_dagrun for example_short_circuit_operator to 2025-11-24 00:00:00+00:00, run_after=2025-11-25 00:00:00+00:00
[2025-11-25T16:56:21.268+0000] {processor.py:183} INFO - Processing /home/airflow/.local/lib/python3.12/site-packages/airflow/example_dags/example_short_circuit_operator.py took 0.039 seconds
[2025-11-25T16:56:51.470+0000] {processor.py:161} INFO - Started process (PID=14635) to work on /home/airflow/.local/lib/python3.12/site-packages/airflow/example_dags/example_short_circuit_operator.py
[2025-11-25T16:56:51.471+0000] {processor.py:830} INFO - Processing file /home/airflow/.local/lib/python3.12/site-packages/airflow/example_dags/example_short_circuit_operator.py for tasks to queue
[2025-11-25T16:56:51.471+0000] {logging_mixin.py:188} INFO - [2025-11-25T16:56:51.471+0000] {dagbag.py:545} INFO - Filling up the DagBag from /home/airflow/.local/lib/python3.12/site-packages/airflow/example_dags/example_short_circuit_operator.py
[2025-11-25T16:56:51.475+0000] {processor.py:840} INFO - DAG(s) 'example_short_circuit_operator' retrieved from /home/airflow/.local/lib/python3.12/site-packages/airflow/example_dags/example_short_circuit_operator.py
[2025-11-25T16:56:51.488+0000] {logging_mixin.py:188} INFO - [2025-11-25T16:56:51.488+0000] {dag.py:3096} INFO - Sync 1 DAGs
[2025-11-25T16:56:51.503+0000] {logging_mixin.py:188} INFO - [2025-11-25T16:56:51.503+0000] {dag.py:3954} INFO - Setting next_dagrun for example_short_circuit_operator to 2025-11-24 00:00:00+00:00, run_after=2025-11-25 00:00:00+00:00
[2025-11-25T16:56:51.515+0000] {processor.py:183} INFO - Processing /home/airflow/.local/lib/python3.12/site-packages/airflow/example_dags/example_short_circuit_operator.py took 0.049 seconds
[2025-11-25T16:57:21.915+0000] {processor.py:161} INFO - Started process (PID=14693) to work on /home/airflow/.local/lib/python3.12/site-packages/airflow/example_dags/example_short_circuit_operator.py
[2025-11-25T16:57:21.916+0000] {processor.py:830} INFO - Processing file /home/airflow/.local/lib/python3.12/site-packages/airflow/example_dags/example_short_circuit_operator.py for tasks to queue
[2025-11-25T16:57:21.917+0000] {logging_mixin.py:188} INFO - [2025-11-25T16:57:21.917+0000] {dagbag.py:545} INFO - Filling up the DagBag from /home/airflow/.local/lib/python3.12/site-packages/airflow/example_dags/example_short_circuit_operator.py
[2025-11-25T16:57:21.922+0000] {processor.py:840} INFO - DAG(s) 'example_short_circuit_operator' retrieved from /home/airflow/.local/lib/python3.12/site-packages/airflow/example_dags/example_short_circuit_operator.py
[2025-11-25T16:57:21.934+0000] {logging_mixin.py:188} INFO - [2025-11-25T16:57:21.934+0000] {dag.py:3096} INFO - Sync 1 DAGs
[2025-11-25T16:57:21.943+0000] {logging_mixin.py:188} INFO - [2025-11-25T16:57:21.943+0000] {dag.py:3954} INFO - Setting next_dagrun for example_short_circuit_operator to 2025-11-24 00:00:00+00:00, run_after=2025-11-25 00:00:00+00:00
[2025-11-25T16:57:21.953+0000] {processor.py:183} INFO - Processing /home/airflow/.local/lib/python3.12/site-packages/airflow/example_dags/example_short_circuit_operator.py took 0.040 seconds
[2025-11-25T16:57:52.918+0000] {processor.py:161} INFO - Started process (PID=14751) to work on /home/airflow/.local/lib/python3.12/site-packages/airflow/example_dags/example_short_circuit_operator.py
[2025-11-25T16:57:52.919+0000] {processor.py:830} INFO - Processing file /home/airflow/.local/lib/python3.12/site-packages/airflow/example_dags/example_short_circuit_operator.py for tasks to queue
[2025-11-25T16:57:52.920+0000] {logging_mixin.py:188} INFO - [2025-11-25T16:57:52.920+0000] {dagbag.py:545} INFO - Filling up the DagBag from /home/airflow/.local/lib/python3.12/site-packages/airflow/example_dags/example_short_circuit_operator.py
[2025-11-25T16:57:52.924+0000] {processor.py:840} INFO - DAG(s) 'example_short_circuit_operator' retrieved from /home/airflow/.local/lib/python3.12/site-packages/airflow/example_dags/example_short_circuit_operator.py
[2025-11-25T16:57:52.940+0000] {logging_mixin.py:188} INFO - [2025-11-25T16:57:52.940+0000] {dag.py:3096} INFO - Sync 1 DAGs
[2025-11-25T16:57:52.951+0000] {logging_mixin.py:188} INFO - [2025-11-25T16:57:52.951+0000] {dag.py:3954} INFO - Setting next_dagrun for example_short_circuit_operator to 2025-11-24 00:00:00+00:00, run_after=2025-11-25 00:00:00+00:00
[2025-11-25T16:57:52.957+0000] {processor.py:183} INFO - Processing /home/airflow/.local/lib/python3.12/site-packages/airflow/example_dags/example_short_circuit_operator.py took 0.042 seconds
[2025-11-25T16:58:24.034+0000] {processor.py:161} INFO - Started process (PID=14809) to work on /home/airflow/.local/lib/python3.12/site-packages/airflow/example_dags/example_short_circuit_operator.py
[2025-11-25T16:58:24.034+0000] {processor.py:830} INFO - Processing file /home/airflow/.local/lib/python3.12/site-packages/airflow/example_dags/example_short_circuit_operator.py for tasks to queue
[2025-11-25T16:58:24.035+0000] {logging_mixin.py:188} INFO - [2025-11-25T16:58:24.035+0000] {dagbag.py:545} INFO - Filling up the DagBag from /home/airflow/.local/lib/python3.12/site-packages/airflow/example_dags/example_short_circuit_operator.py
[2025-11-25T16:58:24.038+0000] {processor.py:840} INFO - DAG(s) 'example_short_circuit_operator' retrieved from /home/airflow/.local/lib/python3.12/site-packages/airflow/example_dags/example_short_circuit_operator.py
[2025-11-25T16:58:24.048+0000] {logging_mixin.py:188} INFO - [2025-11-25T16:58:24.048+0000] {dag.py:3096} INFO - Sync 1 DAGs
[2025-11-25T16:58:24.056+0000] {logging_mixin.py:188} INFO - [2025-11-25T16:58:24.056+0000] {dag.py:3954} INFO - Setting next_dagrun for example_short_circuit_operator to 2025-11-24 00:00:00+00:00, run_after=2025-11-25 00:00:00+00:00
[2025-11-25T16:58:24.065+0000] {processor.py:183} INFO - Processing /home/airflow/.local/lib/python3.12/site-packages/airflow/example_dags/example_short_circuit_operator.py took 0.034 seconds
[2025-11-25T16:58:54.376+0000] {processor.py:161} INFO - Started process (PID=14867) to work on /home/airflow/.local/lib/python3.12/site-packages/airflow/example_dags/example_short_circuit_operator.py
[2025-11-25T16:58:54.377+0000] {processor.py:830} INFO - Processing file /home/airflow/.local/lib/python3.12/site-packages/airflow/example_dags/example_short_circuit_operator.py for tasks to queue
[2025-11-25T16:58:54.379+0000] {logging_mixin.py:188} INFO - [2025-11-25T16:58:54.378+0000] {dagbag.py:545} INFO - Filling up the DagBag from /home/airflow/.local/lib/python3.12/site-packages/airflow/example_dags/example_short_circuit_operator.py
[2025-11-25T16:58:54.383+0000] {processor.py:840} INFO - DAG(s) 'example_short_circuit_operator' retrieved from /home/airflow/.local/lib/python3.12/site-packages/airflow/example_dags/example_short_circuit_operator.py
[2025-11-25T16:58:54.392+0000] {logging_mixin.py:188} INFO - [2025-11-25T16:58:54.392+0000] {dag.py:3096} INFO - Sync 1 DAGs
[2025-11-25T16:58:54.406+0000] {logging_mixin.py:188} INFO - [2025-11-25T16:58:54.406+0000] {dag.py:3954} INFO - Setting next_dagrun for example_short_circuit_operator to 2025-11-24 00:00:00+00:00, run_after=2025-11-25 00:00:00+00:00
[2025-11-25T16:58:54.418+0000] {processor.py:183} INFO - Processing /home/airflow/.local/lib/python3.12/site-packages/airflow/example_dags/example_short_circuit_operator.py took 0.045 seconds
[2025-11-25T16:59:24.618+0000] {processor.py:161} INFO - Started process (PID=14925) to work on /home/airflow/.local/lib/python3.12/site-packages/airflow/example_dags/example_short_circuit_operator.py
[2025-11-25T16:59:24.620+0000] {processor.py:830} INFO - Processing file /home/airflow/.local/lib/python3.12/site-packages/airflow/example_dags/example_short_circuit_operator.py for tasks to queue
[2025-11-25T16:59:24.622+0000] {logging_mixin.py:188} INFO - [2025-11-25T16:59:24.621+0000] {dagbag.py:545} INFO - Filling up the DagBag from /home/airflow/.local/lib/python3.12/site-packages/airflow/example_dags/example_short_circuit_operator.py
[2025-11-25T16:59:24.625+0000] {processor.py:840} INFO - DAG(s) 'example_short_circuit_operator' retrieved from /home/airflow/.local/lib/python3.12/site-packages/airflow/example_dags/example_short_circuit_operator.py
[2025-11-25T16:59:24.638+0000] {logging_mixin.py:188} INFO - [2025-11-25T16:59:24.638+0000] {dag.py:3096} INFO - Sync 1 DAGs
[2025-11-25T16:59:24.648+0000] {logging_mixin.py:188} INFO - [2025-11-25T16:59:24.648+0000] {dag.py:3954} INFO - Setting next_dagrun for example_short_circuit_operator to 2025-11-24 00:00:00+00:00, run_after=2025-11-25 00:00:00+00:00
[2025-11-25T16:59:24.665+0000] {processor.py:183} INFO - Processing /home/airflow/.local/lib/python3.12/site-packages/airflow/example_dags/example_short_circuit_operator.py took 0.050 seconds
[2025-11-25T16:59:54.984+0000] {processor.py:161} INFO - Started process (PID=14983) to work on /home/airflow/.local/lib/python3.12/site-packages/airflow/example_dags/example_short_circuit_operator.py
[2025-11-25T16:59:54.988+0000] {processor.py:830} INFO - Processing file /home/airflow/.local/lib/python3.12/site-packages/airflow/example_dags/example_short_circuit_operator.py for tasks to queue
[2025-11-25T16:59:54.990+0000] {logging_mixin.py:188} INFO - [2025-11-25T16:59:54.989+0000] {dagbag.py:545} INFO - Filling up the DagBag from /home/airflow/.local/lib/python3.12/site-packages/airflow/example_dags/example_short_circuit_operator.py
[2025-11-25T16:59:54.995+0000] {processor.py:840} INFO - DAG(s) 'example_short_circuit_operator' retrieved from /home/airflow/.local/lib/python3.12/site-packages/airflow/example_dags/example_short_circuit_operator.py
[2025-11-25T16:59:55.009+0000] {logging_mixin.py:188} INFO - [2025-11-25T16:59:55.009+0000] {dag.py:3096} INFO - Sync 1 DAGs
[2025-11-25T16:59:55.018+0000] {logging_mixin.py:188} INFO - [2025-11-25T16:59:55.018+0000] {dag.py:3954} INFO - Setting next_dagrun for example_short_circuit_operator to 2025-11-24 00:00:00+00:00, run_after=2025-11-25 00:00:00+00:00
[2025-11-25T16:59:55.028+0000] {processor.py:183} INFO - Processing /home/airflow/.local/lib/python3.12/site-packages/airflow/example_dags/example_short_circuit_operator.py took 0.047 seconds
[2025-11-25T17:00:25.318+0000] {processor.py:161} INFO - Started process (PID=15041) to work on /home/airflow/.local/lib/python3.12/site-packages/airflow/example_dags/example_short_circuit_operator.py
[2025-11-25T17:00:25.322+0000] {processor.py:830} INFO - Processing file /home/airflow/.local/lib/python3.12/site-packages/airflow/example_dags/example_short_circuit_operator.py for tasks to queue
[2025-11-25T17:00:25.322+0000] {logging_mixin.py:188} INFO - [2025-11-25T17:00:25.322+0000] {dagbag.py:545} INFO - Filling up the DagBag from /home/airflow/.local/lib/python3.12/site-packages/airflow/example_dags/example_short_circuit_operator.py
[2025-11-25T17:00:25.326+0000] {processor.py:840} INFO - DAG(s) 'example_short_circuit_operator' retrieved from /home/airflow/.local/lib/python3.12/site-packages/airflow/example_dags/example_short_circuit_operator.py
[2025-11-25T17:00:25.335+0000] {logging_mixin.py:188} INFO - [2025-11-25T17:00:25.335+0000] {dag.py:3096} INFO - Sync 1 DAGs
[2025-11-25T17:00:25.345+0000] {logging_mixin.py:188} INFO - [2025-11-25T17:00:25.345+0000] {dag.py:3954} INFO - Setting next_dagrun for example_short_circuit_operator to 2025-11-24 00:00:00+00:00, run_after=2025-11-25 00:00:00+00:00
[2025-11-25T17:00:25.356+0000] {processor.py:183} INFO - Processing /home/airflow/.local/lib/python3.12/site-packages/airflow/example_dags/example_short_circuit_operator.py took 0.041 seconds
[2025-11-25T17:00:56.183+0000] {processor.py:161} INFO - Started process (PID=15099) to work on /home/airflow/.local/lib/python3.12/site-packages/airflow/example_dags/example_short_circuit_operator.py
[2025-11-25T17:00:56.183+0000] {processor.py:830} INFO - Processing file /home/airflow/.local/lib/python3.12/site-packages/airflow/example_dags/example_short_circuit_operator.py for tasks to queue
[2025-11-25T17:00:56.184+0000] {logging_mixin.py:188} INFO - [2025-11-25T17:00:56.184+0000] {dagbag.py:545} INFO - Filling up the DagBag from /home/airflow/.local/lib/python3.12/site-packages/airflow/example_dags/example_short_circuit_operator.py
[2025-11-25T17:00:56.187+0000] {processor.py:840} INFO - DAG(s) 'example_short_circuit_operator' retrieved from /home/airflow/.local/lib/python3.12/site-packages/airflow/example_dags/example_short_circuit_operator.py
[2025-11-25T17:00:56.195+0000] {logging_mixin.py:188} INFO - [2025-11-25T17:00:56.195+0000] {dag.py:3096} INFO - Sync 1 DAGs
[2025-11-25T17:00:56.206+0000] {logging_mixin.py:188} INFO - [2025-11-25T17:00:56.206+0000] {dag.py:3954} INFO - Setting next_dagrun for example_short_circuit_operator to 2025-11-24 00:00:00+00:00, run_after=2025-11-25 00:00:00+00:00
[2025-11-25T17:00:56.214+0000] {processor.py:183} INFO - Processing /home/airflow/.local/lib/python3.12/site-packages/airflow/example_dags/example_short_circuit_operator.py took 0.033 seconds
[2025-11-25T17:40:49.900+0000] {processor.py:161} INFO - Started process (PID=15148) to work on /home/airflow/.local/lib/python3.12/site-packages/airflow/example_dags/example_short_circuit_operator.py
[2025-11-25T17:40:49.901+0000] {processor.py:830} INFO - Processing file /home/airflow/.local/lib/python3.12/site-packages/airflow/example_dags/example_short_circuit_operator.py for tasks to queue
[2025-11-25T17:40:49.902+0000] {logging_mixin.py:188} INFO - [2025-11-25T17:40:49.902+0000] {dagbag.py:545} INFO - Filling up the DagBag from /home/airflow/.local/lib/python3.12/site-packages/airflow/example_dags/example_short_circuit_operator.py
[2025-11-25T17:40:49.905+0000] {processor.py:840} INFO - DAG(s) 'example_short_circuit_operator' retrieved from /home/airflow/.local/lib/python3.12/site-packages/airflow/example_dags/example_short_circuit_operator.py
[2025-11-25T17:40:49.916+0000] {logging_mixin.py:188} INFO - [2025-11-25T17:40:49.916+0000] {dag.py:3096} INFO - Sync 1 DAGs
[2025-11-25T17:40:49.924+0000] {logging_mixin.py:188} INFO - [2025-11-25T17:40:49.924+0000] {dag.py:3954} INFO - Setting next_dagrun for example_short_circuit_operator to 2025-11-24 00:00:00+00:00, run_after=2025-11-25 00:00:00+00:00
[2025-11-25T17:40:49.931+0000] {processor.py:183} INFO - Processing /home/airflow/.local/lib/python3.12/site-packages/airflow/example_dags/example_short_circuit_operator.py took 0.033 seconds
[2025-11-25T17:41:20.592+0000] {processor.py:161} INFO - Started process (PID=15206) to work on /home/airflow/.local/lib/python3.12/site-packages/airflow/example_dags/example_short_circuit_operator.py
[2025-11-25T17:41:20.593+0000] {processor.py:830} INFO - Processing file /home/airflow/.local/lib/python3.12/site-packages/airflow/example_dags/example_short_circuit_operator.py for tasks to queue
[2025-11-25T17:41:20.594+0000] {logging_mixin.py:188} INFO - [2025-11-25T17:41:20.594+0000] {dagbag.py:545} INFO - Filling up the DagBag from /home/airflow/.local/lib/python3.12/site-packages/airflow/example_dags/example_short_circuit_operator.py
[2025-11-25T17:41:20.597+0000] {processor.py:840} INFO - DAG(s) 'example_short_circuit_operator' retrieved from /home/airflow/.local/lib/python3.12/site-packages/airflow/example_dags/example_short_circuit_operator.py
[2025-11-25T17:41:20.608+0000] {logging_mixin.py:188} INFO - [2025-11-25T17:41:20.608+0000] {dag.py:3096} INFO - Sync 1 DAGs
[2025-11-25T17:41:20.616+0000] {logging_mixin.py:188} INFO - [2025-11-25T17:41:20.616+0000] {dag.py:3954} INFO - Setting next_dagrun for example_short_circuit_operator to 2025-11-24 00:00:00+00:00, run_after=2025-11-25 00:00:00+00:00
[2025-11-25T17:41:20.625+0000] {processor.py:183} INFO - Processing /home/airflow/.local/lib/python3.12/site-packages/airflow/example_dags/example_short_circuit_operator.py took 0.036 seconds
[2025-11-25T17:41:51.211+0000] {processor.py:161} INFO - Started process (PID=15264) to work on /home/airflow/.local/lib/python3.12/site-packages/airflow/example_dags/example_short_circuit_operator.py
[2025-11-25T17:41:51.212+0000] {processor.py:830} INFO - Processing file /home/airflow/.local/lib/python3.12/site-packages/airflow/example_dags/example_short_circuit_operator.py for tasks to queue
[2025-11-25T17:41:51.212+0000] {logging_mixin.py:188} INFO - [2025-11-25T17:41:51.212+0000] {dagbag.py:545} INFO - Filling up the DagBag from /home/airflow/.local/lib/python3.12/site-packages/airflow/example_dags/example_short_circuit_operator.py
[2025-11-25T17:41:51.216+0000] {processor.py:840} INFO - DAG(s) 'example_short_circuit_operator' retrieved from /home/airflow/.local/lib/python3.12/site-packages/airflow/example_dags/example_short_circuit_operator.py
[2025-11-25T17:41:51.227+0000] {logging_mixin.py:188} INFO - [2025-11-25T17:41:51.227+0000] {dag.py:3096} INFO - Sync 1 DAGs
[2025-11-25T17:41:51.235+0000] {logging_mixin.py:188} INFO - [2025-11-25T17:41:51.235+0000] {dag.py:3954} INFO - Setting next_dagrun for example_short_circuit_operator to 2025-11-24 00:00:00+00:00, run_after=2025-11-25 00:00:00+00:00
[2025-11-25T17:41:51.243+0000] {processor.py:183} INFO - Processing /home/airflow/.local/lib/python3.12/site-packages/airflow/example_dags/example_short_circuit_operator.py took 0.034 seconds
[2025-11-25T17:42:21.735+0000] {processor.py:161} INFO - Started process (PID=15328) to work on /home/airflow/.local/lib/python3.12/site-packages/airflow/example_dags/example_short_circuit_operator.py
[2025-11-25T17:42:21.736+0000] {processor.py:830} INFO - Processing file /home/airflow/.local/lib/python3.12/site-packages/airflow/example_dags/example_short_circuit_operator.py for tasks to queue
[2025-11-25T17:42:21.737+0000] {logging_mixin.py:188} INFO - [2025-11-25T17:42:21.737+0000] {dagbag.py:545} INFO - Filling up the DagBag from /home/airflow/.local/lib/python3.12/site-packages/airflow/example_dags/example_short_circuit_operator.py
[2025-11-25T17:42:21.741+0000] {processor.py:840} INFO - DAG(s) 'example_short_circuit_operator' retrieved from /home/airflow/.local/lib/python3.12/site-packages/airflow/example_dags/example_short_circuit_operator.py
[2025-11-25T17:42:21.752+0000] {logging_mixin.py:188} INFO - [2025-11-25T17:42:21.751+0000] {dag.py:3096} INFO - Sync 1 DAGs
[2025-11-25T17:42:21.759+0000] {logging_mixin.py:188} INFO - [2025-11-25T17:42:21.759+0000] {dag.py:3954} INFO - Setting next_dagrun for example_short_circuit_operator to 2025-11-24 00:00:00+00:00, run_after=2025-11-25 00:00:00+00:00
[2025-11-25T17:42:21.767+0000] {processor.py:183} INFO - Processing /home/airflow/.local/lib/python3.12/site-packages/airflow/example_dags/example_short_circuit_operator.py took 0.035 seconds
[2025-11-25T17:42:52.264+0000] {processor.py:161} INFO - Started process (PID=15386) to work on /home/airflow/.local/lib/python3.12/site-packages/airflow/example_dags/example_short_circuit_operator.py
[2025-11-25T17:42:52.267+0000] {processor.py:830} INFO - Processing file /home/airflow/.local/lib/python3.12/site-packages/airflow/example_dags/example_short_circuit_operator.py for tasks to queue
[2025-11-25T17:42:52.268+0000] {logging_mixin.py:188} INFO - [2025-11-25T17:42:52.268+0000] {dagbag.py:545} INFO - Filling up the DagBag from /home/airflow/.local/lib/python3.12/site-packages/airflow/example_dags/example_short_circuit_operator.py
[2025-11-25T17:42:52.271+0000] {processor.py:840} INFO - DAG(s) 'example_short_circuit_operator' retrieved from /home/airflow/.local/lib/python3.12/site-packages/airflow/example_dags/example_short_circuit_operator.py
[2025-11-25T17:42:52.284+0000] {logging_mixin.py:188} INFO - [2025-11-25T17:42:52.283+0000] {dag.py:3096} INFO - Sync 1 DAGs
[2025-11-25T17:42:52.292+0000] {logging_mixin.py:188} INFO - [2025-11-25T17:42:52.292+0000] {dag.py:3954} INFO - Setting next_dagrun for example_short_circuit_operator to 2025-11-24 00:00:00+00:00, run_after=2025-11-25 00:00:00+00:00
[2025-11-25T17:42:52.298+0000] {processor.py:183} INFO - Processing /home/airflow/.local/lib/python3.12/site-packages/airflow/example_dags/example_short_circuit_operator.py took 0.037 seconds
[2025-11-25T17:43:23.000+0000] {processor.py:161} INFO - Started process (PID=15444) to work on /home/airflow/.local/lib/python3.12/site-packages/airflow/example_dags/example_short_circuit_operator.py
[2025-11-25T17:43:23.001+0000] {processor.py:830} INFO - Processing file /home/airflow/.local/lib/python3.12/site-packages/airflow/example_dags/example_short_circuit_operator.py for tasks to queue
[2025-11-25T17:43:23.001+0000] {logging_mixin.py:188} INFO - [2025-11-25T17:43:23.001+0000] {dagbag.py:545} INFO - Filling up the DagBag from /home/airflow/.local/lib/python3.12/site-packages/airflow/example_dags/example_short_circuit_operator.py
[2025-11-25T17:43:23.004+0000] {processor.py:840} INFO - DAG(s) 'example_short_circuit_operator' retrieved from /home/airflow/.local/lib/python3.12/site-packages/airflow/example_dags/example_short_circuit_operator.py
[2025-11-25T17:43:23.014+0000] {logging_mixin.py:188} INFO - [2025-11-25T17:43:23.014+0000] {dag.py:3096} INFO - Sync 1 DAGs
[2025-11-25T17:43:23.024+0000] {logging_mixin.py:188} INFO - [2025-11-25T17:43:23.024+0000] {dag.py:3954} INFO - Setting next_dagrun for example_short_circuit_operator to 2025-11-24 00:00:00+00:00, run_after=2025-11-25 00:00:00+00:00
[2025-11-25T17:43:23.031+0000] {processor.py:183} INFO - Processing /home/airflow/.local/lib/python3.12/site-packages/airflow/example_dags/example_short_circuit_operator.py took 0.033 seconds
[2025-11-25T17:43:53.508+0000] {processor.py:161} INFO - Started process (PID=15502) to work on /home/airflow/.local/lib/python3.12/site-packages/airflow/example_dags/example_short_circuit_operator.py
[2025-11-25T17:43:53.509+0000] {processor.py:830} INFO - Processing file /home/airflow/.local/lib/python3.12/site-packages/airflow/example_dags/example_short_circuit_operator.py for tasks to queue
[2025-11-25T17:43:53.510+0000] {logging_mixin.py:188} INFO - [2025-11-25T17:43:53.510+0000] {dagbag.py:545} INFO - Filling up the DagBag from /home/airflow/.local/lib/python3.12/site-packages/airflow/example_dags/example_short_circuit_operator.py
[2025-11-25T17:43:53.512+0000] {processor.py:840} INFO - DAG(s) 'example_short_circuit_operator' retrieved from /home/airflow/.local/lib/python3.12/site-packages/airflow/example_dags/example_short_circuit_operator.py
[2025-11-25T17:43:53.522+0000] {logging_mixin.py:188} INFO - [2025-11-25T17:43:53.521+0000] {dag.py:3096} INFO - Sync 1 DAGs
[2025-11-25T17:43:53.530+0000] {logging_mixin.py:188} INFO - [2025-11-25T17:43:53.530+0000] {dag.py:3954} INFO - Setting next_dagrun for example_short_circuit_operator to 2025-11-24 00:00:00+00:00, run_after=2025-11-25 00:00:00+00:00
[2025-11-25T17:43:53.537+0000] {processor.py:183} INFO - Processing /home/airflow/.local/lib/python3.12/site-packages/airflow/example_dags/example_short_circuit_operator.py took 0.031 seconds
[2025-11-25T17:44:24.161+0000] {processor.py:161} INFO - Started process (PID=15560) to work on /home/airflow/.local/lib/python3.12/site-packages/airflow/example_dags/example_short_circuit_operator.py
[2025-11-25T17:44:24.163+0000] {processor.py:830} INFO - Processing file /home/airflow/.local/lib/python3.12/site-packages/airflow/example_dags/example_short_circuit_operator.py for tasks to queue
[2025-11-25T17:44:24.164+0000] {logging_mixin.py:188} INFO - [2025-11-25T17:44:24.164+0000] {dagbag.py:545} INFO - Filling up the DagBag from /home/airflow/.local/lib/python3.12/site-packages/airflow/example_dags/example_short_circuit_operator.py
[2025-11-25T17:44:24.168+0000] {processor.py:840} INFO - DAG(s) 'example_short_circuit_operator' retrieved from /home/airflow/.local/lib/python3.12/site-packages/airflow/example_dags/example_short_circuit_operator.py
[2025-11-25T17:44:24.179+0000] {logging_mixin.py:188} INFO - [2025-11-25T17:44:24.179+0000] {dag.py:3096} INFO - Sync 1 DAGs
[2025-11-25T17:44:24.187+0000] {logging_mixin.py:188} INFO - [2025-11-25T17:44:24.187+0000] {dag.py:3954} INFO - Setting next_dagrun for example_short_circuit_operator to 2025-11-24 00:00:00+00:00, run_after=2025-11-25 00:00:00+00:00
[2025-11-25T17:44:24.197+0000] {processor.py:183} INFO - Processing /home/airflow/.local/lib/python3.12/site-packages/airflow/example_dags/example_short_circuit_operator.py took 0.038 seconds
[2025-11-25T17:44:54.740+0000] {processor.py:161} INFO - Started process (PID=15618) to work on /home/airflow/.local/lib/python3.12/site-packages/airflow/example_dags/example_short_circuit_operator.py
[2025-11-25T17:44:54.740+0000] {processor.py:830} INFO - Processing file /home/airflow/.local/lib/python3.12/site-packages/airflow/example_dags/example_short_circuit_operator.py for tasks to queue
[2025-11-25T17:44:54.741+0000] {logging_mixin.py:188} INFO - [2025-11-25T17:44:54.741+0000] {dagbag.py:545} INFO - Filling up the DagBag from /home/airflow/.local/lib/python3.12/site-packages/airflow/example_dags/example_short_circuit_operator.py
[2025-11-25T17:44:54.743+0000] {processor.py:840} INFO - DAG(s) 'example_short_circuit_operator' retrieved from /home/airflow/.local/lib/python3.12/site-packages/airflow/example_dags/example_short_circuit_operator.py
[2025-11-25T17:44:54.755+0000] {logging_mixin.py:188} INFO - [2025-11-25T17:44:54.755+0000] {dag.py:3096} INFO - Sync 1 DAGs
[2025-11-25T17:44:54.762+0000] {logging_mixin.py:188} INFO - [2025-11-25T17:44:54.762+0000] {dag.py:3954} INFO - Setting next_dagrun for example_short_circuit_operator to 2025-11-24 00:00:00+00:00, run_after=2025-11-25 00:00:00+00:00
[2025-11-25T17:44:54.770+0000] {processor.py:183} INFO - Processing /home/airflow/.local/lib/python3.12/site-packages/airflow/example_dags/example_short_circuit_operator.py took 0.032 seconds
[2025-11-25T17:45:25.412+0000] {processor.py:161} INFO - Started process (PID=15676) to work on /home/airflow/.local/lib/python3.12/site-packages/airflow/example_dags/example_short_circuit_operator.py
[2025-11-25T17:45:25.412+0000] {processor.py:830} INFO - Processing file /home/airflow/.local/lib/python3.12/site-packages/airflow/example_dags/example_short_circuit_operator.py for tasks to queue
[2025-11-25T17:45:25.413+0000] {logging_mixin.py:188} INFO - [2025-11-25T17:45:25.413+0000] {dagbag.py:545} INFO - Filling up the DagBag from /home/airflow/.local/lib/python3.12/site-packages/airflow/example_dags/example_short_circuit_operator.py
[2025-11-25T17:45:25.416+0000] {processor.py:840} INFO - DAG(s) 'example_short_circuit_operator' retrieved from /home/airflow/.local/lib/python3.12/site-packages/airflow/example_dags/example_short_circuit_operator.py
[2025-11-25T17:45:25.425+0000] {logging_mixin.py:188} INFO - [2025-11-25T17:45:25.425+0000] {dag.py:3096} INFO - Sync 1 DAGs
[2025-11-25T17:45:25.433+0000] {logging_mixin.py:188} INFO - [2025-11-25T17:45:25.433+0000] {dag.py:3954} INFO - Setting next_dagrun for example_short_circuit_operator to 2025-11-24 00:00:00+00:00, run_after=2025-11-25 00:00:00+00:00
[2025-11-25T17:45:25.442+0000] {processor.py:183} INFO - Processing /home/airflow/.local/lib/python3.12/site-packages/airflow/example_dags/example_short_circuit_operator.py took 0.032 seconds
[2025-11-25T17:45:55.962+0000] {processor.py:161} INFO - Started process (PID=15734) to work on /home/airflow/.local/lib/python3.12/site-packages/airflow/example_dags/example_short_circuit_operator.py
[2025-11-25T17:45:55.962+0000] {processor.py:830} INFO - Processing file /home/airflow/.local/lib/python3.12/site-packages/airflow/example_dags/example_short_circuit_operator.py for tasks to queue
[2025-11-25T17:45:55.963+0000] {logging_mixin.py:188} INFO - [2025-11-25T17:45:55.963+0000] {dagbag.py:545} INFO - Filling up the DagBag from /home/airflow/.local/lib/python3.12/site-packages/airflow/example_dags/example_short_circuit_operator.py
[2025-11-25T17:45:55.967+0000] {processor.py:840} INFO - DAG(s) 'example_short_circuit_operator' retrieved from /home/airflow/.local/lib/python3.12/site-packages/airflow/example_dags/example_short_circuit_operator.py
[2025-11-25T17:45:55.976+0000] {logging_mixin.py:188} INFO - [2025-11-25T17:45:55.976+0000] {dag.py:3096} INFO - Sync 1 DAGs
[2025-11-25T17:45:55.983+0000] {logging_mixin.py:188} INFO - [2025-11-25T17:45:55.983+0000] {dag.py:3954} INFO - Setting next_dagrun for example_short_circuit_operator to 2025-11-24 00:00:00+00:00, run_after=2025-11-25 00:00:00+00:00
[2025-11-25T17:45:55.989+0000] {processor.py:183} INFO - Processing /home/airflow/.local/lib/python3.12/site-packages/airflow/example_dags/example_short_circuit_operator.py took 0.030 seconds
[2025-11-25T17:46:26.469+0000] {processor.py:161} INFO - Started process (PID=15792) to work on /home/airflow/.local/lib/python3.12/site-packages/airflow/example_dags/example_short_circuit_operator.py
[2025-11-25T17:46:26.469+0000] {processor.py:830} INFO - Processing file /home/airflow/.local/lib/python3.12/site-packages/airflow/example_dags/example_short_circuit_operator.py for tasks to queue
[2025-11-25T17:46:26.470+0000] {logging_mixin.py:188} INFO - [2025-11-25T17:46:26.470+0000] {dagbag.py:545} INFO - Filling up the DagBag from /home/airflow/.local/lib/python3.12/site-packages/airflow/example_dags/example_short_circuit_operator.py
[2025-11-25T17:46:26.473+0000] {processor.py:840} INFO - DAG(s) 'example_short_circuit_operator' retrieved from /home/airflow/.local/lib/python3.12/site-packages/airflow/example_dags/example_short_circuit_operator.py
[2025-11-25T17:46:26.482+0000] {logging_mixin.py:188} INFO - [2025-11-25T17:46:26.482+0000] {dag.py:3096} INFO - Sync 1 DAGs
[2025-11-25T17:46:26.490+0000] {logging_mixin.py:188} INFO - [2025-11-25T17:46:26.490+0000] {dag.py:3954} INFO - Setting next_dagrun for example_short_circuit_operator to 2025-11-24 00:00:00+00:00, run_after=2025-11-25 00:00:00+00:00
[2025-11-25T17:46:26.498+0000] {processor.py:183} INFO - Processing /home/airflow/.local/lib/python3.12/site-packages/airflow/example_dags/example_short_circuit_operator.py took 0.031 seconds
[2025-11-25T17:46:57.035+0000] {processor.py:161} INFO - Started process (PID=15850) to work on /home/airflow/.local/lib/python3.12/site-packages/airflow/example_dags/example_short_circuit_operator.py
[2025-11-25T17:46:57.036+0000] {processor.py:830} INFO - Processing file /home/airflow/.local/lib/python3.12/site-packages/airflow/example_dags/example_short_circuit_operator.py for tasks to queue
[2025-11-25T17:46:57.037+0000] {logging_mixin.py:188} INFO - [2025-11-25T17:46:57.037+0000] {dagbag.py:545} INFO - Filling up the DagBag from /home/airflow/.local/lib/python3.12/site-packages/airflow/example_dags/example_short_circuit_operator.py
[2025-11-25T17:46:57.041+0000] {processor.py:840} INFO - DAG(s) 'example_short_circuit_operator' retrieved from /home/airflow/.local/lib/python3.12/site-packages/airflow/example_dags/example_short_circuit_operator.py
[2025-11-25T17:46:57.050+0000] {logging_mixin.py:188} INFO - [2025-11-25T17:46:57.050+0000] {dag.py:3096} INFO - Sync 1 DAGs
[2025-11-25T17:46:57.059+0000] {logging_mixin.py:188} INFO - [2025-11-25T17:46:57.059+0000] {dag.py:3954} INFO - Setting next_dagrun for example_short_circuit_operator to 2025-11-24 00:00:00+00:00, run_after=2025-11-25 00:00:00+00:00
[2025-11-25T17:46:57.068+0000] {processor.py:183} INFO - Processing /home/airflow/.local/lib/python3.12/site-packages/airflow/example_dags/example_short_circuit_operator.py took 0.035 seconds
