[2025-11-25T01:47:06.131+0000] {processor.py:161} INFO - Started process (PID=83) to work on /home/airflow/.local/lib/python3.12/site-packages/airflow/example_dags/example_branch_labels.py
[2025-11-25T01:47:06.132+0000] {processor.py:830} INFO - Processing file /home/airflow/.local/lib/python3.12/site-packages/airflow/example_dags/example_branch_labels.py for tasks to queue
[2025-11-25T01:47:06.133+0000] {logging_mixin.py:188} INFO - [2025-11-25T01:47:06.133+0000] {dagbag.py:545} INFO - Filling up the DagBag from /home/airflow/.local/lib/python3.12/site-packages/airflow/example_dags/example_branch_labels.py
[2025-11-25T01:47:06.141+0000] {processor.py:840} INFO - DAG(s) 'example_branch_labels' retrieved from /home/airflow/.local/lib/python3.12/site-packages/airflow/example_dags/example_branch_labels.py
[2025-11-25T01:47:06.192+0000] {logging_mixin.py:188} INFO - [2025-11-25T01:47:06.192+0000] {dag.py:3096} INFO - Sync 1 DAGs
[2025-11-25T01:47:06.206+0000] {logging_mixin.py:188} INFO - [2025-11-25T01:47:06.205+0000] {dag.py:3954} INFO - Setting next_dagrun for example_branch_labels to 2025-11-24 00:00:00+00:00, run_after=2025-11-25 00:00:00+00:00
[2025-11-25T01:47:06.216+0000] {processor.py:183} INFO - Processing /home/airflow/.local/lib/python3.12/site-packages/airflow/example_dags/example_branch_labels.py took 0.086 seconds
[2025-11-25T01:47:44.770+0000] {processor.py:161} INFO - Started process (PID=135) to work on /home/airflow/.local/lib/python3.12/site-packages/airflow/example_dags/example_branch_labels.py
[2025-11-25T01:47:44.771+0000] {processor.py:830} INFO - Processing file /home/airflow/.local/lib/python3.12/site-packages/airflow/example_dags/example_branch_labels.py for tasks to queue
[2025-11-25T01:47:44.772+0000] {logging_mixin.py:188} INFO - [2025-11-25T01:47:44.772+0000] {dagbag.py:545} INFO - Filling up the DagBag from /home/airflow/.local/lib/python3.12/site-packages/airflow/example_dags/example_branch_labels.py
[2025-11-25T01:47:44.775+0000] {processor.py:840} INFO - DAG(s) 'example_branch_labels' retrieved from /home/airflow/.local/lib/python3.12/site-packages/airflow/example_dags/example_branch_labels.py
[2025-11-25T01:47:44.782+0000] {logging_mixin.py:188} INFO - [2025-11-25T01:47:44.782+0000] {dag.py:3096} INFO - Sync 1 DAGs
[2025-11-25T01:47:44.789+0000] {logging_mixin.py:188} INFO - [2025-11-25T01:47:44.789+0000] {dag.py:3954} INFO - Setting next_dagrun for example_branch_labels to 2025-11-24 00:00:00+00:00, run_after=2025-11-25 00:00:00+00:00
[2025-11-25T01:47:44.795+0000] {processor.py:183} INFO - Processing /home/airflow/.local/lib/python3.12/site-packages/airflow/example_dags/example_branch_labels.py took 0.026 seconds
[2025-11-25T02:00:40.353+0000] {processor.py:161} INFO - Started process (PID=193) to work on /home/airflow/.local/lib/python3.12/site-packages/airflow/example_dags/example_branch_labels.py
[2025-11-25T02:00:40.354+0000] {processor.py:830} INFO - Processing file /home/airflow/.local/lib/python3.12/site-packages/airflow/example_dags/example_branch_labels.py for tasks to queue
[2025-11-25T02:00:40.354+0000] {logging_mixin.py:188} INFO - [2025-11-25T02:00:40.354+0000] {dagbag.py:545} INFO - Filling up the DagBag from /home/airflow/.local/lib/python3.12/site-packages/airflow/example_dags/example_branch_labels.py
[2025-11-25T02:00:40.357+0000] {processor.py:840} INFO - DAG(s) 'example_branch_labels' retrieved from /home/airflow/.local/lib/python3.12/site-packages/airflow/example_dags/example_branch_labels.py
[2025-11-25T02:00:40.365+0000] {logging_mixin.py:188} INFO - [2025-11-25T02:00:40.365+0000] {dag.py:3096} INFO - Sync 1 DAGs
[2025-11-25T02:00:40.376+0000] {logging_mixin.py:188} INFO - [2025-11-25T02:00:40.376+0000] {dag.py:3954} INFO - Setting next_dagrun for example_branch_labels to 2025-11-24 00:00:00+00:00, run_after=2025-11-25 00:00:00+00:00
[2025-11-25T02:00:40.386+0000] {processor.py:183} INFO - Processing /home/airflow/.local/lib/python3.12/site-packages/airflow/example_dags/example_branch_labels.py took 0.035 seconds
[2025-11-25T02:39:47.229+0000] {processor.py:161} INFO - Started process (PID=251) to work on /home/airflow/.local/lib/python3.12/site-packages/airflow/example_dags/example_branch_labels.py
[2025-11-25T02:39:47.231+0000] {processor.py:830} INFO - Processing file /home/airflow/.local/lib/python3.12/site-packages/airflow/example_dags/example_branch_labels.py for tasks to queue
[2025-11-25T02:39:47.232+0000] {logging_mixin.py:188} INFO - [2025-11-25T02:39:47.232+0000] {dagbag.py:545} INFO - Filling up the DagBag from /home/airflow/.local/lib/python3.12/site-packages/airflow/example_dags/example_branch_labels.py
[2025-11-25T02:39:47.235+0000] {processor.py:840} INFO - DAG(s) 'example_branch_labels' retrieved from /home/airflow/.local/lib/python3.12/site-packages/airflow/example_dags/example_branch_labels.py
[2025-11-25T02:39:47.243+0000] {logging_mixin.py:188} INFO - [2025-11-25T02:39:47.243+0000] {dag.py:3096} INFO - Sync 1 DAGs
[2025-11-25T02:39:47.250+0000] {logging_mixin.py:188} INFO - [2025-11-25T02:39:47.250+0000] {dag.py:3954} INFO - Setting next_dagrun for example_branch_labels to 2025-11-24 00:00:00+00:00, run_after=2025-11-25 00:00:00+00:00
[2025-11-25T02:39:47.256+0000] {processor.py:183} INFO - Processing /home/airflow/.local/lib/python3.12/site-packages/airflow/example_dags/example_branch_labels.py took 0.029 seconds
[2025-11-25T02:46:11.742+0000] {processor.py:161} INFO - Started process (PID=309) to work on /home/airflow/.local/lib/python3.12/site-packages/airflow/example_dags/example_branch_labels.py
[2025-11-25T02:46:11.742+0000] {processor.py:830} INFO - Processing file /home/airflow/.local/lib/python3.12/site-packages/airflow/example_dags/example_branch_labels.py for tasks to queue
[2025-11-25T02:46:11.743+0000] {logging_mixin.py:188} INFO - [2025-11-25T02:46:11.743+0000] {dagbag.py:545} INFO - Filling up the DagBag from /home/airflow/.local/lib/python3.12/site-packages/airflow/example_dags/example_branch_labels.py
[2025-11-25T02:46:11.746+0000] {processor.py:840} INFO - DAG(s) 'example_branch_labels' retrieved from /home/airflow/.local/lib/python3.12/site-packages/airflow/example_dags/example_branch_labels.py
[2025-11-25T02:46:11.754+0000] {logging_mixin.py:188} INFO - [2025-11-25T02:46:11.754+0000] {dag.py:3096} INFO - Sync 1 DAGs
[2025-11-25T02:46:11.762+0000] {logging_mixin.py:188} INFO - [2025-11-25T02:46:11.761+0000] {dag.py:3954} INFO - Setting next_dagrun for example_branch_labels to 2025-11-24 00:00:00+00:00, run_after=2025-11-25 00:00:00+00:00
[2025-11-25T02:46:11.768+0000] {processor.py:183} INFO - Processing /home/airflow/.local/lib/python3.12/site-packages/airflow/example_dags/example_branch_labels.py took 0.028 seconds
[2025-11-25T02:46:42.392+0000] {processor.py:161} INFO - Started process (PID=367) to work on /home/airflow/.local/lib/python3.12/site-packages/airflow/example_dags/example_branch_labels.py
[2025-11-25T02:46:42.394+0000] {processor.py:830} INFO - Processing file /home/airflow/.local/lib/python3.12/site-packages/airflow/example_dags/example_branch_labels.py for tasks to queue
[2025-11-25T02:46:42.394+0000] {logging_mixin.py:188} INFO - [2025-11-25T02:46:42.394+0000] {dagbag.py:545} INFO - Filling up the DagBag from /home/airflow/.local/lib/python3.12/site-packages/airflow/example_dags/example_branch_labels.py
[2025-11-25T02:46:42.397+0000] {processor.py:840} INFO - DAG(s) 'example_branch_labels' retrieved from /home/airflow/.local/lib/python3.12/site-packages/airflow/example_dags/example_branch_labels.py
[2025-11-25T02:46:42.405+0000] {logging_mixin.py:188} INFO - [2025-11-25T02:46:42.405+0000] {dag.py:3096} INFO - Sync 1 DAGs
[2025-11-25T02:46:42.417+0000] {logging_mixin.py:188} INFO - [2025-11-25T02:46:42.417+0000] {dag.py:3954} INFO - Setting next_dagrun for example_branch_labels to 2025-11-24 00:00:00+00:00, run_after=2025-11-25 00:00:00+00:00
[2025-11-25T02:46:42.431+0000] {processor.py:183} INFO - Processing /home/airflow/.local/lib/python3.12/site-packages/airflow/example_dags/example_branch_labels.py took 0.041 seconds
[2025-11-25T02:47:13.052+0000] {processor.py:161} INFO - Started process (PID=425) to work on /home/airflow/.local/lib/python3.12/site-packages/airflow/example_dags/example_branch_labels.py
[2025-11-25T02:47:13.053+0000] {processor.py:830} INFO - Processing file /home/airflow/.local/lib/python3.12/site-packages/airflow/example_dags/example_branch_labels.py for tasks to queue
[2025-11-25T02:47:13.054+0000] {logging_mixin.py:188} INFO - [2025-11-25T02:47:13.053+0000] {dagbag.py:545} INFO - Filling up the DagBag from /home/airflow/.local/lib/python3.12/site-packages/airflow/example_dags/example_branch_labels.py
[2025-11-25T02:47:13.058+0000] {processor.py:840} INFO - DAG(s) 'example_branch_labels' retrieved from /home/airflow/.local/lib/python3.12/site-packages/airflow/example_dags/example_branch_labels.py
[2025-11-25T02:47:13.070+0000] {logging_mixin.py:188} INFO - [2025-11-25T02:47:13.069+0000] {dag.py:3096} INFO - Sync 1 DAGs
[2025-11-25T02:47:13.079+0000] {logging_mixin.py:188} INFO - [2025-11-25T02:47:13.079+0000] {dag.py:3954} INFO - Setting next_dagrun for example_branch_labels to 2025-11-24 00:00:00+00:00, run_after=2025-11-25 00:00:00+00:00
[2025-11-25T02:47:13.086+0000] {processor.py:183} INFO - Processing /home/airflow/.local/lib/python3.12/site-packages/airflow/example_dags/example_branch_labels.py took 0.036 seconds
[2025-11-25T02:47:43.572+0000] {processor.py:161} INFO - Started process (PID=483) to work on /home/airflow/.local/lib/python3.12/site-packages/airflow/example_dags/example_branch_labels.py
[2025-11-25T02:47:43.573+0000] {processor.py:830} INFO - Processing file /home/airflow/.local/lib/python3.12/site-packages/airflow/example_dags/example_branch_labels.py for tasks to queue
[2025-11-25T02:47:43.573+0000] {logging_mixin.py:188} INFO - [2025-11-25T02:47:43.573+0000] {dagbag.py:545} INFO - Filling up the DagBag from /home/airflow/.local/lib/python3.12/site-packages/airflow/example_dags/example_branch_labels.py
[2025-11-25T02:47:43.576+0000] {processor.py:840} INFO - DAG(s) 'example_branch_labels' retrieved from /home/airflow/.local/lib/python3.12/site-packages/airflow/example_dags/example_branch_labels.py
[2025-11-25T02:47:43.584+0000] {logging_mixin.py:188} INFO - [2025-11-25T02:47:43.584+0000] {dag.py:3096} INFO - Sync 1 DAGs
[2025-11-25T02:47:43.596+0000] {logging_mixin.py:188} INFO - [2025-11-25T02:47:43.596+0000] {dag.py:3954} INFO - Setting next_dagrun for example_branch_labels to 2025-11-24 00:00:00+00:00, run_after=2025-11-25 00:00:00+00:00
[2025-11-25T02:47:43.607+0000] {processor.py:183} INFO - Processing /home/airflow/.local/lib/python3.12/site-packages/airflow/example_dags/example_branch_labels.py took 0.037 seconds
[2025-11-25T02:49:26.180+0000] {processor.py:161} INFO - Started process (PID=541) to work on /home/airflow/.local/lib/python3.12/site-packages/airflow/example_dags/example_branch_labels.py
[2025-11-25T02:49:26.181+0000] {processor.py:830} INFO - Processing file /home/airflow/.local/lib/python3.12/site-packages/airflow/example_dags/example_branch_labels.py for tasks to queue
[2025-11-25T02:49:26.185+0000] {logging_mixin.py:188} INFO - [2025-11-25T02:49:26.185+0000] {dagbag.py:545} INFO - Filling up the DagBag from /home/airflow/.local/lib/python3.12/site-packages/airflow/example_dags/example_branch_labels.py
[2025-11-25T02:49:26.191+0000] {processor.py:840} INFO - DAG(s) 'example_branch_labels' retrieved from /home/airflow/.local/lib/python3.12/site-packages/airflow/example_dags/example_branch_labels.py
[2025-11-25T02:49:26.206+0000] {logging_mixin.py:188} INFO - [2025-11-25T02:49:26.206+0000] {dag.py:3096} INFO - Sync 1 DAGs
[2025-11-25T02:49:26.217+0000] {logging_mixin.py:188} INFO - [2025-11-25T02:49:26.217+0000] {dag.py:3954} INFO - Setting next_dagrun for example_branch_labels to 2025-11-24 00:00:00+00:00, run_after=2025-11-25 00:00:00+00:00
[2025-11-25T02:49:26.235+0000] {processor.py:183} INFO - Processing /home/airflow/.local/lib/python3.12/site-packages/airflow/example_dags/example_branch_labels.py took 0.059 seconds
[2025-11-25T02:49:57.186+0000] {processor.py:161} INFO - Started process (PID=599) to work on /home/airflow/.local/lib/python3.12/site-packages/airflow/example_dags/example_branch_labels.py
[2025-11-25T02:49:57.187+0000] {processor.py:830} INFO - Processing file /home/airflow/.local/lib/python3.12/site-packages/airflow/example_dags/example_branch_labels.py for tasks to queue
[2025-11-25T02:49:57.189+0000] {logging_mixin.py:188} INFO - [2025-11-25T02:49:57.189+0000] {dagbag.py:545} INFO - Filling up the DagBag from /home/airflow/.local/lib/python3.12/site-packages/airflow/example_dags/example_branch_labels.py
[2025-11-25T02:49:57.192+0000] {processor.py:840} INFO - DAG(s) 'example_branch_labels' retrieved from /home/airflow/.local/lib/python3.12/site-packages/airflow/example_dags/example_branch_labels.py
[2025-11-25T02:49:57.207+0000] {logging_mixin.py:188} INFO - [2025-11-25T02:49:57.207+0000] {dag.py:3096} INFO - Sync 1 DAGs
[2025-11-25T02:49:57.215+0000] {logging_mixin.py:188} INFO - [2025-11-25T02:49:57.215+0000] {dag.py:3954} INFO - Setting next_dagrun for example_branch_labels to 2025-11-24 00:00:00+00:00, run_after=2025-11-25 00:00:00+00:00
[2025-11-25T02:49:57.223+0000] {processor.py:183} INFO - Processing /home/airflow/.local/lib/python3.12/site-packages/airflow/example_dags/example_branch_labels.py took 0.039 seconds
[2025-11-25T02:50:27.765+0000] {processor.py:161} INFO - Started process (PID=657) to work on /home/airflow/.local/lib/python3.12/site-packages/airflow/example_dags/example_branch_labels.py
[2025-11-25T02:50:27.766+0000] {processor.py:830} INFO - Processing file /home/airflow/.local/lib/python3.12/site-packages/airflow/example_dags/example_branch_labels.py for tasks to queue
[2025-11-25T02:50:27.767+0000] {logging_mixin.py:188} INFO - [2025-11-25T02:50:27.767+0000] {dagbag.py:545} INFO - Filling up the DagBag from /home/airflow/.local/lib/python3.12/site-packages/airflow/example_dags/example_branch_labels.py
[2025-11-25T02:50:27.770+0000] {processor.py:840} INFO - DAG(s) 'example_branch_labels' retrieved from /home/airflow/.local/lib/python3.12/site-packages/airflow/example_dags/example_branch_labels.py
[2025-11-25T02:50:27.783+0000] {logging_mixin.py:188} INFO - [2025-11-25T02:50:27.783+0000] {dag.py:3096} INFO - Sync 1 DAGs
[2025-11-25T02:50:27.797+0000] {logging_mixin.py:188} INFO - [2025-11-25T02:50:27.796+0000] {dag.py:3954} INFO - Setting next_dagrun for example_branch_labels to 2025-11-24 00:00:00+00:00, run_after=2025-11-25 00:00:00+00:00
[2025-11-25T02:50:27.806+0000] {processor.py:183} INFO - Processing /home/airflow/.local/lib/python3.12/site-packages/airflow/example_dags/example_branch_labels.py took 0.043 seconds
[2025-11-25T02:55:36.587+0000] {processor.py:161} INFO - Started process (PID=715) to work on /home/airflow/.local/lib/python3.12/site-packages/airflow/example_dags/example_branch_labels.py
[2025-11-25T02:55:36.588+0000] {processor.py:830} INFO - Processing file /home/airflow/.local/lib/python3.12/site-packages/airflow/example_dags/example_branch_labels.py for tasks to queue
[2025-11-25T02:55:36.588+0000] {logging_mixin.py:188} INFO - [2025-11-25T02:55:36.588+0000] {dagbag.py:545} INFO - Filling up the DagBag from /home/airflow/.local/lib/python3.12/site-packages/airflow/example_dags/example_branch_labels.py
[2025-11-25T02:55:36.593+0000] {processor.py:840} INFO - DAG(s) 'example_branch_labels' retrieved from /home/airflow/.local/lib/python3.12/site-packages/airflow/example_dags/example_branch_labels.py
[2025-11-25T02:55:36.605+0000] {logging_mixin.py:188} INFO - [2025-11-25T02:55:36.605+0000] {dag.py:3096} INFO - Sync 1 DAGs
[2025-11-25T02:55:36.613+0000] {logging_mixin.py:188} INFO - [2025-11-25T02:55:36.613+0000] {dag.py:3954} INFO - Setting next_dagrun for example_branch_labels to 2025-11-24 00:00:00+00:00, run_after=2025-11-25 00:00:00+00:00
[2025-11-25T02:55:36.620+0000] {processor.py:183} INFO - Processing /home/airflow/.local/lib/python3.12/site-packages/airflow/example_dags/example_branch_labels.py took 0.035 seconds
[2025-11-25T02:57:19.512+0000] {processor.py:161} INFO - Started process (PID=773) to work on /home/airflow/.local/lib/python3.12/site-packages/airflow/example_dags/example_branch_labels.py
[2025-11-25T02:57:19.514+0000] {processor.py:830} INFO - Processing file /home/airflow/.local/lib/python3.12/site-packages/airflow/example_dags/example_branch_labels.py for tasks to queue
[2025-11-25T02:57:19.515+0000] {logging_mixin.py:188} INFO - [2025-11-25T02:57:19.515+0000] {dagbag.py:545} INFO - Filling up the DagBag from /home/airflow/.local/lib/python3.12/site-packages/airflow/example_dags/example_branch_labels.py
[2025-11-25T02:57:19.520+0000] {processor.py:840} INFO - DAG(s) 'example_branch_labels' retrieved from /home/airflow/.local/lib/python3.12/site-packages/airflow/example_dags/example_branch_labels.py
[2025-11-25T02:57:19.528+0000] {logging_mixin.py:188} INFO - [2025-11-25T02:57:19.528+0000] {dag.py:3096} INFO - Sync 1 DAGs
[2025-11-25T02:57:19.537+0000] {logging_mixin.py:188} INFO - [2025-11-25T02:57:19.537+0000] {dag.py:3954} INFO - Setting next_dagrun for example_branch_labels to 2025-11-24 00:00:00+00:00, run_after=2025-11-25 00:00:00+00:00
[2025-11-25T02:57:19.546+0000] {processor.py:183} INFO - Processing /home/airflow/.local/lib/python3.12/site-packages/airflow/example_dags/example_branch_labels.py took 0.036 seconds
[2025-11-25T02:58:10.223+0000] {processor.py:161} INFO - Started process (PID=831) to work on /home/airflow/.local/lib/python3.12/site-packages/airflow/example_dags/example_branch_labels.py
[2025-11-25T02:58:10.224+0000] {processor.py:830} INFO - Processing file /home/airflow/.local/lib/python3.12/site-packages/airflow/example_dags/example_branch_labels.py for tasks to queue
[2025-11-25T02:58:10.225+0000] {logging_mixin.py:188} INFO - [2025-11-25T02:58:10.224+0000] {dagbag.py:545} INFO - Filling up the DagBag from /home/airflow/.local/lib/python3.12/site-packages/airflow/example_dags/example_branch_labels.py
[2025-11-25T02:58:10.228+0000] {processor.py:840} INFO - DAG(s) 'example_branch_labels' retrieved from /home/airflow/.local/lib/python3.12/site-packages/airflow/example_dags/example_branch_labels.py
[2025-11-25T02:58:10.237+0000] {logging_mixin.py:188} INFO - [2025-11-25T02:58:10.236+0000] {dag.py:3096} INFO - Sync 1 DAGs
[2025-11-25T02:58:10.245+0000] {logging_mixin.py:188} INFO - [2025-11-25T02:58:10.245+0000] {dag.py:3954} INFO - Setting next_dagrun for example_branch_labels to 2025-11-24 00:00:00+00:00, run_after=2025-11-25 00:00:00+00:00
[2025-11-25T02:58:10.252+0000] {processor.py:183} INFO - Processing /home/airflow/.local/lib/python3.12/site-packages/airflow/example_dags/example_branch_labels.py took 0.032 seconds
[2025-11-25T02:59:18.313+0000] {processor.py:161} INFO - Started process (PID=889) to work on /home/airflow/.local/lib/python3.12/site-packages/airflow/example_dags/example_branch_labels.py
[2025-11-25T02:59:18.314+0000] {processor.py:830} INFO - Processing file /home/airflow/.local/lib/python3.12/site-packages/airflow/example_dags/example_branch_labels.py for tasks to queue
[2025-11-25T02:59:18.316+0000] {logging_mixin.py:188} INFO - [2025-11-25T02:59:18.316+0000] {dagbag.py:545} INFO - Filling up the DagBag from /home/airflow/.local/lib/python3.12/site-packages/airflow/example_dags/example_branch_labels.py
[2025-11-25T02:59:18.319+0000] {processor.py:840} INFO - DAG(s) 'example_branch_labels' retrieved from /home/airflow/.local/lib/python3.12/site-packages/airflow/example_dags/example_branch_labels.py
[2025-11-25T02:59:18.328+0000] {logging_mixin.py:188} INFO - [2025-11-25T02:59:18.328+0000] {dag.py:3096} INFO - Sync 1 DAGs
[2025-11-25T02:59:18.336+0000] {logging_mixin.py:188} INFO - [2025-11-25T02:59:18.336+0000] {dag.py:3954} INFO - Setting next_dagrun for example_branch_labels to 2025-11-24 00:00:00+00:00, run_after=2025-11-25 00:00:00+00:00
[2025-11-25T02:59:18.343+0000] {processor.py:183} INFO - Processing /home/airflow/.local/lib/python3.12/site-packages/airflow/example_dags/example_branch_labels.py took 0.032 seconds
[2025-11-25T03:42:20.118+0000] {processor.py:161} INFO - Started process (PID=947) to work on /home/airflow/.local/lib/python3.12/site-packages/airflow/example_dags/example_branch_labels.py
[2025-11-25T03:42:20.119+0000] {processor.py:830} INFO - Processing file /home/airflow/.local/lib/python3.12/site-packages/airflow/example_dags/example_branch_labels.py for tasks to queue
[2025-11-25T03:42:20.121+0000] {logging_mixin.py:188} INFO - [2025-11-25T03:42:20.121+0000] {dagbag.py:545} INFO - Filling up the DagBag from /home/airflow/.local/lib/python3.12/site-packages/airflow/example_dags/example_branch_labels.py
[2025-11-25T03:42:20.123+0000] {processor.py:840} INFO - DAG(s) 'example_branch_labels' retrieved from /home/airflow/.local/lib/python3.12/site-packages/airflow/example_dags/example_branch_labels.py
[2025-11-25T03:42:20.133+0000] {logging_mixin.py:188} INFO - [2025-11-25T03:42:20.133+0000] {dag.py:3096} INFO - Sync 1 DAGs
[2025-11-25T03:42:20.141+0000] {logging_mixin.py:188} INFO - [2025-11-25T03:42:20.141+0000] {dag.py:3954} INFO - Setting next_dagrun for example_branch_labels to 2025-11-24 00:00:00+00:00, run_after=2025-11-25 00:00:00+00:00
[2025-11-25T03:42:20.150+0000] {processor.py:183} INFO - Processing /home/airflow/.local/lib/python3.12/site-packages/airflow/example_dags/example_branch_labels.py took 0.034 seconds
[2025-11-25T04:00:22.433+0000] {processor.py:161} INFO - Started process (PID=1005) to work on /home/airflow/.local/lib/python3.12/site-packages/airflow/example_dags/example_branch_labels.py
[2025-11-25T04:00:22.433+0000] {processor.py:830} INFO - Processing file /home/airflow/.local/lib/python3.12/site-packages/airflow/example_dags/example_branch_labels.py for tasks to queue
[2025-11-25T04:00:22.434+0000] {logging_mixin.py:188} INFO - [2025-11-25T04:00:22.434+0000] {dagbag.py:545} INFO - Filling up the DagBag from /home/airflow/.local/lib/python3.12/site-packages/airflow/example_dags/example_branch_labels.py
[2025-11-25T04:00:22.437+0000] {processor.py:840} INFO - DAG(s) 'example_branch_labels' retrieved from /home/airflow/.local/lib/python3.12/site-packages/airflow/example_dags/example_branch_labels.py
[2025-11-25T04:00:22.446+0000] {logging_mixin.py:188} INFO - [2025-11-25T04:00:22.446+0000] {dag.py:3096} INFO - Sync 1 DAGs
[2025-11-25T04:00:22.454+0000] {logging_mixin.py:188} INFO - [2025-11-25T04:00:22.454+0000] {dag.py:3954} INFO - Setting next_dagrun for example_branch_labels to 2025-11-24 00:00:00+00:00, run_after=2025-11-25 00:00:00+00:00
[2025-11-25T04:00:22.465+0000] {processor.py:183} INFO - Processing /home/airflow/.local/lib/python3.12/site-packages/airflow/example_dags/example_branch_labels.py took 0.035 seconds
[2025-11-25T04:37:52.429+0000] {processor.py:161} INFO - Started process (PID=1063) to work on /home/airflow/.local/lib/python3.12/site-packages/airflow/example_dags/example_branch_labels.py
[2025-11-25T04:37:52.431+0000] {processor.py:830} INFO - Processing file /home/airflow/.local/lib/python3.12/site-packages/airflow/example_dags/example_branch_labels.py for tasks to queue
[2025-11-25T04:37:52.432+0000] {logging_mixin.py:188} INFO - [2025-11-25T04:37:52.432+0000] {dagbag.py:545} INFO - Filling up the DagBag from /home/airflow/.local/lib/python3.12/site-packages/airflow/example_dags/example_branch_labels.py
[2025-11-25T04:37:52.434+0000] {processor.py:840} INFO - DAG(s) 'example_branch_labels' retrieved from /home/airflow/.local/lib/python3.12/site-packages/airflow/example_dags/example_branch_labels.py
[2025-11-25T04:37:52.443+0000] {logging_mixin.py:188} INFO - [2025-11-25T04:37:52.443+0000] {dag.py:3096} INFO - Sync 1 DAGs
[2025-11-25T04:37:52.451+0000] {logging_mixin.py:188} INFO - [2025-11-25T04:37:52.451+0000] {dag.py:3954} INFO - Setting next_dagrun for example_branch_labels to 2025-11-24 00:00:00+00:00, run_after=2025-11-25 00:00:00+00:00
[2025-11-25T04:37:52.459+0000] {processor.py:183} INFO - Processing /home/airflow/.local/lib/python3.12/site-packages/airflow/example_dags/example_branch_labels.py took 0.032 seconds
[2025-11-25T04:51:32.116+0000] {processor.py:161} INFO - Started process (PID=1121) to work on /home/airflow/.local/lib/python3.12/site-packages/airflow/example_dags/example_branch_labels.py
[2025-11-25T04:51:32.119+0000] {processor.py:830} INFO - Processing file /home/airflow/.local/lib/python3.12/site-packages/airflow/example_dags/example_branch_labels.py for tasks to queue
[2025-11-25T04:51:32.119+0000] {logging_mixin.py:188} INFO - [2025-11-25T04:51:32.119+0000] {dagbag.py:545} INFO - Filling up the DagBag from /home/airflow/.local/lib/python3.12/site-packages/airflow/example_dags/example_branch_labels.py
[2025-11-25T04:51:32.122+0000] {processor.py:840} INFO - DAG(s) 'example_branch_labels' retrieved from /home/airflow/.local/lib/python3.12/site-packages/airflow/example_dags/example_branch_labels.py
[2025-11-25T04:51:32.133+0000] {logging_mixin.py:188} INFO - [2025-11-25T04:51:32.133+0000] {dag.py:3096} INFO - Sync 1 DAGs
[2025-11-25T04:51:32.141+0000] {logging_mixin.py:188} INFO - [2025-11-25T04:51:32.141+0000] {dag.py:3954} INFO - Setting next_dagrun for example_branch_labels to 2025-11-24 00:00:00+00:00, run_after=2025-11-25 00:00:00+00:00
[2025-11-25T04:51:32.147+0000] {processor.py:183} INFO - Processing /home/airflow/.local/lib/python3.12/site-packages/airflow/example_dags/example_branch_labels.py took 0.033 seconds
[2025-11-25T05:12:37.123+0000] {processor.py:161} INFO - Started process (PID=1179) to work on /home/airflow/.local/lib/python3.12/site-packages/airflow/example_dags/example_branch_labels.py
[2025-11-25T05:12:37.124+0000] {processor.py:830} INFO - Processing file /home/airflow/.local/lib/python3.12/site-packages/airflow/example_dags/example_branch_labels.py for tasks to queue
[2025-11-25T05:12:37.125+0000] {logging_mixin.py:188} INFO - [2025-11-25T05:12:37.125+0000] {dagbag.py:545} INFO - Filling up the DagBag from /home/airflow/.local/lib/python3.12/site-packages/airflow/example_dags/example_branch_labels.py
[2025-11-25T05:12:37.130+0000] {processor.py:840} INFO - DAG(s) 'example_branch_labels' retrieved from /home/airflow/.local/lib/python3.12/site-packages/airflow/example_dags/example_branch_labels.py
[2025-11-25T05:12:37.141+0000] {logging_mixin.py:188} INFO - [2025-11-25T05:12:37.141+0000] {dag.py:3096} INFO - Sync 1 DAGs
[2025-11-25T05:12:37.152+0000] {logging_mixin.py:188} INFO - [2025-11-25T05:12:37.152+0000] {dag.py:3954} INFO - Setting next_dagrun for example_branch_labels to 2025-11-24 00:00:00+00:00, run_after=2025-11-25 00:00:00+00:00
[2025-11-25T05:12:37.158+0000] {processor.py:183} INFO - Processing /home/airflow/.local/lib/python3.12/site-packages/airflow/example_dags/example_branch_labels.py took 0.037 seconds
[2025-11-25T05:17:24.556+0000] {processor.py:161} INFO - Started process (PID=1237) to work on /home/airflow/.local/lib/python3.12/site-packages/airflow/example_dags/example_branch_labels.py
[2025-11-25T05:17:24.557+0000] {processor.py:830} INFO - Processing file /home/airflow/.local/lib/python3.12/site-packages/airflow/example_dags/example_branch_labels.py for tasks to queue
[2025-11-25T05:17:24.558+0000] {logging_mixin.py:188} INFO - [2025-11-25T05:17:24.558+0000] {dagbag.py:545} INFO - Filling up the DagBag from /home/airflow/.local/lib/python3.12/site-packages/airflow/example_dags/example_branch_labels.py
[2025-11-25T05:17:24.563+0000] {processor.py:840} INFO - DAG(s) 'example_branch_labels' retrieved from /home/airflow/.local/lib/python3.12/site-packages/airflow/example_dags/example_branch_labels.py
[2025-11-25T05:17:24.574+0000] {logging_mixin.py:188} INFO - [2025-11-25T05:17:24.574+0000] {dag.py:3096} INFO - Sync 1 DAGs
[2025-11-25T05:17:24.587+0000] {logging_mixin.py:188} INFO - [2025-11-25T05:17:24.586+0000] {dag.py:3954} INFO - Setting next_dagrun for example_branch_labels to 2025-11-24 00:00:00+00:00, run_after=2025-11-25 00:00:00+00:00
[2025-11-25T05:17:24.597+0000] {processor.py:183} INFO - Processing /home/airflow/.local/lib/python3.12/site-packages/airflow/example_dags/example_branch_labels.py took 0.044 seconds
[2025-11-25T05:56:34.117+0000] {processor.py:161} INFO - Started process (PID=1295) to work on /home/airflow/.local/lib/python3.12/site-packages/airflow/example_dags/example_branch_labels.py
[2025-11-25T05:56:34.118+0000] {processor.py:830} INFO - Processing file /home/airflow/.local/lib/python3.12/site-packages/airflow/example_dags/example_branch_labels.py for tasks to queue
[2025-11-25T05:56:34.118+0000] {logging_mixin.py:188} INFO - [2025-11-25T05:56:34.118+0000] {dagbag.py:545} INFO - Filling up the DagBag from /home/airflow/.local/lib/python3.12/site-packages/airflow/example_dags/example_branch_labels.py
[2025-11-25T05:56:34.121+0000] {processor.py:840} INFO - DAG(s) 'example_branch_labels' retrieved from /home/airflow/.local/lib/python3.12/site-packages/airflow/example_dags/example_branch_labels.py
[2025-11-25T05:56:34.128+0000] {logging_mixin.py:188} INFO - [2025-11-25T05:56:34.128+0000] {dag.py:3096} INFO - Sync 1 DAGs
[2025-11-25T05:56:34.136+0000] {logging_mixin.py:188} INFO - [2025-11-25T05:56:34.136+0000] {dag.py:3954} INFO - Setting next_dagrun for example_branch_labels to 2025-11-24 00:00:00+00:00, run_after=2025-11-25 00:00:00+00:00
[2025-11-25T05:56:34.141+0000] {processor.py:183} INFO - Processing /home/airflow/.local/lib/python3.12/site-packages/airflow/example_dags/example_branch_labels.py took 0.027 seconds
[2025-11-25T06:58:35.760+0000] {processor.py:161} INFO - Started process (PID=1353) to work on /home/airflow/.local/lib/python3.12/site-packages/airflow/example_dags/example_branch_labels.py
[2025-11-25T06:58:35.761+0000] {processor.py:830} INFO - Processing file /home/airflow/.local/lib/python3.12/site-packages/airflow/example_dags/example_branch_labels.py for tasks to queue
[2025-11-25T06:58:35.762+0000] {logging_mixin.py:188} INFO - [2025-11-25T06:58:35.761+0000] {dagbag.py:545} INFO - Filling up the DagBag from /home/airflow/.local/lib/python3.12/site-packages/airflow/example_dags/example_branch_labels.py
[2025-11-25T06:58:35.765+0000] {processor.py:840} INFO - DAG(s) 'example_branch_labels' retrieved from /home/airflow/.local/lib/python3.12/site-packages/airflow/example_dags/example_branch_labels.py
[2025-11-25T06:58:35.779+0000] {logging_mixin.py:188} INFO - [2025-11-25T06:58:35.779+0000] {dag.py:3096} INFO - Sync 1 DAGs
[2025-11-25T06:58:35.793+0000] {logging_mixin.py:188} INFO - [2025-11-25T06:58:35.793+0000] {dag.py:3954} INFO - Setting next_dagrun for example_branch_labels to 2025-11-24 00:00:00+00:00, run_after=2025-11-25 00:00:00+00:00
[2025-11-25T06:58:35.806+0000] {processor.py:183} INFO - Processing /home/airflow/.local/lib/python3.12/site-packages/airflow/example_dags/example_branch_labels.py took 0.048 seconds
[2025-11-25T07:22:30.889+0000] {processor.py:161} INFO - Started process (PID=1411) to work on /home/airflow/.local/lib/python3.12/site-packages/airflow/example_dags/example_branch_labels.py
[2025-11-25T07:22:30.890+0000] {processor.py:830} INFO - Processing file /home/airflow/.local/lib/python3.12/site-packages/airflow/example_dags/example_branch_labels.py for tasks to queue
[2025-11-25T07:22:30.891+0000] {logging_mixin.py:188} INFO - [2025-11-25T07:22:30.891+0000] {dagbag.py:545} INFO - Filling up the DagBag from /home/airflow/.local/lib/python3.12/site-packages/airflow/example_dags/example_branch_labels.py
[2025-11-25T07:22:30.896+0000] {processor.py:840} INFO - DAG(s) 'example_branch_labels' retrieved from /home/airflow/.local/lib/python3.12/site-packages/airflow/example_dags/example_branch_labels.py
[2025-11-25T07:22:30.906+0000] {logging_mixin.py:188} INFO - [2025-11-25T07:22:30.906+0000] {dag.py:3096} INFO - Sync 1 DAGs
[2025-11-25T07:22:30.915+0000] {logging_mixin.py:188} INFO - [2025-11-25T07:22:30.914+0000] {dag.py:3954} INFO - Setting next_dagrun for example_branch_labels to 2025-11-24 00:00:00+00:00, run_after=2025-11-25 00:00:00+00:00
[2025-11-25T07:22:30.930+0000] {processor.py:183} INFO - Processing /home/airflow/.local/lib/python3.12/site-packages/airflow/example_dags/example_branch_labels.py took 0.043 seconds
[2025-11-25T08:11:30.013+0000] {processor.py:161} INFO - Started process (PID=1469) to work on /home/airflow/.local/lib/python3.12/site-packages/airflow/example_dags/example_branch_labels.py
[2025-11-25T08:11:30.015+0000] {processor.py:830} INFO - Processing file /home/airflow/.local/lib/python3.12/site-packages/airflow/example_dags/example_branch_labels.py for tasks to queue
[2025-11-25T08:11:30.016+0000] {logging_mixin.py:188} INFO - [2025-11-25T08:11:30.016+0000] {dagbag.py:545} INFO - Filling up the DagBag from /home/airflow/.local/lib/python3.12/site-packages/airflow/example_dags/example_branch_labels.py
[2025-11-25T08:11:30.018+0000] {processor.py:840} INFO - DAG(s) 'example_branch_labels' retrieved from /home/airflow/.local/lib/python3.12/site-packages/airflow/example_dags/example_branch_labels.py
[2025-11-25T08:11:30.028+0000] {logging_mixin.py:188} INFO - [2025-11-25T08:11:30.028+0000] {dag.py:3096} INFO - Sync 1 DAGs
[2025-11-25T08:11:30.036+0000] {logging_mixin.py:188} INFO - [2025-11-25T08:11:30.036+0000] {dag.py:3954} INFO - Setting next_dagrun for example_branch_labels to 2025-11-24 00:00:00+00:00, run_after=2025-11-25 00:00:00+00:00
[2025-11-25T08:11:30.045+0000] {processor.py:183} INFO - Processing /home/airflow/.local/lib/python3.12/site-packages/airflow/example_dags/example_branch_labels.py took 0.033 seconds
[2025-11-25T09:18:22.539+0000] {processor.py:161} INFO - Started process (PID=1527) to work on /home/airflow/.local/lib/python3.12/site-packages/airflow/example_dags/example_branch_labels.py
[2025-11-25T09:18:22.539+0000] {processor.py:830} INFO - Processing file /home/airflow/.local/lib/python3.12/site-packages/airflow/example_dags/example_branch_labels.py for tasks to queue
[2025-11-25T09:18:22.540+0000] {logging_mixin.py:188} INFO - [2025-11-25T09:18:22.540+0000] {dagbag.py:545} INFO - Filling up the DagBag from /home/airflow/.local/lib/python3.12/site-packages/airflow/example_dags/example_branch_labels.py
[2025-11-25T09:18:22.544+0000] {processor.py:840} INFO - DAG(s) 'example_branch_labels' retrieved from /home/airflow/.local/lib/python3.12/site-packages/airflow/example_dags/example_branch_labels.py
[2025-11-25T09:18:22.553+0000] {logging_mixin.py:188} INFO - [2025-11-25T09:18:22.553+0000] {dag.py:3096} INFO - Sync 1 DAGs
[2025-11-25T09:18:22.562+0000] {logging_mixin.py:188} INFO - [2025-11-25T09:18:22.562+0000] {dag.py:3954} INFO - Setting next_dagrun for example_branch_labels to 2025-11-24 00:00:00+00:00, run_after=2025-11-25 00:00:00+00:00
[2025-11-25T09:18:22.570+0000] {processor.py:183} INFO - Processing /home/airflow/.local/lib/python3.12/site-packages/airflow/example_dags/example_branch_labels.py took 0.034 seconds
[2025-11-25T10:44:07.731+0000] {processor.py:161} INFO - Started process (PID=1585) to work on /home/airflow/.local/lib/python3.12/site-packages/airflow/example_dags/example_branch_labels.py
[2025-11-25T10:44:07.731+0000] {processor.py:830} INFO - Processing file /home/airflow/.local/lib/python3.12/site-packages/airflow/example_dags/example_branch_labels.py for tasks to queue
[2025-11-25T10:44:07.732+0000] {logging_mixin.py:188} INFO - [2025-11-25T10:44:07.732+0000] {dagbag.py:545} INFO - Filling up the DagBag from /home/airflow/.local/lib/python3.12/site-packages/airflow/example_dags/example_branch_labels.py
[2025-11-25T10:44:07.735+0000] {processor.py:840} INFO - DAG(s) 'example_branch_labels' retrieved from /home/airflow/.local/lib/python3.12/site-packages/airflow/example_dags/example_branch_labels.py
[2025-11-25T10:44:07.747+0000] {logging_mixin.py:188} INFO - [2025-11-25T10:44:07.746+0000] {dag.py:3096} INFO - Sync 1 DAGs
[2025-11-25T10:44:07.756+0000] {logging_mixin.py:188} INFO - [2025-11-25T10:44:07.756+0000] {dag.py:3954} INFO - Setting next_dagrun for example_branch_labels to 2025-11-24 00:00:00+00:00, run_after=2025-11-25 00:00:00+00:00
[2025-11-25T10:44:07.765+0000] {processor.py:183} INFO - Processing /home/airflow/.local/lib/python3.12/site-packages/airflow/example_dags/example_branch_labels.py took 0.037 seconds
[2025-11-25T11:23:13.882+0000] {processor.py:161} INFO - Started process (PID=1643) to work on /home/airflow/.local/lib/python3.12/site-packages/airflow/example_dags/example_branch_labels.py
[2025-11-25T11:23:13.884+0000] {processor.py:830} INFO - Processing file /home/airflow/.local/lib/python3.12/site-packages/airflow/example_dags/example_branch_labels.py for tasks to queue
[2025-11-25T11:23:13.885+0000] {logging_mixin.py:188} INFO - [2025-11-25T11:23:13.885+0000] {dagbag.py:545} INFO - Filling up the DagBag from /home/airflow/.local/lib/python3.12/site-packages/airflow/example_dags/example_branch_labels.py
[2025-11-25T11:23:13.889+0000] {processor.py:840} INFO - DAG(s) 'example_branch_labels' retrieved from /home/airflow/.local/lib/python3.12/site-packages/airflow/example_dags/example_branch_labels.py
[2025-11-25T11:23:13.904+0000] {logging_mixin.py:188} INFO - [2025-11-25T11:23:13.904+0000] {dag.py:3096} INFO - Sync 1 DAGs
[2025-11-25T11:23:13.914+0000] {logging_mixin.py:188} INFO - [2025-11-25T11:23:13.914+0000] {dag.py:3954} INFO - Setting next_dagrun for example_branch_labels to 2025-11-24 00:00:00+00:00, run_after=2025-11-25 00:00:00+00:00
[2025-11-25T11:23:13.922+0000] {processor.py:183} INFO - Processing /home/airflow/.local/lib/python3.12/site-packages/airflow/example_dags/example_branch_labels.py took 0.042 seconds
[2025-11-25T12:21:41.133+0000] {processor.py:161} INFO - Started process (PID=1701) to work on /home/airflow/.local/lib/python3.12/site-packages/airflow/example_dags/example_branch_labels.py
[2025-11-25T12:21:41.134+0000] {processor.py:830} INFO - Processing file /home/airflow/.local/lib/python3.12/site-packages/airflow/example_dags/example_branch_labels.py for tasks to queue
[2025-11-25T12:21:41.135+0000] {logging_mixin.py:188} INFO - [2025-11-25T12:21:41.134+0000] {dagbag.py:545} INFO - Filling up the DagBag from /home/airflow/.local/lib/python3.12/site-packages/airflow/example_dags/example_branch_labels.py
[2025-11-25T12:21:41.137+0000] {processor.py:840} INFO - DAG(s) 'example_branch_labels' retrieved from /home/airflow/.local/lib/python3.12/site-packages/airflow/example_dags/example_branch_labels.py
[2025-11-25T12:21:41.150+0000] {logging_mixin.py:188} INFO - [2025-11-25T12:21:41.149+0000] {dag.py:3096} INFO - Sync 1 DAGs
[2025-11-25T12:21:41.159+0000] {logging_mixin.py:188} INFO - [2025-11-25T12:21:41.159+0000] {dag.py:3954} INFO - Setting next_dagrun for example_branch_labels to 2025-11-24 00:00:00+00:00, run_after=2025-11-25 00:00:00+00:00
[2025-11-25T12:21:41.173+0000] {processor.py:183} INFO - Processing /home/airflow/.local/lib/python3.12/site-packages/airflow/example_dags/example_branch_labels.py took 0.042 seconds
[2025-11-25T13:00:42.950+0000] {processor.py:161} INFO - Started process (PID=1759) to work on /home/airflow/.local/lib/python3.12/site-packages/airflow/example_dags/example_branch_labels.py
[2025-11-25T13:00:42.951+0000] {processor.py:830} INFO - Processing file /home/airflow/.local/lib/python3.12/site-packages/airflow/example_dags/example_branch_labels.py for tasks to queue
[2025-11-25T13:00:42.951+0000] {logging_mixin.py:188} INFO - [2025-11-25T13:00:42.951+0000] {dagbag.py:545} INFO - Filling up the DagBag from /home/airflow/.local/lib/python3.12/site-packages/airflow/example_dags/example_branch_labels.py
[2025-11-25T13:00:42.954+0000] {processor.py:840} INFO - DAG(s) 'example_branch_labels' retrieved from /home/airflow/.local/lib/python3.12/site-packages/airflow/example_dags/example_branch_labels.py
[2025-11-25T13:00:42.966+0000] {logging_mixin.py:188} INFO - [2025-11-25T13:00:42.966+0000] {dag.py:3096} INFO - Sync 1 DAGs
[2025-11-25T13:00:42.977+0000] {logging_mixin.py:188} INFO - [2025-11-25T13:00:42.977+0000] {dag.py:3954} INFO - Setting next_dagrun for example_branch_labels to 2025-11-24 00:00:00+00:00, run_after=2025-11-25 00:00:00+00:00
[2025-11-25T13:00:42.988+0000] {processor.py:183} INFO - Processing /home/airflow/.local/lib/python3.12/site-packages/airflow/example_dags/example_branch_labels.py took 0.040 seconds
[2025-11-25T13:46:43.651+0000] {processor.py:161} INFO - Started process (PID=1817) to work on /home/airflow/.local/lib/python3.12/site-packages/airflow/example_dags/example_branch_labels.py
[2025-11-25T13:46:43.652+0000] {processor.py:830} INFO - Processing file /home/airflow/.local/lib/python3.12/site-packages/airflow/example_dags/example_branch_labels.py for tasks to queue
[2025-11-25T13:46:43.654+0000] {logging_mixin.py:188} INFO - [2025-11-25T13:46:43.654+0000] {dagbag.py:545} INFO - Filling up the DagBag from /home/airflow/.local/lib/python3.12/site-packages/airflow/example_dags/example_branch_labels.py
[2025-11-25T13:46:43.657+0000] {processor.py:840} INFO - DAG(s) 'example_branch_labels' retrieved from /home/airflow/.local/lib/python3.12/site-packages/airflow/example_dags/example_branch_labels.py
[2025-11-25T13:46:43.671+0000] {logging_mixin.py:188} INFO - [2025-11-25T13:46:43.671+0000] {dag.py:3096} INFO - Sync 1 DAGs
[2025-11-25T13:46:43.681+0000] {logging_mixin.py:188} INFO - [2025-11-25T13:46:43.681+0000] {dag.py:3954} INFO - Setting next_dagrun for example_branch_labels to 2025-11-24 00:00:00+00:00, run_after=2025-11-25 00:00:00+00:00
[2025-11-25T13:46:43.691+0000] {processor.py:183} INFO - Processing /home/airflow/.local/lib/python3.12/site-packages/airflow/example_dags/example_branch_labels.py took 0.042 seconds
[2025-11-25T14:30:28.366+0000] {processor.py:161} INFO - Started process (PID=1875) to work on /home/airflow/.local/lib/python3.12/site-packages/airflow/example_dags/example_branch_labels.py
[2025-11-25T14:30:28.366+0000] {processor.py:830} INFO - Processing file /home/airflow/.local/lib/python3.12/site-packages/airflow/example_dags/example_branch_labels.py for tasks to queue
[2025-11-25T14:30:28.367+0000] {logging_mixin.py:188} INFO - [2025-11-25T14:30:28.367+0000] {dagbag.py:545} INFO - Filling up the DagBag from /home/airflow/.local/lib/python3.12/site-packages/airflow/example_dags/example_branch_labels.py
[2025-11-25T14:30:28.370+0000] {processor.py:840} INFO - DAG(s) 'example_branch_labels' retrieved from /home/airflow/.local/lib/python3.12/site-packages/airflow/example_dags/example_branch_labels.py
[2025-11-25T14:30:28.378+0000] {logging_mixin.py:188} INFO - [2025-11-25T14:30:28.378+0000] {dag.py:3096} INFO - Sync 1 DAGs
[2025-11-25T14:30:28.453+0000] {logging_mixin.py:188} INFO - [2025-11-25T14:30:28.453+0000] {dag.py:3954} INFO - Setting next_dagrun for example_branch_labels to 2025-11-24 00:00:00+00:00, run_after=2025-11-25 00:00:00+00:00
[2025-11-25T14:30:28.464+0000] {processor.py:183} INFO - Processing /home/airflow/.local/lib/python3.12/site-packages/airflow/example_dags/example_branch_labels.py took 0.100 seconds
[2025-11-25T14:42:09.846+0000] {processor.py:161} INFO - Started process (PID=1933) to work on /home/airflow/.local/lib/python3.12/site-packages/airflow/example_dags/example_branch_labels.py
[2025-11-25T14:42:09.848+0000] {processor.py:830} INFO - Processing file /home/airflow/.local/lib/python3.12/site-packages/airflow/example_dags/example_branch_labels.py for tasks to queue
[2025-11-25T14:42:09.849+0000] {logging_mixin.py:188} INFO - [2025-11-25T14:42:09.849+0000] {dagbag.py:545} INFO - Filling up the DagBag from /home/airflow/.local/lib/python3.12/site-packages/airflow/example_dags/example_branch_labels.py
[2025-11-25T14:42:09.852+0000] {processor.py:840} INFO - DAG(s) 'example_branch_labels' retrieved from /home/airflow/.local/lib/python3.12/site-packages/airflow/example_dags/example_branch_labels.py
[2025-11-25T14:42:09.859+0000] {logging_mixin.py:188} INFO - [2025-11-25T14:42:09.859+0000] {dag.py:3096} INFO - Sync 1 DAGs
[2025-11-25T14:42:09.954+0000] {logging_mixin.py:188} INFO - [2025-11-25T14:42:09.954+0000] {dag.py:3954} INFO - Setting next_dagrun for example_branch_labels to 2025-11-24 00:00:00+00:00, run_after=2025-11-25 00:00:00+00:00
[2025-11-25T14:42:09.964+0000] {processor.py:183} INFO - Processing /home/airflow/.local/lib/python3.12/site-packages/airflow/example_dags/example_branch_labels.py took 0.120 seconds
[2025-11-25T14:45:14.268+0000] {processor.py:161} INFO - Started process (PID=1991) to work on /home/airflow/.local/lib/python3.12/site-packages/airflow/example_dags/example_branch_labels.py
[2025-11-25T14:45:14.270+0000] {processor.py:830} INFO - Processing file /home/airflow/.local/lib/python3.12/site-packages/airflow/example_dags/example_branch_labels.py for tasks to queue
[2025-11-25T14:45:14.271+0000] {logging_mixin.py:188} INFO - [2025-11-25T14:45:14.271+0000] {dagbag.py:545} INFO - Filling up the DagBag from /home/airflow/.local/lib/python3.12/site-packages/airflow/example_dags/example_branch_labels.py
[2025-11-25T14:45:14.277+0000] {processor.py:840} INFO - DAG(s) 'example_branch_labels' retrieved from /home/airflow/.local/lib/python3.12/site-packages/airflow/example_dags/example_branch_labels.py
[2025-11-25T14:45:14.291+0000] {logging_mixin.py:188} INFO - [2025-11-25T14:45:14.290+0000] {dag.py:3096} INFO - Sync 1 DAGs
[2025-11-25T14:45:14.317+0000] {logging_mixin.py:188} INFO - [2025-11-25T14:45:14.317+0000] {dag.py:3954} INFO - Setting next_dagrun for example_branch_labels to 2025-11-24 00:00:00+00:00, run_after=2025-11-25 00:00:00+00:00
[2025-11-25T14:45:14.431+0000] {processor.py:183} INFO - Processing /home/airflow/.local/lib/python3.12/site-packages/airflow/example_dags/example_branch_labels.py took 0.165 seconds
[2025-11-25T14:45:44.847+0000] {processor.py:161} INFO - Started process (PID=2049) to work on /home/airflow/.local/lib/python3.12/site-packages/airflow/example_dags/example_branch_labels.py
[2025-11-25T14:45:44.848+0000] {processor.py:830} INFO - Processing file /home/airflow/.local/lib/python3.12/site-packages/airflow/example_dags/example_branch_labels.py for tasks to queue
[2025-11-25T14:45:44.849+0000] {logging_mixin.py:188} INFO - [2025-11-25T14:45:44.849+0000] {dagbag.py:545} INFO - Filling up the DagBag from /home/airflow/.local/lib/python3.12/site-packages/airflow/example_dags/example_branch_labels.py
[2025-11-25T14:45:44.851+0000] {processor.py:840} INFO - DAG(s) 'example_branch_labels' retrieved from /home/airflow/.local/lib/python3.12/site-packages/airflow/example_dags/example_branch_labels.py
[2025-11-25T14:45:44.864+0000] {logging_mixin.py:188} INFO - [2025-11-25T14:45:44.864+0000] {dag.py:3096} INFO - Sync 1 DAGs
[2025-11-25T14:45:44.873+0000] {logging_mixin.py:188} INFO - [2025-11-25T14:45:44.873+0000] {dag.py:3954} INFO - Setting next_dagrun for example_branch_labels to 2025-11-24 00:00:00+00:00, run_after=2025-11-25 00:00:00+00:00
[2025-11-25T14:45:44.885+0000] {processor.py:183} INFO - Processing /home/airflow/.local/lib/python3.12/site-packages/airflow/example_dags/example_branch_labels.py took 0.040 seconds
[2025-11-25T14:46:15.623+0000] {processor.py:161} INFO - Started process (PID=2107) to work on /home/airflow/.local/lib/python3.12/site-packages/airflow/example_dags/example_branch_labels.py
[2025-11-25T14:46:15.623+0000] {processor.py:830} INFO - Processing file /home/airflow/.local/lib/python3.12/site-packages/airflow/example_dags/example_branch_labels.py for tasks to queue
[2025-11-25T14:46:15.625+0000] {logging_mixin.py:188} INFO - [2025-11-25T14:46:15.625+0000] {dagbag.py:545} INFO - Filling up the DagBag from /home/airflow/.local/lib/python3.12/site-packages/airflow/example_dags/example_branch_labels.py
[2025-11-25T14:46:15.629+0000] {processor.py:840} INFO - DAG(s) 'example_branch_labels' retrieved from /home/airflow/.local/lib/python3.12/site-packages/airflow/example_dags/example_branch_labels.py
[2025-11-25T14:46:15.639+0000] {logging_mixin.py:188} INFO - [2025-11-25T14:46:15.639+0000] {dag.py:3096} INFO - Sync 1 DAGs
[2025-11-25T14:46:15.649+0000] {logging_mixin.py:188} INFO - [2025-11-25T14:46:15.648+0000] {dag.py:3954} INFO - Setting next_dagrun for example_branch_labels to 2025-11-24 00:00:00+00:00, run_after=2025-11-25 00:00:00+00:00
[2025-11-25T14:46:15.658+0000] {processor.py:183} INFO - Processing /home/airflow/.local/lib/python3.12/site-packages/airflow/example_dags/example_branch_labels.py took 0.038 seconds
[2025-11-25T14:46:46.289+0000] {processor.py:161} INFO - Started process (PID=2165) to work on /home/airflow/.local/lib/python3.12/site-packages/airflow/example_dags/example_branch_labels.py
[2025-11-25T14:46:46.290+0000] {processor.py:830} INFO - Processing file /home/airflow/.local/lib/python3.12/site-packages/airflow/example_dags/example_branch_labels.py for tasks to queue
[2025-11-25T14:46:46.291+0000] {logging_mixin.py:188} INFO - [2025-11-25T14:46:46.291+0000] {dagbag.py:545} INFO - Filling up the DagBag from /home/airflow/.local/lib/python3.12/site-packages/airflow/example_dags/example_branch_labels.py
[2025-11-25T14:46:46.294+0000] {processor.py:840} INFO - DAG(s) 'example_branch_labels' retrieved from /home/airflow/.local/lib/python3.12/site-packages/airflow/example_dags/example_branch_labels.py
[2025-11-25T14:46:46.307+0000] {logging_mixin.py:188} INFO - [2025-11-25T14:46:46.307+0000] {dag.py:3096} INFO - Sync 1 DAGs
[2025-11-25T14:46:46.316+0000] {logging_mixin.py:188} INFO - [2025-11-25T14:46:46.316+0000] {dag.py:3954} INFO - Setting next_dagrun for example_branch_labels to 2025-11-24 00:00:00+00:00, run_after=2025-11-25 00:00:00+00:00
[2025-11-25T14:46:46.325+0000] {processor.py:183} INFO - Processing /home/airflow/.local/lib/python3.12/site-packages/airflow/example_dags/example_branch_labels.py took 0.038 seconds
[2025-11-25T14:47:16.824+0000] {processor.py:161} INFO - Started process (PID=2223) to work on /home/airflow/.local/lib/python3.12/site-packages/airflow/example_dags/example_branch_labels.py
[2025-11-25T14:47:16.827+0000] {processor.py:830} INFO - Processing file /home/airflow/.local/lib/python3.12/site-packages/airflow/example_dags/example_branch_labels.py for tasks to queue
[2025-11-25T14:47:16.827+0000] {logging_mixin.py:188} INFO - [2025-11-25T14:47:16.827+0000] {dagbag.py:545} INFO - Filling up the DagBag from /home/airflow/.local/lib/python3.12/site-packages/airflow/example_dags/example_branch_labels.py
[2025-11-25T14:47:16.830+0000] {processor.py:840} INFO - DAG(s) 'example_branch_labels' retrieved from /home/airflow/.local/lib/python3.12/site-packages/airflow/example_dags/example_branch_labels.py
[2025-11-25T14:47:16.840+0000] {logging_mixin.py:188} INFO - [2025-11-25T14:47:16.840+0000] {dag.py:3096} INFO - Sync 1 DAGs
[2025-11-25T14:47:16.850+0000] {logging_mixin.py:188} INFO - [2025-11-25T14:47:16.850+0000] {dag.py:3954} INFO - Setting next_dagrun for example_branch_labels to 2025-11-24 00:00:00+00:00, run_after=2025-11-25 00:00:00+00:00
[2025-11-25T14:47:16.855+0000] {processor.py:183} INFO - Processing /home/airflow/.local/lib/python3.12/site-packages/airflow/example_dags/example_branch_labels.py took 0.034 seconds
[2025-11-25T14:47:47.477+0000] {processor.py:161} INFO - Started process (PID=2281) to work on /home/airflow/.local/lib/python3.12/site-packages/airflow/example_dags/example_branch_labels.py
[2025-11-25T14:47:47.478+0000] {processor.py:830} INFO - Processing file /home/airflow/.local/lib/python3.12/site-packages/airflow/example_dags/example_branch_labels.py for tasks to queue
[2025-11-25T14:47:47.479+0000] {logging_mixin.py:188} INFO - [2025-11-25T14:47:47.479+0000] {dagbag.py:545} INFO - Filling up the DagBag from /home/airflow/.local/lib/python3.12/site-packages/airflow/example_dags/example_branch_labels.py
[2025-11-25T14:47:47.482+0000] {processor.py:840} INFO - DAG(s) 'example_branch_labels' retrieved from /home/airflow/.local/lib/python3.12/site-packages/airflow/example_dags/example_branch_labels.py
[2025-11-25T14:47:47.493+0000] {logging_mixin.py:188} INFO - [2025-11-25T14:47:47.493+0000] {dag.py:3096} INFO - Sync 1 DAGs
[2025-11-25T14:47:47.501+0000] {logging_mixin.py:188} INFO - [2025-11-25T14:47:47.501+0000] {dag.py:3954} INFO - Setting next_dagrun for example_branch_labels to 2025-11-24 00:00:00+00:00, run_after=2025-11-25 00:00:00+00:00
[2025-11-25T14:47:47.509+0000] {processor.py:183} INFO - Processing /home/airflow/.local/lib/python3.12/site-packages/airflow/example_dags/example_branch_labels.py took 0.034 seconds
[2025-11-25T14:48:18.275+0000] {processor.py:161} INFO - Started process (PID=2339) to work on /home/airflow/.local/lib/python3.12/site-packages/airflow/example_dags/example_branch_labels.py
[2025-11-25T14:48:18.275+0000] {processor.py:830} INFO - Processing file /home/airflow/.local/lib/python3.12/site-packages/airflow/example_dags/example_branch_labels.py for tasks to queue
[2025-11-25T14:48:18.276+0000] {logging_mixin.py:188} INFO - [2025-11-25T14:48:18.276+0000] {dagbag.py:545} INFO - Filling up the DagBag from /home/airflow/.local/lib/python3.12/site-packages/airflow/example_dags/example_branch_labels.py
[2025-11-25T14:48:18.279+0000] {processor.py:840} INFO - DAG(s) 'example_branch_labels' retrieved from /home/airflow/.local/lib/python3.12/site-packages/airflow/example_dags/example_branch_labels.py
[2025-11-25T14:48:18.289+0000] {logging_mixin.py:188} INFO - [2025-11-25T14:48:18.289+0000] {dag.py:3096} INFO - Sync 1 DAGs
[2025-11-25T14:48:18.299+0000] {logging_mixin.py:188} INFO - [2025-11-25T14:48:18.299+0000] {dag.py:3954} INFO - Setting next_dagrun for example_branch_labels to 2025-11-24 00:00:00+00:00, run_after=2025-11-25 00:00:00+00:00
[2025-11-25T14:48:18.308+0000] {processor.py:183} INFO - Processing /home/airflow/.local/lib/python3.12/site-packages/airflow/example_dags/example_branch_labels.py took 0.036 seconds
[2025-11-25T14:48:48.794+0000] {processor.py:161} INFO - Started process (PID=2397) to work on /home/airflow/.local/lib/python3.12/site-packages/airflow/example_dags/example_branch_labels.py
[2025-11-25T14:48:48.794+0000] {processor.py:830} INFO - Processing file /home/airflow/.local/lib/python3.12/site-packages/airflow/example_dags/example_branch_labels.py for tasks to queue
[2025-11-25T14:48:48.795+0000] {logging_mixin.py:188} INFO - [2025-11-25T14:48:48.795+0000] {dagbag.py:545} INFO - Filling up the DagBag from /home/airflow/.local/lib/python3.12/site-packages/airflow/example_dags/example_branch_labels.py
[2025-11-25T14:48:48.797+0000] {processor.py:840} INFO - DAG(s) 'example_branch_labels' retrieved from /home/airflow/.local/lib/python3.12/site-packages/airflow/example_dags/example_branch_labels.py
[2025-11-25T14:48:48.806+0000] {logging_mixin.py:188} INFO - [2025-11-25T14:48:48.806+0000] {dag.py:3096} INFO - Sync 1 DAGs
[2025-11-25T14:48:48.814+0000] {logging_mixin.py:188} INFO - [2025-11-25T14:48:48.814+0000] {dag.py:3954} INFO - Setting next_dagrun for example_branch_labels to 2025-11-24 00:00:00+00:00, run_after=2025-11-25 00:00:00+00:00
[2025-11-25T14:48:48.820+0000] {processor.py:183} INFO - Processing /home/airflow/.local/lib/python3.12/site-packages/airflow/example_dags/example_branch_labels.py took 0.029 seconds
[2025-11-25T14:49:19.628+0000] {processor.py:161} INFO - Started process (PID=2455) to work on /home/airflow/.local/lib/python3.12/site-packages/airflow/example_dags/example_branch_labels.py
[2025-11-25T14:49:19.630+0000] {processor.py:830} INFO - Processing file /home/airflow/.local/lib/python3.12/site-packages/airflow/example_dags/example_branch_labels.py for tasks to queue
[2025-11-25T14:49:19.631+0000] {logging_mixin.py:188} INFO - [2025-11-25T14:49:19.631+0000] {dagbag.py:545} INFO - Filling up the DagBag from /home/airflow/.local/lib/python3.12/site-packages/airflow/example_dags/example_branch_labels.py
[2025-11-25T14:49:19.635+0000] {processor.py:840} INFO - DAG(s) 'example_branch_labels' retrieved from /home/airflow/.local/lib/python3.12/site-packages/airflow/example_dags/example_branch_labels.py
[2025-11-25T14:49:19.645+0000] {logging_mixin.py:188} INFO - [2025-11-25T14:49:19.645+0000] {dag.py:3096} INFO - Sync 1 DAGs
[2025-11-25T14:49:19.653+0000] {logging_mixin.py:188} INFO - [2025-11-25T14:49:19.653+0000] {dag.py:3954} INFO - Setting next_dagrun for example_branch_labels to 2025-11-24 00:00:00+00:00, run_after=2025-11-25 00:00:00+00:00
[2025-11-25T14:49:19.662+0000] {processor.py:183} INFO - Processing /home/airflow/.local/lib/python3.12/site-packages/airflow/example_dags/example_branch_labels.py took 0.036 seconds
[2025-11-25T14:49:50.286+0000] {processor.py:161} INFO - Started process (PID=2513) to work on /home/airflow/.local/lib/python3.12/site-packages/airflow/example_dags/example_branch_labels.py
[2025-11-25T14:49:50.287+0000] {processor.py:830} INFO - Processing file /home/airflow/.local/lib/python3.12/site-packages/airflow/example_dags/example_branch_labels.py for tasks to queue
[2025-11-25T14:49:50.288+0000] {logging_mixin.py:188} INFO - [2025-11-25T14:49:50.287+0000] {dagbag.py:545} INFO - Filling up the DagBag from /home/airflow/.local/lib/python3.12/site-packages/airflow/example_dags/example_branch_labels.py
[2025-11-25T14:49:50.291+0000] {processor.py:840} INFO - DAG(s) 'example_branch_labels' retrieved from /home/airflow/.local/lib/python3.12/site-packages/airflow/example_dags/example_branch_labels.py
[2025-11-25T14:49:50.302+0000] {logging_mixin.py:188} INFO - [2025-11-25T14:49:50.302+0000] {dag.py:3096} INFO - Sync 1 DAGs
[2025-11-25T14:49:50.314+0000] {logging_mixin.py:188} INFO - [2025-11-25T14:49:50.314+0000] {dag.py:3954} INFO - Setting next_dagrun for example_branch_labels to 2025-11-24 00:00:00+00:00, run_after=2025-11-25 00:00:00+00:00
[2025-11-25T14:49:50.325+0000] {processor.py:183} INFO - Processing /home/airflow/.local/lib/python3.12/site-packages/airflow/example_dags/example_branch_labels.py took 0.041 seconds
[2025-11-25T14:50:21.047+0000] {processor.py:161} INFO - Started process (PID=2571) to work on /home/airflow/.local/lib/python3.12/site-packages/airflow/example_dags/example_branch_labels.py
[2025-11-25T14:50:21.048+0000] {processor.py:830} INFO - Processing file /home/airflow/.local/lib/python3.12/site-packages/airflow/example_dags/example_branch_labels.py for tasks to queue
[2025-11-25T14:50:21.048+0000] {logging_mixin.py:188} INFO - [2025-11-25T14:50:21.048+0000] {dagbag.py:545} INFO - Filling up the DagBag from /home/airflow/.local/lib/python3.12/site-packages/airflow/example_dags/example_branch_labels.py
[2025-11-25T14:50:21.051+0000] {processor.py:840} INFO - DAG(s) 'example_branch_labels' retrieved from /home/airflow/.local/lib/python3.12/site-packages/airflow/example_dags/example_branch_labels.py
[2025-11-25T14:50:21.065+0000] {logging_mixin.py:188} INFO - [2025-11-25T14:50:21.065+0000] {dag.py:3096} INFO - Sync 1 DAGs
[2025-11-25T14:50:21.076+0000] {logging_mixin.py:188} INFO - [2025-11-25T14:50:21.076+0000] {dag.py:3954} INFO - Setting next_dagrun for example_branch_labels to 2025-11-24 00:00:00+00:00, run_after=2025-11-25 00:00:00+00:00
[2025-11-25T14:50:21.082+0000] {processor.py:183} INFO - Processing /home/airflow/.local/lib/python3.12/site-packages/airflow/example_dags/example_branch_labels.py took 0.038 seconds
[2025-11-25T14:50:51.900+0000] {processor.py:161} INFO - Started process (PID=2629) to work on /home/airflow/.local/lib/python3.12/site-packages/airflow/example_dags/example_branch_labels.py
[2025-11-25T14:50:51.903+0000] {processor.py:830} INFO - Processing file /home/airflow/.local/lib/python3.12/site-packages/airflow/example_dags/example_branch_labels.py for tasks to queue
[2025-11-25T14:50:51.904+0000] {logging_mixin.py:188} INFO - [2025-11-25T14:50:51.904+0000] {dagbag.py:545} INFO - Filling up the DagBag from /home/airflow/.local/lib/python3.12/site-packages/airflow/example_dags/example_branch_labels.py
[2025-11-25T14:50:51.907+0000] {processor.py:840} INFO - DAG(s) 'example_branch_labels' retrieved from /home/airflow/.local/lib/python3.12/site-packages/airflow/example_dags/example_branch_labels.py
[2025-11-25T14:50:51.922+0000] {logging_mixin.py:188} INFO - [2025-11-25T14:50:51.921+0000] {dag.py:3096} INFO - Sync 1 DAGs
[2025-11-25T14:50:51.930+0000] {logging_mixin.py:188} INFO - [2025-11-25T14:50:51.930+0000] {dag.py:3954} INFO - Setting next_dagrun for example_branch_labels to 2025-11-24 00:00:00+00:00, run_after=2025-11-25 00:00:00+00:00
[2025-11-25T14:50:51.936+0000] {processor.py:183} INFO - Processing /home/airflow/.local/lib/python3.12/site-packages/airflow/example_dags/example_branch_labels.py took 0.038 seconds
[2025-11-25T14:51:22.667+0000] {processor.py:161} INFO - Started process (PID=2687) to work on /home/airflow/.local/lib/python3.12/site-packages/airflow/example_dags/example_branch_labels.py
[2025-11-25T14:51:22.669+0000] {processor.py:830} INFO - Processing file /home/airflow/.local/lib/python3.12/site-packages/airflow/example_dags/example_branch_labels.py for tasks to queue
[2025-11-25T14:51:22.670+0000] {logging_mixin.py:188} INFO - [2025-11-25T14:51:22.670+0000] {dagbag.py:545} INFO - Filling up the DagBag from /home/airflow/.local/lib/python3.12/site-packages/airflow/example_dags/example_branch_labels.py
[2025-11-25T14:51:22.674+0000] {processor.py:840} INFO - DAG(s) 'example_branch_labels' retrieved from /home/airflow/.local/lib/python3.12/site-packages/airflow/example_dags/example_branch_labels.py
[2025-11-25T14:51:22.687+0000] {logging_mixin.py:188} INFO - [2025-11-25T14:51:22.687+0000] {dag.py:3096} INFO - Sync 1 DAGs
[2025-11-25T14:51:22.697+0000] {logging_mixin.py:188} INFO - [2025-11-25T14:51:22.697+0000] {dag.py:3954} INFO - Setting next_dagrun for example_branch_labels to 2025-11-24 00:00:00+00:00, run_after=2025-11-25 00:00:00+00:00
[2025-11-25T14:51:22.706+0000] {processor.py:183} INFO - Processing /home/airflow/.local/lib/python3.12/site-packages/airflow/example_dags/example_branch_labels.py took 0.040 seconds
[2025-11-25T14:51:53.319+0000] {processor.py:161} INFO - Started process (PID=2745) to work on /home/airflow/.local/lib/python3.12/site-packages/airflow/example_dags/example_branch_labels.py
[2025-11-25T14:51:53.321+0000] {processor.py:830} INFO - Processing file /home/airflow/.local/lib/python3.12/site-packages/airflow/example_dags/example_branch_labels.py for tasks to queue
[2025-11-25T14:51:53.323+0000] {logging_mixin.py:188} INFO - [2025-11-25T14:51:53.323+0000] {dagbag.py:545} INFO - Filling up the DagBag from /home/airflow/.local/lib/python3.12/site-packages/airflow/example_dags/example_branch_labels.py
[2025-11-25T14:51:53.328+0000] {processor.py:840} INFO - DAG(s) 'example_branch_labels' retrieved from /home/airflow/.local/lib/python3.12/site-packages/airflow/example_dags/example_branch_labels.py
[2025-11-25T14:51:53.341+0000] {logging_mixin.py:188} INFO - [2025-11-25T14:51:53.341+0000] {dag.py:3096} INFO - Sync 1 DAGs
[2025-11-25T14:51:53.350+0000] {logging_mixin.py:188} INFO - [2025-11-25T14:51:53.350+0000] {dag.py:3954} INFO - Setting next_dagrun for example_branch_labels to 2025-11-24 00:00:00+00:00, run_after=2025-11-25 00:00:00+00:00
[2025-11-25T14:51:53.356+0000] {processor.py:183} INFO - Processing /home/airflow/.local/lib/python3.12/site-packages/airflow/example_dags/example_branch_labels.py took 0.039 seconds
[2025-11-25T14:52:23.981+0000] {processor.py:161} INFO - Started process (PID=2803) to work on /home/airflow/.local/lib/python3.12/site-packages/airflow/example_dags/example_branch_labels.py
[2025-11-25T14:52:23.983+0000] {processor.py:830} INFO - Processing file /home/airflow/.local/lib/python3.12/site-packages/airflow/example_dags/example_branch_labels.py for tasks to queue
[2025-11-25T14:52:23.985+0000] {logging_mixin.py:188} INFO - [2025-11-25T14:52:23.984+0000] {dagbag.py:545} INFO - Filling up the DagBag from /home/airflow/.local/lib/python3.12/site-packages/airflow/example_dags/example_branch_labels.py
[2025-11-25T14:52:23.988+0000] {processor.py:840} INFO - DAG(s) 'example_branch_labels' retrieved from /home/airflow/.local/lib/python3.12/site-packages/airflow/example_dags/example_branch_labels.py
[2025-11-25T14:52:24.001+0000] {logging_mixin.py:188} INFO - [2025-11-25T14:52:24.001+0000] {dag.py:3096} INFO - Sync 1 DAGs
[2025-11-25T14:52:24.009+0000] {logging_mixin.py:188} INFO - [2025-11-25T14:52:24.009+0000] {dag.py:3954} INFO - Setting next_dagrun for example_branch_labels to 2025-11-24 00:00:00+00:00, run_after=2025-11-25 00:00:00+00:00
[2025-11-25T14:52:24.020+0000] {processor.py:183} INFO - Processing /home/airflow/.local/lib/python3.12/site-packages/airflow/example_dags/example_branch_labels.py took 0.041 seconds
[2025-11-25T14:52:54.693+0000] {processor.py:161} INFO - Started process (PID=2861) to work on /home/airflow/.local/lib/python3.12/site-packages/airflow/example_dags/example_branch_labels.py
[2025-11-25T14:52:54.695+0000] {processor.py:830} INFO - Processing file /home/airflow/.local/lib/python3.12/site-packages/airflow/example_dags/example_branch_labels.py for tasks to queue
[2025-11-25T14:52:54.696+0000] {logging_mixin.py:188} INFO - [2025-11-25T14:52:54.696+0000] {dagbag.py:545} INFO - Filling up the DagBag from /home/airflow/.local/lib/python3.12/site-packages/airflow/example_dags/example_branch_labels.py
[2025-11-25T14:52:54.699+0000] {processor.py:840} INFO - DAG(s) 'example_branch_labels' retrieved from /home/airflow/.local/lib/python3.12/site-packages/airflow/example_dags/example_branch_labels.py
[2025-11-25T14:52:54.709+0000] {logging_mixin.py:188} INFO - [2025-11-25T14:52:54.709+0000] {dag.py:3096} INFO - Sync 1 DAGs
[2025-11-25T14:52:54.717+0000] {logging_mixin.py:188} INFO - [2025-11-25T14:52:54.716+0000] {dag.py:3954} INFO - Setting next_dagrun for example_branch_labels to 2025-11-24 00:00:00+00:00, run_after=2025-11-25 00:00:00+00:00
[2025-11-25T14:52:54.727+0000] {processor.py:183} INFO - Processing /home/airflow/.local/lib/python3.12/site-packages/airflow/example_dags/example_branch_labels.py took 0.037 seconds
[2025-11-25T14:53:25.447+0000] {processor.py:161} INFO - Started process (PID=2919) to work on /home/airflow/.local/lib/python3.12/site-packages/airflow/example_dags/example_branch_labels.py
[2025-11-25T14:53:25.447+0000] {processor.py:830} INFO - Processing file /home/airflow/.local/lib/python3.12/site-packages/airflow/example_dags/example_branch_labels.py for tasks to queue
[2025-11-25T14:53:25.448+0000] {logging_mixin.py:188} INFO - [2025-11-25T14:53:25.448+0000] {dagbag.py:545} INFO - Filling up the DagBag from /home/airflow/.local/lib/python3.12/site-packages/airflow/example_dags/example_branch_labels.py
[2025-11-25T14:53:25.451+0000] {processor.py:840} INFO - DAG(s) 'example_branch_labels' retrieved from /home/airflow/.local/lib/python3.12/site-packages/airflow/example_dags/example_branch_labels.py
[2025-11-25T14:53:25.459+0000] {logging_mixin.py:188} INFO - [2025-11-25T14:53:25.459+0000] {dag.py:3096} INFO - Sync 1 DAGs
[2025-11-25T14:53:25.469+0000] {logging_mixin.py:188} INFO - [2025-11-25T14:53:25.468+0000] {dag.py:3954} INFO - Setting next_dagrun for example_branch_labels to 2025-11-24 00:00:00+00:00, run_after=2025-11-25 00:00:00+00:00
[2025-11-25T14:53:25.475+0000] {processor.py:183} INFO - Processing /home/airflow/.local/lib/python3.12/site-packages/airflow/example_dags/example_branch_labels.py took 0.032 seconds
[2025-11-25T14:59:09.778+0000] {processor.py:161} INFO - Started process (PID=2977) to work on /home/airflow/.local/lib/python3.12/site-packages/airflow/example_dags/example_branch_labels.py
[2025-11-25T14:59:09.780+0000] {processor.py:830} INFO - Processing file /home/airflow/.local/lib/python3.12/site-packages/airflow/example_dags/example_branch_labels.py for tasks to queue
[2025-11-25T14:59:09.781+0000] {logging_mixin.py:188} INFO - [2025-11-25T14:59:09.781+0000] {dagbag.py:545} INFO - Filling up the DagBag from /home/airflow/.local/lib/python3.12/site-packages/airflow/example_dags/example_branch_labels.py
[2025-11-25T14:59:09.784+0000] {processor.py:840} INFO - DAG(s) 'example_branch_labels' retrieved from /home/airflow/.local/lib/python3.12/site-packages/airflow/example_dags/example_branch_labels.py
[2025-11-25T14:59:09.792+0000] {logging_mixin.py:188} INFO - [2025-11-25T14:59:09.792+0000] {dag.py:3096} INFO - Sync 1 DAGs
[2025-11-25T14:59:09.803+0000] {logging_mixin.py:188} INFO - [2025-11-25T14:59:09.803+0000] {dag.py:3954} INFO - Setting next_dagrun for example_branch_labels to 2025-11-24 00:00:00+00:00, run_after=2025-11-25 00:00:00+00:00
[2025-11-25T14:59:09.811+0000] {processor.py:183} INFO - Processing /home/airflow/.local/lib/python3.12/site-packages/airflow/example_dags/example_branch_labels.py took 0.035 seconds
[2025-11-25T15:14:03.012+0000] {processor.py:161} INFO - Started process (PID=3035) to work on /home/airflow/.local/lib/python3.12/site-packages/airflow/example_dags/example_branch_labels.py
[2025-11-25T15:14:03.013+0000] {processor.py:830} INFO - Processing file /home/airflow/.local/lib/python3.12/site-packages/airflow/example_dags/example_branch_labels.py for tasks to queue
[2025-11-25T15:14:03.014+0000] {logging_mixin.py:188} INFO - [2025-11-25T15:14:03.014+0000] {dagbag.py:545} INFO - Filling up the DagBag from /home/airflow/.local/lib/python3.12/site-packages/airflow/example_dags/example_branch_labels.py
[2025-11-25T15:14:03.017+0000] {processor.py:840} INFO - DAG(s) 'example_branch_labels' retrieved from /home/airflow/.local/lib/python3.12/site-packages/airflow/example_dags/example_branch_labels.py
[2025-11-25T15:14:03.024+0000] {logging_mixin.py:188} INFO - [2025-11-25T15:14:03.024+0000] {dag.py:3096} INFO - Sync 1 DAGs
[2025-11-25T15:14:03.032+0000] {logging_mixin.py:188} INFO - [2025-11-25T15:14:03.032+0000] {dag.py:3954} INFO - Setting next_dagrun for example_branch_labels to 2025-11-24 00:00:00+00:00, run_after=2025-11-25 00:00:00+00:00
[2025-11-25T15:14:03.038+0000] {processor.py:183} INFO - Processing /home/airflow/.local/lib/python3.12/site-packages/airflow/example_dags/example_branch_labels.py took 0.028 seconds
[2025-11-25T15:15:17.205+0000] {processor.py:161} INFO - Started process (PID=3093) to work on /home/airflow/.local/lib/python3.12/site-packages/airflow/example_dags/example_branch_labels.py
[2025-11-25T15:15:17.206+0000] {processor.py:830} INFO - Processing file /home/airflow/.local/lib/python3.12/site-packages/airflow/example_dags/example_branch_labels.py for tasks to queue
[2025-11-25T15:15:17.207+0000] {logging_mixin.py:188} INFO - [2025-11-25T15:15:17.207+0000] {dagbag.py:545} INFO - Filling up the DagBag from /home/airflow/.local/lib/python3.12/site-packages/airflow/example_dags/example_branch_labels.py
[2025-11-25T15:15:17.210+0000] {processor.py:840} INFO - DAG(s) 'example_branch_labels' retrieved from /home/airflow/.local/lib/python3.12/site-packages/airflow/example_dags/example_branch_labels.py
[2025-11-25T15:15:17.218+0000] {logging_mixin.py:188} INFO - [2025-11-25T15:15:17.218+0000] {dag.py:3096} INFO - Sync 1 DAGs
[2025-11-25T15:15:17.229+0000] {logging_mixin.py:188} INFO - [2025-11-25T15:15:17.229+0000] {dag.py:3954} INFO - Setting next_dagrun for example_branch_labels to 2025-11-24 00:00:00+00:00, run_after=2025-11-25 00:00:00+00:00
[2025-11-25T15:15:17.235+0000] {processor.py:183} INFO - Processing /home/airflow/.local/lib/python3.12/site-packages/airflow/example_dags/example_branch_labels.py took 0.032 seconds
[2025-11-25T15:15:47.752+0000] {processor.py:161} INFO - Started process (PID=3151) to work on /home/airflow/.local/lib/python3.12/site-packages/airflow/example_dags/example_branch_labels.py
[2025-11-25T15:15:47.753+0000] {processor.py:830} INFO - Processing file /home/airflow/.local/lib/python3.12/site-packages/airflow/example_dags/example_branch_labels.py for tasks to queue
[2025-11-25T15:15:47.755+0000] {logging_mixin.py:188} INFO - [2025-11-25T15:15:47.754+0000] {dagbag.py:545} INFO - Filling up the DagBag from /home/airflow/.local/lib/python3.12/site-packages/airflow/example_dags/example_branch_labels.py
[2025-11-25T15:15:47.758+0000] {processor.py:840} INFO - DAG(s) 'example_branch_labels' retrieved from /home/airflow/.local/lib/python3.12/site-packages/airflow/example_dags/example_branch_labels.py
[2025-11-25T15:15:47.767+0000] {logging_mixin.py:188} INFO - [2025-11-25T15:15:47.767+0000] {dag.py:3096} INFO - Sync 1 DAGs
[2025-11-25T15:15:47.779+0000] {logging_mixin.py:188} INFO - [2025-11-25T15:15:47.779+0000] {dag.py:3954} INFO - Setting next_dagrun for example_branch_labels to 2025-11-24 00:00:00+00:00, run_after=2025-11-25 00:00:00+00:00
[2025-11-25T15:15:47.786+0000] {processor.py:183} INFO - Processing /home/airflow/.local/lib/python3.12/site-packages/airflow/example_dags/example_branch_labels.py took 0.036 seconds
[2025-11-25T15:16:18.503+0000] {processor.py:161} INFO - Started process (PID=3209) to work on /home/airflow/.local/lib/python3.12/site-packages/airflow/example_dags/example_branch_labels.py
[2025-11-25T15:16:18.505+0000] {processor.py:830} INFO - Processing file /home/airflow/.local/lib/python3.12/site-packages/airflow/example_dags/example_branch_labels.py for tasks to queue
[2025-11-25T15:16:18.506+0000] {logging_mixin.py:188} INFO - [2025-11-25T15:16:18.506+0000] {dagbag.py:545} INFO - Filling up the DagBag from /home/airflow/.local/lib/python3.12/site-packages/airflow/example_dags/example_branch_labels.py
[2025-11-25T15:16:18.510+0000] {processor.py:840} INFO - DAG(s) 'example_branch_labels' retrieved from /home/airflow/.local/lib/python3.12/site-packages/airflow/example_dags/example_branch_labels.py
[2025-11-25T15:16:18.521+0000] {logging_mixin.py:188} INFO - [2025-11-25T15:16:18.521+0000] {dag.py:3096} INFO - Sync 1 DAGs
[2025-11-25T15:16:18.529+0000] {logging_mixin.py:188} INFO - [2025-11-25T15:16:18.529+0000] {dag.py:3954} INFO - Setting next_dagrun for example_branch_labels to 2025-11-24 00:00:00+00:00, run_after=2025-11-25 00:00:00+00:00
[2025-11-25T15:16:18.537+0000] {processor.py:183} INFO - Processing /home/airflow/.local/lib/python3.12/site-packages/airflow/example_dags/example_branch_labels.py took 0.037 seconds
[2025-11-25T15:16:49.086+0000] {processor.py:161} INFO - Started process (PID=3267) to work on /home/airflow/.local/lib/python3.12/site-packages/airflow/example_dags/example_branch_labels.py
[2025-11-25T15:16:49.086+0000] {processor.py:830} INFO - Processing file /home/airflow/.local/lib/python3.12/site-packages/airflow/example_dags/example_branch_labels.py for tasks to queue
[2025-11-25T15:16:49.087+0000] {logging_mixin.py:188} INFO - [2025-11-25T15:16:49.087+0000] {dagbag.py:545} INFO - Filling up the DagBag from /home/airflow/.local/lib/python3.12/site-packages/airflow/example_dags/example_branch_labels.py
[2025-11-25T15:16:49.090+0000] {processor.py:840} INFO - DAG(s) 'example_branch_labels' retrieved from /home/airflow/.local/lib/python3.12/site-packages/airflow/example_dags/example_branch_labels.py
[2025-11-25T15:16:49.098+0000] {logging_mixin.py:188} INFO - [2025-11-25T15:16:49.098+0000] {dag.py:3096} INFO - Sync 1 DAGs
[2025-11-25T15:16:49.107+0000] {logging_mixin.py:188} INFO - [2025-11-25T15:16:49.107+0000] {dag.py:3954} INFO - Setting next_dagrun for example_branch_labels to 2025-11-24 00:00:00+00:00, run_after=2025-11-25 00:00:00+00:00
[2025-11-25T15:16:49.117+0000] {processor.py:183} INFO - Processing /home/airflow/.local/lib/python3.12/site-packages/airflow/example_dags/example_branch_labels.py took 0.034 seconds
[2025-11-25T15:17:19.593+0000] {processor.py:161} INFO - Started process (PID=3324) to work on /home/airflow/.local/lib/python3.12/site-packages/airflow/example_dags/example_branch_labels.py
[2025-11-25T15:17:19.594+0000] {processor.py:830} INFO - Processing file /home/airflow/.local/lib/python3.12/site-packages/airflow/example_dags/example_branch_labels.py for tasks to queue
[2025-11-25T15:17:19.595+0000] {logging_mixin.py:188} INFO - [2025-11-25T15:17:19.595+0000] {dagbag.py:545} INFO - Filling up the DagBag from /home/airflow/.local/lib/python3.12/site-packages/airflow/example_dags/example_branch_labels.py
[2025-11-25T15:17:19.598+0000] {processor.py:840} INFO - DAG(s) 'example_branch_labels' retrieved from /home/airflow/.local/lib/python3.12/site-packages/airflow/example_dags/example_branch_labels.py
[2025-11-25T15:17:19.607+0000] {logging_mixin.py:188} INFO - [2025-11-25T15:17:19.607+0000] {dag.py:3096} INFO - Sync 1 DAGs
[2025-11-25T15:17:19.615+0000] {logging_mixin.py:188} INFO - [2025-11-25T15:17:19.615+0000] {dag.py:3954} INFO - Setting next_dagrun for example_branch_labels to 2025-11-24 00:00:00+00:00, run_after=2025-11-25 00:00:00+00:00
[2025-11-25T15:17:19.622+0000] {processor.py:183} INFO - Processing /home/airflow/.local/lib/python3.12/site-packages/airflow/example_dags/example_branch_labels.py took 0.031 seconds
[2025-11-25T15:17:50.219+0000] {processor.py:161} INFO - Started process (PID=3382) to work on /home/airflow/.local/lib/python3.12/site-packages/airflow/example_dags/example_branch_labels.py
[2025-11-25T15:17:50.221+0000] {processor.py:830} INFO - Processing file /home/airflow/.local/lib/python3.12/site-packages/airflow/example_dags/example_branch_labels.py for tasks to queue
[2025-11-25T15:17:50.223+0000] {logging_mixin.py:188} INFO - [2025-11-25T15:17:50.223+0000] {dagbag.py:545} INFO - Filling up the DagBag from /home/airflow/.local/lib/python3.12/site-packages/airflow/example_dags/example_branch_labels.py
[2025-11-25T15:17:50.227+0000] {processor.py:840} INFO - DAG(s) 'example_branch_labels' retrieved from /home/airflow/.local/lib/python3.12/site-packages/airflow/example_dags/example_branch_labels.py
[2025-11-25T15:17:50.238+0000] {logging_mixin.py:188} INFO - [2025-11-25T15:17:50.237+0000] {dag.py:3096} INFO - Sync 1 DAGs
[2025-11-25T15:17:50.247+0000] {logging_mixin.py:188} INFO - [2025-11-25T15:17:50.247+0000] {dag.py:3954} INFO - Setting next_dagrun for example_branch_labels to 2025-11-24 00:00:00+00:00, run_after=2025-11-25 00:00:00+00:00
[2025-11-25T15:17:50.254+0000] {processor.py:183} INFO - Processing /home/airflow/.local/lib/python3.12/site-packages/airflow/example_dags/example_branch_labels.py took 0.038 seconds
[2025-11-25T15:18:20.670+0000] {processor.py:161} INFO - Started process (PID=3440) to work on /home/airflow/.local/lib/python3.12/site-packages/airflow/example_dags/example_branch_labels.py
[2025-11-25T15:18:20.670+0000] {processor.py:830} INFO - Processing file /home/airflow/.local/lib/python3.12/site-packages/airflow/example_dags/example_branch_labels.py for tasks to queue
[2025-11-25T15:18:20.671+0000] {logging_mixin.py:188} INFO - [2025-11-25T15:18:20.671+0000] {dagbag.py:545} INFO - Filling up the DagBag from /home/airflow/.local/lib/python3.12/site-packages/airflow/example_dags/example_branch_labels.py
[2025-11-25T15:18:20.674+0000] {processor.py:840} INFO - DAG(s) 'example_branch_labels' retrieved from /home/airflow/.local/lib/python3.12/site-packages/airflow/example_dags/example_branch_labels.py
[2025-11-25T15:18:20.684+0000] {logging_mixin.py:188} INFO - [2025-11-25T15:18:20.684+0000] {dag.py:3096} INFO - Sync 1 DAGs
[2025-11-25T15:18:20.693+0000] {logging_mixin.py:188} INFO - [2025-11-25T15:18:20.693+0000] {dag.py:3954} INFO - Setting next_dagrun for example_branch_labels to 2025-11-24 00:00:00+00:00, run_after=2025-11-25 00:00:00+00:00
[2025-11-25T15:18:20.699+0000] {processor.py:183} INFO - Processing /home/airflow/.local/lib/python3.12/site-packages/airflow/example_dags/example_branch_labels.py took 0.032 seconds
[2025-11-25T15:18:51.135+0000] {processor.py:161} INFO - Started process (PID=3498) to work on /home/airflow/.local/lib/python3.12/site-packages/airflow/example_dags/example_branch_labels.py
[2025-11-25T15:18:51.135+0000] {processor.py:830} INFO - Processing file /home/airflow/.local/lib/python3.12/site-packages/airflow/example_dags/example_branch_labels.py for tasks to queue
[2025-11-25T15:18:51.136+0000] {logging_mixin.py:188} INFO - [2025-11-25T15:18:51.136+0000] {dagbag.py:545} INFO - Filling up the DagBag from /home/airflow/.local/lib/python3.12/site-packages/airflow/example_dags/example_branch_labels.py
[2025-11-25T15:18:51.139+0000] {processor.py:840} INFO - DAG(s) 'example_branch_labels' retrieved from /home/airflow/.local/lib/python3.12/site-packages/airflow/example_dags/example_branch_labels.py
[2025-11-25T15:18:51.148+0000] {logging_mixin.py:188} INFO - [2025-11-25T15:18:51.148+0000] {dag.py:3096} INFO - Sync 1 DAGs
[2025-11-25T15:18:51.157+0000] {logging_mixin.py:188} INFO - [2025-11-25T15:18:51.157+0000] {dag.py:3954} INFO - Setting next_dagrun for example_branch_labels to 2025-11-24 00:00:00+00:00, run_after=2025-11-25 00:00:00+00:00
[2025-11-25T15:18:51.162+0000] {processor.py:183} INFO - Processing /home/airflow/.local/lib/python3.12/site-packages/airflow/example_dags/example_branch_labels.py took 0.030 seconds
[2025-11-25T15:19:21.608+0000] {processor.py:161} INFO - Started process (PID=3556) to work on /home/airflow/.local/lib/python3.12/site-packages/airflow/example_dags/example_branch_labels.py
[2025-11-25T15:19:21.609+0000] {processor.py:830} INFO - Processing file /home/airflow/.local/lib/python3.12/site-packages/airflow/example_dags/example_branch_labels.py for tasks to queue
[2025-11-25T15:19:21.610+0000] {logging_mixin.py:188} INFO - [2025-11-25T15:19:21.610+0000] {dagbag.py:545} INFO - Filling up the DagBag from /home/airflow/.local/lib/python3.12/site-packages/airflow/example_dags/example_branch_labels.py
[2025-11-25T15:19:21.613+0000] {processor.py:840} INFO - DAG(s) 'example_branch_labels' retrieved from /home/airflow/.local/lib/python3.12/site-packages/airflow/example_dags/example_branch_labels.py
[2025-11-25T15:19:21.621+0000] {logging_mixin.py:188} INFO - [2025-11-25T15:19:21.621+0000] {dag.py:3096} INFO - Sync 1 DAGs
[2025-11-25T15:19:21.629+0000] {logging_mixin.py:188} INFO - [2025-11-25T15:19:21.629+0000] {dag.py:3954} INFO - Setting next_dagrun for example_branch_labels to 2025-11-24 00:00:00+00:00, run_after=2025-11-25 00:00:00+00:00
[2025-11-25T15:19:21.635+0000] {processor.py:183} INFO - Processing /home/airflow/.local/lib/python3.12/site-packages/airflow/example_dags/example_branch_labels.py took 0.030 seconds
[2025-11-25T15:19:51.934+0000] {processor.py:161} INFO - Started process (PID=3614) to work on /home/airflow/.local/lib/python3.12/site-packages/airflow/example_dags/example_branch_labels.py
[2025-11-25T15:19:51.934+0000] {processor.py:830} INFO - Processing file /home/airflow/.local/lib/python3.12/site-packages/airflow/example_dags/example_branch_labels.py for tasks to queue
[2025-11-25T15:19:51.935+0000] {logging_mixin.py:188} INFO - [2025-11-25T15:19:51.935+0000] {dagbag.py:545} INFO - Filling up the DagBag from /home/airflow/.local/lib/python3.12/site-packages/airflow/example_dags/example_branch_labels.py
[2025-11-25T15:19:51.938+0000] {processor.py:840} INFO - DAG(s) 'example_branch_labels' retrieved from /home/airflow/.local/lib/python3.12/site-packages/airflow/example_dags/example_branch_labels.py
[2025-11-25T15:19:51.948+0000] {logging_mixin.py:188} INFO - [2025-11-25T15:19:51.948+0000] {dag.py:3096} INFO - Sync 1 DAGs
[2025-11-25T15:19:51.955+0000] {logging_mixin.py:188} INFO - [2025-11-25T15:19:51.955+0000] {dag.py:3954} INFO - Setting next_dagrun for example_branch_labels to 2025-11-24 00:00:00+00:00, run_after=2025-11-25 00:00:00+00:00
[2025-11-25T15:19:51.961+0000] {processor.py:183} INFO - Processing /home/airflow/.local/lib/python3.12/site-packages/airflow/example_dags/example_branch_labels.py took 0.030 seconds
[2025-11-25T15:20:22.317+0000] {processor.py:161} INFO - Started process (PID=3672) to work on /home/airflow/.local/lib/python3.12/site-packages/airflow/example_dags/example_branch_labels.py
[2025-11-25T15:20:22.318+0000] {processor.py:830} INFO - Processing file /home/airflow/.local/lib/python3.12/site-packages/airflow/example_dags/example_branch_labels.py for tasks to queue
[2025-11-25T15:20:22.319+0000] {logging_mixin.py:188} INFO - [2025-11-25T15:20:22.318+0000] {dagbag.py:545} INFO - Filling up the DagBag from /home/airflow/.local/lib/python3.12/site-packages/airflow/example_dags/example_branch_labels.py
[2025-11-25T15:20:22.321+0000] {processor.py:840} INFO - DAG(s) 'example_branch_labels' retrieved from /home/airflow/.local/lib/python3.12/site-packages/airflow/example_dags/example_branch_labels.py
[2025-11-25T15:20:22.331+0000] {logging_mixin.py:188} INFO - [2025-11-25T15:20:22.331+0000] {dag.py:3096} INFO - Sync 1 DAGs
[2025-11-25T15:20:22.342+0000] {logging_mixin.py:188} INFO - [2025-11-25T15:20:22.342+0000] {dag.py:3954} INFO - Setting next_dagrun for example_branch_labels to 2025-11-24 00:00:00+00:00, run_after=2025-11-25 00:00:00+00:00
[2025-11-25T15:20:22.348+0000] {processor.py:183} INFO - Processing /home/airflow/.local/lib/python3.12/site-packages/airflow/example_dags/example_branch_labels.py took 0.034 seconds
[2025-11-25T15:20:52.729+0000] {processor.py:161} INFO - Started process (PID=3730) to work on /home/airflow/.local/lib/python3.12/site-packages/airflow/example_dags/example_branch_labels.py
[2025-11-25T15:20:52.730+0000] {processor.py:830} INFO - Processing file /home/airflow/.local/lib/python3.12/site-packages/airflow/example_dags/example_branch_labels.py for tasks to queue
[2025-11-25T15:20:52.732+0000] {logging_mixin.py:188} INFO - [2025-11-25T15:20:52.732+0000] {dagbag.py:545} INFO - Filling up the DagBag from /home/airflow/.local/lib/python3.12/site-packages/airflow/example_dags/example_branch_labels.py
[2025-11-25T15:20:52.735+0000] {processor.py:840} INFO - DAG(s) 'example_branch_labels' retrieved from /home/airflow/.local/lib/python3.12/site-packages/airflow/example_dags/example_branch_labels.py
[2025-11-25T15:20:52.744+0000] {logging_mixin.py:188} INFO - [2025-11-25T15:20:52.744+0000] {dag.py:3096} INFO - Sync 1 DAGs
[2025-11-25T15:20:52.754+0000] {logging_mixin.py:188} INFO - [2025-11-25T15:20:52.754+0000] {dag.py:3954} INFO - Setting next_dagrun for example_branch_labels to 2025-11-24 00:00:00+00:00, run_after=2025-11-25 00:00:00+00:00
[2025-11-25T15:20:52.761+0000] {processor.py:183} INFO - Processing /home/airflow/.local/lib/python3.12/site-packages/airflow/example_dags/example_branch_labels.py took 0.034 seconds
[2025-11-25T15:21:23.164+0000] {processor.py:161} INFO - Started process (PID=3788) to work on /home/airflow/.local/lib/python3.12/site-packages/airflow/example_dags/example_branch_labels.py
[2025-11-25T15:21:23.165+0000] {processor.py:830} INFO - Processing file /home/airflow/.local/lib/python3.12/site-packages/airflow/example_dags/example_branch_labels.py for tasks to queue
[2025-11-25T15:21:23.166+0000] {logging_mixin.py:188} INFO - [2025-11-25T15:21:23.166+0000] {dagbag.py:545} INFO - Filling up the DagBag from /home/airflow/.local/lib/python3.12/site-packages/airflow/example_dags/example_branch_labels.py
[2025-11-25T15:21:23.169+0000] {processor.py:840} INFO - DAG(s) 'example_branch_labels' retrieved from /home/airflow/.local/lib/python3.12/site-packages/airflow/example_dags/example_branch_labels.py
[2025-11-25T15:21:23.177+0000] {logging_mixin.py:188} INFO - [2025-11-25T15:21:23.177+0000] {dag.py:3096} INFO - Sync 1 DAGs
[2025-11-25T15:21:23.185+0000] {logging_mixin.py:188} INFO - [2025-11-25T15:21:23.185+0000] {dag.py:3954} INFO - Setting next_dagrun for example_branch_labels to 2025-11-24 00:00:00+00:00, run_after=2025-11-25 00:00:00+00:00
[2025-11-25T15:21:23.191+0000] {processor.py:183} INFO - Processing /home/airflow/.local/lib/python3.12/site-packages/airflow/example_dags/example_branch_labels.py took 0.030 seconds
[2025-11-25T15:21:53.482+0000] {processor.py:161} INFO - Started process (PID=3846) to work on /home/airflow/.local/lib/python3.12/site-packages/airflow/example_dags/example_branch_labels.py
[2025-11-25T15:21:53.482+0000] {processor.py:830} INFO - Processing file /home/airflow/.local/lib/python3.12/site-packages/airflow/example_dags/example_branch_labels.py for tasks to queue
[2025-11-25T15:21:53.483+0000] {logging_mixin.py:188} INFO - [2025-11-25T15:21:53.483+0000] {dagbag.py:545} INFO - Filling up the DagBag from /home/airflow/.local/lib/python3.12/site-packages/airflow/example_dags/example_branch_labels.py
[2025-11-25T15:21:53.487+0000] {processor.py:840} INFO - DAG(s) 'example_branch_labels' retrieved from /home/airflow/.local/lib/python3.12/site-packages/airflow/example_dags/example_branch_labels.py
[2025-11-25T15:21:53.498+0000] {logging_mixin.py:188} INFO - [2025-11-25T15:21:53.498+0000] {dag.py:3096} INFO - Sync 1 DAGs
[2025-11-25T15:21:53.507+0000] {logging_mixin.py:188} INFO - [2025-11-25T15:21:53.506+0000] {dag.py:3954} INFO - Setting next_dagrun for example_branch_labels to 2025-11-24 00:00:00+00:00, run_after=2025-11-25 00:00:00+00:00
[2025-11-25T15:21:53.513+0000] {processor.py:183} INFO - Processing /home/airflow/.local/lib/python3.12/site-packages/airflow/example_dags/example_branch_labels.py took 0.034 seconds
[2025-11-25T15:22:24.413+0000] {processor.py:161} INFO - Started process (PID=3904) to work on /home/airflow/.local/lib/python3.12/site-packages/airflow/example_dags/example_branch_labels.py
[2025-11-25T15:22:24.414+0000] {processor.py:830} INFO - Processing file /home/airflow/.local/lib/python3.12/site-packages/airflow/example_dags/example_branch_labels.py for tasks to queue
[2025-11-25T15:22:24.415+0000] {logging_mixin.py:188} INFO - [2025-11-25T15:22:24.415+0000] {dagbag.py:545} INFO - Filling up the DagBag from /home/airflow/.local/lib/python3.12/site-packages/airflow/example_dags/example_branch_labels.py
[2025-11-25T15:22:24.419+0000] {processor.py:840} INFO - DAG(s) 'example_branch_labels' retrieved from /home/airflow/.local/lib/python3.12/site-packages/airflow/example_dags/example_branch_labels.py
[2025-11-25T15:22:24.431+0000] {logging_mixin.py:188} INFO - [2025-11-25T15:22:24.431+0000] {dag.py:3096} INFO - Sync 1 DAGs
[2025-11-25T15:22:24.443+0000] {logging_mixin.py:188} INFO - [2025-11-25T15:22:24.442+0000] {dag.py:3954} INFO - Setting next_dagrun for example_branch_labels to 2025-11-24 00:00:00+00:00, run_after=2025-11-25 00:00:00+00:00
[2025-11-25T15:22:24.451+0000] {processor.py:183} INFO - Processing /home/airflow/.local/lib/python3.12/site-packages/airflow/example_dags/example_branch_labels.py took 0.040 seconds
[2025-11-25T15:22:55.299+0000] {processor.py:161} INFO - Started process (PID=3962) to work on /home/airflow/.local/lib/python3.12/site-packages/airflow/example_dags/example_branch_labels.py
[2025-11-25T15:22:55.300+0000] {processor.py:830} INFO - Processing file /home/airflow/.local/lib/python3.12/site-packages/airflow/example_dags/example_branch_labels.py for tasks to queue
[2025-11-25T15:22:55.300+0000] {logging_mixin.py:188} INFO - [2025-11-25T15:22:55.300+0000] {dagbag.py:545} INFO - Filling up the DagBag from /home/airflow/.local/lib/python3.12/site-packages/airflow/example_dags/example_branch_labels.py
[2025-11-25T15:22:55.303+0000] {processor.py:840} INFO - DAG(s) 'example_branch_labels' retrieved from /home/airflow/.local/lib/python3.12/site-packages/airflow/example_dags/example_branch_labels.py
[2025-11-25T15:22:55.312+0000] {logging_mixin.py:188} INFO - [2025-11-25T15:22:55.312+0000] {dag.py:3096} INFO - Sync 1 DAGs
[2025-11-25T15:22:55.320+0000] {logging_mixin.py:188} INFO - [2025-11-25T15:22:55.320+0000] {dag.py:3954} INFO - Setting next_dagrun for example_branch_labels to 2025-11-24 00:00:00+00:00, run_after=2025-11-25 00:00:00+00:00
[2025-11-25T15:22:55.325+0000] {processor.py:183} INFO - Processing /home/airflow/.local/lib/python3.12/site-packages/airflow/example_dags/example_branch_labels.py took 0.029 seconds
[2025-11-25T15:23:26.042+0000] {processor.py:161} INFO - Started process (PID=4020) to work on /home/airflow/.local/lib/python3.12/site-packages/airflow/example_dags/example_branch_labels.py
[2025-11-25T15:23:26.042+0000] {processor.py:830} INFO - Processing file /home/airflow/.local/lib/python3.12/site-packages/airflow/example_dags/example_branch_labels.py for tasks to queue
[2025-11-25T15:23:26.044+0000] {logging_mixin.py:188} INFO - [2025-11-25T15:23:26.043+0000] {dagbag.py:545} INFO - Filling up the DagBag from /home/airflow/.local/lib/python3.12/site-packages/airflow/example_dags/example_branch_labels.py
[2025-11-25T15:23:26.047+0000] {processor.py:840} INFO - DAG(s) 'example_branch_labels' retrieved from /home/airflow/.local/lib/python3.12/site-packages/airflow/example_dags/example_branch_labels.py
[2025-11-25T15:23:26.060+0000] {logging_mixin.py:188} INFO - [2025-11-25T15:23:26.060+0000] {dag.py:3096} INFO - Sync 1 DAGs
[2025-11-25T15:23:26.070+0000] {logging_mixin.py:188} INFO - [2025-11-25T15:23:26.070+0000] {dag.py:3954} INFO - Setting next_dagrun for example_branch_labels to 2025-11-24 00:00:00+00:00, run_after=2025-11-25 00:00:00+00:00
[2025-11-25T15:23:26.081+0000] {processor.py:183} INFO - Processing /home/airflow/.local/lib/python3.12/site-packages/airflow/example_dags/example_branch_labels.py took 0.042 seconds
[2025-11-25T15:23:56.577+0000] {processor.py:161} INFO - Started process (PID=4078) to work on /home/airflow/.local/lib/python3.12/site-packages/airflow/example_dags/example_branch_labels.py
[2025-11-25T15:23:56.577+0000] {processor.py:830} INFO - Processing file /home/airflow/.local/lib/python3.12/site-packages/airflow/example_dags/example_branch_labels.py for tasks to queue
[2025-11-25T15:23:56.578+0000] {logging_mixin.py:188} INFO - [2025-11-25T15:23:56.578+0000] {dagbag.py:545} INFO - Filling up the DagBag from /home/airflow/.local/lib/python3.12/site-packages/airflow/example_dags/example_branch_labels.py
[2025-11-25T15:23:56.582+0000] {processor.py:840} INFO - DAG(s) 'example_branch_labels' retrieved from /home/airflow/.local/lib/python3.12/site-packages/airflow/example_dags/example_branch_labels.py
[2025-11-25T15:23:56.591+0000] {logging_mixin.py:188} INFO - [2025-11-25T15:23:56.590+0000] {dag.py:3096} INFO - Sync 1 DAGs
[2025-11-25T15:23:56.599+0000] {logging_mixin.py:188} INFO - [2025-11-25T15:23:56.599+0000] {dag.py:3954} INFO - Setting next_dagrun for example_branch_labels to 2025-11-24 00:00:00+00:00, run_after=2025-11-25 00:00:00+00:00
[2025-11-25T15:23:56.606+0000] {processor.py:183} INFO - Processing /home/airflow/.local/lib/python3.12/site-packages/airflow/example_dags/example_branch_labels.py took 0.032 seconds
[2025-11-25T15:24:30.752+0000] {processor.py:161} INFO - Started process (PID=4136) to work on /home/airflow/.local/lib/python3.12/site-packages/airflow/example_dags/example_branch_labels.py
[2025-11-25T15:24:30.753+0000] {processor.py:830} INFO - Processing file /home/airflow/.local/lib/python3.12/site-packages/airflow/example_dags/example_branch_labels.py for tasks to queue
[2025-11-25T15:24:30.755+0000] {logging_mixin.py:188} INFO - [2025-11-25T15:24:30.755+0000] {dagbag.py:545} INFO - Filling up the DagBag from /home/airflow/.local/lib/python3.12/site-packages/airflow/example_dags/example_branch_labels.py
[2025-11-25T15:24:30.770+0000] {processor.py:840} INFO - DAG(s) 'example_branch_labels' retrieved from /home/airflow/.local/lib/python3.12/site-packages/airflow/example_dags/example_branch_labels.py
[2025-11-25T15:24:30.804+0000] {logging_mixin.py:188} INFO - [2025-11-25T15:24:30.803+0000] {dag.py:3096} INFO - Sync 1 DAGs
[2025-11-25T15:24:30.825+0000] {logging_mixin.py:188} INFO - [2025-11-25T15:24:30.825+0000] {dag.py:3954} INFO - Setting next_dagrun for example_branch_labels to 2025-11-24 00:00:00+00:00, run_after=2025-11-25 00:00:00+00:00
[2025-11-25T15:24:30.848+0000] {processor.py:183} INFO - Processing /home/airflow/.local/lib/python3.12/site-packages/airflow/example_dags/example_branch_labels.py took 0.100 seconds
[2025-11-25T15:25:01.615+0000] {processor.py:161} INFO - Started process (PID=4194) to work on /home/airflow/.local/lib/python3.12/site-packages/airflow/example_dags/example_branch_labels.py
[2025-11-25T15:25:01.616+0000] {processor.py:830} INFO - Processing file /home/airflow/.local/lib/python3.12/site-packages/airflow/example_dags/example_branch_labels.py for tasks to queue
[2025-11-25T15:25:01.617+0000] {logging_mixin.py:188} INFO - [2025-11-25T15:25:01.617+0000] {dagbag.py:545} INFO - Filling up the DagBag from /home/airflow/.local/lib/python3.12/site-packages/airflow/example_dags/example_branch_labels.py
[2025-11-25T15:25:01.620+0000] {processor.py:840} INFO - DAG(s) 'example_branch_labels' retrieved from /home/airflow/.local/lib/python3.12/site-packages/airflow/example_dags/example_branch_labels.py
[2025-11-25T15:25:01.631+0000] {logging_mixin.py:188} INFO - [2025-11-25T15:25:01.631+0000] {dag.py:3096} INFO - Sync 1 DAGs
[2025-11-25T15:25:01.643+0000] {logging_mixin.py:188} INFO - [2025-11-25T15:25:01.643+0000] {dag.py:3954} INFO - Setting next_dagrun for example_branch_labels to 2025-11-24 00:00:00+00:00, run_after=2025-11-25 00:00:00+00:00
[2025-11-25T15:25:01.656+0000] {processor.py:183} INFO - Processing /home/airflow/.local/lib/python3.12/site-packages/airflow/example_dags/example_branch_labels.py took 0.043 seconds
[2025-11-25T15:25:31.965+0000] {processor.py:161} INFO - Started process (PID=4258) to work on /home/airflow/.local/lib/python3.12/site-packages/airflow/example_dags/example_branch_labels.py
[2025-11-25T15:25:31.966+0000] {processor.py:830} INFO - Processing file /home/airflow/.local/lib/python3.12/site-packages/airflow/example_dags/example_branch_labels.py for tasks to queue
[2025-11-25T15:25:31.967+0000] {logging_mixin.py:188} INFO - [2025-11-25T15:25:31.967+0000] {dagbag.py:545} INFO - Filling up the DagBag from /home/airflow/.local/lib/python3.12/site-packages/airflow/example_dags/example_branch_labels.py
[2025-11-25T15:25:31.970+0000] {processor.py:840} INFO - DAG(s) 'example_branch_labels' retrieved from /home/airflow/.local/lib/python3.12/site-packages/airflow/example_dags/example_branch_labels.py
[2025-11-25T15:25:31.979+0000] {logging_mixin.py:188} INFO - [2025-11-25T15:25:31.979+0000] {dag.py:3096} INFO - Sync 1 DAGs
[2025-11-25T15:25:31.988+0000] {logging_mixin.py:188} INFO - [2025-11-25T15:25:31.988+0000] {dag.py:3954} INFO - Setting next_dagrun for example_branch_labels to 2025-11-24 00:00:00+00:00, run_after=2025-11-25 00:00:00+00:00
[2025-11-25T15:25:31.993+0000] {processor.py:183} INFO - Processing /home/airflow/.local/lib/python3.12/site-packages/airflow/example_dags/example_branch_labels.py took 0.030 seconds
[2025-11-25T15:26:02.488+0000] {processor.py:161} INFO - Started process (PID=4316) to work on /home/airflow/.local/lib/python3.12/site-packages/airflow/example_dags/example_branch_labels.py
[2025-11-25T15:26:02.488+0000] {processor.py:830} INFO - Processing file /home/airflow/.local/lib/python3.12/site-packages/airflow/example_dags/example_branch_labels.py for tasks to queue
[2025-11-25T15:26:02.489+0000] {logging_mixin.py:188} INFO - [2025-11-25T15:26:02.488+0000] {dagbag.py:545} INFO - Filling up the DagBag from /home/airflow/.local/lib/python3.12/site-packages/airflow/example_dags/example_branch_labels.py
[2025-11-25T15:26:02.491+0000] {processor.py:840} INFO - DAG(s) 'example_branch_labels' retrieved from /home/airflow/.local/lib/python3.12/site-packages/airflow/example_dags/example_branch_labels.py
[2025-11-25T15:26:02.499+0000] {logging_mixin.py:188} INFO - [2025-11-25T15:26:02.499+0000] {dag.py:3096} INFO - Sync 1 DAGs
[2025-11-25T15:26:02.506+0000] {logging_mixin.py:188} INFO - [2025-11-25T15:26:02.506+0000] {dag.py:3954} INFO - Setting next_dagrun for example_branch_labels to 2025-11-24 00:00:00+00:00, run_after=2025-11-25 00:00:00+00:00
[2025-11-25T15:26:02.512+0000] {processor.py:183} INFO - Processing /home/airflow/.local/lib/python3.12/site-packages/airflow/example_dags/example_branch_labels.py took 0.027 seconds
[2025-11-25T15:26:32.989+0000] {processor.py:161} INFO - Started process (PID=4374) to work on /home/airflow/.local/lib/python3.12/site-packages/airflow/example_dags/example_branch_labels.py
[2025-11-25T15:26:32.990+0000] {processor.py:830} INFO - Processing file /home/airflow/.local/lib/python3.12/site-packages/airflow/example_dags/example_branch_labels.py for tasks to queue
[2025-11-25T15:26:32.991+0000] {logging_mixin.py:188} INFO - [2025-11-25T15:26:32.991+0000] {dagbag.py:545} INFO - Filling up the DagBag from /home/airflow/.local/lib/python3.12/site-packages/airflow/example_dags/example_branch_labels.py
[2025-11-25T15:26:32.994+0000] {processor.py:840} INFO - DAG(s) 'example_branch_labels' retrieved from /home/airflow/.local/lib/python3.12/site-packages/airflow/example_dags/example_branch_labels.py
[2025-11-25T15:26:33.002+0000] {logging_mixin.py:188} INFO - [2025-11-25T15:26:33.002+0000] {dag.py:3096} INFO - Sync 1 DAGs
[2025-11-25T15:26:33.010+0000] {logging_mixin.py:188} INFO - [2025-11-25T15:26:33.010+0000] {dag.py:3954} INFO - Setting next_dagrun for example_branch_labels to 2025-11-24 00:00:00+00:00, run_after=2025-11-25 00:00:00+00:00
[2025-11-25T15:26:33.016+0000] {processor.py:183} INFO - Processing /home/airflow/.local/lib/python3.12/site-packages/airflow/example_dags/example_branch_labels.py took 0.029 seconds
[2025-11-25T15:27:03.950+0000] {processor.py:161} INFO - Started process (PID=4431) to work on /home/airflow/.local/lib/python3.12/site-packages/airflow/example_dags/example_branch_labels.py
[2025-11-25T15:27:03.951+0000] {processor.py:830} INFO - Processing file /home/airflow/.local/lib/python3.12/site-packages/airflow/example_dags/example_branch_labels.py for tasks to queue
[2025-11-25T15:27:03.952+0000] {logging_mixin.py:188} INFO - [2025-11-25T15:27:03.952+0000] {dagbag.py:545} INFO - Filling up the DagBag from /home/airflow/.local/lib/python3.12/site-packages/airflow/example_dags/example_branch_labels.py
[2025-11-25T15:27:03.955+0000] {processor.py:840} INFO - DAG(s) 'example_branch_labels' retrieved from /home/airflow/.local/lib/python3.12/site-packages/airflow/example_dags/example_branch_labels.py
[2025-11-25T15:27:03.964+0000] {logging_mixin.py:188} INFO - [2025-11-25T15:27:03.964+0000] {dag.py:3096} INFO - Sync 1 DAGs
[2025-11-25T15:27:03.972+0000] {logging_mixin.py:188} INFO - [2025-11-25T15:27:03.972+0000] {dag.py:3954} INFO - Setting next_dagrun for example_branch_labels to 2025-11-24 00:00:00+00:00, run_after=2025-11-25 00:00:00+00:00
[2025-11-25T15:27:03.978+0000] {processor.py:183} INFO - Processing /home/airflow/.local/lib/python3.12/site-packages/airflow/example_dags/example_branch_labels.py took 0.030 seconds
[2025-11-25T15:27:34.724+0000] {processor.py:161} INFO - Started process (PID=4489) to work on /home/airflow/.local/lib/python3.12/site-packages/airflow/example_dags/example_branch_labels.py
[2025-11-25T15:27:34.729+0000] {processor.py:830} INFO - Processing file /home/airflow/.local/lib/python3.12/site-packages/airflow/example_dags/example_branch_labels.py for tasks to queue
[2025-11-25T15:27:34.730+0000] {logging_mixin.py:188} INFO - [2025-11-25T15:27:34.730+0000] {dagbag.py:545} INFO - Filling up the DagBag from /home/airflow/.local/lib/python3.12/site-packages/airflow/example_dags/example_branch_labels.py
[2025-11-25T15:27:34.733+0000] {processor.py:840} INFO - DAG(s) 'example_branch_labels' retrieved from /home/airflow/.local/lib/python3.12/site-packages/airflow/example_dags/example_branch_labels.py
[2025-11-25T15:27:34.744+0000] {logging_mixin.py:188} INFO - [2025-11-25T15:27:34.744+0000] {dag.py:3096} INFO - Sync 1 DAGs
[2025-11-25T15:27:34.753+0000] {logging_mixin.py:188} INFO - [2025-11-25T15:27:34.753+0000] {dag.py:3954} INFO - Setting next_dagrun for example_branch_labels to 2025-11-24 00:00:00+00:00, run_after=2025-11-25 00:00:00+00:00
[2025-11-25T15:27:34.760+0000] {processor.py:183} INFO - Processing /home/airflow/.local/lib/python3.12/site-packages/airflow/example_dags/example_branch_labels.py took 0.039 seconds
[2025-11-25T15:28:05.220+0000] {processor.py:161} INFO - Started process (PID=4547) to work on /home/airflow/.local/lib/python3.12/site-packages/airflow/example_dags/example_branch_labels.py
[2025-11-25T15:28:05.220+0000] {processor.py:830} INFO - Processing file /home/airflow/.local/lib/python3.12/site-packages/airflow/example_dags/example_branch_labels.py for tasks to queue
[2025-11-25T15:28:05.221+0000] {logging_mixin.py:188} INFO - [2025-11-25T15:28:05.221+0000] {dagbag.py:545} INFO - Filling up the DagBag from /home/airflow/.local/lib/python3.12/site-packages/airflow/example_dags/example_branch_labels.py
[2025-11-25T15:28:05.224+0000] {processor.py:840} INFO - DAG(s) 'example_branch_labels' retrieved from /home/airflow/.local/lib/python3.12/site-packages/airflow/example_dags/example_branch_labels.py
[2025-11-25T15:28:05.233+0000] {logging_mixin.py:188} INFO - [2025-11-25T15:28:05.233+0000] {dag.py:3096} INFO - Sync 1 DAGs
[2025-11-25T15:28:05.240+0000] {logging_mixin.py:188} INFO - [2025-11-25T15:28:05.240+0000] {dag.py:3954} INFO - Setting next_dagrun for example_branch_labels to 2025-11-24 00:00:00+00:00, run_after=2025-11-25 00:00:00+00:00
[2025-11-25T15:28:05.246+0000] {processor.py:183} INFO - Processing /home/airflow/.local/lib/python3.12/site-packages/airflow/example_dags/example_branch_labels.py took 0.029 seconds
[2025-11-25T15:28:35.954+0000] {processor.py:161} INFO - Started process (PID=4605) to work on /home/airflow/.local/lib/python3.12/site-packages/airflow/example_dags/example_branch_labels.py
[2025-11-25T15:28:35.954+0000] {processor.py:830} INFO - Processing file /home/airflow/.local/lib/python3.12/site-packages/airflow/example_dags/example_branch_labels.py for tasks to queue
[2025-11-25T15:28:35.955+0000] {logging_mixin.py:188} INFO - [2025-11-25T15:28:35.955+0000] {dagbag.py:545} INFO - Filling up the DagBag from /home/airflow/.local/lib/python3.12/site-packages/airflow/example_dags/example_branch_labels.py
[2025-11-25T15:28:35.958+0000] {processor.py:840} INFO - DAG(s) 'example_branch_labels' retrieved from /home/airflow/.local/lib/python3.12/site-packages/airflow/example_dags/example_branch_labels.py
[2025-11-25T15:28:35.966+0000] {logging_mixin.py:188} INFO - [2025-11-25T15:28:35.966+0000] {dag.py:3096} INFO - Sync 1 DAGs
[2025-11-25T15:28:35.975+0000] {logging_mixin.py:188} INFO - [2025-11-25T15:28:35.974+0000] {dag.py:3954} INFO - Setting next_dagrun for example_branch_labels to 2025-11-24 00:00:00+00:00, run_after=2025-11-25 00:00:00+00:00
[2025-11-25T15:28:35.982+0000] {processor.py:183} INFO - Processing /home/airflow/.local/lib/python3.12/site-packages/airflow/example_dags/example_branch_labels.py took 0.031 seconds
[2025-11-25T15:29:06.676+0000] {processor.py:161} INFO - Started process (PID=4663) to work on /home/airflow/.local/lib/python3.12/site-packages/airflow/example_dags/example_branch_labels.py
[2025-11-25T15:29:06.677+0000] {processor.py:830} INFO - Processing file /home/airflow/.local/lib/python3.12/site-packages/airflow/example_dags/example_branch_labels.py for tasks to queue
[2025-11-25T15:29:06.678+0000] {logging_mixin.py:188} INFO - [2025-11-25T15:29:06.677+0000] {dagbag.py:545} INFO - Filling up the DagBag from /home/airflow/.local/lib/python3.12/site-packages/airflow/example_dags/example_branch_labels.py
[2025-11-25T15:29:06.681+0000] {processor.py:840} INFO - DAG(s) 'example_branch_labels' retrieved from /home/airflow/.local/lib/python3.12/site-packages/airflow/example_dags/example_branch_labels.py
[2025-11-25T15:29:06.690+0000] {logging_mixin.py:188} INFO - [2025-11-25T15:29:06.690+0000] {dag.py:3096} INFO - Sync 1 DAGs
[2025-11-25T15:29:06.700+0000] {logging_mixin.py:188} INFO - [2025-11-25T15:29:06.699+0000] {dag.py:3954} INFO - Setting next_dagrun for example_branch_labels to 2025-11-24 00:00:00+00:00, run_after=2025-11-25 00:00:00+00:00
[2025-11-25T15:29:06.706+0000] {processor.py:183} INFO - Processing /home/airflow/.local/lib/python3.12/site-packages/airflow/example_dags/example_branch_labels.py took 0.033 seconds
[2025-11-25T15:29:37.539+0000] {processor.py:161} INFO - Started process (PID=4721) to work on /home/airflow/.local/lib/python3.12/site-packages/airflow/example_dags/example_branch_labels.py
[2025-11-25T15:29:37.540+0000] {processor.py:830} INFO - Processing file /home/airflow/.local/lib/python3.12/site-packages/airflow/example_dags/example_branch_labels.py for tasks to queue
[2025-11-25T15:29:37.544+0000] {logging_mixin.py:188} INFO - [2025-11-25T15:29:37.544+0000] {dagbag.py:545} INFO - Filling up the DagBag from /home/airflow/.local/lib/python3.12/site-packages/airflow/example_dags/example_branch_labels.py
[2025-11-25T15:29:37.548+0000] {processor.py:840} INFO - DAG(s) 'example_branch_labels' retrieved from /home/airflow/.local/lib/python3.12/site-packages/airflow/example_dags/example_branch_labels.py
[2025-11-25T15:29:37.567+0000] {logging_mixin.py:188} INFO - [2025-11-25T15:29:37.567+0000] {dag.py:3096} INFO - Sync 1 DAGs
[2025-11-25T15:29:37.580+0000] {logging_mixin.py:188} INFO - [2025-11-25T15:29:37.579+0000] {dag.py:3954} INFO - Setting next_dagrun for example_branch_labels to 2025-11-24 00:00:00+00:00, run_after=2025-11-25 00:00:00+00:00
[2025-11-25T15:29:37.589+0000] {processor.py:183} INFO - Processing /home/airflow/.local/lib/python3.12/site-packages/airflow/example_dags/example_branch_labels.py took 0.053 seconds
[2025-11-25T15:30:07.762+0000] {processor.py:161} INFO - Started process (PID=4779) to work on /home/airflow/.local/lib/python3.12/site-packages/airflow/example_dags/example_branch_labels.py
[2025-11-25T15:30:07.765+0000] {processor.py:830} INFO - Processing file /home/airflow/.local/lib/python3.12/site-packages/airflow/example_dags/example_branch_labels.py for tasks to queue
[2025-11-25T15:30:07.765+0000] {logging_mixin.py:188} INFO - [2025-11-25T15:30:07.765+0000] {dagbag.py:545} INFO - Filling up the DagBag from /home/airflow/.local/lib/python3.12/site-packages/airflow/example_dags/example_branch_labels.py
[2025-11-25T15:30:07.768+0000] {processor.py:840} INFO - DAG(s) 'example_branch_labels' retrieved from /home/airflow/.local/lib/python3.12/site-packages/airflow/example_dags/example_branch_labels.py
[2025-11-25T15:30:07.779+0000] {logging_mixin.py:188} INFO - [2025-11-25T15:30:07.779+0000] {dag.py:3096} INFO - Sync 1 DAGs
[2025-11-25T15:30:07.788+0000] {logging_mixin.py:188} INFO - [2025-11-25T15:30:07.788+0000] {dag.py:3954} INFO - Setting next_dagrun for example_branch_labels to 2025-11-24 00:00:00+00:00, run_after=2025-11-25 00:00:00+00:00
[2025-11-25T15:30:07.794+0000] {processor.py:183} INFO - Processing /home/airflow/.local/lib/python3.12/site-packages/airflow/example_dags/example_branch_labels.py took 0.035 seconds
[2025-11-25T15:30:38.047+0000] {processor.py:161} INFO - Started process (PID=4837) to work on /home/airflow/.local/lib/python3.12/site-packages/airflow/example_dags/example_branch_labels.py
[2025-11-25T15:30:38.048+0000] {processor.py:830} INFO - Processing file /home/airflow/.local/lib/python3.12/site-packages/airflow/example_dags/example_branch_labels.py for tasks to queue
[2025-11-25T15:30:38.050+0000] {logging_mixin.py:188} INFO - [2025-11-25T15:30:38.050+0000] {dagbag.py:545} INFO - Filling up the DagBag from /home/airflow/.local/lib/python3.12/site-packages/airflow/example_dags/example_branch_labels.py
[2025-11-25T15:30:38.053+0000] {processor.py:840} INFO - DAG(s) 'example_branch_labels' retrieved from /home/airflow/.local/lib/python3.12/site-packages/airflow/example_dags/example_branch_labels.py
[2025-11-25T15:30:38.063+0000] {logging_mixin.py:188} INFO - [2025-11-25T15:30:38.063+0000] {dag.py:3096} INFO - Sync 1 DAGs
[2025-11-25T15:30:38.073+0000] {logging_mixin.py:188} INFO - [2025-11-25T15:30:38.073+0000] {dag.py:3954} INFO - Setting next_dagrun for example_branch_labels to 2025-11-24 00:00:00+00:00, run_after=2025-11-25 00:00:00+00:00
[2025-11-25T15:30:38.081+0000] {processor.py:183} INFO - Processing /home/airflow/.local/lib/python3.12/site-packages/airflow/example_dags/example_branch_labels.py took 0.037 seconds
[2025-11-25T15:31:09.142+0000] {processor.py:161} INFO - Started process (PID=4895) to work on /home/airflow/.local/lib/python3.12/site-packages/airflow/example_dags/example_branch_labels.py
[2025-11-25T15:31:09.142+0000] {processor.py:830} INFO - Processing file /home/airflow/.local/lib/python3.12/site-packages/airflow/example_dags/example_branch_labels.py for tasks to queue
[2025-11-25T15:31:09.144+0000] {logging_mixin.py:188} INFO - [2025-11-25T15:31:09.144+0000] {dagbag.py:545} INFO - Filling up the DagBag from /home/airflow/.local/lib/python3.12/site-packages/airflow/example_dags/example_branch_labels.py
[2025-11-25T15:31:09.147+0000] {processor.py:840} INFO - DAG(s) 'example_branch_labels' retrieved from /home/airflow/.local/lib/python3.12/site-packages/airflow/example_dags/example_branch_labels.py
[2025-11-25T15:31:09.159+0000] {logging_mixin.py:188} INFO - [2025-11-25T15:31:09.159+0000] {dag.py:3096} INFO - Sync 1 DAGs
[2025-11-25T15:31:09.168+0000] {logging_mixin.py:188} INFO - [2025-11-25T15:31:09.168+0000] {dag.py:3954} INFO - Setting next_dagrun for example_branch_labels to 2025-11-24 00:00:00+00:00, run_after=2025-11-25 00:00:00+00:00
[2025-11-25T15:31:09.183+0000] {processor.py:183} INFO - Processing /home/airflow/.local/lib/python3.12/site-packages/airflow/example_dags/example_branch_labels.py took 0.044 seconds
[2025-11-25T15:31:39.855+0000] {processor.py:161} INFO - Started process (PID=4954) to work on /home/airflow/.local/lib/python3.12/site-packages/airflow/example_dags/example_branch_labels.py
[2025-11-25T15:31:39.857+0000] {processor.py:830} INFO - Processing file /home/airflow/.local/lib/python3.12/site-packages/airflow/example_dags/example_branch_labels.py for tasks to queue
[2025-11-25T15:31:39.857+0000] {logging_mixin.py:188} INFO - [2025-11-25T15:31:39.857+0000] {dagbag.py:545} INFO - Filling up the DagBag from /home/airflow/.local/lib/python3.12/site-packages/airflow/example_dags/example_branch_labels.py
[2025-11-25T15:31:39.862+0000] {processor.py:840} INFO - DAG(s) 'example_branch_labels' retrieved from /home/airflow/.local/lib/python3.12/site-packages/airflow/example_dags/example_branch_labels.py
[2025-11-25T15:31:39.871+0000] {logging_mixin.py:188} INFO - [2025-11-25T15:31:39.871+0000] {dag.py:3096} INFO - Sync 1 DAGs
[2025-11-25T15:31:39.881+0000] {logging_mixin.py:188} INFO - [2025-11-25T15:31:39.881+0000] {dag.py:3954} INFO - Setting next_dagrun for example_branch_labels to 2025-11-24 00:00:00+00:00, run_after=2025-11-25 00:00:00+00:00
[2025-11-25T15:31:39.889+0000] {processor.py:183} INFO - Processing /home/airflow/.local/lib/python3.12/site-packages/airflow/example_dags/example_branch_labels.py took 0.036 seconds
[2025-11-25T15:32:10.866+0000] {processor.py:161} INFO - Started process (PID=5012) to work on /home/airflow/.local/lib/python3.12/site-packages/airflow/example_dags/example_branch_labels.py
[2025-11-25T15:32:10.867+0000] {processor.py:830} INFO - Processing file /home/airflow/.local/lib/python3.12/site-packages/airflow/example_dags/example_branch_labels.py for tasks to queue
[2025-11-25T15:32:10.868+0000] {logging_mixin.py:188} INFO - [2025-11-25T15:32:10.868+0000] {dagbag.py:545} INFO - Filling up the DagBag from /home/airflow/.local/lib/python3.12/site-packages/airflow/example_dags/example_branch_labels.py
[2025-11-25T15:32:10.871+0000] {processor.py:840} INFO - DAG(s) 'example_branch_labels' retrieved from /home/airflow/.local/lib/python3.12/site-packages/airflow/example_dags/example_branch_labels.py
[2025-11-25T15:32:10.880+0000] {logging_mixin.py:188} INFO - [2025-11-25T15:32:10.880+0000] {dag.py:3096} INFO - Sync 1 DAGs
[2025-11-25T15:32:10.891+0000] {logging_mixin.py:188} INFO - [2025-11-25T15:32:10.891+0000] {dag.py:3954} INFO - Setting next_dagrun for example_branch_labels to 2025-11-24 00:00:00+00:00, run_after=2025-11-25 00:00:00+00:00
[2025-11-25T15:32:10.898+0000] {processor.py:183} INFO - Processing /home/airflow/.local/lib/python3.12/site-packages/airflow/example_dags/example_branch_labels.py took 0.034 seconds
[2025-11-25T15:32:40.982+0000] {processor.py:161} INFO - Started process (PID=5070) to work on /home/airflow/.local/lib/python3.12/site-packages/airflow/example_dags/example_branch_labels.py
[2025-11-25T15:32:40.983+0000] {processor.py:830} INFO - Processing file /home/airflow/.local/lib/python3.12/site-packages/airflow/example_dags/example_branch_labels.py for tasks to queue
[2025-11-25T15:32:40.983+0000] {logging_mixin.py:188} INFO - [2025-11-25T15:32:40.983+0000] {dagbag.py:545} INFO - Filling up the DagBag from /home/airflow/.local/lib/python3.12/site-packages/airflow/example_dags/example_branch_labels.py
[2025-11-25T15:32:40.986+0000] {processor.py:840} INFO - DAG(s) 'example_branch_labels' retrieved from /home/airflow/.local/lib/python3.12/site-packages/airflow/example_dags/example_branch_labels.py
[2025-11-25T15:32:40.995+0000] {logging_mixin.py:188} INFO - [2025-11-25T15:32:40.995+0000] {dag.py:3096} INFO - Sync 1 DAGs
[2025-11-25T15:32:41.004+0000] {logging_mixin.py:188} INFO - [2025-11-25T15:32:41.004+0000] {dag.py:3954} INFO - Setting next_dagrun for example_branch_labels to 2025-11-24 00:00:00+00:00, run_after=2025-11-25 00:00:00+00:00
[2025-11-25T15:32:41.010+0000] {processor.py:183} INFO - Processing /home/airflow/.local/lib/python3.12/site-packages/airflow/example_dags/example_branch_labels.py took 0.031 seconds
[2025-11-25T15:33:11.715+0000] {processor.py:161} INFO - Started process (PID=5128) to work on /home/airflow/.local/lib/python3.12/site-packages/airflow/example_dags/example_branch_labels.py
[2025-11-25T15:33:11.716+0000] {processor.py:830} INFO - Processing file /home/airflow/.local/lib/python3.12/site-packages/airflow/example_dags/example_branch_labels.py for tasks to queue
[2025-11-25T15:33:11.716+0000] {logging_mixin.py:188} INFO - [2025-11-25T15:33:11.716+0000] {dagbag.py:545} INFO - Filling up the DagBag from /home/airflow/.local/lib/python3.12/site-packages/airflow/example_dags/example_branch_labels.py
[2025-11-25T15:33:11.720+0000] {processor.py:840} INFO - DAG(s) 'example_branch_labels' retrieved from /home/airflow/.local/lib/python3.12/site-packages/airflow/example_dags/example_branch_labels.py
[2025-11-25T15:33:11.729+0000] {logging_mixin.py:188} INFO - [2025-11-25T15:33:11.729+0000] {dag.py:3096} INFO - Sync 1 DAGs
[2025-11-25T15:33:11.738+0000] {logging_mixin.py:188} INFO - [2025-11-25T15:33:11.738+0000] {dag.py:3954} INFO - Setting next_dagrun for example_branch_labels to 2025-11-24 00:00:00+00:00, run_after=2025-11-25 00:00:00+00:00
[2025-11-25T15:33:11.747+0000] {processor.py:183} INFO - Processing /home/airflow/.local/lib/python3.12/site-packages/airflow/example_dags/example_branch_labels.py took 0.035 seconds
[2025-11-25T15:33:41.945+0000] {processor.py:161} INFO - Started process (PID=5186) to work on /home/airflow/.local/lib/python3.12/site-packages/airflow/example_dags/example_branch_labels.py
[2025-11-25T15:33:41.945+0000] {processor.py:830} INFO - Processing file /home/airflow/.local/lib/python3.12/site-packages/airflow/example_dags/example_branch_labels.py for tasks to queue
[2025-11-25T15:33:41.946+0000] {logging_mixin.py:188} INFO - [2025-11-25T15:33:41.946+0000] {dagbag.py:545} INFO - Filling up the DagBag from /home/airflow/.local/lib/python3.12/site-packages/airflow/example_dags/example_branch_labels.py
[2025-11-25T15:33:41.949+0000] {processor.py:840} INFO - DAG(s) 'example_branch_labels' retrieved from /home/airflow/.local/lib/python3.12/site-packages/airflow/example_dags/example_branch_labels.py
[2025-11-25T15:33:41.956+0000] {logging_mixin.py:188} INFO - [2025-11-25T15:33:41.956+0000] {dag.py:3096} INFO - Sync 1 DAGs
[2025-11-25T15:33:41.964+0000] {logging_mixin.py:188} INFO - [2025-11-25T15:33:41.964+0000] {dag.py:3954} INFO - Setting next_dagrun for example_branch_labels to 2025-11-24 00:00:00+00:00, run_after=2025-11-25 00:00:00+00:00
[2025-11-25T15:33:41.969+0000] {processor.py:183} INFO - Processing /home/airflow/.local/lib/python3.12/site-packages/airflow/example_dags/example_branch_labels.py took 0.026 seconds
[2025-11-25T15:34:12.149+0000] {processor.py:161} INFO - Started process (PID=5244) to work on /home/airflow/.local/lib/python3.12/site-packages/airflow/example_dags/example_branch_labels.py
[2025-11-25T15:34:12.150+0000] {processor.py:830} INFO - Processing file /home/airflow/.local/lib/python3.12/site-packages/airflow/example_dags/example_branch_labels.py for tasks to queue
[2025-11-25T15:34:12.151+0000] {logging_mixin.py:188} INFO - [2025-11-25T15:34:12.150+0000] {dagbag.py:545} INFO - Filling up the DagBag from /home/airflow/.local/lib/python3.12/site-packages/airflow/example_dags/example_branch_labels.py
[2025-11-25T15:34:12.153+0000] {processor.py:840} INFO - DAG(s) 'example_branch_labels' retrieved from /home/airflow/.local/lib/python3.12/site-packages/airflow/example_dags/example_branch_labels.py
[2025-11-25T15:34:12.161+0000] {logging_mixin.py:188} INFO - [2025-11-25T15:34:12.161+0000] {dag.py:3096} INFO - Sync 1 DAGs
[2025-11-25T15:34:12.168+0000] {logging_mixin.py:188} INFO - [2025-11-25T15:34:12.168+0000] {dag.py:3954} INFO - Setting next_dagrun for example_branch_labels to 2025-11-24 00:00:00+00:00, run_after=2025-11-25 00:00:00+00:00
[2025-11-25T15:34:12.174+0000] {processor.py:183} INFO - Processing /home/airflow/.local/lib/python3.12/site-packages/airflow/example_dags/example_branch_labels.py took 0.027 seconds
[2025-11-25T15:34:43.068+0000] {processor.py:161} INFO - Started process (PID=5302) to work on /home/airflow/.local/lib/python3.12/site-packages/airflow/example_dags/example_branch_labels.py
[2025-11-25T15:34:43.069+0000] {processor.py:830} INFO - Processing file /home/airflow/.local/lib/python3.12/site-packages/airflow/example_dags/example_branch_labels.py for tasks to queue
[2025-11-25T15:34:43.069+0000] {logging_mixin.py:188} INFO - [2025-11-25T15:34:43.069+0000] {dagbag.py:545} INFO - Filling up the DagBag from /home/airflow/.local/lib/python3.12/site-packages/airflow/example_dags/example_branch_labels.py
[2025-11-25T15:34:43.073+0000] {processor.py:840} INFO - DAG(s) 'example_branch_labels' retrieved from /home/airflow/.local/lib/python3.12/site-packages/airflow/example_dags/example_branch_labels.py
[2025-11-25T15:34:43.082+0000] {logging_mixin.py:188} INFO - [2025-11-25T15:34:43.082+0000] {dag.py:3096} INFO - Sync 1 DAGs
[2025-11-25T15:34:43.091+0000] {logging_mixin.py:188} INFO - [2025-11-25T15:34:43.091+0000] {dag.py:3954} INFO - Setting next_dagrun for example_branch_labels to 2025-11-24 00:00:00+00:00, run_after=2025-11-25 00:00:00+00:00
[2025-11-25T15:34:43.101+0000] {processor.py:183} INFO - Processing /home/airflow/.local/lib/python3.12/site-packages/airflow/example_dags/example_branch_labels.py took 0.036 seconds
[2025-11-25T15:35:13.303+0000] {processor.py:161} INFO - Started process (PID=5360) to work on /home/airflow/.local/lib/python3.12/site-packages/airflow/example_dags/example_branch_labels.py
[2025-11-25T15:35:13.304+0000] {processor.py:830} INFO - Processing file /home/airflow/.local/lib/python3.12/site-packages/airflow/example_dags/example_branch_labels.py for tasks to queue
[2025-11-25T15:35:13.306+0000] {logging_mixin.py:188} INFO - [2025-11-25T15:35:13.306+0000] {dagbag.py:545} INFO - Filling up the DagBag from /home/airflow/.local/lib/python3.12/site-packages/airflow/example_dags/example_branch_labels.py
[2025-11-25T15:35:13.310+0000] {processor.py:840} INFO - DAG(s) 'example_branch_labels' retrieved from /home/airflow/.local/lib/python3.12/site-packages/airflow/example_dags/example_branch_labels.py
[2025-11-25T15:35:13.322+0000] {logging_mixin.py:188} INFO - [2025-11-25T15:35:13.322+0000] {dag.py:3096} INFO - Sync 1 DAGs
[2025-11-25T15:35:13.332+0000] {logging_mixin.py:188} INFO - [2025-11-25T15:35:13.332+0000] {dag.py:3954} INFO - Setting next_dagrun for example_branch_labels to 2025-11-24 00:00:00+00:00, run_after=2025-11-25 00:00:00+00:00
[2025-11-25T15:35:13.341+0000] {processor.py:183} INFO - Processing /home/airflow/.local/lib/python3.12/site-packages/airflow/example_dags/example_branch_labels.py took 0.040 seconds
[2025-11-25T15:35:43.596+0000] {processor.py:161} INFO - Started process (PID=5418) to work on /home/airflow/.local/lib/python3.12/site-packages/airflow/example_dags/example_branch_labels.py
[2025-11-25T15:35:43.596+0000] {processor.py:830} INFO - Processing file /home/airflow/.local/lib/python3.12/site-packages/airflow/example_dags/example_branch_labels.py for tasks to queue
[2025-11-25T15:35:43.597+0000] {logging_mixin.py:188} INFO - [2025-11-25T15:35:43.597+0000] {dagbag.py:545} INFO - Filling up the DagBag from /home/airflow/.local/lib/python3.12/site-packages/airflow/example_dags/example_branch_labels.py
[2025-11-25T15:35:43.601+0000] {processor.py:840} INFO - DAG(s) 'example_branch_labels' retrieved from /home/airflow/.local/lib/python3.12/site-packages/airflow/example_dags/example_branch_labels.py
[2025-11-25T15:35:43.613+0000] {logging_mixin.py:188} INFO - [2025-11-25T15:35:43.612+0000] {dag.py:3096} INFO - Sync 1 DAGs
[2025-11-25T15:35:43.622+0000] {logging_mixin.py:188} INFO - [2025-11-25T15:35:43.622+0000] {dag.py:3954} INFO - Setting next_dagrun for example_branch_labels to 2025-11-24 00:00:00+00:00, run_after=2025-11-25 00:00:00+00:00
[2025-11-25T15:35:43.632+0000] {processor.py:183} INFO - Processing /home/airflow/.local/lib/python3.12/site-packages/airflow/example_dags/example_branch_labels.py took 0.039 seconds
[2025-11-25T15:36:13.890+0000] {processor.py:161} INFO - Started process (PID=5476) to work on /home/airflow/.local/lib/python3.12/site-packages/airflow/example_dags/example_branch_labels.py
[2025-11-25T15:36:13.892+0000] {processor.py:830} INFO - Processing file /home/airflow/.local/lib/python3.12/site-packages/airflow/example_dags/example_branch_labels.py for tasks to queue
[2025-11-25T15:36:13.894+0000] {logging_mixin.py:188} INFO - [2025-11-25T15:36:13.893+0000] {dagbag.py:545} INFO - Filling up the DagBag from /home/airflow/.local/lib/python3.12/site-packages/airflow/example_dags/example_branch_labels.py
[2025-11-25T15:36:13.897+0000] {processor.py:840} INFO - DAG(s) 'example_branch_labels' retrieved from /home/airflow/.local/lib/python3.12/site-packages/airflow/example_dags/example_branch_labels.py
[2025-11-25T15:36:13.908+0000] {logging_mixin.py:188} INFO - [2025-11-25T15:36:13.908+0000] {dag.py:3096} INFO - Sync 1 DAGs
[2025-11-25T15:36:13.915+0000] {logging_mixin.py:188} INFO - [2025-11-25T15:36:13.915+0000] {dag.py:3954} INFO - Setting next_dagrun for example_branch_labels to 2025-11-24 00:00:00+00:00, run_after=2025-11-25 00:00:00+00:00
[2025-11-25T15:36:13.925+0000] {processor.py:183} INFO - Processing /home/airflow/.local/lib/python3.12/site-packages/airflow/example_dags/example_branch_labels.py took 0.037 seconds
[2025-11-25T15:36:44.130+0000] {processor.py:161} INFO - Started process (PID=5534) to work on /home/airflow/.local/lib/python3.12/site-packages/airflow/example_dags/example_branch_labels.py
[2025-11-25T15:36:44.133+0000] {processor.py:830} INFO - Processing file /home/airflow/.local/lib/python3.12/site-packages/airflow/example_dags/example_branch_labels.py for tasks to queue
[2025-11-25T15:36:44.134+0000] {logging_mixin.py:188} INFO - [2025-11-25T15:36:44.134+0000] {dagbag.py:545} INFO - Filling up the DagBag from /home/airflow/.local/lib/python3.12/site-packages/airflow/example_dags/example_branch_labels.py
[2025-11-25T15:36:44.137+0000] {processor.py:840} INFO - DAG(s) 'example_branch_labels' retrieved from /home/airflow/.local/lib/python3.12/site-packages/airflow/example_dags/example_branch_labels.py
[2025-11-25T15:36:44.149+0000] {logging_mixin.py:188} INFO - [2025-11-25T15:36:44.149+0000] {dag.py:3096} INFO - Sync 1 DAGs
[2025-11-25T15:36:44.159+0000] {logging_mixin.py:188} INFO - [2025-11-25T15:36:44.159+0000] {dag.py:3954} INFO - Setting next_dagrun for example_branch_labels to 2025-11-24 00:00:00+00:00, run_after=2025-11-25 00:00:00+00:00
[2025-11-25T15:36:44.166+0000] {processor.py:183} INFO - Processing /home/airflow/.local/lib/python3.12/site-packages/airflow/example_dags/example_branch_labels.py took 0.038 seconds
[2025-11-25T15:37:14.583+0000] {processor.py:161} INFO - Started process (PID=5592) to work on /home/airflow/.local/lib/python3.12/site-packages/airflow/example_dags/example_branch_labels.py
[2025-11-25T15:37:14.585+0000] {processor.py:830} INFO - Processing file /home/airflow/.local/lib/python3.12/site-packages/airflow/example_dags/example_branch_labels.py for tasks to queue
[2025-11-25T15:37:14.587+0000] {logging_mixin.py:188} INFO - [2025-11-25T15:37:14.587+0000] {dagbag.py:545} INFO - Filling up the DagBag from /home/airflow/.local/lib/python3.12/site-packages/airflow/example_dags/example_branch_labels.py
[2025-11-25T15:37:14.590+0000] {processor.py:840} INFO - DAG(s) 'example_branch_labels' retrieved from /home/airflow/.local/lib/python3.12/site-packages/airflow/example_dags/example_branch_labels.py
[2025-11-25T15:37:14.604+0000] {logging_mixin.py:188} INFO - [2025-11-25T15:37:14.603+0000] {dag.py:3096} INFO - Sync 1 DAGs
[2025-11-25T15:37:14.614+0000] {logging_mixin.py:188} INFO - [2025-11-25T15:37:14.614+0000] {dag.py:3954} INFO - Setting next_dagrun for example_branch_labels to 2025-11-24 00:00:00+00:00, run_after=2025-11-25 00:00:00+00:00
[2025-11-25T15:37:14.620+0000] {processor.py:183} INFO - Processing /home/airflow/.local/lib/python3.12/site-packages/airflow/example_dags/example_branch_labels.py took 0.039 seconds
[2025-11-25T15:37:45.675+0000] {processor.py:161} INFO - Started process (PID=5650) to work on /home/airflow/.local/lib/python3.12/site-packages/airflow/example_dags/example_branch_labels.py
[2025-11-25T15:37:45.675+0000] {processor.py:830} INFO - Processing file /home/airflow/.local/lib/python3.12/site-packages/airflow/example_dags/example_branch_labels.py for tasks to queue
[2025-11-25T15:37:45.676+0000] {logging_mixin.py:188} INFO - [2025-11-25T15:37:45.676+0000] {dagbag.py:545} INFO - Filling up the DagBag from /home/airflow/.local/lib/python3.12/site-packages/airflow/example_dags/example_branch_labels.py
[2025-11-25T15:37:45.679+0000] {processor.py:840} INFO - DAG(s) 'example_branch_labels' retrieved from /home/airflow/.local/lib/python3.12/site-packages/airflow/example_dags/example_branch_labels.py
[2025-11-25T15:37:45.686+0000] {logging_mixin.py:188} INFO - [2025-11-25T15:37:45.686+0000] {dag.py:3096} INFO - Sync 1 DAGs
[2025-11-25T15:37:45.696+0000] {logging_mixin.py:188} INFO - [2025-11-25T15:37:45.696+0000] {dag.py:3954} INFO - Setting next_dagrun for example_branch_labels to 2025-11-24 00:00:00+00:00, run_after=2025-11-25 00:00:00+00:00
[2025-11-25T15:37:45.703+0000] {processor.py:183} INFO - Processing /home/airflow/.local/lib/python3.12/site-packages/airflow/example_dags/example_branch_labels.py took 0.028 seconds
[2025-11-25T15:38:15.819+0000] {processor.py:161} INFO - Started process (PID=5708) to work on /home/airflow/.local/lib/python3.12/site-packages/airflow/example_dags/example_branch_labels.py
[2025-11-25T15:38:15.820+0000] {processor.py:830} INFO - Processing file /home/airflow/.local/lib/python3.12/site-packages/airflow/example_dags/example_branch_labels.py for tasks to queue
[2025-11-25T15:38:15.821+0000] {logging_mixin.py:188} INFO - [2025-11-25T15:38:15.821+0000] {dagbag.py:545} INFO - Filling up the DagBag from /home/airflow/.local/lib/python3.12/site-packages/airflow/example_dags/example_branch_labels.py
[2025-11-25T15:38:15.823+0000] {processor.py:840} INFO - DAG(s) 'example_branch_labels' retrieved from /home/airflow/.local/lib/python3.12/site-packages/airflow/example_dags/example_branch_labels.py
[2025-11-25T15:38:15.837+0000] {logging_mixin.py:188} INFO - [2025-11-25T15:38:15.837+0000] {dag.py:3096} INFO - Sync 1 DAGs
[2025-11-25T15:38:15.846+0000] {logging_mixin.py:188} INFO - [2025-11-25T15:38:15.846+0000] {dag.py:3954} INFO - Setting next_dagrun for example_branch_labels to 2025-11-24 00:00:00+00:00, run_after=2025-11-25 00:00:00+00:00
[2025-11-25T15:38:15.853+0000] {processor.py:183} INFO - Processing /home/airflow/.local/lib/python3.12/site-packages/airflow/example_dags/example_branch_labels.py took 0.036 seconds
[2025-11-25T15:38:46.029+0000] {processor.py:161} INFO - Started process (PID=5766) to work on /home/airflow/.local/lib/python3.12/site-packages/airflow/example_dags/example_branch_labels.py
[2025-11-25T15:38:46.030+0000] {processor.py:830} INFO - Processing file /home/airflow/.local/lib/python3.12/site-packages/airflow/example_dags/example_branch_labels.py for tasks to queue
[2025-11-25T15:38:46.030+0000] {logging_mixin.py:188} INFO - [2025-11-25T15:38:46.030+0000] {dagbag.py:545} INFO - Filling up the DagBag from /home/airflow/.local/lib/python3.12/site-packages/airflow/example_dags/example_branch_labels.py
[2025-11-25T15:38:46.033+0000] {processor.py:840} INFO - DAG(s) 'example_branch_labels' retrieved from /home/airflow/.local/lib/python3.12/site-packages/airflow/example_dags/example_branch_labels.py
[2025-11-25T15:38:46.045+0000] {logging_mixin.py:188} INFO - [2025-11-25T15:38:46.045+0000] {dag.py:3096} INFO - Sync 1 DAGs
[2025-11-25T15:38:46.053+0000] {logging_mixin.py:188} INFO - [2025-11-25T15:38:46.053+0000] {dag.py:3954} INFO - Setting next_dagrun for example_branch_labels to 2025-11-24 00:00:00+00:00, run_after=2025-11-25 00:00:00+00:00
[2025-11-25T15:38:46.059+0000] {processor.py:183} INFO - Processing /home/airflow/.local/lib/python3.12/site-packages/airflow/example_dags/example_branch_labels.py took 0.031 seconds
[2025-11-25T15:39:16.593+0000] {processor.py:161} INFO - Started process (PID=5824) to work on /home/airflow/.local/lib/python3.12/site-packages/airflow/example_dags/example_branch_labels.py
[2025-11-25T15:39:16.594+0000] {processor.py:830} INFO - Processing file /home/airflow/.local/lib/python3.12/site-packages/airflow/example_dags/example_branch_labels.py for tasks to queue
[2025-11-25T15:39:16.594+0000] {logging_mixin.py:188} INFO - [2025-11-25T15:39:16.594+0000] {dagbag.py:545} INFO - Filling up the DagBag from /home/airflow/.local/lib/python3.12/site-packages/airflow/example_dags/example_branch_labels.py
[2025-11-25T15:39:16.597+0000] {processor.py:840} INFO - DAG(s) 'example_branch_labels' retrieved from /home/airflow/.local/lib/python3.12/site-packages/airflow/example_dags/example_branch_labels.py
[2025-11-25T15:39:16.609+0000] {logging_mixin.py:188} INFO - [2025-11-25T15:39:16.609+0000] {dag.py:3096} INFO - Sync 1 DAGs
[2025-11-25T15:39:16.617+0000] {logging_mixin.py:188} INFO - [2025-11-25T15:39:16.617+0000] {dag.py:3954} INFO - Setting next_dagrun for example_branch_labels to 2025-11-24 00:00:00+00:00, run_after=2025-11-25 00:00:00+00:00
[2025-11-25T15:39:16.628+0000] {processor.py:183} INFO - Processing /home/airflow/.local/lib/python3.12/site-packages/airflow/example_dags/example_branch_labels.py took 0.037 seconds
[2025-11-25T15:39:46.994+0000] {processor.py:161} INFO - Started process (PID=5882) to work on /home/airflow/.local/lib/python3.12/site-packages/airflow/example_dags/example_branch_labels.py
[2025-11-25T15:39:46.995+0000] {processor.py:830} INFO - Processing file /home/airflow/.local/lib/python3.12/site-packages/airflow/example_dags/example_branch_labels.py for tasks to queue
[2025-11-25T15:39:46.997+0000] {logging_mixin.py:188} INFO - [2025-11-25T15:39:46.996+0000] {dagbag.py:545} INFO - Filling up the DagBag from /home/airflow/.local/lib/python3.12/site-packages/airflow/example_dags/example_branch_labels.py
[2025-11-25T15:39:47.001+0000] {processor.py:840} INFO - DAG(s) 'example_branch_labels' retrieved from /home/airflow/.local/lib/python3.12/site-packages/airflow/example_dags/example_branch_labels.py
[2025-11-25T15:39:47.012+0000] {logging_mixin.py:188} INFO - [2025-11-25T15:39:47.012+0000] {dag.py:3096} INFO - Sync 1 DAGs
[2025-11-25T15:39:47.023+0000] {logging_mixin.py:188} INFO - [2025-11-25T15:39:47.023+0000] {dag.py:3954} INFO - Setting next_dagrun for example_branch_labels to 2025-11-24 00:00:00+00:00, run_after=2025-11-25 00:00:00+00:00
[2025-11-25T15:39:47.032+0000] {processor.py:183} INFO - Processing /home/airflow/.local/lib/python3.12/site-packages/airflow/example_dags/example_branch_labels.py took 0.040 seconds
[2025-11-25T15:40:17.136+0000] {processor.py:161} INFO - Started process (PID=5940) to work on /home/airflow/.local/lib/python3.12/site-packages/airflow/example_dags/example_branch_labels.py
[2025-11-25T15:40:17.136+0000] {processor.py:830} INFO - Processing file /home/airflow/.local/lib/python3.12/site-packages/airflow/example_dags/example_branch_labels.py for tasks to queue
[2025-11-25T15:40:17.138+0000] {logging_mixin.py:188} INFO - [2025-11-25T15:40:17.138+0000] {dagbag.py:545} INFO - Filling up the DagBag from /home/airflow/.local/lib/python3.12/site-packages/airflow/example_dags/example_branch_labels.py
[2025-11-25T15:40:17.142+0000] {processor.py:840} INFO - DAG(s) 'example_branch_labels' retrieved from /home/airflow/.local/lib/python3.12/site-packages/airflow/example_dags/example_branch_labels.py
[2025-11-25T15:40:17.155+0000] {logging_mixin.py:188} INFO - [2025-11-25T15:40:17.155+0000] {dag.py:3096} INFO - Sync 1 DAGs
[2025-11-25T15:40:17.166+0000] {logging_mixin.py:188} INFO - [2025-11-25T15:40:17.166+0000] {dag.py:3954} INFO - Setting next_dagrun for example_branch_labels to 2025-11-24 00:00:00+00:00, run_after=2025-11-25 00:00:00+00:00
[2025-11-25T15:40:17.172+0000] {processor.py:183} INFO - Processing /home/airflow/.local/lib/python3.12/site-packages/airflow/example_dags/example_branch_labels.py took 0.038 seconds
[2025-11-25T15:40:47.948+0000] {processor.py:161} INFO - Started process (PID=5998) to work on /home/airflow/.local/lib/python3.12/site-packages/airflow/example_dags/example_branch_labels.py
[2025-11-25T15:40:47.952+0000] {processor.py:830} INFO - Processing file /home/airflow/.local/lib/python3.12/site-packages/airflow/example_dags/example_branch_labels.py for tasks to queue
[2025-11-25T15:40:47.952+0000] {logging_mixin.py:188} INFO - [2025-11-25T15:40:47.952+0000] {dagbag.py:545} INFO - Filling up the DagBag from /home/airflow/.local/lib/python3.12/site-packages/airflow/example_dags/example_branch_labels.py
[2025-11-25T15:40:47.955+0000] {processor.py:840} INFO - DAG(s) 'example_branch_labels' retrieved from /home/airflow/.local/lib/python3.12/site-packages/airflow/example_dags/example_branch_labels.py
[2025-11-25T15:40:47.964+0000] {logging_mixin.py:188} INFO - [2025-11-25T15:40:47.964+0000] {dag.py:3096} INFO - Sync 1 DAGs
[2025-11-25T15:40:47.975+0000] {logging_mixin.py:188} INFO - [2025-11-25T15:40:47.975+0000] {dag.py:3954} INFO - Setting next_dagrun for example_branch_labels to 2025-11-24 00:00:00+00:00, run_after=2025-11-25 00:00:00+00:00
[2025-11-25T15:40:47.980+0000] {processor.py:183} INFO - Processing /home/airflow/.local/lib/python3.12/site-packages/airflow/example_dags/example_branch_labels.py took 0.034 seconds
[2025-11-25T15:41:19.266+0000] {processor.py:161} INFO - Started process (PID=6055) to work on /home/airflow/.local/lib/python3.12/site-packages/airflow/example_dags/example_branch_labels.py
[2025-11-25T15:41:19.267+0000] {processor.py:830} INFO - Processing file /home/airflow/.local/lib/python3.12/site-packages/airflow/example_dags/example_branch_labels.py for tasks to queue
[2025-11-25T15:41:19.268+0000] {logging_mixin.py:188} INFO - [2025-11-25T15:41:19.268+0000] {dagbag.py:545} INFO - Filling up the DagBag from /home/airflow/.local/lib/python3.12/site-packages/airflow/example_dags/example_branch_labels.py
[2025-11-25T15:41:19.273+0000] {processor.py:840} INFO - DAG(s) 'example_branch_labels' retrieved from /home/airflow/.local/lib/python3.12/site-packages/airflow/example_dags/example_branch_labels.py
[2025-11-25T15:41:19.300+0000] {logging_mixin.py:188} INFO - [2025-11-25T15:41:19.300+0000] {dag.py:3096} INFO - Sync 1 DAGs
[2025-11-25T15:41:19.334+0000] {logging_mixin.py:188} INFO - [2025-11-25T15:41:19.334+0000] {dag.py:3954} INFO - Setting next_dagrun for example_branch_labels to 2025-11-24 00:00:00+00:00, run_after=2025-11-25 00:00:00+00:00
[2025-11-25T15:41:19.356+0000] {processor.py:183} INFO - Processing /home/airflow/.local/lib/python3.12/site-packages/airflow/example_dags/example_branch_labels.py took 0.094 seconds
[2025-11-25T15:41:50.013+0000] {processor.py:161} INFO - Started process (PID=6113) to work on /home/airflow/.local/lib/python3.12/site-packages/airflow/example_dags/example_branch_labels.py
[2025-11-25T15:41:50.014+0000] {processor.py:830} INFO - Processing file /home/airflow/.local/lib/python3.12/site-packages/airflow/example_dags/example_branch_labels.py for tasks to queue
[2025-11-25T15:41:50.016+0000] {logging_mixin.py:188} INFO - [2025-11-25T15:41:50.015+0000] {dagbag.py:545} INFO - Filling up the DagBag from /home/airflow/.local/lib/python3.12/site-packages/airflow/example_dags/example_branch_labels.py
[2025-11-25T15:41:50.020+0000] {processor.py:840} INFO - DAG(s) 'example_branch_labels' retrieved from /home/airflow/.local/lib/python3.12/site-packages/airflow/example_dags/example_branch_labels.py
[2025-11-25T15:41:50.035+0000] {logging_mixin.py:188} INFO - [2025-11-25T15:41:50.035+0000] {dag.py:3096} INFO - Sync 1 DAGs
[2025-11-25T15:41:50.048+0000] {logging_mixin.py:188} INFO - [2025-11-25T15:41:50.048+0000] {dag.py:3954} INFO - Setting next_dagrun for example_branch_labels to 2025-11-24 00:00:00+00:00, run_after=2025-11-25 00:00:00+00:00
[2025-11-25T15:41:50.066+0000] {processor.py:183} INFO - Processing /home/airflow/.local/lib/python3.12/site-packages/airflow/example_dags/example_branch_labels.py took 0.057 seconds
[2025-11-25T15:42:20.923+0000] {processor.py:161} INFO - Started process (PID=6171) to work on /home/airflow/.local/lib/python3.12/site-packages/airflow/example_dags/example_branch_labels.py
[2025-11-25T15:42:20.923+0000] {processor.py:830} INFO - Processing file /home/airflow/.local/lib/python3.12/site-packages/airflow/example_dags/example_branch_labels.py for tasks to queue
[2025-11-25T15:42:20.924+0000] {logging_mixin.py:188} INFO - [2025-11-25T15:42:20.924+0000] {dagbag.py:545} INFO - Filling up the DagBag from /home/airflow/.local/lib/python3.12/site-packages/airflow/example_dags/example_branch_labels.py
[2025-11-25T15:42:20.928+0000] {processor.py:840} INFO - DAG(s) 'example_branch_labels' retrieved from /home/airflow/.local/lib/python3.12/site-packages/airflow/example_dags/example_branch_labels.py
[2025-11-25T15:42:20.938+0000] {logging_mixin.py:188} INFO - [2025-11-25T15:42:20.938+0000] {dag.py:3096} INFO - Sync 1 DAGs
[2025-11-25T15:42:20.949+0000] {logging_mixin.py:188} INFO - [2025-11-25T15:42:20.948+0000] {dag.py:3954} INFO - Setting next_dagrun for example_branch_labels to 2025-11-24 00:00:00+00:00, run_after=2025-11-25 00:00:00+00:00
[2025-11-25T15:42:20.956+0000] {processor.py:183} INFO - Processing /home/airflow/.local/lib/python3.12/site-packages/airflow/example_dags/example_branch_labels.py took 0.036 seconds
[2025-11-25T15:42:51.064+0000] {processor.py:161} INFO - Started process (PID=6229) to work on /home/airflow/.local/lib/python3.12/site-packages/airflow/example_dags/example_branch_labels.py
[2025-11-25T15:42:51.066+0000] {processor.py:830} INFO - Processing file /home/airflow/.local/lib/python3.12/site-packages/airflow/example_dags/example_branch_labels.py for tasks to queue
[2025-11-25T15:42:51.068+0000] {logging_mixin.py:188} INFO - [2025-11-25T15:42:51.068+0000] {dagbag.py:545} INFO - Filling up the DagBag from /home/airflow/.local/lib/python3.12/site-packages/airflow/example_dags/example_branch_labels.py
[2025-11-25T15:42:51.075+0000] {processor.py:840} INFO - DAG(s) 'example_branch_labels' retrieved from /home/airflow/.local/lib/python3.12/site-packages/airflow/example_dags/example_branch_labels.py
[2025-11-25T15:42:51.096+0000] {logging_mixin.py:188} INFO - [2025-11-25T15:42:51.095+0000] {dag.py:3096} INFO - Sync 1 DAGs
[2025-11-25T15:42:51.128+0000] {logging_mixin.py:188} INFO - [2025-11-25T15:42:51.127+0000] {dag.py:3954} INFO - Setting next_dagrun for example_branch_labels to 2025-11-24 00:00:00+00:00, run_after=2025-11-25 00:00:00+00:00
[2025-11-25T15:42:51.146+0000] {processor.py:183} INFO - Processing /home/airflow/.local/lib/python3.12/site-packages/airflow/example_dags/example_branch_labels.py took 0.086 seconds
[2025-11-25T15:43:21.202+0000] {processor.py:161} INFO - Started process (PID=6286) to work on /home/airflow/.local/lib/python3.12/site-packages/airflow/example_dags/example_branch_labels.py
[2025-11-25T15:43:21.203+0000] {processor.py:830} INFO - Processing file /home/airflow/.local/lib/python3.12/site-packages/airflow/example_dags/example_branch_labels.py for tasks to queue
[2025-11-25T15:43:21.204+0000] {logging_mixin.py:188} INFO - [2025-11-25T15:43:21.204+0000] {dagbag.py:545} INFO - Filling up the DagBag from /home/airflow/.local/lib/python3.12/site-packages/airflow/example_dags/example_branch_labels.py
[2025-11-25T15:43:21.208+0000] {processor.py:840} INFO - DAG(s) 'example_branch_labels' retrieved from /home/airflow/.local/lib/python3.12/site-packages/airflow/example_dags/example_branch_labels.py
[2025-11-25T15:43:21.219+0000] {logging_mixin.py:188} INFO - [2025-11-25T15:43:21.219+0000] {dag.py:3096} INFO - Sync 1 DAGs
[2025-11-25T15:43:21.228+0000] {logging_mixin.py:188} INFO - [2025-11-25T15:43:21.228+0000] {dag.py:3954} INFO - Setting next_dagrun for example_branch_labels to 2025-11-24 00:00:00+00:00, run_after=2025-11-25 00:00:00+00:00
[2025-11-25T15:43:21.234+0000] {processor.py:183} INFO - Processing /home/airflow/.local/lib/python3.12/site-packages/airflow/example_dags/example_branch_labels.py took 0.036 seconds
[2025-11-25T15:43:51.605+0000] {processor.py:161} INFO - Started process (PID=6344) to work on /home/airflow/.local/lib/python3.12/site-packages/airflow/example_dags/example_branch_labels.py
[2025-11-25T15:43:51.606+0000] {processor.py:830} INFO - Processing file /home/airflow/.local/lib/python3.12/site-packages/airflow/example_dags/example_branch_labels.py for tasks to queue
[2025-11-25T15:43:51.607+0000] {logging_mixin.py:188} INFO - [2025-11-25T15:43:51.607+0000] {dagbag.py:545} INFO - Filling up the DagBag from /home/airflow/.local/lib/python3.12/site-packages/airflow/example_dags/example_branch_labels.py
[2025-11-25T15:43:51.611+0000] {processor.py:840} INFO - DAG(s) 'example_branch_labels' retrieved from /home/airflow/.local/lib/python3.12/site-packages/airflow/example_dags/example_branch_labels.py
[2025-11-25T15:43:51.626+0000] {logging_mixin.py:188} INFO - [2025-11-25T15:43:51.626+0000] {dag.py:3096} INFO - Sync 1 DAGs
[2025-11-25T15:43:51.636+0000] {logging_mixin.py:188} INFO - [2025-11-25T15:43:51.636+0000] {dag.py:3954} INFO - Setting next_dagrun for example_branch_labels to 2025-11-24 00:00:00+00:00, run_after=2025-11-25 00:00:00+00:00
[2025-11-25T15:43:51.646+0000] {processor.py:183} INFO - Processing /home/airflow/.local/lib/python3.12/site-packages/airflow/example_dags/example_branch_labels.py took 0.044 seconds
[2025-11-25T15:44:21.735+0000] {processor.py:161} INFO - Started process (PID=6402) to work on /home/airflow/.local/lib/python3.12/site-packages/airflow/example_dags/example_branch_labels.py
[2025-11-25T15:44:21.736+0000] {processor.py:830} INFO - Processing file /home/airflow/.local/lib/python3.12/site-packages/airflow/example_dags/example_branch_labels.py for tasks to queue
[2025-11-25T15:44:21.737+0000] {logging_mixin.py:188} INFO - [2025-11-25T15:44:21.737+0000] {dagbag.py:545} INFO - Filling up the DagBag from /home/airflow/.local/lib/python3.12/site-packages/airflow/example_dags/example_branch_labels.py
[2025-11-25T15:44:21.740+0000] {processor.py:840} INFO - DAG(s) 'example_branch_labels' retrieved from /home/airflow/.local/lib/python3.12/site-packages/airflow/example_dags/example_branch_labels.py
[2025-11-25T15:44:21.749+0000] {logging_mixin.py:188} INFO - [2025-11-25T15:44:21.749+0000] {dag.py:3096} INFO - Sync 1 DAGs
[2025-11-25T15:44:21.758+0000] {logging_mixin.py:188} INFO - [2025-11-25T15:44:21.758+0000] {dag.py:3954} INFO - Setting next_dagrun for example_branch_labels to 2025-11-24 00:00:00+00:00, run_after=2025-11-25 00:00:00+00:00
[2025-11-25T15:44:21.764+0000] {processor.py:183} INFO - Processing /home/airflow/.local/lib/python3.12/site-packages/airflow/example_dags/example_branch_labels.py took 0.033 seconds
[2025-11-25T15:44:52.150+0000] {processor.py:161} INFO - Started process (PID=6460) to work on /home/airflow/.local/lib/python3.12/site-packages/airflow/example_dags/example_branch_labels.py
[2025-11-25T15:44:52.151+0000] {processor.py:830} INFO - Processing file /home/airflow/.local/lib/python3.12/site-packages/airflow/example_dags/example_branch_labels.py for tasks to queue
[2025-11-25T15:44:52.152+0000] {logging_mixin.py:188} INFO - [2025-11-25T15:44:52.152+0000] {dagbag.py:545} INFO - Filling up the DagBag from /home/airflow/.local/lib/python3.12/site-packages/airflow/example_dags/example_branch_labels.py
[2025-11-25T15:44:52.157+0000] {processor.py:840} INFO - DAG(s) 'example_branch_labels' retrieved from /home/airflow/.local/lib/python3.12/site-packages/airflow/example_dags/example_branch_labels.py
[2025-11-25T15:44:52.168+0000] {logging_mixin.py:188} INFO - [2025-11-25T15:44:52.168+0000] {dag.py:3096} INFO - Sync 1 DAGs
[2025-11-25T15:44:52.180+0000] {logging_mixin.py:188} INFO - [2025-11-25T15:44:52.180+0000] {dag.py:3954} INFO - Setting next_dagrun for example_branch_labels to 2025-11-24 00:00:00+00:00, run_after=2025-11-25 00:00:00+00:00
[2025-11-25T15:44:52.189+0000] {processor.py:183} INFO - Processing /home/airflow/.local/lib/python3.12/site-packages/airflow/example_dags/example_branch_labels.py took 0.042 seconds
[2025-11-25T15:45:22.310+0000] {processor.py:161} INFO - Started process (PID=6518) to work on /home/airflow/.local/lib/python3.12/site-packages/airflow/example_dags/example_branch_labels.py
[2025-11-25T15:45:22.311+0000] {processor.py:830} INFO - Processing file /home/airflow/.local/lib/python3.12/site-packages/airflow/example_dags/example_branch_labels.py for tasks to queue
[2025-11-25T15:45:22.312+0000] {logging_mixin.py:188} INFO - [2025-11-25T15:45:22.312+0000] {dagbag.py:545} INFO - Filling up the DagBag from /home/airflow/.local/lib/python3.12/site-packages/airflow/example_dags/example_branch_labels.py
[2025-11-25T15:45:22.315+0000] {processor.py:840} INFO - DAG(s) 'example_branch_labels' retrieved from /home/airflow/.local/lib/python3.12/site-packages/airflow/example_dags/example_branch_labels.py
[2025-11-25T15:45:22.324+0000] {logging_mixin.py:188} INFO - [2025-11-25T15:45:22.324+0000] {dag.py:3096} INFO - Sync 1 DAGs
[2025-11-25T15:45:22.340+0000] {logging_mixin.py:188} INFO - [2025-11-25T15:45:22.339+0000] {dag.py:3954} INFO - Setting next_dagrun for example_branch_labels to 2025-11-24 00:00:00+00:00, run_after=2025-11-25 00:00:00+00:00
[2025-11-25T15:45:22.349+0000] {processor.py:183} INFO - Processing /home/airflow/.local/lib/python3.12/site-packages/airflow/example_dags/example_branch_labels.py took 0.041 seconds
[2025-11-25T15:45:53.055+0000] {processor.py:161} INFO - Started process (PID=6577) to work on /home/airflow/.local/lib/python3.12/site-packages/airflow/example_dags/example_branch_labels.py
[2025-11-25T15:45:53.056+0000] {processor.py:830} INFO - Processing file /home/airflow/.local/lib/python3.12/site-packages/airflow/example_dags/example_branch_labels.py for tasks to queue
[2025-11-25T15:45:53.057+0000] {logging_mixin.py:188} INFO - [2025-11-25T15:45:53.057+0000] {dagbag.py:545} INFO - Filling up the DagBag from /home/airflow/.local/lib/python3.12/site-packages/airflow/example_dags/example_branch_labels.py
[2025-11-25T15:45:53.061+0000] {processor.py:840} INFO - DAG(s) 'example_branch_labels' retrieved from /home/airflow/.local/lib/python3.12/site-packages/airflow/example_dags/example_branch_labels.py
[2025-11-25T15:45:53.071+0000] {logging_mixin.py:188} INFO - [2025-11-25T15:45:53.071+0000] {dag.py:3096} INFO - Sync 1 DAGs
[2025-11-25T15:45:53.079+0000] {logging_mixin.py:188} INFO - [2025-11-25T15:45:53.079+0000] {dag.py:3954} INFO - Setting next_dagrun for example_branch_labels to 2025-11-24 00:00:00+00:00, run_after=2025-11-25 00:00:00+00:00
[2025-11-25T15:45:53.088+0000] {processor.py:183} INFO - Processing /home/airflow/.local/lib/python3.12/site-packages/airflow/example_dags/example_branch_labels.py took 0.034 seconds
[2025-11-25T15:46:23.787+0000] {processor.py:161} INFO - Started process (PID=6635) to work on /home/airflow/.local/lib/python3.12/site-packages/airflow/example_dags/example_branch_labels.py
[2025-11-25T15:46:23.789+0000] {processor.py:830} INFO - Processing file /home/airflow/.local/lib/python3.12/site-packages/airflow/example_dags/example_branch_labels.py for tasks to queue
[2025-11-25T15:46:23.793+0000] {logging_mixin.py:188} INFO - [2025-11-25T15:46:23.793+0000] {dagbag.py:545} INFO - Filling up the DagBag from /home/airflow/.local/lib/python3.12/site-packages/airflow/example_dags/example_branch_labels.py
[2025-11-25T15:46:23.797+0000] {processor.py:840} INFO - DAG(s) 'example_branch_labels' retrieved from /home/airflow/.local/lib/python3.12/site-packages/airflow/example_dags/example_branch_labels.py
[2025-11-25T15:46:23.807+0000] {logging_mixin.py:188} INFO - [2025-11-25T15:46:23.807+0000] {dag.py:3096} INFO - Sync 1 DAGs
[2025-11-25T15:46:23.816+0000] {logging_mixin.py:188} INFO - [2025-11-25T15:46:23.816+0000] {dag.py:3954} INFO - Setting next_dagrun for example_branch_labels to 2025-11-24 00:00:00+00:00, run_after=2025-11-25 00:00:00+00:00
[2025-11-25T15:46:23.822+0000] {processor.py:183} INFO - Processing /home/airflow/.local/lib/python3.12/site-packages/airflow/example_dags/example_branch_labels.py took 0.038 seconds
[2025-11-25T15:46:53.965+0000] {processor.py:161} INFO - Started process (PID=6693) to work on /home/airflow/.local/lib/python3.12/site-packages/airflow/example_dags/example_branch_labels.py
[2025-11-25T15:46:53.965+0000] {processor.py:830} INFO - Processing file /home/airflow/.local/lib/python3.12/site-packages/airflow/example_dags/example_branch_labels.py for tasks to queue
[2025-11-25T15:46:53.967+0000] {logging_mixin.py:188} INFO - [2025-11-25T15:46:53.967+0000] {dagbag.py:545} INFO - Filling up the DagBag from /home/airflow/.local/lib/python3.12/site-packages/airflow/example_dags/example_branch_labels.py
[2025-11-25T15:46:53.970+0000] {processor.py:840} INFO - DAG(s) 'example_branch_labels' retrieved from /home/airflow/.local/lib/python3.12/site-packages/airflow/example_dags/example_branch_labels.py
[2025-11-25T15:46:53.979+0000] {logging_mixin.py:188} INFO - [2025-11-25T15:46:53.979+0000] {dag.py:3096} INFO - Sync 1 DAGs
[2025-11-25T15:46:53.987+0000] {logging_mixin.py:188} INFO - [2025-11-25T15:46:53.987+0000] {dag.py:3954} INFO - Setting next_dagrun for example_branch_labels to 2025-11-24 00:00:00+00:00, run_after=2025-11-25 00:00:00+00:00
[2025-11-25T15:46:53.993+0000] {processor.py:183} INFO - Processing /home/airflow/.local/lib/python3.12/site-packages/airflow/example_dags/example_branch_labels.py took 0.031 seconds
[2025-11-25T15:47:24.693+0000] {processor.py:161} INFO - Started process (PID=6751) to work on /home/airflow/.local/lib/python3.12/site-packages/airflow/example_dags/example_branch_labels.py
[2025-11-25T15:47:24.694+0000] {processor.py:830} INFO - Processing file /home/airflow/.local/lib/python3.12/site-packages/airflow/example_dags/example_branch_labels.py for tasks to queue
[2025-11-25T15:47:24.695+0000] {logging_mixin.py:188} INFO - [2025-11-25T15:47:24.695+0000] {dagbag.py:545} INFO - Filling up the DagBag from /home/airflow/.local/lib/python3.12/site-packages/airflow/example_dags/example_branch_labels.py
[2025-11-25T15:47:24.699+0000] {processor.py:840} INFO - DAG(s) 'example_branch_labels' retrieved from /home/airflow/.local/lib/python3.12/site-packages/airflow/example_dags/example_branch_labels.py
[2025-11-25T15:47:24.710+0000] {logging_mixin.py:188} INFO - [2025-11-25T15:47:24.710+0000] {dag.py:3096} INFO - Sync 1 DAGs
[2025-11-25T15:47:24.722+0000] {logging_mixin.py:188} INFO - [2025-11-25T15:47:24.722+0000] {dag.py:3954} INFO - Setting next_dagrun for example_branch_labels to 2025-11-24 00:00:00+00:00, run_after=2025-11-25 00:00:00+00:00
[2025-11-25T15:47:24.728+0000] {processor.py:183} INFO - Processing /home/airflow/.local/lib/python3.12/site-packages/airflow/example_dags/example_branch_labels.py took 0.037 seconds
[2025-11-25T15:47:54.792+0000] {processor.py:161} INFO - Started process (PID=6809) to work on /home/airflow/.local/lib/python3.12/site-packages/airflow/example_dags/example_branch_labels.py
[2025-11-25T15:47:54.792+0000] {processor.py:830} INFO - Processing file /home/airflow/.local/lib/python3.12/site-packages/airflow/example_dags/example_branch_labels.py for tasks to queue
[2025-11-25T15:47:54.793+0000] {logging_mixin.py:188} INFO - [2025-11-25T15:47:54.793+0000] {dagbag.py:545} INFO - Filling up the DagBag from /home/airflow/.local/lib/python3.12/site-packages/airflow/example_dags/example_branch_labels.py
[2025-11-25T15:47:54.795+0000] {processor.py:840} INFO - DAG(s) 'example_branch_labels' retrieved from /home/airflow/.local/lib/python3.12/site-packages/airflow/example_dags/example_branch_labels.py
[2025-11-25T15:47:54.803+0000] {logging_mixin.py:188} INFO - [2025-11-25T15:47:54.803+0000] {dag.py:3096} INFO - Sync 1 DAGs
[2025-11-25T15:47:54.810+0000] {logging_mixin.py:188} INFO - [2025-11-25T15:47:54.810+0000] {dag.py:3954} INFO - Setting next_dagrun for example_branch_labels to 2025-11-24 00:00:00+00:00, run_after=2025-11-25 00:00:00+00:00
[2025-11-25T15:47:54.815+0000] {processor.py:183} INFO - Processing /home/airflow/.local/lib/python3.12/site-packages/airflow/example_dags/example_branch_labels.py took 0.025 seconds
[2025-11-25T15:48:25.729+0000] {processor.py:161} INFO - Started process (PID=6867) to work on /home/airflow/.local/lib/python3.12/site-packages/airflow/example_dags/example_branch_labels.py
[2025-11-25T15:48:25.730+0000] {processor.py:830} INFO - Processing file /home/airflow/.local/lib/python3.12/site-packages/airflow/example_dags/example_branch_labels.py for tasks to queue
[2025-11-25T15:48:25.733+0000] {logging_mixin.py:188} INFO - [2025-11-25T15:48:25.733+0000] {dagbag.py:545} INFO - Filling up the DagBag from /home/airflow/.local/lib/python3.12/site-packages/airflow/example_dags/example_branch_labels.py
[2025-11-25T15:48:25.736+0000] {processor.py:840} INFO - DAG(s) 'example_branch_labels' retrieved from /home/airflow/.local/lib/python3.12/site-packages/airflow/example_dags/example_branch_labels.py
[2025-11-25T15:48:25.744+0000] {logging_mixin.py:188} INFO - [2025-11-25T15:48:25.744+0000] {dag.py:3096} INFO - Sync 1 DAGs
[2025-11-25T15:48:25.753+0000] {logging_mixin.py:188} INFO - [2025-11-25T15:48:25.753+0000] {dag.py:3954} INFO - Setting next_dagrun for example_branch_labels to 2025-11-24 00:00:00+00:00, run_after=2025-11-25 00:00:00+00:00
[2025-11-25T15:48:25.759+0000] {processor.py:183} INFO - Processing /home/airflow/.local/lib/python3.12/site-packages/airflow/example_dags/example_branch_labels.py took 0.032 seconds
[2025-11-25T15:48:56.369+0000] {processor.py:161} INFO - Started process (PID=6925) to work on /home/airflow/.local/lib/python3.12/site-packages/airflow/example_dags/example_branch_labels.py
[2025-11-25T15:48:56.370+0000] {processor.py:830} INFO - Processing file /home/airflow/.local/lib/python3.12/site-packages/airflow/example_dags/example_branch_labels.py for tasks to queue
[2025-11-25T15:48:56.371+0000] {logging_mixin.py:188} INFO - [2025-11-25T15:48:56.370+0000] {dagbag.py:545} INFO - Filling up the DagBag from /home/airflow/.local/lib/python3.12/site-packages/airflow/example_dags/example_branch_labels.py
[2025-11-25T15:48:56.374+0000] {processor.py:840} INFO - DAG(s) 'example_branch_labels' retrieved from /home/airflow/.local/lib/python3.12/site-packages/airflow/example_dags/example_branch_labels.py
[2025-11-25T15:48:56.385+0000] {logging_mixin.py:188} INFO - [2025-11-25T15:48:56.385+0000] {dag.py:3096} INFO - Sync 1 DAGs
[2025-11-25T15:48:56.395+0000] {logging_mixin.py:188} INFO - [2025-11-25T15:48:56.395+0000] {dag.py:3954} INFO - Setting next_dagrun for example_branch_labels to 2025-11-24 00:00:00+00:00, run_after=2025-11-25 00:00:00+00:00
[2025-11-25T15:48:56.474+0000] {processor.py:183} INFO - Processing /home/airflow/.local/lib/python3.12/site-packages/airflow/example_dags/example_branch_labels.py took 0.108 seconds
[2025-11-25T15:49:26.836+0000] {processor.py:161} INFO - Started process (PID=6984) to work on /home/airflow/.local/lib/python3.12/site-packages/airflow/example_dags/example_branch_labels.py
[2025-11-25T15:49:26.836+0000] {processor.py:830} INFO - Processing file /home/airflow/.local/lib/python3.12/site-packages/airflow/example_dags/example_branch_labels.py for tasks to queue
[2025-11-25T15:49:26.837+0000] {logging_mixin.py:188} INFO - [2025-11-25T15:49:26.837+0000] {dagbag.py:545} INFO - Filling up the DagBag from /home/airflow/.local/lib/python3.12/site-packages/airflow/example_dags/example_branch_labels.py
[2025-11-25T15:49:26.841+0000] {processor.py:840} INFO - DAG(s) 'example_branch_labels' retrieved from /home/airflow/.local/lib/python3.12/site-packages/airflow/example_dags/example_branch_labels.py
[2025-11-25T15:49:26.853+0000] {logging_mixin.py:188} INFO - [2025-11-25T15:49:26.853+0000] {dag.py:3096} INFO - Sync 1 DAGs
[2025-11-25T15:49:26.863+0000] {logging_mixin.py:188} INFO - [2025-11-25T15:49:26.863+0000] {dag.py:3954} INFO - Setting next_dagrun for example_branch_labels to 2025-11-24 00:00:00+00:00, run_after=2025-11-25 00:00:00+00:00
[2025-11-25T15:49:26.998+0000] {processor.py:183} INFO - Processing /home/airflow/.local/lib/python3.12/site-packages/airflow/example_dags/example_branch_labels.py took 0.166 seconds
[2025-11-25T15:49:57.731+0000] {processor.py:161} INFO - Started process (PID=7041) to work on /home/airflow/.local/lib/python3.12/site-packages/airflow/example_dags/example_branch_labels.py
[2025-11-25T15:49:57.733+0000] {processor.py:830} INFO - Processing file /home/airflow/.local/lib/python3.12/site-packages/airflow/example_dags/example_branch_labels.py for tasks to queue
[2025-11-25T15:49:57.735+0000] {logging_mixin.py:188} INFO - [2025-11-25T15:49:57.735+0000] {dagbag.py:545} INFO - Filling up the DagBag from /home/airflow/.local/lib/python3.12/site-packages/airflow/example_dags/example_branch_labels.py
[2025-11-25T15:49:57.744+0000] {processor.py:840} INFO - DAG(s) 'example_branch_labels' retrieved from /home/airflow/.local/lib/python3.12/site-packages/airflow/example_dags/example_branch_labels.py
[2025-11-25T15:49:57.758+0000] {logging_mixin.py:188} INFO - [2025-11-25T15:49:57.758+0000] {dag.py:3096} INFO - Sync 1 DAGs
[2025-11-25T15:49:57.772+0000] {logging_mixin.py:188} INFO - [2025-11-25T15:49:57.772+0000] {dag.py:3954} INFO - Setting next_dagrun for example_branch_labels to 2025-11-24 00:00:00+00:00, run_after=2025-11-25 00:00:00+00:00
[2025-11-25T15:49:57.780+0000] {processor.py:183} INFO - Processing /home/airflow/.local/lib/python3.12/site-packages/airflow/example_dags/example_branch_labels.py took 0.056 seconds
[2025-11-25T15:50:28.423+0000] {processor.py:161} INFO - Started process (PID=7099) to work on /home/airflow/.local/lib/python3.12/site-packages/airflow/example_dags/example_branch_labels.py
[2025-11-25T15:50:28.430+0000] {processor.py:830} INFO - Processing file /home/airflow/.local/lib/python3.12/site-packages/airflow/example_dags/example_branch_labels.py for tasks to queue
[2025-11-25T15:50:28.432+0000] {logging_mixin.py:188} INFO - [2025-11-25T15:50:28.432+0000] {dagbag.py:545} INFO - Filling up the DagBag from /home/airflow/.local/lib/python3.12/site-packages/airflow/example_dags/example_branch_labels.py
[2025-11-25T15:50:28.449+0000] {processor.py:840} INFO - DAG(s) 'example_branch_labels' retrieved from /home/airflow/.local/lib/python3.12/site-packages/airflow/example_dags/example_branch_labels.py
[2025-11-25T15:50:28.485+0000] {logging_mixin.py:188} INFO - [2025-11-25T15:50:28.484+0000] {dag.py:3096} INFO - Sync 1 DAGs
[2025-11-25T15:50:28.512+0000] {logging_mixin.py:188} INFO - [2025-11-25T15:50:28.512+0000] {dag.py:3954} INFO - Setting next_dagrun for example_branch_labels to 2025-11-24 00:00:00+00:00, run_after=2025-11-25 00:00:00+00:00
[2025-11-25T15:50:28.532+0000] {processor.py:183} INFO - Processing /home/airflow/.local/lib/python3.12/site-packages/airflow/example_dags/example_branch_labels.py took 0.119 seconds
[2025-11-25T15:50:59.205+0000] {processor.py:161} INFO - Started process (PID=7157) to work on /home/airflow/.local/lib/python3.12/site-packages/airflow/example_dags/example_branch_labels.py
[2025-11-25T15:50:59.206+0000] {processor.py:830} INFO - Processing file /home/airflow/.local/lib/python3.12/site-packages/airflow/example_dags/example_branch_labels.py for tasks to queue
[2025-11-25T15:50:59.208+0000] {logging_mixin.py:188} INFO - [2025-11-25T15:50:59.208+0000] {dagbag.py:545} INFO - Filling up the DagBag from /home/airflow/.local/lib/python3.12/site-packages/airflow/example_dags/example_branch_labels.py
[2025-11-25T15:50:59.213+0000] {processor.py:840} INFO - DAG(s) 'example_branch_labels' retrieved from /home/airflow/.local/lib/python3.12/site-packages/airflow/example_dags/example_branch_labels.py
[2025-11-25T15:50:59.229+0000] {logging_mixin.py:188} INFO - [2025-11-25T15:50:59.229+0000] {dag.py:3096} INFO - Sync 1 DAGs
[2025-11-25T15:50:59.240+0000] {logging_mixin.py:188} INFO - [2025-11-25T15:50:59.240+0000] {dag.py:3954} INFO - Setting next_dagrun for example_branch_labels to 2025-11-24 00:00:00+00:00, run_after=2025-11-25 00:00:00+00:00
[2025-11-25T15:50:59.247+0000] {processor.py:183} INFO - Processing /home/airflow/.local/lib/python3.12/site-packages/airflow/example_dags/example_branch_labels.py took 0.048 seconds
[2025-11-25T15:51:29.780+0000] {processor.py:161} INFO - Started process (PID=7215) to work on /home/airflow/.local/lib/python3.12/site-packages/airflow/example_dags/example_branch_labels.py
[2025-11-25T15:51:29.782+0000] {processor.py:830} INFO - Processing file /home/airflow/.local/lib/python3.12/site-packages/airflow/example_dags/example_branch_labels.py for tasks to queue
[2025-11-25T15:51:29.785+0000] {logging_mixin.py:188} INFO - [2025-11-25T15:51:29.784+0000] {dagbag.py:545} INFO - Filling up the DagBag from /home/airflow/.local/lib/python3.12/site-packages/airflow/example_dags/example_branch_labels.py
[2025-11-25T15:51:29.794+0000] {processor.py:840} INFO - DAG(s) 'example_branch_labels' retrieved from /home/airflow/.local/lib/python3.12/site-packages/airflow/example_dags/example_branch_labels.py
[2025-11-25T15:51:29.811+0000] {logging_mixin.py:188} INFO - [2025-11-25T15:51:29.811+0000] {dag.py:3096} INFO - Sync 1 DAGs
[2025-11-25T15:51:29.908+0000] {logging_mixin.py:188} INFO - [2025-11-25T15:51:29.907+0000] {dag.py:3954} INFO - Setting next_dagrun for example_branch_labels to 2025-11-24 00:00:00+00:00, run_after=2025-11-25 00:00:00+00:00
[2025-11-25T15:51:29.914+0000] {processor.py:183} INFO - Processing /home/airflow/.local/lib/python3.12/site-packages/airflow/example_dags/example_branch_labels.py took 0.141 seconds
[2025-11-25T15:52:00.219+0000] {processor.py:161} INFO - Started process (PID=7273) to work on /home/airflow/.local/lib/python3.12/site-packages/airflow/example_dags/example_branch_labels.py
[2025-11-25T15:52:00.222+0000] {processor.py:830} INFO - Processing file /home/airflow/.local/lib/python3.12/site-packages/airflow/example_dags/example_branch_labels.py for tasks to queue
[2025-11-25T15:52:00.225+0000] {logging_mixin.py:188} INFO - [2025-11-25T15:52:00.225+0000] {dagbag.py:545} INFO - Filling up the DagBag from /home/airflow/.local/lib/python3.12/site-packages/airflow/example_dags/example_branch_labels.py
[2025-11-25T15:52:00.237+0000] {processor.py:840} INFO - DAG(s) 'example_branch_labels' retrieved from /home/airflow/.local/lib/python3.12/site-packages/airflow/example_dags/example_branch_labels.py
[2025-11-25T15:52:00.260+0000] {logging_mixin.py:188} INFO - [2025-11-25T15:52:00.260+0000] {dag.py:3096} INFO - Sync 1 DAGs
[2025-11-25T15:52:00.277+0000] {logging_mixin.py:188} INFO - [2025-11-25T15:52:00.276+0000] {dag.py:3954} INFO - Setting next_dagrun for example_branch_labels to 2025-11-24 00:00:00+00:00, run_after=2025-11-25 00:00:00+00:00
[2025-11-25T15:52:00.377+0000] {processor.py:183} INFO - Processing /home/airflow/.local/lib/python3.12/site-packages/airflow/example_dags/example_branch_labels.py took 0.170 seconds
[2025-11-25T15:52:30.902+0000] {processor.py:161} INFO - Started process (PID=7331) to work on /home/airflow/.local/lib/python3.12/site-packages/airflow/example_dags/example_branch_labels.py
[2025-11-25T15:52:30.904+0000] {processor.py:830} INFO - Processing file /home/airflow/.local/lib/python3.12/site-packages/airflow/example_dags/example_branch_labels.py for tasks to queue
[2025-11-25T15:52:30.906+0000] {logging_mixin.py:188} INFO - [2025-11-25T15:52:30.906+0000] {dagbag.py:545} INFO - Filling up the DagBag from /home/airflow/.local/lib/python3.12/site-packages/airflow/example_dags/example_branch_labels.py
[2025-11-25T15:52:30.913+0000] {processor.py:840} INFO - DAG(s) 'example_branch_labels' retrieved from /home/airflow/.local/lib/python3.12/site-packages/airflow/example_dags/example_branch_labels.py
[2025-11-25T15:52:30.929+0000] {logging_mixin.py:188} INFO - [2025-11-25T15:52:30.929+0000] {dag.py:3096} INFO - Sync 1 DAGs
[2025-11-25T15:52:30.942+0000] {logging_mixin.py:188} INFO - [2025-11-25T15:52:30.941+0000] {dag.py:3954} INFO - Setting next_dagrun for example_branch_labels to 2025-11-24 00:00:00+00:00, run_after=2025-11-25 00:00:00+00:00
[2025-11-25T15:52:30.952+0000] {processor.py:183} INFO - Processing /home/airflow/.local/lib/python3.12/site-packages/airflow/example_dags/example_branch_labels.py took 0.057 seconds
[2025-11-25T15:53:01.567+0000] {processor.py:161} INFO - Started process (PID=7389) to work on /home/airflow/.local/lib/python3.12/site-packages/airflow/example_dags/example_branch_labels.py
[2025-11-25T15:53:01.568+0000] {processor.py:830} INFO - Processing file /home/airflow/.local/lib/python3.12/site-packages/airflow/example_dags/example_branch_labels.py for tasks to queue
[2025-11-25T15:53:01.572+0000] {logging_mixin.py:188} INFO - [2025-11-25T15:53:01.572+0000] {dagbag.py:545} INFO - Filling up the DagBag from /home/airflow/.local/lib/python3.12/site-packages/airflow/example_dags/example_branch_labels.py
[2025-11-25T15:53:01.580+0000] {processor.py:840} INFO - DAG(s) 'example_branch_labels' retrieved from /home/airflow/.local/lib/python3.12/site-packages/airflow/example_dags/example_branch_labels.py
[2025-11-25T15:53:01.607+0000] {logging_mixin.py:188} INFO - [2025-11-25T15:53:01.607+0000] {dag.py:3096} INFO - Sync 1 DAGs
[2025-11-25T15:53:01.622+0000] {logging_mixin.py:188} INFO - [2025-11-25T15:53:01.621+0000] {dag.py:3954} INFO - Setting next_dagrun for example_branch_labels to 2025-11-24 00:00:00+00:00, run_after=2025-11-25 00:00:00+00:00
[2025-11-25T15:53:01.631+0000] {processor.py:183} INFO - Processing /home/airflow/.local/lib/python3.12/site-packages/airflow/example_dags/example_branch_labels.py took 0.072 seconds
[2025-11-25T15:53:32.193+0000] {processor.py:161} INFO - Started process (PID=7447) to work on /home/airflow/.local/lib/python3.12/site-packages/airflow/example_dags/example_branch_labels.py
[2025-11-25T15:53:32.194+0000] {processor.py:830} INFO - Processing file /home/airflow/.local/lib/python3.12/site-packages/airflow/example_dags/example_branch_labels.py for tasks to queue
[2025-11-25T15:53:32.196+0000] {logging_mixin.py:188} INFO - [2025-11-25T15:53:32.196+0000] {dagbag.py:545} INFO - Filling up the DagBag from /home/airflow/.local/lib/python3.12/site-packages/airflow/example_dags/example_branch_labels.py
[2025-11-25T15:53:32.202+0000] {processor.py:840} INFO - DAG(s) 'example_branch_labels' retrieved from /home/airflow/.local/lib/python3.12/site-packages/airflow/example_dags/example_branch_labels.py
[2025-11-25T15:53:32.219+0000] {logging_mixin.py:188} INFO - [2025-11-25T15:53:32.218+0000] {dag.py:3096} INFO - Sync 1 DAGs
[2025-11-25T15:53:32.231+0000] {logging_mixin.py:188} INFO - [2025-11-25T15:53:32.231+0000] {dag.py:3954} INFO - Setting next_dagrun for example_branch_labels to 2025-11-24 00:00:00+00:00, run_after=2025-11-25 00:00:00+00:00
[2025-11-25T15:53:32.239+0000] {processor.py:183} INFO - Processing /home/airflow/.local/lib/python3.12/site-packages/airflow/example_dags/example_branch_labels.py took 0.053 seconds
[2025-11-25T15:54:02.862+0000] {processor.py:161} INFO - Started process (PID=7505) to work on /home/airflow/.local/lib/python3.12/site-packages/airflow/example_dags/example_branch_labels.py
[2025-11-25T15:54:02.863+0000] {processor.py:830} INFO - Processing file /home/airflow/.local/lib/python3.12/site-packages/airflow/example_dags/example_branch_labels.py for tasks to queue
[2025-11-25T15:54:02.864+0000] {logging_mixin.py:188} INFO - [2025-11-25T15:54:02.864+0000] {dagbag.py:545} INFO - Filling up the DagBag from /home/airflow/.local/lib/python3.12/site-packages/airflow/example_dags/example_branch_labels.py
[2025-11-25T15:54:02.870+0000] {processor.py:840} INFO - DAG(s) 'example_branch_labels' retrieved from /home/airflow/.local/lib/python3.12/site-packages/airflow/example_dags/example_branch_labels.py
[2025-11-25T15:54:02.882+0000] {logging_mixin.py:188} INFO - [2025-11-25T15:54:02.881+0000] {dag.py:3096} INFO - Sync 1 DAGs
[2025-11-25T15:54:02.892+0000] {logging_mixin.py:188} INFO - [2025-11-25T15:54:02.891+0000] {dag.py:3954} INFO - Setting next_dagrun for example_branch_labels to 2025-11-24 00:00:00+00:00, run_after=2025-11-25 00:00:00+00:00
[2025-11-25T15:54:02.898+0000] {processor.py:183} INFO - Processing /home/airflow/.local/lib/python3.12/site-packages/airflow/example_dags/example_branch_labels.py took 0.043 seconds
[2025-11-25T15:54:33.553+0000] {processor.py:161} INFO - Started process (PID=7563) to work on /home/airflow/.local/lib/python3.12/site-packages/airflow/example_dags/example_branch_labels.py
[2025-11-25T15:54:33.555+0000] {processor.py:830} INFO - Processing file /home/airflow/.local/lib/python3.12/site-packages/airflow/example_dags/example_branch_labels.py for tasks to queue
[2025-11-25T15:54:33.557+0000] {logging_mixin.py:188} INFO - [2025-11-25T15:54:33.557+0000] {dagbag.py:545} INFO - Filling up the DagBag from /home/airflow/.local/lib/python3.12/site-packages/airflow/example_dags/example_branch_labels.py
[2025-11-25T15:54:33.567+0000] {processor.py:840} INFO - DAG(s) 'example_branch_labels' retrieved from /home/airflow/.local/lib/python3.12/site-packages/airflow/example_dags/example_branch_labels.py
[2025-11-25T15:54:33.583+0000] {logging_mixin.py:188} INFO - [2025-11-25T15:54:33.583+0000] {dag.py:3096} INFO - Sync 1 DAGs
[2025-11-25T15:54:33.594+0000] {logging_mixin.py:188} INFO - [2025-11-25T15:54:33.593+0000] {dag.py:3954} INFO - Setting next_dagrun for example_branch_labels to 2025-11-24 00:00:00+00:00, run_after=2025-11-25 00:00:00+00:00
[2025-11-25T15:54:33.604+0000] {processor.py:183} INFO - Processing /home/airflow/.local/lib/python3.12/site-packages/airflow/example_dags/example_branch_labels.py took 0.059 seconds
[2025-11-25T15:55:04.327+0000] {processor.py:161} INFO - Started process (PID=7621) to work on /home/airflow/.local/lib/python3.12/site-packages/airflow/example_dags/example_branch_labels.py
[2025-11-25T15:55:04.329+0000] {processor.py:830} INFO - Processing file /home/airflow/.local/lib/python3.12/site-packages/airflow/example_dags/example_branch_labels.py for tasks to queue
[2025-11-25T15:55:04.330+0000] {logging_mixin.py:188} INFO - [2025-11-25T15:55:04.330+0000] {dagbag.py:545} INFO - Filling up the DagBag from /home/airflow/.local/lib/python3.12/site-packages/airflow/example_dags/example_branch_labels.py
[2025-11-25T15:55:04.338+0000] {processor.py:840} INFO - DAG(s) 'example_branch_labels' retrieved from /home/airflow/.local/lib/python3.12/site-packages/airflow/example_dags/example_branch_labels.py
[2025-11-25T15:55:04.359+0000] {logging_mixin.py:188} INFO - [2025-11-25T15:55:04.359+0000] {dag.py:3096} INFO - Sync 1 DAGs
[2025-11-25T15:55:04.378+0000] {logging_mixin.py:188} INFO - [2025-11-25T15:55:04.378+0000] {dag.py:3954} INFO - Setting next_dagrun for example_branch_labels to 2025-11-24 00:00:00+00:00, run_after=2025-11-25 00:00:00+00:00
[2025-11-25T15:55:04.388+0000] {processor.py:183} INFO - Processing /home/airflow/.local/lib/python3.12/site-packages/airflow/example_dags/example_branch_labels.py took 0.068 seconds
[2025-11-25T15:55:34.965+0000] {processor.py:161} INFO - Started process (PID=7679) to work on /home/airflow/.local/lib/python3.12/site-packages/airflow/example_dags/example_branch_labels.py
[2025-11-25T15:55:34.966+0000] {processor.py:830} INFO - Processing file /home/airflow/.local/lib/python3.12/site-packages/airflow/example_dags/example_branch_labels.py for tasks to queue
[2025-11-25T15:55:34.968+0000] {logging_mixin.py:188} INFO - [2025-11-25T15:55:34.968+0000] {dagbag.py:545} INFO - Filling up the DagBag from /home/airflow/.local/lib/python3.12/site-packages/airflow/example_dags/example_branch_labels.py
[2025-11-25T15:55:34.972+0000] {processor.py:840} INFO - DAG(s) 'example_branch_labels' retrieved from /home/airflow/.local/lib/python3.12/site-packages/airflow/example_dags/example_branch_labels.py
[2025-11-25T15:55:34.984+0000] {logging_mixin.py:188} INFO - [2025-11-25T15:55:34.984+0000] {dag.py:3096} INFO - Sync 1 DAGs
[2025-11-25T15:55:34.997+0000] {logging_mixin.py:188} INFO - [2025-11-25T15:55:34.997+0000] {dag.py:3954} INFO - Setting next_dagrun for example_branch_labels to 2025-11-24 00:00:00+00:00, run_after=2025-11-25 00:00:00+00:00
[2025-11-25T15:55:35.009+0000] {processor.py:183} INFO - Processing /home/airflow/.local/lib/python3.12/site-packages/airflow/example_dags/example_branch_labels.py took 0.051 seconds
[2025-11-25T15:56:05.835+0000] {processor.py:161} INFO - Started process (PID=7737) to work on /home/airflow/.local/lib/python3.12/site-packages/airflow/example_dags/example_branch_labels.py
[2025-11-25T15:56:05.837+0000] {processor.py:830} INFO - Processing file /home/airflow/.local/lib/python3.12/site-packages/airflow/example_dags/example_branch_labels.py for tasks to queue
[2025-11-25T15:56:05.839+0000] {logging_mixin.py:188} INFO - [2025-11-25T15:56:05.839+0000] {dagbag.py:545} INFO - Filling up the DagBag from /home/airflow/.local/lib/python3.12/site-packages/airflow/example_dags/example_branch_labels.py
[2025-11-25T15:56:05.845+0000] {processor.py:840} INFO - DAG(s) 'example_branch_labels' retrieved from /home/airflow/.local/lib/python3.12/site-packages/airflow/example_dags/example_branch_labels.py
[2025-11-25T15:56:05.863+0000] {logging_mixin.py:188} INFO - [2025-11-25T15:56:05.863+0000] {dag.py:3096} INFO - Sync 1 DAGs
[2025-11-25T15:56:05.876+0000] {logging_mixin.py:188} INFO - [2025-11-25T15:56:05.875+0000] {dag.py:3954} INFO - Setting next_dagrun for example_branch_labels to 2025-11-24 00:00:00+00:00, run_after=2025-11-25 00:00:00+00:00
[2025-11-25T15:56:05.883+0000] {processor.py:183} INFO - Processing /home/airflow/.local/lib/python3.12/site-packages/airflow/example_dags/example_branch_labels.py took 0.055 seconds
[2025-11-25T15:56:36.615+0000] {processor.py:161} INFO - Started process (PID=7795) to work on /home/airflow/.local/lib/python3.12/site-packages/airflow/example_dags/example_branch_labels.py
[2025-11-25T15:56:36.616+0000] {processor.py:830} INFO - Processing file /home/airflow/.local/lib/python3.12/site-packages/airflow/example_dags/example_branch_labels.py for tasks to queue
[2025-11-25T15:56:36.618+0000] {logging_mixin.py:188} INFO - [2025-11-25T15:56:36.618+0000] {dagbag.py:545} INFO - Filling up the DagBag from /home/airflow/.local/lib/python3.12/site-packages/airflow/example_dags/example_branch_labels.py
[2025-11-25T15:56:36.624+0000] {processor.py:840} INFO - DAG(s) 'example_branch_labels' retrieved from /home/airflow/.local/lib/python3.12/site-packages/airflow/example_dags/example_branch_labels.py
[2025-11-25T15:56:36.640+0000] {logging_mixin.py:188} INFO - [2025-11-25T15:56:36.640+0000] {dag.py:3096} INFO - Sync 1 DAGs
[2025-11-25T15:56:36.651+0000] {logging_mixin.py:188} INFO - [2025-11-25T15:56:36.651+0000] {dag.py:3954} INFO - Setting next_dagrun for example_branch_labels to 2025-11-24 00:00:00+00:00, run_after=2025-11-25 00:00:00+00:00
[2025-11-25T15:56:36.658+0000] {processor.py:183} INFO - Processing /home/airflow/.local/lib/python3.12/site-packages/airflow/example_dags/example_branch_labels.py took 0.050 seconds
[2025-11-25T15:57:06.785+0000] {processor.py:161} INFO - Started process (PID=7853) to work on /home/airflow/.local/lib/python3.12/site-packages/airflow/example_dags/example_branch_labels.py
[2025-11-25T15:57:06.787+0000] {processor.py:830} INFO - Processing file /home/airflow/.local/lib/python3.12/site-packages/airflow/example_dags/example_branch_labels.py for tasks to queue
[2025-11-25T15:57:06.789+0000] {logging_mixin.py:188} INFO - [2025-11-25T15:57:06.788+0000] {dagbag.py:545} INFO - Filling up the DagBag from /home/airflow/.local/lib/python3.12/site-packages/airflow/example_dags/example_branch_labels.py
[2025-11-25T15:57:06.796+0000] {processor.py:840} INFO - DAG(s) 'example_branch_labels' retrieved from /home/airflow/.local/lib/python3.12/site-packages/airflow/example_dags/example_branch_labels.py
[2025-11-25T15:57:06.815+0000] {logging_mixin.py:188} INFO - [2025-11-25T15:57:06.815+0000] {dag.py:3096} INFO - Sync 1 DAGs
[2025-11-25T15:57:06.832+0000] {logging_mixin.py:188} INFO - [2025-11-25T15:57:06.832+0000] {dag.py:3954} INFO - Setting next_dagrun for example_branch_labels to 2025-11-24 00:00:00+00:00, run_after=2025-11-25 00:00:00+00:00
[2025-11-25T15:57:06.845+0000] {processor.py:183} INFO - Processing /home/airflow/.local/lib/python3.12/site-packages/airflow/example_dags/example_branch_labels.py took 0.067 seconds
[2025-11-25T15:57:37.273+0000] {processor.py:161} INFO - Started process (PID=7911) to work on /home/airflow/.local/lib/python3.12/site-packages/airflow/example_dags/example_branch_labels.py
[2025-11-25T15:57:37.276+0000] {processor.py:830} INFO - Processing file /home/airflow/.local/lib/python3.12/site-packages/airflow/example_dags/example_branch_labels.py for tasks to queue
[2025-11-25T15:57:37.279+0000] {logging_mixin.py:188} INFO - [2025-11-25T15:57:37.279+0000] {dagbag.py:545} INFO - Filling up the DagBag from /home/airflow/.local/lib/python3.12/site-packages/airflow/example_dags/example_branch_labels.py
[2025-11-25T15:57:37.290+0000] {processor.py:840} INFO - DAG(s) 'example_branch_labels' retrieved from /home/airflow/.local/lib/python3.12/site-packages/airflow/example_dags/example_branch_labels.py
[2025-11-25T15:57:37.310+0000] {logging_mixin.py:188} INFO - [2025-11-25T15:57:37.310+0000] {dag.py:3096} INFO - Sync 1 DAGs
[2025-11-25T15:57:37.326+0000] {logging_mixin.py:188} INFO - [2025-11-25T15:57:37.326+0000] {dag.py:3954} INFO - Setting next_dagrun for example_branch_labels to 2025-11-24 00:00:00+00:00, run_after=2025-11-25 00:00:00+00:00
[2025-11-25T15:57:37.335+0000] {processor.py:183} INFO - Processing /home/airflow/.local/lib/python3.12/site-packages/airflow/example_dags/example_branch_labels.py took 0.072 seconds
[2025-11-25T15:58:07.388+0000] {processor.py:161} INFO - Started process (PID=7969) to work on /home/airflow/.local/lib/python3.12/site-packages/airflow/example_dags/example_branch_labels.py
[2025-11-25T15:58:07.389+0000] {processor.py:830} INFO - Processing file /home/airflow/.local/lib/python3.12/site-packages/airflow/example_dags/example_branch_labels.py for tasks to queue
[2025-11-25T15:58:07.391+0000] {logging_mixin.py:188} INFO - [2025-11-25T15:58:07.390+0000] {dagbag.py:545} INFO - Filling up the DagBag from /home/airflow/.local/lib/python3.12/site-packages/airflow/example_dags/example_branch_labels.py
[2025-11-25T15:58:07.398+0000] {processor.py:840} INFO - DAG(s) 'example_branch_labels' retrieved from /home/airflow/.local/lib/python3.12/site-packages/airflow/example_dags/example_branch_labels.py
[2025-11-25T15:58:07.423+0000] {logging_mixin.py:188} INFO - [2025-11-25T15:58:07.423+0000] {dag.py:3096} INFO - Sync 1 DAGs
[2025-11-25T15:58:07.435+0000] {logging_mixin.py:188} INFO - [2025-11-25T15:58:07.435+0000] {dag.py:3954} INFO - Setting next_dagrun for example_branch_labels to 2025-11-24 00:00:00+00:00, run_after=2025-11-25 00:00:00+00:00
[2025-11-25T15:58:07.446+0000] {processor.py:183} INFO - Processing /home/airflow/.local/lib/python3.12/site-packages/airflow/example_dags/example_branch_labels.py took 0.064 seconds
[2025-11-25T15:58:37.507+0000] {processor.py:161} INFO - Started process (PID=8027) to work on /home/airflow/.local/lib/python3.12/site-packages/airflow/example_dags/example_branch_labels.py
[2025-11-25T15:58:37.510+0000] {processor.py:830} INFO - Processing file /home/airflow/.local/lib/python3.12/site-packages/airflow/example_dags/example_branch_labels.py for tasks to queue
[2025-11-25T15:58:37.512+0000] {logging_mixin.py:188} INFO - [2025-11-25T15:58:37.512+0000] {dagbag.py:545} INFO - Filling up the DagBag from /home/airflow/.local/lib/python3.12/site-packages/airflow/example_dags/example_branch_labels.py
[2025-11-25T15:58:37.522+0000] {processor.py:840} INFO - DAG(s) 'example_branch_labels' retrieved from /home/airflow/.local/lib/python3.12/site-packages/airflow/example_dags/example_branch_labels.py
[2025-11-25T15:58:37.540+0000] {logging_mixin.py:188} INFO - [2025-11-25T15:58:37.540+0000] {dag.py:3096} INFO - Sync 1 DAGs
[2025-11-25T15:58:37.555+0000] {logging_mixin.py:188} INFO - [2025-11-25T15:58:37.555+0000] {dag.py:3954} INFO - Setting next_dagrun for example_branch_labels to 2025-11-24 00:00:00+00:00, run_after=2025-11-25 00:00:00+00:00
[2025-11-25T15:58:37.566+0000] {processor.py:183} INFO - Processing /home/airflow/.local/lib/python3.12/site-packages/airflow/example_dags/example_branch_labels.py took 0.066 seconds
[2025-11-25T15:59:08.331+0000] {processor.py:161} INFO - Started process (PID=8091) to work on /home/airflow/.local/lib/python3.12/site-packages/airflow/example_dags/example_branch_labels.py
[2025-11-25T15:59:08.333+0000] {processor.py:830} INFO - Processing file /home/airflow/.local/lib/python3.12/site-packages/airflow/example_dags/example_branch_labels.py for tasks to queue
[2025-11-25T15:59:08.335+0000] {logging_mixin.py:188} INFO - [2025-11-25T15:59:08.335+0000] {dagbag.py:545} INFO - Filling up the DagBag from /home/airflow/.local/lib/python3.12/site-packages/airflow/example_dags/example_branch_labels.py
[2025-11-25T15:59:08.345+0000] {processor.py:840} INFO - DAG(s) 'example_branch_labels' retrieved from /home/airflow/.local/lib/python3.12/site-packages/airflow/example_dags/example_branch_labels.py
[2025-11-25T15:59:08.369+0000] {logging_mixin.py:188} INFO - [2025-11-25T15:59:08.369+0000] {dag.py:3096} INFO - Sync 1 DAGs
[2025-11-25T15:59:08.382+0000] {logging_mixin.py:188} INFO - [2025-11-25T15:59:08.382+0000] {dag.py:3954} INFO - Setting next_dagrun for example_branch_labels to 2025-11-24 00:00:00+00:00, run_after=2025-11-25 00:00:00+00:00
[2025-11-25T15:59:08.397+0000] {processor.py:183} INFO - Processing /home/airflow/.local/lib/python3.12/site-packages/airflow/example_dags/example_branch_labels.py took 0.078 seconds
[2025-11-25T15:59:38.440+0000] {processor.py:161} INFO - Started process (PID=8149) to work on /home/airflow/.local/lib/python3.12/site-packages/airflow/example_dags/example_branch_labels.py
[2025-11-25T15:59:38.441+0000] {processor.py:830} INFO - Processing file /home/airflow/.local/lib/python3.12/site-packages/airflow/example_dags/example_branch_labels.py for tasks to queue
[2025-11-25T15:59:38.442+0000] {logging_mixin.py:188} INFO - [2025-11-25T15:59:38.442+0000] {dagbag.py:545} INFO - Filling up the DagBag from /home/airflow/.local/lib/python3.12/site-packages/airflow/example_dags/example_branch_labels.py
[2025-11-25T15:59:38.451+0000] {processor.py:840} INFO - DAG(s) 'example_branch_labels' retrieved from /home/airflow/.local/lib/python3.12/site-packages/airflow/example_dags/example_branch_labels.py
[2025-11-25T15:59:38.474+0000] {logging_mixin.py:188} INFO - [2025-11-25T15:59:38.474+0000] {dag.py:3096} INFO - Sync 1 DAGs
[2025-11-25T15:59:38.491+0000] {logging_mixin.py:188} INFO - [2025-11-25T15:59:38.491+0000] {dag.py:3954} INFO - Setting next_dagrun for example_branch_labels to 2025-11-24 00:00:00+00:00, run_after=2025-11-25 00:00:00+00:00
[2025-11-25T15:59:38.504+0000] {processor.py:183} INFO - Processing /home/airflow/.local/lib/python3.12/site-packages/airflow/example_dags/example_branch_labels.py took 0.068 seconds
[2025-11-25T16:00:08.658+0000] {processor.py:161} INFO - Started process (PID=8207) to work on /home/airflow/.local/lib/python3.12/site-packages/airflow/example_dags/example_branch_labels.py
[2025-11-25T16:00:08.660+0000] {processor.py:830} INFO - Processing file /home/airflow/.local/lib/python3.12/site-packages/airflow/example_dags/example_branch_labels.py for tasks to queue
[2025-11-25T16:00:08.662+0000] {logging_mixin.py:188} INFO - [2025-11-25T16:00:08.662+0000] {dagbag.py:545} INFO - Filling up the DagBag from /home/airflow/.local/lib/python3.12/site-packages/airflow/example_dags/example_branch_labels.py
[2025-11-25T16:00:08.669+0000] {processor.py:840} INFO - DAG(s) 'example_branch_labels' retrieved from /home/airflow/.local/lib/python3.12/site-packages/airflow/example_dags/example_branch_labels.py
[2025-11-25T16:00:08.701+0000] {logging_mixin.py:188} INFO - [2025-11-25T16:00:08.701+0000] {dag.py:3096} INFO - Sync 1 DAGs
[2025-11-25T16:00:08.719+0000] {logging_mixin.py:188} INFO - [2025-11-25T16:00:08.719+0000] {dag.py:3954} INFO - Setting next_dagrun for example_branch_labels to 2025-11-24 00:00:00+00:00, run_after=2025-11-25 00:00:00+00:00
[2025-11-25T16:00:08.736+0000] {processor.py:183} INFO - Processing /home/airflow/.local/lib/python3.12/site-packages/airflow/example_dags/example_branch_labels.py took 0.085 seconds
[2025-11-25T16:00:38.846+0000] {processor.py:161} INFO - Started process (PID=8265) to work on /home/airflow/.local/lib/python3.12/site-packages/airflow/example_dags/example_branch_labels.py
[2025-11-25T16:00:38.848+0000] {processor.py:830} INFO - Processing file /home/airflow/.local/lib/python3.12/site-packages/airflow/example_dags/example_branch_labels.py for tasks to queue
[2025-11-25T16:00:38.850+0000] {logging_mixin.py:188} INFO - [2025-11-25T16:00:38.850+0000] {dagbag.py:545} INFO - Filling up the DagBag from /home/airflow/.local/lib/python3.12/site-packages/airflow/example_dags/example_branch_labels.py
[2025-11-25T16:00:38.858+0000] {processor.py:840} INFO - DAG(s) 'example_branch_labels' retrieved from /home/airflow/.local/lib/python3.12/site-packages/airflow/example_dags/example_branch_labels.py
[2025-11-25T16:00:38.876+0000] {logging_mixin.py:188} INFO - [2025-11-25T16:00:38.876+0000] {dag.py:3096} INFO - Sync 1 DAGs
[2025-11-25T16:00:38.886+0000] {logging_mixin.py:188} INFO - [2025-11-25T16:00:38.886+0000] {dag.py:3954} INFO - Setting next_dagrun for example_branch_labels to 2025-11-24 00:00:00+00:00, run_after=2025-11-25 00:00:00+00:00
[2025-11-25T16:00:38.897+0000] {processor.py:183} INFO - Processing /home/airflow/.local/lib/python3.12/site-packages/airflow/example_dags/example_branch_labels.py took 0.059 seconds
[2025-11-25T16:01:09.632+0000] {processor.py:161} INFO - Started process (PID=8323) to work on /home/airflow/.local/lib/python3.12/site-packages/airflow/example_dags/example_branch_labels.py
[2025-11-25T16:01:09.634+0000] {processor.py:830} INFO - Processing file /home/airflow/.local/lib/python3.12/site-packages/airflow/example_dags/example_branch_labels.py for tasks to queue
[2025-11-25T16:01:09.636+0000] {logging_mixin.py:188} INFO - [2025-11-25T16:01:09.636+0000] {dagbag.py:545} INFO - Filling up the DagBag from /home/airflow/.local/lib/python3.12/site-packages/airflow/example_dags/example_branch_labels.py
[2025-11-25T16:01:09.642+0000] {processor.py:840} INFO - DAG(s) 'example_branch_labels' retrieved from /home/airflow/.local/lib/python3.12/site-packages/airflow/example_dags/example_branch_labels.py
[2025-11-25T16:01:09.659+0000] {logging_mixin.py:188} INFO - [2025-11-25T16:01:09.659+0000] {dag.py:3096} INFO - Sync 1 DAGs
[2025-11-25T16:01:09.673+0000] {logging_mixin.py:188} INFO - [2025-11-25T16:01:09.672+0000] {dag.py:3954} INFO - Setting next_dagrun for example_branch_labels to 2025-11-24 00:00:00+00:00, run_after=2025-11-25 00:00:00+00:00
[2025-11-25T16:01:09.689+0000] {processor.py:183} INFO - Processing /home/airflow/.local/lib/python3.12/site-packages/airflow/example_dags/example_branch_labels.py took 0.062 seconds
[2025-11-25T16:01:40.540+0000] {processor.py:161} INFO - Started process (PID=8381) to work on /home/airflow/.local/lib/python3.12/site-packages/airflow/example_dags/example_branch_labels.py
[2025-11-25T16:01:40.542+0000] {processor.py:830} INFO - Processing file /home/airflow/.local/lib/python3.12/site-packages/airflow/example_dags/example_branch_labels.py for tasks to queue
[2025-11-25T16:01:40.545+0000] {logging_mixin.py:188} INFO - [2025-11-25T16:01:40.545+0000] {dagbag.py:545} INFO - Filling up the DagBag from /home/airflow/.local/lib/python3.12/site-packages/airflow/example_dags/example_branch_labels.py
[2025-11-25T16:01:40.554+0000] {processor.py:840} INFO - DAG(s) 'example_branch_labels' retrieved from /home/airflow/.local/lib/python3.12/site-packages/airflow/example_dags/example_branch_labels.py
[2025-11-25T16:01:40.572+0000] {logging_mixin.py:188} INFO - [2025-11-25T16:01:40.572+0000] {dag.py:3096} INFO - Sync 1 DAGs
[2025-11-25T16:01:40.584+0000] {logging_mixin.py:188} INFO - [2025-11-25T16:01:40.584+0000] {dag.py:3954} INFO - Setting next_dagrun for example_branch_labels to 2025-11-24 00:00:00+00:00, run_after=2025-11-25 00:00:00+00:00
[2025-11-25T16:01:40.594+0000] {processor.py:183} INFO - Processing /home/airflow/.local/lib/python3.12/site-packages/airflow/example_dags/example_branch_labels.py took 0.064 seconds
[2025-11-25T16:02:11.388+0000] {processor.py:161} INFO - Started process (PID=8439) to work on /home/airflow/.local/lib/python3.12/site-packages/airflow/example_dags/example_branch_labels.py
[2025-11-25T16:02:11.390+0000] {processor.py:830} INFO - Processing file /home/airflow/.local/lib/python3.12/site-packages/airflow/example_dags/example_branch_labels.py for tasks to queue
[2025-11-25T16:02:11.395+0000] {logging_mixin.py:188} INFO - [2025-11-25T16:02:11.395+0000] {dagbag.py:545} INFO - Filling up the DagBag from /home/airflow/.local/lib/python3.12/site-packages/airflow/example_dags/example_branch_labels.py
[2025-11-25T16:02:11.413+0000] {processor.py:840} INFO - DAG(s) 'example_branch_labels' retrieved from /home/airflow/.local/lib/python3.12/site-packages/airflow/example_dags/example_branch_labels.py
[2025-11-25T16:02:11.438+0000] {logging_mixin.py:188} INFO - [2025-11-25T16:02:11.438+0000] {dag.py:3096} INFO - Sync 1 DAGs
[2025-11-25T16:02:11.460+0000] {logging_mixin.py:188} INFO - [2025-11-25T16:02:11.459+0000] {dag.py:3954} INFO - Setting next_dagrun for example_branch_labels to 2025-11-24 00:00:00+00:00, run_after=2025-11-25 00:00:00+00:00
[2025-11-25T16:02:11.470+0000] {processor.py:183} INFO - Processing /home/airflow/.local/lib/python3.12/site-packages/airflow/example_dags/example_branch_labels.py took 0.097 seconds
[2025-11-25T16:02:42.147+0000] {processor.py:161} INFO - Started process (PID=8497) to work on /home/airflow/.local/lib/python3.12/site-packages/airflow/example_dags/example_branch_labels.py
[2025-11-25T16:02:42.149+0000] {processor.py:830} INFO - Processing file /home/airflow/.local/lib/python3.12/site-packages/airflow/example_dags/example_branch_labels.py for tasks to queue
[2025-11-25T16:02:42.151+0000] {logging_mixin.py:188} INFO - [2025-11-25T16:02:42.151+0000] {dagbag.py:545} INFO - Filling up the DagBag from /home/airflow/.local/lib/python3.12/site-packages/airflow/example_dags/example_branch_labels.py
[2025-11-25T16:02:42.158+0000] {processor.py:840} INFO - DAG(s) 'example_branch_labels' retrieved from /home/airflow/.local/lib/python3.12/site-packages/airflow/example_dags/example_branch_labels.py
[2025-11-25T16:02:42.171+0000] {logging_mixin.py:188} INFO - [2025-11-25T16:02:42.170+0000] {dag.py:3096} INFO - Sync 1 DAGs
[2025-11-25T16:02:42.182+0000] {logging_mixin.py:188} INFO - [2025-11-25T16:02:42.182+0000] {dag.py:3954} INFO - Setting next_dagrun for example_branch_labels to 2025-11-24 00:00:00+00:00, run_after=2025-11-25 00:00:00+00:00
[2025-11-25T16:02:42.197+0000] {processor.py:183} INFO - Processing /home/airflow/.local/lib/python3.12/site-packages/airflow/example_dags/example_branch_labels.py took 0.057 seconds
[2025-11-25T16:03:12.810+0000] {processor.py:161} INFO - Started process (PID=8555) to work on /home/airflow/.local/lib/python3.12/site-packages/airflow/example_dags/example_branch_labels.py
[2025-11-25T16:03:12.811+0000] {processor.py:830} INFO - Processing file /home/airflow/.local/lib/python3.12/site-packages/airflow/example_dags/example_branch_labels.py for tasks to queue
[2025-11-25T16:03:12.813+0000] {logging_mixin.py:188} INFO - [2025-11-25T16:03:12.812+0000] {dagbag.py:545} INFO - Filling up the DagBag from /home/airflow/.local/lib/python3.12/site-packages/airflow/example_dags/example_branch_labels.py
[2025-11-25T16:03:12.817+0000] {processor.py:840} INFO - DAG(s) 'example_branch_labels' retrieved from /home/airflow/.local/lib/python3.12/site-packages/airflow/example_dags/example_branch_labels.py
[2025-11-25T16:03:12.832+0000] {logging_mixin.py:188} INFO - [2025-11-25T16:03:12.831+0000] {dag.py:3096} INFO - Sync 1 DAGs
[2025-11-25T16:03:12.845+0000] {logging_mixin.py:188} INFO - [2025-11-25T16:03:12.844+0000] {dag.py:3954} INFO - Setting next_dagrun for example_branch_labels to 2025-11-24 00:00:00+00:00, run_after=2025-11-25 00:00:00+00:00
[2025-11-25T16:03:12.857+0000] {processor.py:183} INFO - Processing /home/airflow/.local/lib/python3.12/site-packages/airflow/example_dags/example_branch_labels.py took 0.051 seconds
[2025-11-25T16:03:43.584+0000] {processor.py:161} INFO - Started process (PID=8613) to work on /home/airflow/.local/lib/python3.12/site-packages/airflow/example_dags/example_branch_labels.py
[2025-11-25T16:03:43.586+0000] {processor.py:830} INFO - Processing file /home/airflow/.local/lib/python3.12/site-packages/airflow/example_dags/example_branch_labels.py for tasks to queue
[2025-11-25T16:03:43.587+0000] {logging_mixin.py:188} INFO - [2025-11-25T16:03:43.587+0000] {dagbag.py:545} INFO - Filling up the DagBag from /home/airflow/.local/lib/python3.12/site-packages/airflow/example_dags/example_branch_labels.py
[2025-11-25T16:03:43.594+0000] {processor.py:840} INFO - DAG(s) 'example_branch_labels' retrieved from /home/airflow/.local/lib/python3.12/site-packages/airflow/example_dags/example_branch_labels.py
[2025-11-25T16:03:43.609+0000] {logging_mixin.py:188} INFO - [2025-11-25T16:03:43.609+0000] {dag.py:3096} INFO - Sync 1 DAGs
[2025-11-25T16:03:43.620+0000] {logging_mixin.py:188} INFO - [2025-11-25T16:03:43.620+0000] {dag.py:3954} INFO - Setting next_dagrun for example_branch_labels to 2025-11-24 00:00:00+00:00, run_after=2025-11-25 00:00:00+00:00
[2025-11-25T16:03:43.630+0000] {processor.py:183} INFO - Processing /home/airflow/.local/lib/python3.12/site-packages/airflow/example_dags/example_branch_labels.py took 0.052 seconds
[2025-11-25T16:04:13.718+0000] {processor.py:161} INFO - Started process (PID=8671) to work on /home/airflow/.local/lib/python3.12/site-packages/airflow/example_dags/example_branch_labels.py
[2025-11-25T16:04:13.719+0000] {processor.py:830} INFO - Processing file /home/airflow/.local/lib/python3.12/site-packages/airflow/example_dags/example_branch_labels.py for tasks to queue
[2025-11-25T16:04:13.720+0000] {logging_mixin.py:188} INFO - [2025-11-25T16:04:13.720+0000] {dagbag.py:545} INFO - Filling up the DagBag from /home/airflow/.local/lib/python3.12/site-packages/airflow/example_dags/example_branch_labels.py
[2025-11-25T16:04:13.724+0000] {processor.py:840} INFO - DAG(s) 'example_branch_labels' retrieved from /home/airflow/.local/lib/python3.12/site-packages/airflow/example_dags/example_branch_labels.py
[2025-11-25T16:04:13.735+0000] {logging_mixin.py:188} INFO - [2025-11-25T16:04:13.735+0000] {dag.py:3096} INFO - Sync 1 DAGs
[2025-11-25T16:04:13.749+0000] {logging_mixin.py:188} INFO - [2025-11-25T16:04:13.749+0000] {dag.py:3954} INFO - Setting next_dagrun for example_branch_labels to 2025-11-24 00:00:00+00:00, run_after=2025-11-25 00:00:00+00:00
[2025-11-25T16:04:13.758+0000] {processor.py:183} INFO - Processing /home/airflow/.local/lib/python3.12/site-packages/airflow/example_dags/example_branch_labels.py took 0.043 seconds
[2025-11-25T16:04:44.591+0000] {processor.py:161} INFO - Started process (PID=8727) to work on /home/airflow/.local/lib/python3.12/site-packages/airflow/example_dags/example_branch_labels.py
[2025-11-25T16:04:44.592+0000] {processor.py:830} INFO - Processing file /home/airflow/.local/lib/python3.12/site-packages/airflow/example_dags/example_branch_labels.py for tasks to queue
[2025-11-25T16:04:44.593+0000] {logging_mixin.py:188} INFO - [2025-11-25T16:04:44.592+0000] {dagbag.py:545} INFO - Filling up the DagBag from /home/airflow/.local/lib/python3.12/site-packages/airflow/example_dags/example_branch_labels.py
[2025-11-25T16:04:44.595+0000] {processor.py:840} INFO - DAG(s) 'example_branch_labels' retrieved from /home/airflow/.local/lib/python3.12/site-packages/airflow/example_dags/example_branch_labels.py
[2025-11-25T16:04:44.603+0000] {logging_mixin.py:188} INFO - [2025-11-25T16:04:44.603+0000] {dag.py:3096} INFO - Sync 1 DAGs
[2025-11-25T16:04:44.611+0000] {logging_mixin.py:188} INFO - [2025-11-25T16:04:44.611+0000] {dag.py:3954} INFO - Setting next_dagrun for example_branch_labels to 2025-11-24 00:00:00+00:00, run_after=2025-11-25 00:00:00+00:00
[2025-11-25T16:04:44.616+0000] {processor.py:183} INFO - Processing /home/airflow/.local/lib/python3.12/site-packages/airflow/example_dags/example_branch_labels.py took 0.027 seconds
[2025-11-25T16:05:15.520+0000] {processor.py:161} INFO - Started process (PID=8785) to work on /home/airflow/.local/lib/python3.12/site-packages/airflow/example_dags/example_branch_labels.py
[2025-11-25T16:05:15.521+0000] {processor.py:830} INFO - Processing file /home/airflow/.local/lib/python3.12/site-packages/airflow/example_dags/example_branch_labels.py for tasks to queue
[2025-11-25T16:05:15.521+0000] {logging_mixin.py:188} INFO - [2025-11-25T16:05:15.521+0000] {dagbag.py:545} INFO - Filling up the DagBag from /home/airflow/.local/lib/python3.12/site-packages/airflow/example_dags/example_branch_labels.py
[2025-11-25T16:05:15.524+0000] {processor.py:840} INFO - DAG(s) 'example_branch_labels' retrieved from /home/airflow/.local/lib/python3.12/site-packages/airflow/example_dags/example_branch_labels.py
[2025-11-25T16:05:15.533+0000] {logging_mixin.py:188} INFO - [2025-11-25T16:05:15.533+0000] {dag.py:3096} INFO - Sync 1 DAGs
[2025-11-25T16:05:15.541+0000] {logging_mixin.py:188} INFO - [2025-11-25T16:05:15.541+0000] {dag.py:3954} INFO - Setting next_dagrun for example_branch_labels to 2025-11-24 00:00:00+00:00, run_after=2025-11-25 00:00:00+00:00
[2025-11-25T16:05:15.549+0000] {processor.py:183} INFO - Processing /home/airflow/.local/lib/python3.12/site-packages/airflow/example_dags/example_branch_labels.py took 0.031 seconds
[2025-11-25T16:05:46.585+0000] {processor.py:161} INFO - Started process (PID=8843) to work on /home/airflow/.local/lib/python3.12/site-packages/airflow/example_dags/example_branch_labels.py
[2025-11-25T16:05:46.587+0000] {processor.py:830} INFO - Processing file /home/airflow/.local/lib/python3.12/site-packages/airflow/example_dags/example_branch_labels.py for tasks to queue
[2025-11-25T16:05:46.589+0000] {logging_mixin.py:188} INFO - [2025-11-25T16:05:46.589+0000] {dagbag.py:545} INFO - Filling up the DagBag from /home/airflow/.local/lib/python3.12/site-packages/airflow/example_dags/example_branch_labels.py
[2025-11-25T16:05:46.593+0000] {processor.py:840} INFO - DAG(s) 'example_branch_labels' retrieved from /home/airflow/.local/lib/python3.12/site-packages/airflow/example_dags/example_branch_labels.py
[2025-11-25T16:05:46.610+0000] {logging_mixin.py:188} INFO - [2025-11-25T16:05:46.610+0000] {dag.py:3096} INFO - Sync 1 DAGs
[2025-11-25T16:05:46.637+0000] {logging_mixin.py:188} INFO - [2025-11-25T16:05:46.637+0000] {dag.py:3954} INFO - Setting next_dagrun for example_branch_labels to 2025-11-24 00:00:00+00:00, run_after=2025-11-25 00:00:00+00:00
[2025-11-25T16:05:46.647+0000] {processor.py:183} INFO - Processing /home/airflow/.local/lib/python3.12/site-packages/airflow/example_dags/example_branch_labels.py took 0.065 seconds
[2025-11-25T16:06:17.414+0000] {processor.py:161} INFO - Started process (PID=8901) to work on /home/airflow/.local/lib/python3.12/site-packages/airflow/example_dags/example_branch_labels.py
[2025-11-25T16:06:17.415+0000] {processor.py:830} INFO - Processing file /home/airflow/.local/lib/python3.12/site-packages/airflow/example_dags/example_branch_labels.py for tasks to queue
[2025-11-25T16:06:17.417+0000] {logging_mixin.py:188} INFO - [2025-11-25T16:06:17.416+0000] {dagbag.py:545} INFO - Filling up the DagBag from /home/airflow/.local/lib/python3.12/site-packages/airflow/example_dags/example_branch_labels.py
[2025-11-25T16:06:17.421+0000] {processor.py:840} INFO - DAG(s) 'example_branch_labels' retrieved from /home/airflow/.local/lib/python3.12/site-packages/airflow/example_dags/example_branch_labels.py
[2025-11-25T16:06:17.432+0000] {logging_mixin.py:188} INFO - [2025-11-25T16:06:17.432+0000] {dag.py:3096} INFO - Sync 1 DAGs
[2025-11-25T16:06:17.441+0000] {logging_mixin.py:188} INFO - [2025-11-25T16:06:17.441+0000] {dag.py:3954} INFO - Setting next_dagrun for example_branch_labels to 2025-11-24 00:00:00+00:00, run_after=2025-11-25 00:00:00+00:00
[2025-11-25T16:06:17.448+0000] {processor.py:183} INFO - Processing /home/airflow/.local/lib/python3.12/site-packages/airflow/example_dags/example_branch_labels.py took 0.039 seconds
[2025-11-25T16:06:48.542+0000] {processor.py:161} INFO - Started process (PID=8959) to work on /home/airflow/.local/lib/python3.12/site-packages/airflow/example_dags/example_branch_labels.py
[2025-11-25T16:06:48.542+0000] {processor.py:830} INFO - Processing file /home/airflow/.local/lib/python3.12/site-packages/airflow/example_dags/example_branch_labels.py for tasks to queue
[2025-11-25T16:06:48.543+0000] {logging_mixin.py:188} INFO - [2025-11-25T16:06:48.543+0000] {dagbag.py:545} INFO - Filling up the DagBag from /home/airflow/.local/lib/python3.12/site-packages/airflow/example_dags/example_branch_labels.py
[2025-11-25T16:06:48.548+0000] {processor.py:840} INFO - DAG(s) 'example_branch_labels' retrieved from /home/airflow/.local/lib/python3.12/site-packages/airflow/example_dags/example_branch_labels.py
[2025-11-25T16:06:48.559+0000] {logging_mixin.py:188} INFO - [2025-11-25T16:06:48.559+0000] {dag.py:3096} INFO - Sync 1 DAGs
[2025-11-25T16:06:48.572+0000] {logging_mixin.py:188} INFO - [2025-11-25T16:06:48.572+0000] {dag.py:3954} INFO - Setting next_dagrun for example_branch_labels to 2025-11-24 00:00:00+00:00, run_after=2025-11-25 00:00:00+00:00
[2025-11-25T16:06:48.583+0000] {processor.py:183} INFO - Processing /home/airflow/.local/lib/python3.12/site-packages/airflow/example_dags/example_branch_labels.py took 0.044 seconds
[2025-11-25T16:07:19.371+0000] {processor.py:161} INFO - Started process (PID=9017) to work on /home/airflow/.local/lib/python3.12/site-packages/airflow/example_dags/example_branch_labels.py
[2025-11-25T16:07:19.372+0000] {processor.py:830} INFO - Processing file /home/airflow/.local/lib/python3.12/site-packages/airflow/example_dags/example_branch_labels.py for tasks to queue
[2025-11-25T16:07:19.373+0000] {logging_mixin.py:188} INFO - [2025-11-25T16:07:19.373+0000] {dagbag.py:545} INFO - Filling up the DagBag from /home/airflow/.local/lib/python3.12/site-packages/airflow/example_dags/example_branch_labels.py
[2025-11-25T16:07:19.375+0000] {processor.py:840} INFO - DAG(s) 'example_branch_labels' retrieved from /home/airflow/.local/lib/python3.12/site-packages/airflow/example_dags/example_branch_labels.py
[2025-11-25T16:07:19.392+0000] {logging_mixin.py:188} INFO - [2025-11-25T16:07:19.392+0000] {dag.py:3096} INFO - Sync 1 DAGs
[2025-11-25T16:07:19.403+0000] {logging_mixin.py:188} INFO - [2025-11-25T16:07:19.403+0000] {dag.py:3954} INFO - Setting next_dagrun for example_branch_labels to 2025-11-24 00:00:00+00:00, run_after=2025-11-25 00:00:00+00:00
[2025-11-25T16:07:19.413+0000] {processor.py:183} INFO - Processing /home/airflow/.local/lib/python3.12/site-packages/airflow/example_dags/example_branch_labels.py took 0.044 seconds
[2025-11-25T16:07:49.966+0000] {processor.py:161} INFO - Started process (PID=9075) to work on /home/airflow/.local/lib/python3.12/site-packages/airflow/example_dags/example_branch_labels.py
[2025-11-25T16:07:49.966+0000] {processor.py:830} INFO - Processing file /home/airflow/.local/lib/python3.12/site-packages/airflow/example_dags/example_branch_labels.py for tasks to queue
[2025-11-25T16:07:49.967+0000] {logging_mixin.py:188} INFO - [2025-11-25T16:07:49.967+0000] {dagbag.py:545} INFO - Filling up the DagBag from /home/airflow/.local/lib/python3.12/site-packages/airflow/example_dags/example_branch_labels.py
[2025-11-25T16:07:49.970+0000] {processor.py:840} INFO - DAG(s) 'example_branch_labels' retrieved from /home/airflow/.local/lib/python3.12/site-packages/airflow/example_dags/example_branch_labels.py
[2025-11-25T16:07:49.978+0000] {logging_mixin.py:188} INFO - [2025-11-25T16:07:49.978+0000] {dag.py:3096} INFO - Sync 1 DAGs
[2025-11-25T16:07:49.985+0000] {logging_mixin.py:188} INFO - [2025-11-25T16:07:49.985+0000] {dag.py:3954} INFO - Setting next_dagrun for example_branch_labels to 2025-11-24 00:00:00+00:00, run_after=2025-11-25 00:00:00+00:00
[2025-11-25T16:07:49.990+0000] {processor.py:183} INFO - Processing /home/airflow/.local/lib/python3.12/site-packages/airflow/example_dags/example_branch_labels.py took 0.027 seconds
[2025-11-25T16:08:20.549+0000] {processor.py:161} INFO - Started process (PID=9133) to work on /home/airflow/.local/lib/python3.12/site-packages/airflow/example_dags/example_branch_labels.py
[2025-11-25T16:08:20.550+0000] {processor.py:830} INFO - Processing file /home/airflow/.local/lib/python3.12/site-packages/airflow/example_dags/example_branch_labels.py for tasks to queue
[2025-11-25T16:08:20.551+0000] {logging_mixin.py:188} INFO - [2025-11-25T16:08:20.551+0000] {dagbag.py:545} INFO - Filling up the DagBag from /home/airflow/.local/lib/python3.12/site-packages/airflow/example_dags/example_branch_labels.py
[2025-11-25T16:08:20.555+0000] {processor.py:840} INFO - DAG(s) 'example_branch_labels' retrieved from /home/airflow/.local/lib/python3.12/site-packages/airflow/example_dags/example_branch_labels.py
[2025-11-25T16:08:20.565+0000] {logging_mixin.py:188} INFO - [2025-11-25T16:08:20.565+0000] {dag.py:3096} INFO - Sync 1 DAGs
[2025-11-25T16:08:20.574+0000] {logging_mixin.py:188} INFO - [2025-11-25T16:08:20.574+0000] {dag.py:3954} INFO - Setting next_dagrun for example_branch_labels to 2025-11-24 00:00:00+00:00, run_after=2025-11-25 00:00:00+00:00
[2025-11-25T16:08:20.584+0000] {processor.py:183} INFO - Processing /home/airflow/.local/lib/python3.12/site-packages/airflow/example_dags/example_branch_labels.py took 0.036 seconds
[2025-11-25T16:08:51.350+0000] {processor.py:161} INFO - Started process (PID=9191) to work on /home/airflow/.local/lib/python3.12/site-packages/airflow/example_dags/example_branch_labels.py
[2025-11-25T16:08:51.351+0000] {processor.py:830} INFO - Processing file /home/airflow/.local/lib/python3.12/site-packages/airflow/example_dags/example_branch_labels.py for tasks to queue
[2025-11-25T16:08:51.351+0000] {logging_mixin.py:188} INFO - [2025-11-25T16:08:51.351+0000] {dagbag.py:545} INFO - Filling up the DagBag from /home/airflow/.local/lib/python3.12/site-packages/airflow/example_dags/example_branch_labels.py
[2025-11-25T16:08:51.354+0000] {processor.py:840} INFO - DAG(s) 'example_branch_labels' retrieved from /home/airflow/.local/lib/python3.12/site-packages/airflow/example_dags/example_branch_labels.py
[2025-11-25T16:08:51.362+0000] {logging_mixin.py:188} INFO - [2025-11-25T16:08:51.362+0000] {dag.py:3096} INFO - Sync 1 DAGs
[2025-11-25T16:08:51.369+0000] {logging_mixin.py:188} INFO - [2025-11-25T16:08:51.369+0000] {dag.py:3954} INFO - Setting next_dagrun for example_branch_labels to 2025-11-24 00:00:00+00:00, run_after=2025-11-25 00:00:00+00:00
[2025-11-25T16:08:51.374+0000] {processor.py:183} INFO - Processing /home/airflow/.local/lib/python3.12/site-packages/airflow/example_dags/example_branch_labels.py took 0.026 seconds
[2025-11-25T16:09:22.096+0000] {processor.py:161} INFO - Started process (PID=9249) to work on /home/airflow/.local/lib/python3.12/site-packages/airflow/example_dags/example_branch_labels.py
[2025-11-25T16:09:22.097+0000] {processor.py:830} INFO - Processing file /home/airflow/.local/lib/python3.12/site-packages/airflow/example_dags/example_branch_labels.py for tasks to queue
[2025-11-25T16:09:22.098+0000] {logging_mixin.py:188} INFO - [2025-11-25T16:09:22.098+0000] {dagbag.py:545} INFO - Filling up the DagBag from /home/airflow/.local/lib/python3.12/site-packages/airflow/example_dags/example_branch_labels.py
[2025-11-25T16:09:22.101+0000] {processor.py:840} INFO - DAG(s) 'example_branch_labels' retrieved from /home/airflow/.local/lib/python3.12/site-packages/airflow/example_dags/example_branch_labels.py
[2025-11-25T16:09:22.109+0000] {logging_mixin.py:188} INFO - [2025-11-25T16:09:22.109+0000] {dag.py:3096} INFO - Sync 1 DAGs
[2025-11-25T16:09:22.118+0000] {logging_mixin.py:188} INFO - [2025-11-25T16:09:22.118+0000] {dag.py:3954} INFO - Setting next_dagrun for example_branch_labels to 2025-11-24 00:00:00+00:00, run_after=2025-11-25 00:00:00+00:00
[2025-11-25T16:09:22.125+0000] {processor.py:183} INFO - Processing /home/airflow/.local/lib/python3.12/site-packages/airflow/example_dags/example_branch_labels.py took 0.031 seconds
[2025-11-25T16:09:52.798+0000] {processor.py:161} INFO - Started process (PID=9307) to work on /home/airflow/.local/lib/python3.12/site-packages/airflow/example_dags/example_branch_labels.py
[2025-11-25T16:09:52.799+0000] {processor.py:830} INFO - Processing file /home/airflow/.local/lib/python3.12/site-packages/airflow/example_dags/example_branch_labels.py for tasks to queue
[2025-11-25T16:09:52.800+0000] {logging_mixin.py:188} INFO - [2025-11-25T16:09:52.799+0000] {dagbag.py:545} INFO - Filling up the DagBag from /home/airflow/.local/lib/python3.12/site-packages/airflow/example_dags/example_branch_labels.py
[2025-11-25T16:09:52.803+0000] {processor.py:840} INFO - DAG(s) 'example_branch_labels' retrieved from /home/airflow/.local/lib/python3.12/site-packages/airflow/example_dags/example_branch_labels.py
[2025-11-25T16:09:52.813+0000] {logging_mixin.py:188} INFO - [2025-11-25T16:09:52.813+0000] {dag.py:3096} INFO - Sync 1 DAGs
[2025-11-25T16:09:52.821+0000] {logging_mixin.py:188} INFO - [2025-11-25T16:09:52.821+0000] {dag.py:3954} INFO - Setting next_dagrun for example_branch_labels to 2025-11-24 00:00:00+00:00, run_after=2025-11-25 00:00:00+00:00
[2025-11-25T16:09:52.827+0000] {processor.py:183} INFO - Processing /home/airflow/.local/lib/python3.12/site-packages/airflow/example_dags/example_branch_labels.py took 0.031 seconds
[2025-11-25T16:10:23.519+0000] {processor.py:161} INFO - Started process (PID=9365) to work on /home/airflow/.local/lib/python3.12/site-packages/airflow/example_dags/example_branch_labels.py
[2025-11-25T16:10:23.521+0000] {processor.py:830} INFO - Processing file /home/airflow/.local/lib/python3.12/site-packages/airflow/example_dags/example_branch_labels.py for tasks to queue
[2025-11-25T16:10:23.522+0000] {logging_mixin.py:188} INFO - [2025-11-25T16:10:23.522+0000] {dagbag.py:545} INFO - Filling up the DagBag from /home/airflow/.local/lib/python3.12/site-packages/airflow/example_dags/example_branch_labels.py
[2025-11-25T16:10:23.525+0000] {processor.py:840} INFO - DAG(s) 'example_branch_labels' retrieved from /home/airflow/.local/lib/python3.12/site-packages/airflow/example_dags/example_branch_labels.py
[2025-11-25T16:10:23.536+0000] {logging_mixin.py:188} INFO - [2025-11-25T16:10:23.536+0000] {dag.py:3096} INFO - Sync 1 DAGs
[2025-11-25T16:10:23.546+0000] {logging_mixin.py:188} INFO - [2025-11-25T16:10:23.546+0000] {dag.py:3954} INFO - Setting next_dagrun for example_branch_labels to 2025-11-24 00:00:00+00:00, run_after=2025-11-25 00:00:00+00:00
[2025-11-25T16:10:23.553+0000] {processor.py:183} INFO - Processing /home/airflow/.local/lib/python3.12/site-packages/airflow/example_dags/example_branch_labels.py took 0.036 seconds
[2025-11-25T16:10:54.175+0000] {processor.py:161} INFO - Started process (PID=9423) to work on /home/airflow/.local/lib/python3.12/site-packages/airflow/example_dags/example_branch_labels.py
[2025-11-25T16:10:54.176+0000] {processor.py:830} INFO - Processing file /home/airflow/.local/lib/python3.12/site-packages/airflow/example_dags/example_branch_labels.py for tasks to queue
[2025-11-25T16:10:54.177+0000] {logging_mixin.py:188} INFO - [2025-11-25T16:10:54.177+0000] {dagbag.py:545} INFO - Filling up the DagBag from /home/airflow/.local/lib/python3.12/site-packages/airflow/example_dags/example_branch_labels.py
[2025-11-25T16:10:54.180+0000] {processor.py:840} INFO - DAG(s) 'example_branch_labels' retrieved from /home/airflow/.local/lib/python3.12/site-packages/airflow/example_dags/example_branch_labels.py
[2025-11-25T16:10:54.189+0000] {logging_mixin.py:188} INFO - [2025-11-25T16:10:54.189+0000] {dag.py:3096} INFO - Sync 1 DAGs
[2025-11-25T16:10:54.201+0000] {logging_mixin.py:188} INFO - [2025-11-25T16:10:54.201+0000] {dag.py:3954} INFO - Setting next_dagrun for example_branch_labels to 2025-11-24 00:00:00+00:00, run_after=2025-11-25 00:00:00+00:00
[2025-11-25T16:10:54.209+0000] {processor.py:183} INFO - Processing /home/airflow/.local/lib/python3.12/site-packages/airflow/example_dags/example_branch_labels.py took 0.036 seconds
[2025-11-25T16:11:24.886+0000] {processor.py:161} INFO - Started process (PID=9481) to work on /home/airflow/.local/lib/python3.12/site-packages/airflow/example_dags/example_branch_labels.py
[2025-11-25T16:11:24.887+0000] {processor.py:830} INFO - Processing file /home/airflow/.local/lib/python3.12/site-packages/airflow/example_dags/example_branch_labels.py for tasks to queue
[2025-11-25T16:11:24.888+0000] {logging_mixin.py:188} INFO - [2025-11-25T16:11:24.888+0000] {dagbag.py:545} INFO - Filling up the DagBag from /home/airflow/.local/lib/python3.12/site-packages/airflow/example_dags/example_branch_labels.py
[2025-11-25T16:11:24.891+0000] {processor.py:840} INFO - DAG(s) 'example_branch_labels' retrieved from /home/airflow/.local/lib/python3.12/site-packages/airflow/example_dags/example_branch_labels.py
[2025-11-25T16:11:24.900+0000] {logging_mixin.py:188} INFO - [2025-11-25T16:11:24.900+0000] {dag.py:3096} INFO - Sync 1 DAGs
[2025-11-25T16:11:24.909+0000] {logging_mixin.py:188} INFO - [2025-11-25T16:11:24.909+0000] {dag.py:3954} INFO - Setting next_dagrun for example_branch_labels to 2025-11-24 00:00:00+00:00, run_after=2025-11-25 00:00:00+00:00
[2025-11-25T16:11:24.916+0000] {processor.py:183} INFO - Processing /home/airflow/.local/lib/python3.12/site-packages/airflow/example_dags/example_branch_labels.py took 0.033 seconds
[2025-11-25T16:11:55.531+0000] {processor.py:161} INFO - Started process (PID=9539) to work on /home/airflow/.local/lib/python3.12/site-packages/airflow/example_dags/example_branch_labels.py
[2025-11-25T16:11:55.533+0000] {processor.py:830} INFO - Processing file /home/airflow/.local/lib/python3.12/site-packages/airflow/example_dags/example_branch_labels.py for tasks to queue
[2025-11-25T16:11:55.534+0000] {logging_mixin.py:188} INFO - [2025-11-25T16:11:55.533+0000] {dagbag.py:545} INFO - Filling up the DagBag from /home/airflow/.local/lib/python3.12/site-packages/airflow/example_dags/example_branch_labels.py
[2025-11-25T16:11:55.537+0000] {processor.py:840} INFO - DAG(s) 'example_branch_labels' retrieved from /home/airflow/.local/lib/python3.12/site-packages/airflow/example_dags/example_branch_labels.py
[2025-11-25T16:11:55.547+0000] {logging_mixin.py:188} INFO - [2025-11-25T16:11:55.547+0000] {dag.py:3096} INFO - Sync 1 DAGs
[2025-11-25T16:11:55.555+0000] {logging_mixin.py:188} INFO - [2025-11-25T16:11:55.555+0000] {dag.py:3954} INFO - Setting next_dagrun for example_branch_labels to 2025-11-24 00:00:00+00:00, run_after=2025-11-25 00:00:00+00:00
[2025-11-25T16:11:55.561+0000] {processor.py:183} INFO - Processing /home/airflow/.local/lib/python3.12/site-packages/airflow/example_dags/example_branch_labels.py took 0.032 seconds
[2025-11-25T16:12:26.343+0000] {processor.py:161} INFO - Started process (PID=9597) to work on /home/airflow/.local/lib/python3.12/site-packages/airflow/example_dags/example_branch_labels.py
[2025-11-25T16:12:26.344+0000] {processor.py:830} INFO - Processing file /home/airflow/.local/lib/python3.12/site-packages/airflow/example_dags/example_branch_labels.py for tasks to queue
[2025-11-25T16:12:26.346+0000] {logging_mixin.py:188} INFO - [2025-11-25T16:12:26.346+0000] {dagbag.py:545} INFO - Filling up the DagBag from /home/airflow/.local/lib/python3.12/site-packages/airflow/example_dags/example_branch_labels.py
[2025-11-25T16:12:26.349+0000] {processor.py:840} INFO - DAG(s) 'example_branch_labels' retrieved from /home/airflow/.local/lib/python3.12/site-packages/airflow/example_dags/example_branch_labels.py
[2025-11-25T16:12:26.357+0000] {logging_mixin.py:188} INFO - [2025-11-25T16:12:26.357+0000] {dag.py:3096} INFO - Sync 1 DAGs
[2025-11-25T16:12:26.367+0000] {logging_mixin.py:188} INFO - [2025-11-25T16:12:26.366+0000] {dag.py:3954} INFO - Setting next_dagrun for example_branch_labels to 2025-11-24 00:00:00+00:00, run_after=2025-11-25 00:00:00+00:00
[2025-11-25T16:12:26.373+0000] {processor.py:183} INFO - Processing /home/airflow/.local/lib/python3.12/site-packages/airflow/example_dags/example_branch_labels.py took 0.033 seconds
[2025-11-25T16:12:57.053+0000] {processor.py:161} INFO - Started process (PID=9655) to work on /home/airflow/.local/lib/python3.12/site-packages/airflow/example_dags/example_branch_labels.py
[2025-11-25T16:12:57.053+0000] {processor.py:830} INFO - Processing file /home/airflow/.local/lib/python3.12/site-packages/airflow/example_dags/example_branch_labels.py for tasks to queue
[2025-11-25T16:12:57.054+0000] {logging_mixin.py:188} INFO - [2025-11-25T16:12:57.054+0000] {dagbag.py:545} INFO - Filling up the DagBag from /home/airflow/.local/lib/python3.12/site-packages/airflow/example_dags/example_branch_labels.py
[2025-11-25T16:12:57.057+0000] {processor.py:840} INFO - DAG(s) 'example_branch_labels' retrieved from /home/airflow/.local/lib/python3.12/site-packages/airflow/example_dags/example_branch_labels.py
[2025-11-25T16:12:57.064+0000] {logging_mixin.py:188} INFO - [2025-11-25T16:12:57.064+0000] {dag.py:3096} INFO - Sync 1 DAGs
[2025-11-25T16:12:57.071+0000] {logging_mixin.py:188} INFO - [2025-11-25T16:12:57.071+0000] {dag.py:3954} INFO - Setting next_dagrun for example_branch_labels to 2025-11-24 00:00:00+00:00, run_after=2025-11-25 00:00:00+00:00
[2025-11-25T16:12:57.076+0000] {processor.py:183} INFO - Processing /home/airflow/.local/lib/python3.12/site-packages/airflow/example_dags/example_branch_labels.py took 0.026 seconds
[2025-11-25T16:13:27.708+0000] {processor.py:161} INFO - Started process (PID=9713) to work on /home/airflow/.local/lib/python3.12/site-packages/airflow/example_dags/example_branch_labels.py
[2025-11-25T16:13:27.712+0000] {processor.py:830} INFO - Processing file /home/airflow/.local/lib/python3.12/site-packages/airflow/example_dags/example_branch_labels.py for tasks to queue
[2025-11-25T16:13:27.713+0000] {logging_mixin.py:188} INFO - [2025-11-25T16:13:27.712+0000] {dagbag.py:545} INFO - Filling up the DagBag from /home/airflow/.local/lib/python3.12/site-packages/airflow/example_dags/example_branch_labels.py
[2025-11-25T16:13:27.715+0000] {processor.py:840} INFO - DAG(s) 'example_branch_labels' retrieved from /home/airflow/.local/lib/python3.12/site-packages/airflow/example_dags/example_branch_labels.py
[2025-11-25T16:13:27.726+0000] {logging_mixin.py:188} INFO - [2025-11-25T16:13:27.726+0000] {dag.py:3096} INFO - Sync 1 DAGs
[2025-11-25T16:13:27.734+0000] {logging_mixin.py:188} INFO - [2025-11-25T16:13:27.734+0000] {dag.py:3954} INFO - Setting next_dagrun for example_branch_labels to 2025-11-24 00:00:00+00:00, run_after=2025-11-25 00:00:00+00:00
[2025-11-25T16:13:27.740+0000] {processor.py:183} INFO - Processing /home/airflow/.local/lib/python3.12/site-packages/airflow/example_dags/example_branch_labels.py took 0.033 seconds
[2025-11-25T16:13:58.464+0000] {processor.py:161} INFO - Started process (PID=9771) to work on /home/airflow/.local/lib/python3.12/site-packages/airflow/example_dags/example_branch_labels.py
[2025-11-25T16:13:58.465+0000] {processor.py:830} INFO - Processing file /home/airflow/.local/lib/python3.12/site-packages/airflow/example_dags/example_branch_labels.py for tasks to queue
[2025-11-25T16:13:58.467+0000] {logging_mixin.py:188} INFO - [2025-11-25T16:13:58.467+0000] {dagbag.py:545} INFO - Filling up the DagBag from /home/airflow/.local/lib/python3.12/site-packages/airflow/example_dags/example_branch_labels.py
[2025-11-25T16:13:58.471+0000] {processor.py:840} INFO - DAG(s) 'example_branch_labels' retrieved from /home/airflow/.local/lib/python3.12/site-packages/airflow/example_dags/example_branch_labels.py
[2025-11-25T16:13:58.479+0000] {logging_mixin.py:188} INFO - [2025-11-25T16:13:58.479+0000] {dag.py:3096} INFO - Sync 1 DAGs
[2025-11-25T16:13:58.489+0000] {logging_mixin.py:188} INFO - [2025-11-25T16:13:58.489+0000] {dag.py:3954} INFO - Setting next_dagrun for example_branch_labels to 2025-11-24 00:00:00+00:00, run_after=2025-11-25 00:00:00+00:00
[2025-11-25T16:13:58.497+0000] {processor.py:183} INFO - Processing /home/airflow/.local/lib/python3.12/site-packages/airflow/example_dags/example_branch_labels.py took 0.034 seconds
[2025-11-25T16:14:29.115+0000] {processor.py:161} INFO - Started process (PID=9829) to work on /home/airflow/.local/lib/python3.12/site-packages/airflow/example_dags/example_branch_labels.py
[2025-11-25T16:14:29.116+0000] {processor.py:830} INFO - Processing file /home/airflow/.local/lib/python3.12/site-packages/airflow/example_dags/example_branch_labels.py for tasks to queue
[2025-11-25T16:14:29.117+0000] {logging_mixin.py:188} INFO - [2025-11-25T16:14:29.117+0000] {dagbag.py:545} INFO - Filling up the DagBag from /home/airflow/.local/lib/python3.12/site-packages/airflow/example_dags/example_branch_labels.py
[2025-11-25T16:14:29.121+0000] {processor.py:840} INFO - DAG(s) 'example_branch_labels' retrieved from /home/airflow/.local/lib/python3.12/site-packages/airflow/example_dags/example_branch_labels.py
[2025-11-25T16:14:29.131+0000] {logging_mixin.py:188} INFO - [2025-11-25T16:14:29.131+0000] {dag.py:3096} INFO - Sync 1 DAGs
[2025-11-25T16:14:29.141+0000] {logging_mixin.py:188} INFO - [2025-11-25T16:14:29.140+0000] {dag.py:3954} INFO - Setting next_dagrun for example_branch_labels to 2025-11-24 00:00:00+00:00, run_after=2025-11-25 00:00:00+00:00
[2025-11-25T16:14:29.148+0000] {processor.py:183} INFO - Processing /home/airflow/.local/lib/python3.12/site-packages/airflow/example_dags/example_branch_labels.py took 0.035 seconds
[2025-11-25T16:15:00.045+0000] {processor.py:161} INFO - Started process (PID=9887) to work on /home/airflow/.local/lib/python3.12/site-packages/airflow/example_dags/example_branch_labels.py
[2025-11-25T16:15:00.048+0000] {processor.py:830} INFO - Processing file /home/airflow/.local/lib/python3.12/site-packages/airflow/example_dags/example_branch_labels.py for tasks to queue
[2025-11-25T16:15:00.050+0000] {logging_mixin.py:188} INFO - [2025-11-25T16:15:00.050+0000] {dagbag.py:545} INFO - Filling up the DagBag from /home/airflow/.local/lib/python3.12/site-packages/airflow/example_dags/example_branch_labels.py
[2025-11-25T16:15:00.053+0000] {processor.py:840} INFO - DAG(s) 'example_branch_labels' retrieved from /home/airflow/.local/lib/python3.12/site-packages/airflow/example_dags/example_branch_labels.py
[2025-11-25T16:15:00.065+0000] {logging_mixin.py:188} INFO - [2025-11-25T16:15:00.065+0000] {dag.py:3096} INFO - Sync 1 DAGs
[2025-11-25T16:15:00.077+0000] {logging_mixin.py:188} INFO - [2025-11-25T16:15:00.077+0000] {dag.py:3954} INFO - Setting next_dagrun for example_branch_labels to 2025-11-24 00:00:00+00:00, run_after=2025-11-25 00:00:00+00:00
[2025-11-25T16:15:00.089+0000] {processor.py:183} INFO - Processing /home/airflow/.local/lib/python3.12/site-packages/airflow/example_dags/example_branch_labels.py took 0.046 seconds
[2025-11-25T16:15:30.111+0000] {processor.py:161} INFO - Started process (PID=9945) to work on /home/airflow/.local/lib/python3.12/site-packages/airflow/example_dags/example_branch_labels.py
[2025-11-25T16:15:30.112+0000] {processor.py:830} INFO - Processing file /home/airflow/.local/lib/python3.12/site-packages/airflow/example_dags/example_branch_labels.py for tasks to queue
[2025-11-25T16:15:30.113+0000] {logging_mixin.py:188} INFO - [2025-11-25T16:15:30.113+0000] {dagbag.py:545} INFO - Filling up the DagBag from /home/airflow/.local/lib/python3.12/site-packages/airflow/example_dags/example_branch_labels.py
[2025-11-25T16:15:30.117+0000] {processor.py:840} INFO - DAG(s) 'example_branch_labels' retrieved from /home/airflow/.local/lib/python3.12/site-packages/airflow/example_dags/example_branch_labels.py
[2025-11-25T16:15:30.125+0000] {logging_mixin.py:188} INFO - [2025-11-25T16:15:30.125+0000] {dag.py:3096} INFO - Sync 1 DAGs
[2025-11-25T16:15:30.135+0000] {logging_mixin.py:188} INFO - [2025-11-25T16:15:30.134+0000] {dag.py:3954} INFO - Setting next_dagrun for example_branch_labels to 2025-11-24 00:00:00+00:00, run_after=2025-11-25 00:00:00+00:00
[2025-11-25T16:15:30.142+0000] {processor.py:183} INFO - Processing /home/airflow/.local/lib/python3.12/site-packages/airflow/example_dags/example_branch_labels.py took 0.033 seconds
[2025-11-25T16:16:00.773+0000] {processor.py:161} INFO - Started process (PID=10003) to work on /home/airflow/.local/lib/python3.12/site-packages/airflow/example_dags/example_branch_labels.py
[2025-11-25T16:16:00.774+0000] {processor.py:830} INFO - Processing file /home/airflow/.local/lib/python3.12/site-packages/airflow/example_dags/example_branch_labels.py for tasks to queue
[2025-11-25T16:16:00.775+0000] {logging_mixin.py:188} INFO - [2025-11-25T16:16:00.775+0000] {dagbag.py:545} INFO - Filling up the DagBag from /home/airflow/.local/lib/python3.12/site-packages/airflow/example_dags/example_branch_labels.py
[2025-11-25T16:16:00.778+0000] {processor.py:840} INFO - DAG(s) 'example_branch_labels' retrieved from /home/airflow/.local/lib/python3.12/site-packages/airflow/example_dags/example_branch_labels.py
[2025-11-25T16:16:00.789+0000] {logging_mixin.py:188} INFO - [2025-11-25T16:16:00.789+0000] {dag.py:3096} INFO - Sync 1 DAGs
[2025-11-25T16:16:00.798+0000] {logging_mixin.py:188} INFO - [2025-11-25T16:16:00.798+0000] {dag.py:3954} INFO - Setting next_dagrun for example_branch_labels to 2025-11-24 00:00:00+00:00, run_after=2025-11-25 00:00:00+00:00
[2025-11-25T16:16:00.805+0000] {processor.py:183} INFO - Processing /home/airflow/.local/lib/python3.12/site-packages/airflow/example_dags/example_branch_labels.py took 0.033 seconds
[2025-11-25T16:16:31.448+0000] {processor.py:161} INFO - Started process (PID=10061) to work on /home/airflow/.local/lib/python3.12/site-packages/airflow/example_dags/example_branch_labels.py
[2025-11-25T16:16:31.449+0000] {processor.py:830} INFO - Processing file /home/airflow/.local/lib/python3.12/site-packages/airflow/example_dags/example_branch_labels.py for tasks to queue
[2025-11-25T16:16:31.449+0000] {logging_mixin.py:188} INFO - [2025-11-25T16:16:31.449+0000] {dagbag.py:545} INFO - Filling up the DagBag from /home/airflow/.local/lib/python3.12/site-packages/airflow/example_dags/example_branch_labels.py
[2025-11-25T16:16:31.452+0000] {processor.py:840} INFO - DAG(s) 'example_branch_labels' retrieved from /home/airflow/.local/lib/python3.12/site-packages/airflow/example_dags/example_branch_labels.py
[2025-11-25T16:16:31.465+0000] {logging_mixin.py:188} INFO - [2025-11-25T16:16:31.465+0000] {dag.py:3096} INFO - Sync 1 DAGs
[2025-11-25T16:16:31.474+0000] {logging_mixin.py:188} INFO - [2025-11-25T16:16:31.474+0000] {dag.py:3954} INFO - Setting next_dagrun for example_branch_labels to 2025-11-24 00:00:00+00:00, run_after=2025-11-25 00:00:00+00:00
[2025-11-25T16:16:31.479+0000] {processor.py:183} INFO - Processing /home/airflow/.local/lib/python3.12/site-packages/airflow/example_dags/example_branch_labels.py took 0.033 seconds
[2025-11-25T16:17:02.383+0000] {processor.py:161} INFO - Started process (PID=10119) to work on /home/airflow/.local/lib/python3.12/site-packages/airflow/example_dags/example_branch_labels.py
[2025-11-25T16:17:02.386+0000] {processor.py:830} INFO - Processing file /home/airflow/.local/lib/python3.12/site-packages/airflow/example_dags/example_branch_labels.py for tasks to queue
[2025-11-25T16:17:02.388+0000] {logging_mixin.py:188} INFO - [2025-11-25T16:17:02.388+0000] {dagbag.py:545} INFO - Filling up the DagBag from /home/airflow/.local/lib/python3.12/site-packages/airflow/example_dags/example_branch_labels.py
[2025-11-25T16:17:02.394+0000] {processor.py:840} INFO - DAG(s) 'example_branch_labels' retrieved from /home/airflow/.local/lib/python3.12/site-packages/airflow/example_dags/example_branch_labels.py
[2025-11-25T16:17:02.410+0000] {logging_mixin.py:188} INFO - [2025-11-25T16:17:02.410+0000] {dag.py:3096} INFO - Sync 1 DAGs
[2025-11-25T16:17:02.424+0000] {logging_mixin.py:188} INFO - [2025-11-25T16:17:02.424+0000] {dag.py:3954} INFO - Setting next_dagrun for example_branch_labels to 2025-11-24 00:00:00+00:00, run_after=2025-11-25 00:00:00+00:00
[2025-11-25T16:17:02.438+0000] {processor.py:183} INFO - Processing /home/airflow/.local/lib/python3.12/site-packages/airflow/example_dags/example_branch_labels.py took 0.058 seconds
[2025-11-25T16:17:32.469+0000] {processor.py:161} INFO - Started process (PID=10177) to work on /home/airflow/.local/lib/python3.12/site-packages/airflow/example_dags/example_branch_labels.py
[2025-11-25T16:17:32.470+0000] {processor.py:830} INFO - Processing file /home/airflow/.local/lib/python3.12/site-packages/airflow/example_dags/example_branch_labels.py for tasks to queue
[2025-11-25T16:17:32.471+0000] {logging_mixin.py:188} INFO - [2025-11-25T16:17:32.471+0000] {dagbag.py:545} INFO - Filling up the DagBag from /home/airflow/.local/lib/python3.12/site-packages/airflow/example_dags/example_branch_labels.py
[2025-11-25T16:17:32.474+0000] {processor.py:840} INFO - DAG(s) 'example_branch_labels' retrieved from /home/airflow/.local/lib/python3.12/site-packages/airflow/example_dags/example_branch_labels.py
[2025-11-25T16:17:32.483+0000] {logging_mixin.py:188} INFO - [2025-11-25T16:17:32.483+0000] {dag.py:3096} INFO - Sync 1 DAGs
[2025-11-25T16:17:32.490+0000] {logging_mixin.py:188} INFO - [2025-11-25T16:17:32.490+0000] {dag.py:3954} INFO - Setting next_dagrun for example_branch_labels to 2025-11-24 00:00:00+00:00, run_after=2025-11-25 00:00:00+00:00
[2025-11-25T16:17:32.497+0000] {processor.py:183} INFO - Processing /home/airflow/.local/lib/python3.12/site-packages/airflow/example_dags/example_branch_labels.py took 0.030 seconds
[2025-11-25T16:18:03.078+0000] {processor.py:161} INFO - Started process (PID=10235) to work on /home/airflow/.local/lib/python3.12/site-packages/airflow/example_dags/example_branch_labels.py
[2025-11-25T16:18:03.079+0000] {processor.py:830} INFO - Processing file /home/airflow/.local/lib/python3.12/site-packages/airflow/example_dags/example_branch_labels.py for tasks to queue
[2025-11-25T16:18:03.081+0000] {logging_mixin.py:188} INFO - [2025-11-25T16:18:03.081+0000] {dagbag.py:545} INFO - Filling up the DagBag from /home/airflow/.local/lib/python3.12/site-packages/airflow/example_dags/example_branch_labels.py
[2025-11-25T16:18:03.084+0000] {processor.py:840} INFO - DAG(s) 'example_branch_labels' retrieved from /home/airflow/.local/lib/python3.12/site-packages/airflow/example_dags/example_branch_labels.py
[2025-11-25T16:18:03.094+0000] {logging_mixin.py:188} INFO - [2025-11-25T16:18:03.094+0000] {dag.py:3096} INFO - Sync 1 DAGs
[2025-11-25T16:18:03.102+0000] {logging_mixin.py:188} INFO - [2025-11-25T16:18:03.102+0000] {dag.py:3954} INFO - Setting next_dagrun for example_branch_labels to 2025-11-24 00:00:00+00:00, run_after=2025-11-25 00:00:00+00:00
[2025-11-25T16:18:03.111+0000] {processor.py:183} INFO - Processing /home/airflow/.local/lib/python3.12/site-packages/airflow/example_dags/example_branch_labels.py took 0.036 seconds
[2025-11-25T16:18:34.724+0000] {processor.py:161} INFO - Started process (PID=10293) to work on /home/airflow/.local/lib/python3.12/site-packages/airflow/example_dags/example_branch_labels.py
[2025-11-25T16:18:34.726+0000] {processor.py:830} INFO - Processing file /home/airflow/.local/lib/python3.12/site-packages/airflow/example_dags/example_branch_labels.py for tasks to queue
[2025-11-25T16:18:34.728+0000] {logging_mixin.py:188} INFO - [2025-11-25T16:18:34.727+0000] {dagbag.py:545} INFO - Filling up the DagBag from /home/airflow/.local/lib/python3.12/site-packages/airflow/example_dags/example_branch_labels.py
[2025-11-25T16:18:34.732+0000] {processor.py:840} INFO - DAG(s) 'example_branch_labels' retrieved from /home/airflow/.local/lib/python3.12/site-packages/airflow/example_dags/example_branch_labels.py
[2025-11-25T16:18:34.744+0000] {logging_mixin.py:188} INFO - [2025-11-25T16:18:34.744+0000] {dag.py:3096} INFO - Sync 1 DAGs
[2025-11-25T16:18:34.756+0000] {logging_mixin.py:188} INFO - [2025-11-25T16:18:34.756+0000] {dag.py:3954} INFO - Setting next_dagrun for example_branch_labels to 2025-11-24 00:00:00+00:00, run_after=2025-11-25 00:00:00+00:00
[2025-11-25T16:18:34.767+0000] {processor.py:183} INFO - Processing /home/airflow/.local/lib/python3.12/site-packages/airflow/example_dags/example_branch_labels.py took 0.047 seconds
[2025-11-25T16:19:04.941+0000] {processor.py:161} INFO - Started process (PID=10351) to work on /home/airflow/.local/lib/python3.12/site-packages/airflow/example_dags/example_branch_labels.py
[2025-11-25T16:19:04.941+0000] {processor.py:830} INFO - Processing file /home/airflow/.local/lib/python3.12/site-packages/airflow/example_dags/example_branch_labels.py for tasks to queue
[2025-11-25T16:19:04.942+0000] {logging_mixin.py:188} INFO - [2025-11-25T16:19:04.942+0000] {dagbag.py:545} INFO - Filling up the DagBag from /home/airflow/.local/lib/python3.12/site-packages/airflow/example_dags/example_branch_labels.py
[2025-11-25T16:19:04.945+0000] {processor.py:840} INFO - DAG(s) 'example_branch_labels' retrieved from /home/airflow/.local/lib/python3.12/site-packages/airflow/example_dags/example_branch_labels.py
[2025-11-25T16:19:04.959+0000] {logging_mixin.py:188} INFO - [2025-11-25T16:19:04.959+0000] {dag.py:3096} INFO - Sync 1 DAGs
[2025-11-25T16:19:04.969+0000] {logging_mixin.py:188} INFO - [2025-11-25T16:19:04.968+0000] {dag.py:3954} INFO - Setting next_dagrun for example_branch_labels to 2025-11-24 00:00:00+00:00, run_after=2025-11-25 00:00:00+00:00
[2025-11-25T16:19:04.983+0000] {processor.py:183} INFO - Processing /home/airflow/.local/lib/python3.12/site-packages/airflow/example_dags/example_branch_labels.py took 0.045 seconds
[2025-11-25T16:19:35.094+0000] {processor.py:161} INFO - Started process (PID=10409) to work on /home/airflow/.local/lib/python3.12/site-packages/airflow/example_dags/example_branch_labels.py
[2025-11-25T16:19:35.094+0000] {processor.py:830} INFO - Processing file /home/airflow/.local/lib/python3.12/site-packages/airflow/example_dags/example_branch_labels.py for tasks to queue
[2025-11-25T16:19:35.095+0000] {logging_mixin.py:188} INFO - [2025-11-25T16:19:35.095+0000] {dagbag.py:545} INFO - Filling up the DagBag from /home/airflow/.local/lib/python3.12/site-packages/airflow/example_dags/example_branch_labels.py
[2025-11-25T16:19:35.098+0000] {processor.py:840} INFO - DAG(s) 'example_branch_labels' retrieved from /home/airflow/.local/lib/python3.12/site-packages/airflow/example_dags/example_branch_labels.py
[2025-11-25T16:19:35.109+0000] {logging_mixin.py:188} INFO - [2025-11-25T16:19:35.109+0000] {dag.py:3096} INFO - Sync 1 DAGs
[2025-11-25T16:19:35.122+0000] {logging_mixin.py:188} INFO - [2025-11-25T16:19:35.122+0000] {dag.py:3954} INFO - Setting next_dagrun for example_branch_labels to 2025-11-24 00:00:00+00:00, run_after=2025-11-25 00:00:00+00:00
[2025-11-25T16:19:35.130+0000] {processor.py:183} INFO - Processing /home/airflow/.local/lib/python3.12/site-packages/airflow/example_dags/example_branch_labels.py took 0.038 seconds
[2025-11-25T16:20:05.567+0000] {processor.py:161} INFO - Started process (PID=10467) to work on /home/airflow/.local/lib/python3.12/site-packages/airflow/example_dags/example_branch_labels.py
[2025-11-25T16:20:05.568+0000] {processor.py:830} INFO - Processing file /home/airflow/.local/lib/python3.12/site-packages/airflow/example_dags/example_branch_labels.py for tasks to queue
[2025-11-25T16:20:05.570+0000] {logging_mixin.py:188} INFO - [2025-11-25T16:20:05.570+0000] {dagbag.py:545} INFO - Filling up the DagBag from /home/airflow/.local/lib/python3.12/site-packages/airflow/example_dags/example_branch_labels.py
[2025-11-25T16:20:05.575+0000] {processor.py:840} INFO - DAG(s) 'example_branch_labels' retrieved from /home/airflow/.local/lib/python3.12/site-packages/airflow/example_dags/example_branch_labels.py
[2025-11-25T16:20:05.589+0000] {logging_mixin.py:188} INFO - [2025-11-25T16:20:05.589+0000] {dag.py:3096} INFO - Sync 1 DAGs
[2025-11-25T16:20:05.600+0000] {logging_mixin.py:188} INFO - [2025-11-25T16:20:05.600+0000] {dag.py:3954} INFO - Setting next_dagrun for example_branch_labels to 2025-11-24 00:00:00+00:00, run_after=2025-11-25 00:00:00+00:00
[2025-11-25T16:20:05.610+0000] {processor.py:183} INFO - Processing /home/airflow/.local/lib/python3.12/site-packages/airflow/example_dags/example_branch_labels.py took 0.046 seconds
[2025-11-25T16:20:36.629+0000] {processor.py:161} INFO - Started process (PID=10525) to work on /home/airflow/.local/lib/python3.12/site-packages/airflow/example_dags/example_branch_labels.py
[2025-11-25T16:20:36.630+0000] {processor.py:830} INFO - Processing file /home/airflow/.local/lib/python3.12/site-packages/airflow/example_dags/example_branch_labels.py for tasks to queue
[2025-11-25T16:20:36.631+0000] {logging_mixin.py:188} INFO - [2025-11-25T16:20:36.630+0000] {dagbag.py:545} INFO - Filling up the DagBag from /home/airflow/.local/lib/python3.12/site-packages/airflow/example_dags/example_branch_labels.py
[2025-11-25T16:20:36.635+0000] {processor.py:840} INFO - DAG(s) 'example_branch_labels' retrieved from /home/airflow/.local/lib/python3.12/site-packages/airflow/example_dags/example_branch_labels.py
[2025-11-25T16:20:36.646+0000] {logging_mixin.py:188} INFO - [2025-11-25T16:20:36.646+0000] {dag.py:3096} INFO - Sync 1 DAGs
[2025-11-25T16:20:36.656+0000] {logging_mixin.py:188} INFO - [2025-11-25T16:20:36.656+0000] {dag.py:3954} INFO - Setting next_dagrun for example_branch_labels to 2025-11-24 00:00:00+00:00, run_after=2025-11-25 00:00:00+00:00
[2025-11-25T16:20:36.662+0000] {processor.py:183} INFO - Processing /home/airflow/.local/lib/python3.12/site-packages/airflow/example_dags/example_branch_labels.py took 0.037 seconds
[2025-11-25T16:21:07.048+0000] {processor.py:161} INFO - Started process (PID=10583) to work on /home/airflow/.local/lib/python3.12/site-packages/airflow/example_dags/example_branch_labels.py
[2025-11-25T16:21:07.050+0000] {processor.py:830} INFO - Processing file /home/airflow/.local/lib/python3.12/site-packages/airflow/example_dags/example_branch_labels.py for tasks to queue
[2025-11-25T16:21:07.052+0000] {logging_mixin.py:188} INFO - [2025-11-25T16:21:07.052+0000] {dagbag.py:545} INFO - Filling up the DagBag from /home/airflow/.local/lib/python3.12/site-packages/airflow/example_dags/example_branch_labels.py
[2025-11-25T16:21:07.060+0000] {processor.py:840} INFO - DAG(s) 'example_branch_labels' retrieved from /home/airflow/.local/lib/python3.12/site-packages/airflow/example_dags/example_branch_labels.py
[2025-11-25T16:21:07.080+0000] {logging_mixin.py:188} INFO - [2025-11-25T16:21:07.080+0000] {dag.py:3096} INFO - Sync 1 DAGs
[2025-11-25T16:21:07.102+0000] {logging_mixin.py:188} INFO - [2025-11-25T16:21:07.101+0000] {dag.py:3954} INFO - Setting next_dagrun for example_branch_labels to 2025-11-24 00:00:00+00:00, run_after=2025-11-25 00:00:00+00:00
[2025-11-25T16:21:07.119+0000] {processor.py:183} INFO - Processing /home/airflow/.local/lib/python3.12/site-packages/airflow/example_dags/example_branch_labels.py took 0.075 seconds
[2025-11-25T16:21:37.951+0000] {processor.py:161} INFO - Started process (PID=10641) to work on /home/airflow/.local/lib/python3.12/site-packages/airflow/example_dags/example_branch_labels.py
[2025-11-25T16:21:37.953+0000] {processor.py:830} INFO - Processing file /home/airflow/.local/lib/python3.12/site-packages/airflow/example_dags/example_branch_labels.py for tasks to queue
[2025-11-25T16:21:37.955+0000] {logging_mixin.py:188} INFO - [2025-11-25T16:21:37.955+0000] {dagbag.py:545} INFO - Filling up the DagBag from /home/airflow/.local/lib/python3.12/site-packages/airflow/example_dags/example_branch_labels.py
[2025-11-25T16:21:37.961+0000] {processor.py:840} INFO - DAG(s) 'example_branch_labels' retrieved from /home/airflow/.local/lib/python3.12/site-packages/airflow/example_dags/example_branch_labels.py
[2025-11-25T16:21:37.976+0000] {logging_mixin.py:188} INFO - [2025-11-25T16:21:37.976+0000] {dag.py:3096} INFO - Sync 1 DAGs
[2025-11-25T16:21:38.001+0000] {logging_mixin.py:188} INFO - [2025-11-25T16:21:38.001+0000] {dag.py:3954} INFO - Setting next_dagrun for example_branch_labels to 2025-11-24 00:00:00+00:00, run_after=2025-11-25 00:00:00+00:00
[2025-11-25T16:21:38.009+0000] {processor.py:183} INFO - Processing /home/airflow/.local/lib/python3.12/site-packages/airflow/example_dags/example_branch_labels.py took 0.071 seconds
[2025-11-25T16:22:08.730+0000] {processor.py:161} INFO - Started process (PID=10699) to work on /home/airflow/.local/lib/python3.12/site-packages/airflow/example_dags/example_branch_labels.py
[2025-11-25T16:22:08.731+0000] {processor.py:830} INFO - Processing file /home/airflow/.local/lib/python3.12/site-packages/airflow/example_dags/example_branch_labels.py for tasks to queue
[2025-11-25T16:22:08.733+0000] {logging_mixin.py:188} INFO - [2025-11-25T16:22:08.732+0000] {dagbag.py:545} INFO - Filling up the DagBag from /home/airflow/.local/lib/python3.12/site-packages/airflow/example_dags/example_branch_labels.py
[2025-11-25T16:22:08.738+0000] {processor.py:840} INFO - DAG(s) 'example_branch_labels' retrieved from /home/airflow/.local/lib/python3.12/site-packages/airflow/example_dags/example_branch_labels.py
[2025-11-25T16:22:08.751+0000] {logging_mixin.py:188} INFO - [2025-11-25T16:22:08.751+0000] {dag.py:3096} INFO - Sync 1 DAGs
[2025-11-25T16:22:08.763+0000] {logging_mixin.py:188} INFO - [2025-11-25T16:22:08.763+0000] {dag.py:3954} INFO - Setting next_dagrun for example_branch_labels to 2025-11-24 00:00:00+00:00, run_after=2025-11-25 00:00:00+00:00
[2025-11-25T16:22:08.771+0000] {processor.py:183} INFO - Processing /home/airflow/.local/lib/python3.12/site-packages/airflow/example_dags/example_branch_labels.py took 0.044 seconds
[2025-11-25T16:22:38.923+0000] {processor.py:161} INFO - Started process (PID=10757) to work on /home/airflow/.local/lib/python3.12/site-packages/airflow/example_dags/example_branch_labels.py
[2025-11-25T16:22:38.924+0000] {processor.py:830} INFO - Processing file /home/airflow/.local/lib/python3.12/site-packages/airflow/example_dags/example_branch_labels.py for tasks to queue
[2025-11-25T16:22:38.925+0000] {logging_mixin.py:188} INFO - [2025-11-25T16:22:38.925+0000] {dagbag.py:545} INFO - Filling up the DagBag from /home/airflow/.local/lib/python3.12/site-packages/airflow/example_dags/example_branch_labels.py
[2025-11-25T16:22:38.931+0000] {processor.py:840} INFO - DAG(s) 'example_branch_labels' retrieved from /home/airflow/.local/lib/python3.12/site-packages/airflow/example_dags/example_branch_labels.py
[2025-11-25T16:22:38.941+0000] {logging_mixin.py:188} INFO - [2025-11-25T16:22:38.941+0000] {dag.py:3096} INFO - Sync 1 DAGs
[2025-11-25T16:22:38.954+0000] {logging_mixin.py:188} INFO - [2025-11-25T16:22:38.954+0000] {dag.py:3954} INFO - Setting next_dagrun for example_branch_labels to 2025-11-24 00:00:00+00:00, run_after=2025-11-25 00:00:00+00:00
[2025-11-25T16:22:38.966+0000] {processor.py:183} INFO - Processing /home/airflow/.local/lib/python3.12/site-packages/airflow/example_dags/example_branch_labels.py took 0.046 seconds
[2025-11-25T16:23:08.991+0000] {processor.py:161} INFO - Started process (PID=10815) to work on /home/airflow/.local/lib/python3.12/site-packages/airflow/example_dags/example_branch_labels.py
[2025-11-25T16:23:08.992+0000] {processor.py:830} INFO - Processing file /home/airflow/.local/lib/python3.12/site-packages/airflow/example_dags/example_branch_labels.py for tasks to queue
[2025-11-25T16:23:08.993+0000] {logging_mixin.py:188} INFO - [2025-11-25T16:23:08.993+0000] {dagbag.py:545} INFO - Filling up the DagBag from /home/airflow/.local/lib/python3.12/site-packages/airflow/example_dags/example_branch_labels.py
[2025-11-25T16:23:08.997+0000] {processor.py:840} INFO - DAG(s) 'example_branch_labels' retrieved from /home/airflow/.local/lib/python3.12/site-packages/airflow/example_dags/example_branch_labels.py
[2025-11-25T16:23:09.014+0000] {logging_mixin.py:188} INFO - [2025-11-25T16:23:09.013+0000] {dag.py:3096} INFO - Sync 1 DAGs
[2025-11-25T16:23:09.025+0000] {logging_mixin.py:188} INFO - [2025-11-25T16:23:09.025+0000] {dag.py:3954} INFO - Setting next_dagrun for example_branch_labels to 2025-11-24 00:00:00+00:00, run_after=2025-11-25 00:00:00+00:00
[2025-11-25T16:23:09.033+0000] {processor.py:183} INFO - Processing /home/airflow/.local/lib/python3.12/site-packages/airflow/example_dags/example_branch_labels.py took 0.045 seconds
[2025-11-25T16:23:40.138+0000] {processor.py:161} INFO - Started process (PID=10873) to work on /home/airflow/.local/lib/python3.12/site-packages/airflow/example_dags/example_branch_labels.py
[2025-11-25T16:23:40.141+0000] {processor.py:830} INFO - Processing file /home/airflow/.local/lib/python3.12/site-packages/airflow/example_dags/example_branch_labels.py for tasks to queue
[2025-11-25T16:23:40.142+0000] {logging_mixin.py:188} INFO - [2025-11-25T16:23:40.142+0000] {dagbag.py:545} INFO - Filling up the DagBag from /home/airflow/.local/lib/python3.12/site-packages/airflow/example_dags/example_branch_labels.py
[2025-11-25T16:23:40.151+0000] {processor.py:840} INFO - DAG(s) 'example_branch_labels' retrieved from /home/airflow/.local/lib/python3.12/site-packages/airflow/example_dags/example_branch_labels.py
[2025-11-25T16:23:40.246+0000] {logging_mixin.py:188} INFO - [2025-11-25T16:23:40.245+0000] {dag.py:3096} INFO - Sync 1 DAGs
[2025-11-25T16:23:40.304+0000] {logging_mixin.py:188} INFO - [2025-11-25T16:23:40.303+0000] {dag.py:3954} INFO - Setting next_dagrun for example_branch_labels to 2025-11-24 00:00:00+00:00, run_after=2025-11-25 00:00:00+00:00
[2025-11-25T16:23:40.338+0000] {processor.py:183} INFO - Processing /home/airflow/.local/lib/python3.12/site-packages/airflow/example_dags/example_branch_labels.py took 0.206 seconds
[2025-11-25T16:24:11.139+0000] {processor.py:161} INFO - Started process (PID=10931) to work on /home/airflow/.local/lib/python3.12/site-packages/airflow/example_dags/example_branch_labels.py
[2025-11-25T16:24:11.141+0000] {processor.py:830} INFO - Processing file /home/airflow/.local/lib/python3.12/site-packages/airflow/example_dags/example_branch_labels.py for tasks to queue
[2025-11-25T16:24:11.142+0000] {logging_mixin.py:188} INFO - [2025-11-25T16:24:11.142+0000] {dagbag.py:545} INFO - Filling up the DagBag from /home/airflow/.local/lib/python3.12/site-packages/airflow/example_dags/example_branch_labels.py
[2025-11-25T16:24:11.146+0000] {processor.py:840} INFO - DAG(s) 'example_branch_labels' retrieved from /home/airflow/.local/lib/python3.12/site-packages/airflow/example_dags/example_branch_labels.py
[2025-11-25T16:24:11.158+0000] {logging_mixin.py:188} INFO - [2025-11-25T16:24:11.158+0000] {dag.py:3096} INFO - Sync 1 DAGs
[2025-11-25T16:24:11.168+0000] {logging_mixin.py:188} INFO - [2025-11-25T16:24:11.168+0000] {dag.py:3954} INFO - Setting next_dagrun for example_branch_labels to 2025-11-24 00:00:00+00:00, run_after=2025-11-25 00:00:00+00:00
[2025-11-25T16:24:11.185+0000] {processor.py:183} INFO - Processing /home/airflow/.local/lib/python3.12/site-packages/airflow/example_dags/example_branch_labels.py took 0.048 seconds
[2025-11-25T16:24:41.637+0000] {processor.py:161} INFO - Started process (PID=10989) to work on /home/airflow/.local/lib/python3.12/site-packages/airflow/example_dags/example_branch_labels.py
[2025-11-25T16:24:41.638+0000] {processor.py:830} INFO - Processing file /home/airflow/.local/lib/python3.12/site-packages/airflow/example_dags/example_branch_labels.py for tasks to queue
[2025-11-25T16:24:41.641+0000] {logging_mixin.py:188} INFO - [2025-11-25T16:24:41.641+0000] {dagbag.py:545} INFO - Filling up the DagBag from /home/airflow/.local/lib/python3.12/site-packages/airflow/example_dags/example_branch_labels.py
[2025-11-25T16:24:41.647+0000] {processor.py:840} INFO - DAG(s) 'example_branch_labels' retrieved from /home/airflow/.local/lib/python3.12/site-packages/airflow/example_dags/example_branch_labels.py
[2025-11-25T16:24:41.676+0000] {logging_mixin.py:188} INFO - [2025-11-25T16:24:41.675+0000] {dag.py:3096} INFO - Sync 1 DAGs
[2025-11-25T16:24:41.698+0000] {logging_mixin.py:188} INFO - [2025-11-25T16:24:41.698+0000] {dag.py:3954} INFO - Setting next_dagrun for example_branch_labels to 2025-11-24 00:00:00+00:00, run_after=2025-11-25 00:00:00+00:00
[2025-11-25T16:24:41.719+0000] {processor.py:183} INFO - Processing /home/airflow/.local/lib/python3.12/site-packages/airflow/example_dags/example_branch_labels.py took 0.088 seconds
[2025-11-25T16:25:12.072+0000] {processor.py:161} INFO - Started process (PID=11047) to work on /home/airflow/.local/lib/python3.12/site-packages/airflow/example_dags/example_branch_labels.py
[2025-11-25T16:25:12.073+0000] {processor.py:830} INFO - Processing file /home/airflow/.local/lib/python3.12/site-packages/airflow/example_dags/example_branch_labels.py for tasks to queue
[2025-11-25T16:25:12.074+0000] {logging_mixin.py:188} INFO - [2025-11-25T16:25:12.074+0000] {dagbag.py:545} INFO - Filling up the DagBag from /home/airflow/.local/lib/python3.12/site-packages/airflow/example_dags/example_branch_labels.py
[2025-11-25T16:25:12.078+0000] {processor.py:840} INFO - DAG(s) 'example_branch_labels' retrieved from /home/airflow/.local/lib/python3.12/site-packages/airflow/example_dags/example_branch_labels.py
[2025-11-25T16:25:12.089+0000] {logging_mixin.py:188} INFO - [2025-11-25T16:25:12.089+0000] {dag.py:3096} INFO - Sync 1 DAGs
[2025-11-25T16:25:12.104+0000] {logging_mixin.py:188} INFO - [2025-11-25T16:25:12.104+0000] {dag.py:3954} INFO - Setting next_dagrun for example_branch_labels to 2025-11-24 00:00:00+00:00, run_after=2025-11-25 00:00:00+00:00
[2025-11-25T16:25:12.120+0000] {processor.py:183} INFO - Processing /home/airflow/.local/lib/python3.12/site-packages/airflow/example_dags/example_branch_labels.py took 0.052 seconds
[2025-11-25T16:25:42.191+0000] {processor.py:161} INFO - Started process (PID=11105) to work on /home/airflow/.local/lib/python3.12/site-packages/airflow/example_dags/example_branch_labels.py
[2025-11-25T16:25:42.192+0000] {processor.py:830} INFO - Processing file /home/airflow/.local/lib/python3.12/site-packages/airflow/example_dags/example_branch_labels.py for tasks to queue
[2025-11-25T16:25:42.193+0000] {logging_mixin.py:188} INFO - [2025-11-25T16:25:42.193+0000] {dagbag.py:545} INFO - Filling up the DagBag from /home/airflow/.local/lib/python3.12/site-packages/airflow/example_dags/example_branch_labels.py
[2025-11-25T16:25:42.197+0000] {processor.py:840} INFO - DAG(s) 'example_branch_labels' retrieved from /home/airflow/.local/lib/python3.12/site-packages/airflow/example_dags/example_branch_labels.py
[2025-11-25T16:25:42.219+0000] {logging_mixin.py:188} INFO - [2025-11-25T16:25:42.219+0000] {dag.py:3096} INFO - Sync 1 DAGs
[2025-11-25T16:25:42.237+0000] {logging_mixin.py:188} INFO - [2025-11-25T16:25:42.236+0000] {dag.py:3954} INFO - Setting next_dagrun for example_branch_labels to 2025-11-24 00:00:00+00:00, run_after=2025-11-25 00:00:00+00:00
[2025-11-25T16:25:42.251+0000] {processor.py:183} INFO - Processing /home/airflow/.local/lib/python3.12/site-packages/airflow/example_dags/example_branch_labels.py took 0.063 seconds
[2025-11-25T16:26:12.500+0000] {processor.py:161} INFO - Started process (PID=11163) to work on /home/airflow/.local/lib/python3.12/site-packages/airflow/example_dags/example_branch_labels.py
[2025-11-25T16:26:12.500+0000] {processor.py:830} INFO - Processing file /home/airflow/.local/lib/python3.12/site-packages/airflow/example_dags/example_branch_labels.py for tasks to queue
[2025-11-25T16:26:12.501+0000] {logging_mixin.py:188} INFO - [2025-11-25T16:26:12.501+0000] {dagbag.py:545} INFO - Filling up the DagBag from /home/airflow/.local/lib/python3.12/site-packages/airflow/example_dags/example_branch_labels.py
[2025-11-25T16:26:12.504+0000] {processor.py:840} INFO - DAG(s) 'example_branch_labels' retrieved from /home/airflow/.local/lib/python3.12/site-packages/airflow/example_dags/example_branch_labels.py
[2025-11-25T16:26:12.518+0000] {logging_mixin.py:188} INFO - [2025-11-25T16:26:12.518+0000] {dag.py:3096} INFO - Sync 1 DAGs
[2025-11-25T16:26:12.528+0000] {logging_mixin.py:188} INFO - [2025-11-25T16:26:12.527+0000] {dag.py:3954} INFO - Setting next_dagrun for example_branch_labels to 2025-11-24 00:00:00+00:00, run_after=2025-11-25 00:00:00+00:00
[2025-11-25T16:26:12.534+0000] {processor.py:183} INFO - Processing /home/airflow/.local/lib/python3.12/site-packages/airflow/example_dags/example_branch_labels.py took 0.037 seconds
[2025-11-25T16:26:43.309+0000] {processor.py:161} INFO - Started process (PID=11221) to work on /home/airflow/.local/lib/python3.12/site-packages/airflow/example_dags/example_branch_labels.py
[2025-11-25T16:26:43.311+0000] {processor.py:830} INFO - Processing file /home/airflow/.local/lib/python3.12/site-packages/airflow/example_dags/example_branch_labels.py for tasks to queue
[2025-11-25T16:26:43.312+0000] {logging_mixin.py:188} INFO - [2025-11-25T16:26:43.311+0000] {dagbag.py:545} INFO - Filling up the DagBag from /home/airflow/.local/lib/python3.12/site-packages/airflow/example_dags/example_branch_labels.py
[2025-11-25T16:26:43.317+0000] {processor.py:840} INFO - DAG(s) 'example_branch_labels' retrieved from /home/airflow/.local/lib/python3.12/site-packages/airflow/example_dags/example_branch_labels.py
[2025-11-25T16:26:43.327+0000] {logging_mixin.py:188} INFO - [2025-11-25T16:26:43.327+0000] {dag.py:3096} INFO - Sync 1 DAGs
[2025-11-25T16:26:43.335+0000] {logging_mixin.py:188} INFO - [2025-11-25T16:26:43.335+0000] {dag.py:3954} INFO - Setting next_dagrun for example_branch_labels to 2025-11-24 00:00:00+00:00, run_after=2025-11-25 00:00:00+00:00
[2025-11-25T16:26:43.343+0000] {processor.py:183} INFO - Processing /home/airflow/.local/lib/python3.12/site-packages/airflow/example_dags/example_branch_labels.py took 0.036 seconds
[2025-11-25T16:27:14.367+0000] {processor.py:161} INFO - Started process (PID=11286) to work on /home/airflow/.local/lib/python3.12/site-packages/airflow/example_dags/example_branch_labels.py
[2025-11-25T16:27:14.367+0000] {processor.py:830} INFO - Processing file /home/airflow/.local/lib/python3.12/site-packages/airflow/example_dags/example_branch_labels.py for tasks to queue
[2025-11-25T16:27:14.369+0000] {logging_mixin.py:188} INFO - [2025-11-25T16:27:14.369+0000] {dagbag.py:545} INFO - Filling up the DagBag from /home/airflow/.local/lib/python3.12/site-packages/airflow/example_dags/example_branch_labels.py
[2025-11-25T16:27:14.372+0000] {processor.py:840} INFO - DAG(s) 'example_branch_labels' retrieved from /home/airflow/.local/lib/python3.12/site-packages/airflow/example_dags/example_branch_labels.py
[2025-11-25T16:27:14.384+0000] {logging_mixin.py:188} INFO - [2025-11-25T16:27:14.384+0000] {dag.py:3096} INFO - Sync 1 DAGs
[2025-11-25T16:27:14.394+0000] {logging_mixin.py:188} INFO - [2025-11-25T16:27:14.394+0000] {dag.py:3954} INFO - Setting next_dagrun for example_branch_labels to 2025-11-24 00:00:00+00:00, run_after=2025-11-25 00:00:00+00:00
[2025-11-25T16:27:14.402+0000] {processor.py:183} INFO - Processing /home/airflow/.local/lib/python3.12/site-packages/airflow/example_dags/example_branch_labels.py took 0.038 seconds
[2025-11-25T16:27:44.901+0000] {processor.py:161} INFO - Started process (PID=11344) to work on /home/airflow/.local/lib/python3.12/site-packages/airflow/example_dags/example_branch_labels.py
[2025-11-25T16:27:44.905+0000] {processor.py:830} INFO - Processing file /home/airflow/.local/lib/python3.12/site-packages/airflow/example_dags/example_branch_labels.py for tasks to queue
[2025-11-25T16:27:44.907+0000] {logging_mixin.py:188} INFO - [2025-11-25T16:27:44.906+0000] {dagbag.py:545} INFO - Filling up the DagBag from /home/airflow/.local/lib/python3.12/site-packages/airflow/example_dags/example_branch_labels.py
[2025-11-25T16:27:44.920+0000] {processor.py:840} INFO - DAG(s) 'example_branch_labels' retrieved from /home/airflow/.local/lib/python3.12/site-packages/airflow/example_dags/example_branch_labels.py
[2025-11-25T16:27:44.943+0000] {logging_mixin.py:188} INFO - [2025-11-25T16:27:44.943+0000] {dag.py:3096} INFO - Sync 1 DAGs
[2025-11-25T16:27:44.959+0000] {logging_mixin.py:188} INFO - [2025-11-25T16:27:44.958+0000] {dag.py:3954} INFO - Setting next_dagrun for example_branch_labels to 2025-11-24 00:00:00+00:00, run_after=2025-11-25 00:00:00+00:00
[2025-11-25T16:27:44.970+0000] {processor.py:183} INFO - Processing /home/airflow/.local/lib/python3.12/site-packages/airflow/example_dags/example_branch_labels.py took 0.073 seconds
[2025-11-25T16:28:15.535+0000] {processor.py:161} INFO - Started process (PID=11402) to work on /home/airflow/.local/lib/python3.12/site-packages/airflow/example_dags/example_branch_labels.py
[2025-11-25T16:28:15.538+0000] {processor.py:830} INFO - Processing file /home/airflow/.local/lib/python3.12/site-packages/airflow/example_dags/example_branch_labels.py for tasks to queue
[2025-11-25T16:28:15.539+0000] {logging_mixin.py:188} INFO - [2025-11-25T16:28:15.539+0000] {dagbag.py:545} INFO - Filling up the DagBag from /home/airflow/.local/lib/python3.12/site-packages/airflow/example_dags/example_branch_labels.py
[2025-11-25T16:28:15.545+0000] {processor.py:840} INFO - DAG(s) 'example_branch_labels' retrieved from /home/airflow/.local/lib/python3.12/site-packages/airflow/example_dags/example_branch_labels.py
[2025-11-25T16:28:15.559+0000] {logging_mixin.py:188} INFO - [2025-11-25T16:28:15.559+0000] {dag.py:3096} INFO - Sync 1 DAGs
[2025-11-25T16:28:15.573+0000] {logging_mixin.py:188} INFO - [2025-11-25T16:28:15.573+0000] {dag.py:3954} INFO - Setting next_dagrun for example_branch_labels to 2025-11-24 00:00:00+00:00, run_after=2025-11-25 00:00:00+00:00
[2025-11-25T16:28:15.580+0000] {processor.py:183} INFO - Processing /home/airflow/.local/lib/python3.12/site-packages/airflow/example_dags/example_branch_labels.py took 0.047 seconds
[2025-11-25T16:28:45.602+0000] {processor.py:161} INFO - Started process (PID=11460) to work on /home/airflow/.local/lib/python3.12/site-packages/airflow/example_dags/example_branch_labels.py
[2025-11-25T16:28:45.602+0000] {processor.py:830} INFO - Processing file /home/airflow/.local/lib/python3.12/site-packages/airflow/example_dags/example_branch_labels.py for tasks to queue
[2025-11-25T16:28:45.604+0000] {logging_mixin.py:188} INFO - [2025-11-25T16:28:45.604+0000] {dagbag.py:545} INFO - Filling up the DagBag from /home/airflow/.local/lib/python3.12/site-packages/airflow/example_dags/example_branch_labels.py
[2025-11-25T16:28:45.607+0000] {processor.py:840} INFO - DAG(s) 'example_branch_labels' retrieved from /home/airflow/.local/lib/python3.12/site-packages/airflow/example_dags/example_branch_labels.py
[2025-11-25T16:28:45.619+0000] {logging_mixin.py:188} INFO - [2025-11-25T16:28:45.619+0000] {dag.py:3096} INFO - Sync 1 DAGs
[2025-11-25T16:28:45.629+0000] {logging_mixin.py:188} INFO - [2025-11-25T16:28:45.629+0000] {dag.py:3954} INFO - Setting next_dagrun for example_branch_labels to 2025-11-24 00:00:00+00:00, run_after=2025-11-25 00:00:00+00:00
[2025-11-25T16:28:45.638+0000] {processor.py:183} INFO - Processing /home/airflow/.local/lib/python3.12/site-packages/airflow/example_dags/example_branch_labels.py took 0.038 seconds
[2025-11-25T16:29:16.224+0000] {processor.py:161} INFO - Started process (PID=11518) to work on /home/airflow/.local/lib/python3.12/site-packages/airflow/example_dags/example_branch_labels.py
[2025-11-25T16:29:16.224+0000] {processor.py:830} INFO - Processing file /home/airflow/.local/lib/python3.12/site-packages/airflow/example_dags/example_branch_labels.py for tasks to queue
[2025-11-25T16:29:16.226+0000] {logging_mixin.py:188} INFO - [2025-11-25T16:29:16.226+0000] {dagbag.py:545} INFO - Filling up the DagBag from /home/airflow/.local/lib/python3.12/site-packages/airflow/example_dags/example_branch_labels.py
[2025-11-25T16:29:16.229+0000] {processor.py:840} INFO - DAG(s) 'example_branch_labels' retrieved from /home/airflow/.local/lib/python3.12/site-packages/airflow/example_dags/example_branch_labels.py
[2025-11-25T16:29:16.241+0000] {logging_mixin.py:188} INFO - [2025-11-25T16:29:16.241+0000] {dag.py:3096} INFO - Sync 1 DAGs
[2025-11-25T16:29:16.251+0000] {logging_mixin.py:188} INFO - [2025-11-25T16:29:16.251+0000] {dag.py:3954} INFO - Setting next_dagrun for example_branch_labels to 2025-11-24 00:00:00+00:00, run_after=2025-11-25 00:00:00+00:00
[2025-11-25T16:29:16.259+0000] {processor.py:183} INFO - Processing /home/airflow/.local/lib/python3.12/site-packages/airflow/example_dags/example_branch_labels.py took 0.038 seconds
[2025-11-25T16:29:47.265+0000] {processor.py:161} INFO - Started process (PID=11576) to work on /home/airflow/.local/lib/python3.12/site-packages/airflow/example_dags/example_branch_labels.py
[2025-11-25T16:29:47.266+0000] {processor.py:830} INFO - Processing file /home/airflow/.local/lib/python3.12/site-packages/airflow/example_dags/example_branch_labels.py for tasks to queue
[2025-11-25T16:29:47.267+0000] {logging_mixin.py:188} INFO - [2025-11-25T16:29:47.267+0000] {dagbag.py:545} INFO - Filling up the DagBag from /home/airflow/.local/lib/python3.12/site-packages/airflow/example_dags/example_branch_labels.py
[2025-11-25T16:29:47.271+0000] {processor.py:840} INFO - DAG(s) 'example_branch_labels' retrieved from /home/airflow/.local/lib/python3.12/site-packages/airflow/example_dags/example_branch_labels.py
[2025-11-25T16:29:47.284+0000] {logging_mixin.py:188} INFO - [2025-11-25T16:29:47.284+0000] {dag.py:3096} INFO - Sync 1 DAGs
[2025-11-25T16:29:47.294+0000] {logging_mixin.py:188} INFO - [2025-11-25T16:29:47.294+0000] {dag.py:3954} INFO - Setting next_dagrun for example_branch_labels to 2025-11-24 00:00:00+00:00, run_after=2025-11-25 00:00:00+00:00
[2025-11-25T16:29:47.307+0000] {processor.py:183} INFO - Processing /home/airflow/.local/lib/python3.12/site-packages/airflow/example_dags/example_branch_labels.py took 0.045 seconds
[2025-11-25T16:30:17.721+0000] {processor.py:161} INFO - Started process (PID=11634) to work on /home/airflow/.local/lib/python3.12/site-packages/airflow/example_dags/example_branch_labels.py
[2025-11-25T16:30:17.723+0000] {processor.py:830} INFO - Processing file /home/airflow/.local/lib/python3.12/site-packages/airflow/example_dags/example_branch_labels.py for tasks to queue
[2025-11-25T16:30:17.724+0000] {logging_mixin.py:188} INFO - [2025-11-25T16:30:17.724+0000] {dagbag.py:545} INFO - Filling up the DagBag from /home/airflow/.local/lib/python3.12/site-packages/airflow/example_dags/example_branch_labels.py
[2025-11-25T16:30:17.729+0000] {processor.py:840} INFO - DAG(s) 'example_branch_labels' retrieved from /home/airflow/.local/lib/python3.12/site-packages/airflow/example_dags/example_branch_labels.py
[2025-11-25T16:30:17.747+0000] {logging_mixin.py:188} INFO - [2025-11-25T16:30:17.747+0000] {dag.py:3096} INFO - Sync 1 DAGs
[2025-11-25T16:30:17.764+0000] {logging_mixin.py:188} INFO - [2025-11-25T16:30:17.764+0000] {dag.py:3954} INFO - Setting next_dagrun for example_branch_labels to 2025-11-24 00:00:00+00:00, run_after=2025-11-25 00:00:00+00:00
[2025-11-25T16:30:17.779+0000] {processor.py:183} INFO - Processing /home/airflow/.local/lib/python3.12/site-packages/airflow/example_dags/example_branch_labels.py took 0.062 seconds
[2025-11-25T16:30:48.137+0000] {processor.py:161} INFO - Started process (PID=11692) to work on /home/airflow/.local/lib/python3.12/site-packages/airflow/example_dags/example_branch_labels.py
[2025-11-25T16:30:48.139+0000] {processor.py:830} INFO - Processing file /home/airflow/.local/lib/python3.12/site-packages/airflow/example_dags/example_branch_labels.py for tasks to queue
[2025-11-25T16:30:48.140+0000] {logging_mixin.py:188} INFO - [2025-11-25T16:30:48.140+0000] {dagbag.py:545} INFO - Filling up the DagBag from /home/airflow/.local/lib/python3.12/site-packages/airflow/example_dags/example_branch_labels.py
[2025-11-25T16:30:48.146+0000] {processor.py:840} INFO - DAG(s) 'example_branch_labels' retrieved from /home/airflow/.local/lib/python3.12/site-packages/airflow/example_dags/example_branch_labels.py
[2025-11-25T16:30:48.168+0000] {logging_mixin.py:188} INFO - [2025-11-25T16:30:48.167+0000] {dag.py:3096} INFO - Sync 1 DAGs
[2025-11-25T16:30:48.184+0000] {logging_mixin.py:188} INFO - [2025-11-25T16:30:48.184+0000] {dag.py:3954} INFO - Setting next_dagrun for example_branch_labels to 2025-11-24 00:00:00+00:00, run_after=2025-11-25 00:00:00+00:00
[2025-11-25T16:30:48.192+0000] {processor.py:183} INFO - Processing /home/airflow/.local/lib/python3.12/site-packages/airflow/example_dags/example_branch_labels.py took 0.061 seconds
[2025-11-25T16:31:18.352+0000] {processor.py:161} INFO - Started process (PID=11750) to work on /home/airflow/.local/lib/python3.12/site-packages/airflow/example_dags/example_branch_labels.py
[2025-11-25T16:31:18.353+0000] {processor.py:830} INFO - Processing file /home/airflow/.local/lib/python3.12/site-packages/airflow/example_dags/example_branch_labels.py for tasks to queue
[2025-11-25T16:31:18.357+0000] {logging_mixin.py:188} INFO - [2025-11-25T16:31:18.357+0000] {dagbag.py:545} INFO - Filling up the DagBag from /home/airflow/.local/lib/python3.12/site-packages/airflow/example_dags/example_branch_labels.py
[2025-11-25T16:31:18.364+0000] {processor.py:840} INFO - DAG(s) 'example_branch_labels' retrieved from /home/airflow/.local/lib/python3.12/site-packages/airflow/example_dags/example_branch_labels.py
[2025-11-25T16:31:18.382+0000] {logging_mixin.py:188} INFO - [2025-11-25T16:31:18.382+0000] {dag.py:3096} INFO - Sync 1 DAGs
[2025-11-25T16:31:18.396+0000] {logging_mixin.py:188} INFO - [2025-11-25T16:31:18.396+0000] {dag.py:3954} INFO - Setting next_dagrun for example_branch_labels to 2025-11-24 00:00:00+00:00, run_after=2025-11-25 00:00:00+00:00
[2025-11-25T16:31:18.415+0000] {processor.py:183} INFO - Processing /home/airflow/.local/lib/python3.12/site-packages/airflow/example_dags/example_branch_labels.py took 0.068 seconds
[2025-11-25T16:31:48.684+0000] {processor.py:161} INFO - Started process (PID=11808) to work on /home/airflow/.local/lib/python3.12/site-packages/airflow/example_dags/example_branch_labels.py
[2025-11-25T16:31:48.687+0000] {processor.py:830} INFO - Processing file /home/airflow/.local/lib/python3.12/site-packages/airflow/example_dags/example_branch_labels.py for tasks to queue
[2025-11-25T16:31:48.688+0000] {logging_mixin.py:188} INFO - [2025-11-25T16:31:48.688+0000] {dagbag.py:545} INFO - Filling up the DagBag from /home/airflow/.local/lib/python3.12/site-packages/airflow/example_dags/example_branch_labels.py
[2025-11-25T16:31:48.695+0000] {processor.py:840} INFO - DAG(s) 'example_branch_labels' retrieved from /home/airflow/.local/lib/python3.12/site-packages/airflow/example_dags/example_branch_labels.py
[2025-11-25T16:31:48.713+0000] {logging_mixin.py:188} INFO - [2025-11-25T16:31:48.713+0000] {dag.py:3096} INFO - Sync 1 DAGs
[2025-11-25T16:31:48.726+0000] {logging_mixin.py:188} INFO - [2025-11-25T16:31:48.725+0000] {dag.py:3954} INFO - Setting next_dagrun for example_branch_labels to 2025-11-24 00:00:00+00:00, run_after=2025-11-25 00:00:00+00:00
[2025-11-25T16:31:48.741+0000] {processor.py:183} INFO - Processing /home/airflow/.local/lib/python3.12/site-packages/airflow/example_dags/example_branch_labels.py took 0.060 seconds
[2025-11-25T16:32:18.956+0000] {processor.py:161} INFO - Started process (PID=11866) to work on /home/airflow/.local/lib/python3.12/site-packages/airflow/example_dags/example_branch_labels.py
[2025-11-25T16:32:18.958+0000] {processor.py:830} INFO - Processing file /home/airflow/.local/lib/python3.12/site-packages/airflow/example_dags/example_branch_labels.py for tasks to queue
[2025-11-25T16:32:18.960+0000] {logging_mixin.py:188} INFO - [2025-11-25T16:32:18.959+0000] {dagbag.py:545} INFO - Filling up the DagBag from /home/airflow/.local/lib/python3.12/site-packages/airflow/example_dags/example_branch_labels.py
[2025-11-25T16:32:18.963+0000] {processor.py:840} INFO - DAG(s) 'example_branch_labels' retrieved from /home/airflow/.local/lib/python3.12/site-packages/airflow/example_dags/example_branch_labels.py
[2025-11-25T16:32:18.976+0000] {logging_mixin.py:188} INFO - [2025-11-25T16:32:18.976+0000] {dag.py:3096} INFO - Sync 1 DAGs
[2025-11-25T16:32:18.988+0000] {logging_mixin.py:188} INFO - [2025-11-25T16:32:18.988+0000] {dag.py:3954} INFO - Setting next_dagrun for example_branch_labels to 2025-11-24 00:00:00+00:00, run_after=2025-11-25 00:00:00+00:00
[2025-11-25T16:32:18.998+0000] {processor.py:183} INFO - Processing /home/airflow/.local/lib/python3.12/site-packages/airflow/example_dags/example_branch_labels.py took 0.045 seconds
[2025-11-25T16:32:49.050+0000] {processor.py:161} INFO - Started process (PID=11924) to work on /home/airflow/.local/lib/python3.12/site-packages/airflow/example_dags/example_branch_labels.py
[2025-11-25T16:32:49.052+0000] {processor.py:830} INFO - Processing file /home/airflow/.local/lib/python3.12/site-packages/airflow/example_dags/example_branch_labels.py for tasks to queue
[2025-11-25T16:32:49.053+0000] {logging_mixin.py:188} INFO - [2025-11-25T16:32:49.053+0000] {dagbag.py:545} INFO - Filling up the DagBag from /home/airflow/.local/lib/python3.12/site-packages/airflow/example_dags/example_branch_labels.py
[2025-11-25T16:32:49.057+0000] {processor.py:840} INFO - DAG(s) 'example_branch_labels' retrieved from /home/airflow/.local/lib/python3.12/site-packages/airflow/example_dags/example_branch_labels.py
[2025-11-25T16:32:49.078+0000] {logging_mixin.py:188} INFO - [2025-11-25T16:32:49.078+0000] {dag.py:3096} INFO - Sync 1 DAGs
[2025-11-25T16:32:49.092+0000] {logging_mixin.py:188} INFO - [2025-11-25T16:32:49.092+0000] {dag.py:3954} INFO - Setting next_dagrun for example_branch_labels to 2025-11-24 00:00:00+00:00, run_after=2025-11-25 00:00:00+00:00
[2025-11-25T16:32:49.103+0000] {processor.py:183} INFO - Processing /home/airflow/.local/lib/python3.12/site-packages/airflow/example_dags/example_branch_labels.py took 0.056 seconds
[2025-11-25T16:33:19.514+0000] {processor.py:161} INFO - Started process (PID=11981) to work on /home/airflow/.local/lib/python3.12/site-packages/airflow/example_dags/example_branch_labels.py
[2025-11-25T16:33:19.514+0000] {processor.py:830} INFO - Processing file /home/airflow/.local/lib/python3.12/site-packages/airflow/example_dags/example_branch_labels.py for tasks to queue
[2025-11-25T16:33:19.516+0000] {logging_mixin.py:188} INFO - [2025-11-25T16:33:19.516+0000] {dagbag.py:545} INFO - Filling up the DagBag from /home/airflow/.local/lib/python3.12/site-packages/airflow/example_dags/example_branch_labels.py
[2025-11-25T16:33:19.521+0000] {processor.py:840} INFO - DAG(s) 'example_branch_labels' retrieved from /home/airflow/.local/lib/python3.12/site-packages/airflow/example_dags/example_branch_labels.py
[2025-11-25T16:33:19.537+0000] {logging_mixin.py:188} INFO - [2025-11-25T16:33:19.537+0000] {dag.py:3096} INFO - Sync 1 DAGs
[2025-11-25T16:33:19.549+0000] {logging_mixin.py:188} INFO - [2025-11-25T16:33:19.549+0000] {dag.py:3954} INFO - Setting next_dagrun for example_branch_labels to 2025-11-24 00:00:00+00:00, run_after=2025-11-25 00:00:00+00:00
[2025-11-25T16:33:19.566+0000] {processor.py:183} INFO - Processing /home/airflow/.local/lib/python3.12/site-packages/airflow/example_dags/example_branch_labels.py took 0.056 seconds
[2025-11-25T16:33:50.128+0000] {processor.py:161} INFO - Started process (PID=12039) to work on /home/airflow/.local/lib/python3.12/site-packages/airflow/example_dags/example_branch_labels.py
[2025-11-25T16:33:50.129+0000] {processor.py:830} INFO - Processing file /home/airflow/.local/lib/python3.12/site-packages/airflow/example_dags/example_branch_labels.py for tasks to queue
[2025-11-25T16:33:50.131+0000] {logging_mixin.py:188} INFO - [2025-11-25T16:33:50.131+0000] {dagbag.py:545} INFO - Filling up the DagBag from /home/airflow/.local/lib/python3.12/site-packages/airflow/example_dags/example_branch_labels.py
[2025-11-25T16:33:50.134+0000] {processor.py:840} INFO - DAG(s) 'example_branch_labels' retrieved from /home/airflow/.local/lib/python3.12/site-packages/airflow/example_dags/example_branch_labels.py
[2025-11-25T16:33:50.146+0000] {logging_mixin.py:188} INFO - [2025-11-25T16:33:50.146+0000] {dag.py:3096} INFO - Sync 1 DAGs
[2025-11-25T16:33:50.155+0000] {logging_mixin.py:188} INFO - [2025-11-25T16:33:50.155+0000] {dag.py:3954} INFO - Setting next_dagrun for example_branch_labels to 2025-11-24 00:00:00+00:00, run_after=2025-11-25 00:00:00+00:00
[2025-11-25T16:33:50.164+0000] {processor.py:183} INFO - Processing /home/airflow/.local/lib/python3.12/site-packages/airflow/example_dags/example_branch_labels.py took 0.039 seconds
[2025-11-25T16:34:21.090+0000] {processor.py:161} INFO - Started process (PID=12097) to work on /home/airflow/.local/lib/python3.12/site-packages/airflow/example_dags/example_branch_labels.py
[2025-11-25T16:34:21.091+0000] {processor.py:830} INFO - Processing file /home/airflow/.local/lib/python3.12/site-packages/airflow/example_dags/example_branch_labels.py for tasks to queue
[2025-11-25T16:34:21.092+0000] {logging_mixin.py:188} INFO - [2025-11-25T16:34:21.092+0000] {dagbag.py:545} INFO - Filling up the DagBag from /home/airflow/.local/lib/python3.12/site-packages/airflow/example_dags/example_branch_labels.py
[2025-11-25T16:34:21.096+0000] {processor.py:840} INFO - DAG(s) 'example_branch_labels' retrieved from /home/airflow/.local/lib/python3.12/site-packages/airflow/example_dags/example_branch_labels.py
[2025-11-25T16:34:21.107+0000] {logging_mixin.py:188} INFO - [2025-11-25T16:34:21.107+0000] {dag.py:3096} INFO - Sync 1 DAGs
[2025-11-25T16:34:21.119+0000] {logging_mixin.py:188} INFO - [2025-11-25T16:34:21.118+0000] {dag.py:3954} INFO - Setting next_dagrun for example_branch_labels to 2025-11-24 00:00:00+00:00, run_after=2025-11-25 00:00:00+00:00
[2025-11-25T16:34:21.128+0000] {processor.py:183} INFO - Processing /home/airflow/.local/lib/python3.12/site-packages/airflow/example_dags/example_branch_labels.py took 0.040 seconds
[2025-11-25T16:34:51.542+0000] {processor.py:161} INFO - Started process (PID=12155) to work on /home/airflow/.local/lib/python3.12/site-packages/airflow/example_dags/example_branch_labels.py
[2025-11-25T16:34:51.543+0000] {processor.py:830} INFO - Processing file /home/airflow/.local/lib/python3.12/site-packages/airflow/example_dags/example_branch_labels.py for tasks to queue
[2025-11-25T16:34:51.545+0000] {logging_mixin.py:188} INFO - [2025-11-25T16:34:51.545+0000] {dagbag.py:545} INFO - Filling up the DagBag from /home/airflow/.local/lib/python3.12/site-packages/airflow/example_dags/example_branch_labels.py
[2025-11-25T16:34:51.550+0000] {processor.py:840} INFO - DAG(s) 'example_branch_labels' retrieved from /home/airflow/.local/lib/python3.12/site-packages/airflow/example_dags/example_branch_labels.py
[2025-11-25T16:34:51.559+0000] {logging_mixin.py:188} INFO - [2025-11-25T16:34:51.559+0000] {dag.py:3096} INFO - Sync 1 DAGs
[2025-11-25T16:34:51.641+0000] {logging_mixin.py:188} INFO - [2025-11-25T16:34:51.641+0000] {dag.py:3954} INFO - Setting next_dagrun for example_branch_labels to 2025-11-24 00:00:00+00:00, run_after=2025-11-25 00:00:00+00:00
[2025-11-25T16:34:51.656+0000] {processor.py:183} INFO - Processing /home/airflow/.local/lib/python3.12/site-packages/airflow/example_dags/example_branch_labels.py took 0.116 seconds
[2025-11-25T16:35:22.098+0000] {processor.py:161} INFO - Started process (PID=12213) to work on /home/airflow/.local/lib/python3.12/site-packages/airflow/example_dags/example_branch_labels.py
[2025-11-25T16:35:22.099+0000] {processor.py:830} INFO - Processing file /home/airflow/.local/lib/python3.12/site-packages/airflow/example_dags/example_branch_labels.py for tasks to queue
[2025-11-25T16:35:22.101+0000] {logging_mixin.py:188} INFO - [2025-11-25T16:35:22.101+0000] {dagbag.py:545} INFO - Filling up the DagBag from /home/airflow/.local/lib/python3.12/site-packages/airflow/example_dags/example_branch_labels.py
[2025-11-25T16:35:22.104+0000] {processor.py:840} INFO - DAG(s) 'example_branch_labels' retrieved from /home/airflow/.local/lib/python3.12/site-packages/airflow/example_dags/example_branch_labels.py
[2025-11-25T16:35:22.114+0000] {logging_mixin.py:188} INFO - [2025-11-25T16:35:22.114+0000] {dag.py:3096} INFO - Sync 1 DAGs
[2025-11-25T16:35:22.123+0000] {logging_mixin.py:188} INFO - [2025-11-25T16:35:22.123+0000] {dag.py:3954} INFO - Setting next_dagrun for example_branch_labels to 2025-11-24 00:00:00+00:00, run_after=2025-11-25 00:00:00+00:00
[2025-11-25T16:35:22.215+0000] {processor.py:183} INFO - Processing /home/airflow/.local/lib/python3.12/site-packages/airflow/example_dags/example_branch_labels.py took 0.119 seconds
[2025-11-25T16:35:52.388+0000] {processor.py:161} INFO - Started process (PID=12271) to work on /home/airflow/.local/lib/python3.12/site-packages/airflow/example_dags/example_branch_labels.py
[2025-11-25T16:35:52.388+0000] {processor.py:830} INFO - Processing file /home/airflow/.local/lib/python3.12/site-packages/airflow/example_dags/example_branch_labels.py for tasks to queue
[2025-11-25T16:35:52.389+0000] {logging_mixin.py:188} INFO - [2025-11-25T16:35:52.389+0000] {dagbag.py:545} INFO - Filling up the DagBag from /home/airflow/.local/lib/python3.12/site-packages/airflow/example_dags/example_branch_labels.py
[2025-11-25T16:35:52.392+0000] {processor.py:840} INFO - DAG(s) 'example_branch_labels' retrieved from /home/airflow/.local/lib/python3.12/site-packages/airflow/example_dags/example_branch_labels.py
[2025-11-25T16:35:52.402+0000] {logging_mixin.py:188} INFO - [2025-11-25T16:35:52.402+0000] {dag.py:3096} INFO - Sync 1 DAGs
[2025-11-25T16:35:52.411+0000] {logging_mixin.py:188} INFO - [2025-11-25T16:35:52.411+0000] {dag.py:3954} INFO - Setting next_dagrun for example_branch_labels to 2025-11-24 00:00:00+00:00, run_after=2025-11-25 00:00:00+00:00
[2025-11-25T16:35:52.420+0000] {processor.py:183} INFO - Processing /home/airflow/.local/lib/python3.12/site-packages/airflow/example_dags/example_branch_labels.py took 0.034 seconds
[2025-11-25T16:36:23.073+0000] {processor.py:161} INFO - Started process (PID=12329) to work on /home/airflow/.local/lib/python3.12/site-packages/airflow/example_dags/example_branch_labels.py
[2025-11-25T16:36:23.074+0000] {processor.py:830} INFO - Processing file /home/airflow/.local/lib/python3.12/site-packages/airflow/example_dags/example_branch_labels.py for tasks to queue
[2025-11-25T16:36:23.075+0000] {logging_mixin.py:188} INFO - [2025-11-25T16:36:23.075+0000] {dagbag.py:545} INFO - Filling up the DagBag from /home/airflow/.local/lib/python3.12/site-packages/airflow/example_dags/example_branch_labels.py
[2025-11-25T16:36:23.079+0000] {processor.py:840} INFO - DAG(s) 'example_branch_labels' retrieved from /home/airflow/.local/lib/python3.12/site-packages/airflow/example_dags/example_branch_labels.py
[2025-11-25T16:36:23.093+0000] {logging_mixin.py:188} INFO - [2025-11-25T16:36:23.093+0000] {dag.py:3096} INFO - Sync 1 DAGs
[2025-11-25T16:36:23.103+0000] {logging_mixin.py:188} INFO - [2025-11-25T16:36:23.103+0000] {dag.py:3954} INFO - Setting next_dagrun for example_branch_labels to 2025-11-24 00:00:00+00:00, run_after=2025-11-25 00:00:00+00:00
[2025-11-25T16:36:23.117+0000] {processor.py:183} INFO - Processing /home/airflow/.local/lib/python3.12/site-packages/airflow/example_dags/example_branch_labels.py took 0.046 seconds
[2025-11-25T16:36:54.821+0000] {processor.py:161} INFO - Started process (PID=12387) to work on /home/airflow/.local/lib/python3.12/site-packages/airflow/example_dags/example_branch_labels.py
[2025-11-25T16:36:54.822+0000] {processor.py:830} INFO - Processing file /home/airflow/.local/lib/python3.12/site-packages/airflow/example_dags/example_branch_labels.py for tasks to queue
[2025-11-25T16:36:54.823+0000] {logging_mixin.py:188} INFO - [2025-11-25T16:36:54.823+0000] {dagbag.py:545} INFO - Filling up the DagBag from /home/airflow/.local/lib/python3.12/site-packages/airflow/example_dags/example_branch_labels.py
[2025-11-25T16:36:54.827+0000] {processor.py:840} INFO - DAG(s) 'example_branch_labels' retrieved from /home/airflow/.local/lib/python3.12/site-packages/airflow/example_dags/example_branch_labels.py
[2025-11-25T16:36:54.836+0000] {logging_mixin.py:188} INFO - [2025-11-25T16:36:54.836+0000] {dag.py:3096} INFO - Sync 1 DAGs
[2025-11-25T16:36:54.848+0000] {logging_mixin.py:188} INFO - [2025-11-25T16:36:54.848+0000] {dag.py:3954} INFO - Setting next_dagrun for example_branch_labels to 2025-11-24 00:00:00+00:00, run_after=2025-11-25 00:00:00+00:00
[2025-11-25T16:36:54.859+0000] {processor.py:183} INFO - Processing /home/airflow/.local/lib/python3.12/site-packages/airflow/example_dags/example_branch_labels.py took 0.040 seconds
[2025-11-25T16:37:25.798+0000] {processor.py:161} INFO - Started process (PID=12445) to work on /home/airflow/.local/lib/python3.12/site-packages/airflow/example_dags/example_branch_labels.py
[2025-11-25T16:37:25.800+0000] {processor.py:830} INFO - Processing file /home/airflow/.local/lib/python3.12/site-packages/airflow/example_dags/example_branch_labels.py for tasks to queue
[2025-11-25T16:37:25.802+0000] {logging_mixin.py:188} INFO - [2025-11-25T16:37:25.801+0000] {dagbag.py:545} INFO - Filling up the DagBag from /home/airflow/.local/lib/python3.12/site-packages/airflow/example_dags/example_branch_labels.py
[2025-11-25T16:37:25.804+0000] {processor.py:840} INFO - DAG(s) 'example_branch_labels' retrieved from /home/airflow/.local/lib/python3.12/site-packages/airflow/example_dags/example_branch_labels.py
[2025-11-25T16:37:25.816+0000] {logging_mixin.py:188} INFO - [2025-11-25T16:37:25.816+0000] {dag.py:3096} INFO - Sync 1 DAGs
[2025-11-25T16:37:25.824+0000] {logging_mixin.py:188} INFO - [2025-11-25T16:37:25.824+0000] {dag.py:3954} INFO - Setting next_dagrun for example_branch_labels to 2025-11-24 00:00:00+00:00, run_after=2025-11-25 00:00:00+00:00
[2025-11-25T16:37:25.832+0000] {processor.py:183} INFO - Processing /home/airflow/.local/lib/python3.12/site-packages/airflow/example_dags/example_branch_labels.py took 0.036 seconds
[2025-11-25T16:37:56.737+0000] {processor.py:161} INFO - Started process (PID=12503) to work on /home/airflow/.local/lib/python3.12/site-packages/airflow/example_dags/example_branch_labels.py
[2025-11-25T16:37:56.738+0000] {processor.py:830} INFO - Processing file /home/airflow/.local/lib/python3.12/site-packages/airflow/example_dags/example_branch_labels.py for tasks to queue
[2025-11-25T16:37:56.738+0000] {logging_mixin.py:188} INFO - [2025-11-25T16:37:56.738+0000] {dagbag.py:545} INFO - Filling up the DagBag from /home/airflow/.local/lib/python3.12/site-packages/airflow/example_dags/example_branch_labels.py
[2025-11-25T16:37:56.743+0000] {processor.py:840} INFO - DAG(s) 'example_branch_labels' retrieved from /home/airflow/.local/lib/python3.12/site-packages/airflow/example_dags/example_branch_labels.py
[2025-11-25T16:37:56.754+0000] {logging_mixin.py:188} INFO - [2025-11-25T16:37:56.754+0000] {dag.py:3096} INFO - Sync 1 DAGs
[2025-11-25T16:37:56.763+0000] {logging_mixin.py:188} INFO - [2025-11-25T16:37:56.763+0000] {dag.py:3954} INFO - Setting next_dagrun for example_branch_labels to 2025-11-24 00:00:00+00:00, run_after=2025-11-25 00:00:00+00:00
[2025-11-25T16:37:56.773+0000] {processor.py:183} INFO - Processing /home/airflow/.local/lib/python3.12/site-packages/airflow/example_dags/example_branch_labels.py took 0.039 seconds
[2025-11-25T16:38:26.899+0000] {processor.py:161} INFO - Started process (PID=12561) to work on /home/airflow/.local/lib/python3.12/site-packages/airflow/example_dags/example_branch_labels.py
[2025-11-25T16:38:26.900+0000] {processor.py:830} INFO - Processing file /home/airflow/.local/lib/python3.12/site-packages/airflow/example_dags/example_branch_labels.py for tasks to queue
[2025-11-25T16:38:26.901+0000] {logging_mixin.py:188} INFO - [2025-11-25T16:38:26.901+0000] {dagbag.py:545} INFO - Filling up the DagBag from /home/airflow/.local/lib/python3.12/site-packages/airflow/example_dags/example_branch_labels.py
[2025-11-25T16:38:26.904+0000] {processor.py:840} INFO - DAG(s) 'example_branch_labels' retrieved from /home/airflow/.local/lib/python3.12/site-packages/airflow/example_dags/example_branch_labels.py
[2025-11-25T16:38:26.912+0000] {logging_mixin.py:188} INFO - [2025-11-25T16:38:26.912+0000] {dag.py:3096} INFO - Sync 1 DAGs
[2025-11-25T16:38:26.920+0000] {logging_mixin.py:188} INFO - [2025-11-25T16:38:26.920+0000] {dag.py:3954} INFO - Setting next_dagrun for example_branch_labels to 2025-11-24 00:00:00+00:00, run_after=2025-11-25 00:00:00+00:00
[2025-11-25T16:38:26.926+0000] {processor.py:183} INFO - Processing /home/airflow/.local/lib/python3.12/site-packages/airflow/example_dags/example_branch_labels.py took 0.029 seconds
[2025-11-25T16:38:57.902+0000] {processor.py:161} INFO - Started process (PID=12619) to work on /home/airflow/.local/lib/python3.12/site-packages/airflow/example_dags/example_branch_labels.py
[2025-11-25T16:38:57.904+0000] {processor.py:830} INFO - Processing file /home/airflow/.local/lib/python3.12/site-packages/airflow/example_dags/example_branch_labels.py for tasks to queue
[2025-11-25T16:38:57.905+0000] {logging_mixin.py:188} INFO - [2025-11-25T16:38:57.905+0000] {dagbag.py:545} INFO - Filling up the DagBag from /home/airflow/.local/lib/python3.12/site-packages/airflow/example_dags/example_branch_labels.py
[2025-11-25T16:38:57.908+0000] {processor.py:840} INFO - DAG(s) 'example_branch_labels' retrieved from /home/airflow/.local/lib/python3.12/site-packages/airflow/example_dags/example_branch_labels.py
[2025-11-25T16:38:57.917+0000] {logging_mixin.py:188} INFO - [2025-11-25T16:38:57.917+0000] {dag.py:3096} INFO - Sync 1 DAGs
[2025-11-25T16:38:57.928+0000] {logging_mixin.py:188} INFO - [2025-11-25T16:38:57.928+0000] {dag.py:3954} INFO - Setting next_dagrun for example_branch_labels to 2025-11-24 00:00:00+00:00, run_after=2025-11-25 00:00:00+00:00
[2025-11-25T16:38:57.938+0000] {processor.py:183} INFO - Processing /home/airflow/.local/lib/python3.12/site-packages/airflow/example_dags/example_branch_labels.py took 0.039 seconds
[2025-11-25T16:39:28.123+0000] {processor.py:161} INFO - Started process (PID=12677) to work on /home/airflow/.local/lib/python3.12/site-packages/airflow/example_dags/example_branch_labels.py
[2025-11-25T16:39:28.124+0000] {processor.py:830} INFO - Processing file /home/airflow/.local/lib/python3.12/site-packages/airflow/example_dags/example_branch_labels.py for tasks to queue
[2025-11-25T16:39:28.126+0000] {logging_mixin.py:188} INFO - [2025-11-25T16:39:28.125+0000] {dagbag.py:545} INFO - Filling up the DagBag from /home/airflow/.local/lib/python3.12/site-packages/airflow/example_dags/example_branch_labels.py
[2025-11-25T16:39:28.130+0000] {processor.py:840} INFO - DAG(s) 'example_branch_labels' retrieved from /home/airflow/.local/lib/python3.12/site-packages/airflow/example_dags/example_branch_labels.py
[2025-11-25T16:39:28.142+0000] {logging_mixin.py:188} INFO - [2025-11-25T16:39:28.142+0000] {dag.py:3096} INFO - Sync 1 DAGs
[2025-11-25T16:39:28.153+0000] {logging_mixin.py:188} INFO - [2025-11-25T16:39:28.153+0000] {dag.py:3954} INFO - Setting next_dagrun for example_branch_labels to 2025-11-24 00:00:00+00:00, run_after=2025-11-25 00:00:00+00:00
[2025-11-25T16:39:28.166+0000] {processor.py:183} INFO - Processing /home/airflow/.local/lib/python3.12/site-packages/airflow/example_dags/example_branch_labels.py took 0.045 seconds
[2025-11-25T16:39:59.120+0000] {processor.py:161} INFO - Started process (PID=12735) to work on /home/airflow/.local/lib/python3.12/site-packages/airflow/example_dags/example_branch_labels.py
[2025-11-25T16:39:59.121+0000] {processor.py:830} INFO - Processing file /home/airflow/.local/lib/python3.12/site-packages/airflow/example_dags/example_branch_labels.py for tasks to queue
[2025-11-25T16:39:59.122+0000] {logging_mixin.py:188} INFO - [2025-11-25T16:39:59.122+0000] {dagbag.py:545} INFO - Filling up the DagBag from /home/airflow/.local/lib/python3.12/site-packages/airflow/example_dags/example_branch_labels.py
[2025-11-25T16:39:59.126+0000] {processor.py:840} INFO - DAG(s) 'example_branch_labels' retrieved from /home/airflow/.local/lib/python3.12/site-packages/airflow/example_dags/example_branch_labels.py
[2025-11-25T16:39:59.141+0000] {logging_mixin.py:188} INFO - [2025-11-25T16:39:59.141+0000] {dag.py:3096} INFO - Sync 1 DAGs
[2025-11-25T16:39:59.152+0000] {logging_mixin.py:188} INFO - [2025-11-25T16:39:59.151+0000] {dag.py:3954} INFO - Setting next_dagrun for example_branch_labels to 2025-11-24 00:00:00+00:00, run_after=2025-11-25 00:00:00+00:00
[2025-11-25T16:39:59.167+0000] {processor.py:183} INFO - Processing /home/airflow/.local/lib/python3.12/site-packages/airflow/example_dags/example_branch_labels.py took 0.050 seconds
[2025-11-25T16:40:29.233+0000] {processor.py:161} INFO - Started process (PID=12793) to work on /home/airflow/.local/lib/python3.12/site-packages/airflow/example_dags/example_branch_labels.py
[2025-11-25T16:40:29.233+0000] {processor.py:830} INFO - Processing file /home/airflow/.local/lib/python3.12/site-packages/airflow/example_dags/example_branch_labels.py for tasks to queue
[2025-11-25T16:40:29.234+0000] {logging_mixin.py:188} INFO - [2025-11-25T16:40:29.234+0000] {dagbag.py:545} INFO - Filling up the DagBag from /home/airflow/.local/lib/python3.12/site-packages/airflow/example_dags/example_branch_labels.py
[2025-11-25T16:40:29.237+0000] {processor.py:840} INFO - DAG(s) 'example_branch_labels' retrieved from /home/airflow/.local/lib/python3.12/site-packages/airflow/example_dags/example_branch_labels.py
[2025-11-25T16:40:29.247+0000] {logging_mixin.py:188} INFO - [2025-11-25T16:40:29.247+0000] {dag.py:3096} INFO - Sync 1 DAGs
[2025-11-25T16:40:29.256+0000] {logging_mixin.py:188} INFO - [2025-11-25T16:40:29.256+0000] {dag.py:3954} INFO - Setting next_dagrun for example_branch_labels to 2025-11-24 00:00:00+00:00, run_after=2025-11-25 00:00:00+00:00
[2025-11-25T16:40:29.262+0000] {processor.py:183} INFO - Processing /home/airflow/.local/lib/python3.12/site-packages/airflow/example_dags/example_branch_labels.py took 0.032 seconds
[2025-11-25T16:40:59.913+0000] {processor.py:161} INFO - Started process (PID=12851) to work on /home/airflow/.local/lib/python3.12/site-packages/airflow/example_dags/example_branch_labels.py
[2025-11-25T16:40:59.915+0000] {processor.py:830} INFO - Processing file /home/airflow/.local/lib/python3.12/site-packages/airflow/example_dags/example_branch_labels.py for tasks to queue
[2025-11-25T16:40:59.917+0000] {logging_mixin.py:188} INFO - [2025-11-25T16:40:59.917+0000] {dagbag.py:545} INFO - Filling up the DagBag from /home/airflow/.local/lib/python3.12/site-packages/airflow/example_dags/example_branch_labels.py
[2025-11-25T16:40:59.940+0000] {processor.py:840} INFO - DAG(s) 'example_branch_labels' retrieved from /home/airflow/.local/lib/python3.12/site-packages/airflow/example_dags/example_branch_labels.py
[2025-11-25T16:40:59.955+0000] {logging_mixin.py:188} INFO - [2025-11-25T16:40:59.955+0000] {dag.py:3096} INFO - Sync 1 DAGs
[2025-11-25T16:40:59.964+0000] {logging_mixin.py:188} INFO - [2025-11-25T16:40:59.964+0000] {dag.py:3954} INFO - Setting next_dagrun for example_branch_labels to 2025-11-24 00:00:00+00:00, run_after=2025-11-25 00:00:00+00:00
[2025-11-25T16:40:59.971+0000] {processor.py:183} INFO - Processing /home/airflow/.local/lib/python3.12/site-packages/airflow/example_dags/example_branch_labels.py took 0.062 seconds
[2025-11-25T16:41:30.162+0000] {processor.py:161} INFO - Started process (PID=12909) to work on /home/airflow/.local/lib/python3.12/site-packages/airflow/example_dags/example_branch_labels.py
[2025-11-25T16:41:30.164+0000] {processor.py:830} INFO - Processing file /home/airflow/.local/lib/python3.12/site-packages/airflow/example_dags/example_branch_labels.py for tasks to queue
[2025-11-25T16:41:30.170+0000] {logging_mixin.py:188} INFO - [2025-11-25T16:41:30.170+0000] {dagbag.py:545} INFO - Filling up the DagBag from /home/airflow/.local/lib/python3.12/site-packages/airflow/example_dags/example_branch_labels.py
[2025-11-25T16:41:30.194+0000] {processor.py:840} INFO - DAG(s) 'example_branch_labels' retrieved from /home/airflow/.local/lib/python3.12/site-packages/airflow/example_dags/example_branch_labels.py
[2025-11-25T16:41:30.211+0000] {logging_mixin.py:188} INFO - [2025-11-25T16:41:30.211+0000] {dag.py:3096} INFO - Sync 1 DAGs
[2025-11-25T16:41:30.230+0000] {logging_mixin.py:188} INFO - [2025-11-25T16:41:30.229+0000] {dag.py:3954} INFO - Setting next_dagrun for example_branch_labels to 2025-11-24 00:00:00+00:00, run_after=2025-11-25 00:00:00+00:00
[2025-11-25T16:41:30.247+0000] {processor.py:183} INFO - Processing /home/airflow/.local/lib/python3.12/site-packages/airflow/example_dags/example_branch_labels.py took 0.090 seconds
[2025-11-25T16:42:00.902+0000] {processor.py:161} INFO - Started process (PID=12967) to work on /home/airflow/.local/lib/python3.12/site-packages/airflow/example_dags/example_branch_labels.py
[2025-11-25T16:42:00.903+0000] {processor.py:830} INFO - Processing file /home/airflow/.local/lib/python3.12/site-packages/airflow/example_dags/example_branch_labels.py for tasks to queue
[2025-11-25T16:42:00.906+0000] {logging_mixin.py:188} INFO - [2025-11-25T16:42:00.905+0000] {dagbag.py:545} INFO - Filling up the DagBag from /home/airflow/.local/lib/python3.12/site-packages/airflow/example_dags/example_branch_labels.py
[2025-11-25T16:42:00.909+0000] {processor.py:840} INFO - DAG(s) 'example_branch_labels' retrieved from /home/airflow/.local/lib/python3.12/site-packages/airflow/example_dags/example_branch_labels.py
[2025-11-25T16:42:00.919+0000] {logging_mixin.py:188} INFO - [2025-11-25T16:42:00.919+0000] {dag.py:3096} INFO - Sync 1 DAGs
[2025-11-25T16:42:00.931+0000] {logging_mixin.py:188} INFO - [2025-11-25T16:42:00.931+0000] {dag.py:3954} INFO - Setting next_dagrun for example_branch_labels to 2025-11-24 00:00:00+00:00, run_after=2025-11-25 00:00:00+00:00
[2025-11-25T16:42:00.939+0000] {processor.py:183} INFO - Processing /home/airflow/.local/lib/python3.12/site-packages/airflow/example_dags/example_branch_labels.py took 0.040 seconds
[2025-11-25T16:42:31.293+0000] {processor.py:161} INFO - Started process (PID=13025) to work on /home/airflow/.local/lib/python3.12/site-packages/airflow/example_dags/example_branch_labels.py
[2025-11-25T16:42:31.295+0000] {processor.py:830} INFO - Processing file /home/airflow/.local/lib/python3.12/site-packages/airflow/example_dags/example_branch_labels.py for tasks to queue
[2025-11-25T16:42:31.296+0000] {logging_mixin.py:188} INFO - [2025-11-25T16:42:31.296+0000] {dagbag.py:545} INFO - Filling up the DagBag from /home/airflow/.local/lib/python3.12/site-packages/airflow/example_dags/example_branch_labels.py
[2025-11-25T16:42:31.299+0000] {processor.py:840} INFO - DAG(s) 'example_branch_labels' retrieved from /home/airflow/.local/lib/python3.12/site-packages/airflow/example_dags/example_branch_labels.py
[2025-11-25T16:42:31.310+0000] {logging_mixin.py:188} INFO - [2025-11-25T16:42:31.309+0000] {dag.py:3096} INFO - Sync 1 DAGs
[2025-11-25T16:42:31.319+0000] {logging_mixin.py:188} INFO - [2025-11-25T16:42:31.319+0000] {dag.py:3954} INFO - Setting next_dagrun for example_branch_labels to 2025-11-24 00:00:00+00:00, run_after=2025-11-25 00:00:00+00:00
[2025-11-25T16:42:31.326+0000] {processor.py:183} INFO - Processing /home/airflow/.local/lib/python3.12/site-packages/airflow/example_dags/example_branch_labels.py took 0.035 seconds
[2025-11-25T16:43:02.031+0000] {processor.py:161} INFO - Started process (PID=13083) to work on /home/airflow/.local/lib/python3.12/site-packages/airflow/example_dags/example_branch_labels.py
[2025-11-25T16:43:02.032+0000] {processor.py:830} INFO - Processing file /home/airflow/.local/lib/python3.12/site-packages/airflow/example_dags/example_branch_labels.py for tasks to queue
[2025-11-25T16:43:02.033+0000] {logging_mixin.py:188} INFO - [2025-11-25T16:43:02.033+0000] {dagbag.py:545} INFO - Filling up the DagBag from /home/airflow/.local/lib/python3.12/site-packages/airflow/example_dags/example_branch_labels.py
[2025-11-25T16:43:02.037+0000] {processor.py:840} INFO - DAG(s) 'example_branch_labels' retrieved from /home/airflow/.local/lib/python3.12/site-packages/airflow/example_dags/example_branch_labels.py
[2025-11-25T16:43:02.047+0000] {logging_mixin.py:188} INFO - [2025-11-25T16:43:02.046+0000] {dag.py:3096} INFO - Sync 1 DAGs
[2025-11-25T16:43:02.058+0000] {logging_mixin.py:188} INFO - [2025-11-25T16:43:02.058+0000] {dag.py:3954} INFO - Setting next_dagrun for example_branch_labels to 2025-11-24 00:00:00+00:00, run_after=2025-11-25 00:00:00+00:00
[2025-11-25T16:43:02.069+0000] {processor.py:183} INFO - Processing /home/airflow/.local/lib/python3.12/site-packages/airflow/example_dags/example_branch_labels.py took 0.041 seconds
[2025-11-25T16:43:32.901+0000] {processor.py:161} INFO - Started process (PID=13141) to work on /home/airflow/.local/lib/python3.12/site-packages/airflow/example_dags/example_branch_labels.py
[2025-11-25T16:43:32.902+0000] {processor.py:830} INFO - Processing file /home/airflow/.local/lib/python3.12/site-packages/airflow/example_dags/example_branch_labels.py for tasks to queue
[2025-11-25T16:43:32.903+0000] {logging_mixin.py:188} INFO - [2025-11-25T16:43:32.902+0000] {dagbag.py:545} INFO - Filling up the DagBag from /home/airflow/.local/lib/python3.12/site-packages/airflow/example_dags/example_branch_labels.py
[2025-11-25T16:43:32.906+0000] {processor.py:840} INFO - DAG(s) 'example_branch_labels' retrieved from /home/airflow/.local/lib/python3.12/site-packages/airflow/example_dags/example_branch_labels.py
[2025-11-25T16:43:32.919+0000] {logging_mixin.py:188} INFO - [2025-11-25T16:43:32.919+0000] {dag.py:3096} INFO - Sync 1 DAGs
[2025-11-25T16:43:32.931+0000] {logging_mixin.py:188} INFO - [2025-11-25T16:43:32.931+0000] {dag.py:3954} INFO - Setting next_dagrun for example_branch_labels to 2025-11-24 00:00:00+00:00, run_after=2025-11-25 00:00:00+00:00
[2025-11-25T16:43:32.942+0000] {processor.py:183} INFO - Processing /home/airflow/.local/lib/python3.12/site-packages/airflow/example_dags/example_branch_labels.py took 0.043 seconds
[2025-11-25T16:44:03.812+0000] {processor.py:161} INFO - Started process (PID=13199) to work on /home/airflow/.local/lib/python3.12/site-packages/airflow/example_dags/example_branch_labels.py
[2025-11-25T16:44:03.813+0000] {processor.py:830} INFO - Processing file /home/airflow/.local/lib/python3.12/site-packages/airflow/example_dags/example_branch_labels.py for tasks to queue
[2025-11-25T16:44:03.814+0000] {logging_mixin.py:188} INFO - [2025-11-25T16:44:03.814+0000] {dagbag.py:545} INFO - Filling up the DagBag from /home/airflow/.local/lib/python3.12/site-packages/airflow/example_dags/example_branch_labels.py
[2025-11-25T16:44:03.817+0000] {processor.py:840} INFO - DAG(s) 'example_branch_labels' retrieved from /home/airflow/.local/lib/python3.12/site-packages/airflow/example_dags/example_branch_labels.py
[2025-11-25T16:44:03.825+0000] {logging_mixin.py:188} INFO - [2025-11-25T16:44:03.824+0000] {dag.py:3096} INFO - Sync 1 DAGs
[2025-11-25T16:44:03.834+0000] {logging_mixin.py:188} INFO - [2025-11-25T16:44:03.834+0000] {dag.py:3954} INFO - Setting next_dagrun for example_branch_labels to 2025-11-24 00:00:00+00:00, run_after=2025-11-25 00:00:00+00:00
[2025-11-25T16:44:03.840+0000] {processor.py:183} INFO - Processing /home/airflow/.local/lib/python3.12/site-packages/airflow/example_dags/example_branch_labels.py took 0.030 seconds
[2025-11-25T16:44:34.683+0000] {processor.py:161} INFO - Started process (PID=13257) to work on /home/airflow/.local/lib/python3.12/site-packages/airflow/example_dags/example_branch_labels.py
[2025-11-25T16:44:34.684+0000] {processor.py:830} INFO - Processing file /home/airflow/.local/lib/python3.12/site-packages/airflow/example_dags/example_branch_labels.py for tasks to queue
[2025-11-25T16:44:34.684+0000] {logging_mixin.py:188} INFO - [2025-11-25T16:44:34.684+0000] {dagbag.py:545} INFO - Filling up the DagBag from /home/airflow/.local/lib/python3.12/site-packages/airflow/example_dags/example_branch_labels.py
[2025-11-25T16:44:34.687+0000] {processor.py:840} INFO - DAG(s) 'example_branch_labels' retrieved from /home/airflow/.local/lib/python3.12/site-packages/airflow/example_dags/example_branch_labels.py
[2025-11-25T16:44:34.697+0000] {logging_mixin.py:188} INFO - [2025-11-25T16:44:34.697+0000] {dag.py:3096} INFO - Sync 1 DAGs
[2025-11-25T16:44:34.705+0000] {logging_mixin.py:188} INFO - [2025-11-25T16:44:34.705+0000] {dag.py:3954} INFO - Setting next_dagrun for example_branch_labels to 2025-11-24 00:00:00+00:00, run_after=2025-11-25 00:00:00+00:00
[2025-11-25T16:44:34.714+0000] {processor.py:183} INFO - Processing /home/airflow/.local/lib/python3.12/site-packages/airflow/example_dags/example_branch_labels.py took 0.033 seconds
[2025-11-25T16:45:05.777+0000] {processor.py:161} INFO - Started process (PID=13315) to work on /home/airflow/.local/lib/python3.12/site-packages/airflow/example_dags/example_branch_labels.py
[2025-11-25T16:45:05.779+0000] {processor.py:830} INFO - Processing file /home/airflow/.local/lib/python3.12/site-packages/airflow/example_dags/example_branch_labels.py for tasks to queue
[2025-11-25T16:45:05.779+0000] {logging_mixin.py:188} INFO - [2025-11-25T16:45:05.779+0000] {dagbag.py:545} INFO - Filling up the DagBag from /home/airflow/.local/lib/python3.12/site-packages/airflow/example_dags/example_branch_labels.py
[2025-11-25T16:45:05.783+0000] {processor.py:840} INFO - DAG(s) 'example_branch_labels' retrieved from /home/airflow/.local/lib/python3.12/site-packages/airflow/example_dags/example_branch_labels.py
[2025-11-25T16:45:05.792+0000] {logging_mixin.py:188} INFO - [2025-11-25T16:45:05.792+0000] {dag.py:3096} INFO - Sync 1 DAGs
[2025-11-25T16:45:05.808+0000] {logging_mixin.py:188} INFO - [2025-11-25T16:45:05.808+0000] {dag.py:3954} INFO - Setting next_dagrun for example_branch_labels to 2025-11-24 00:00:00+00:00, run_after=2025-11-25 00:00:00+00:00
[2025-11-25T16:45:05.817+0000] {processor.py:183} INFO - Processing /home/airflow/.local/lib/python3.12/site-packages/airflow/example_dags/example_branch_labels.py took 0.044 seconds
[2025-11-25T16:45:36.635+0000] {processor.py:161} INFO - Started process (PID=13372) to work on /home/airflow/.local/lib/python3.12/site-packages/airflow/example_dags/example_branch_labels.py
[2025-11-25T16:45:36.635+0000] {processor.py:830} INFO - Processing file /home/airflow/.local/lib/python3.12/site-packages/airflow/example_dags/example_branch_labels.py for tasks to queue
[2025-11-25T16:45:36.636+0000] {logging_mixin.py:188} INFO - [2025-11-25T16:45:36.636+0000] {dagbag.py:545} INFO - Filling up the DagBag from /home/airflow/.local/lib/python3.12/site-packages/airflow/example_dags/example_branch_labels.py
[2025-11-25T16:45:36.639+0000] {processor.py:840} INFO - DAG(s) 'example_branch_labels' retrieved from /home/airflow/.local/lib/python3.12/site-packages/airflow/example_dags/example_branch_labels.py
[2025-11-25T16:45:36.646+0000] {logging_mixin.py:188} INFO - [2025-11-25T16:45:36.646+0000] {dag.py:3096} INFO - Sync 1 DAGs
[2025-11-25T16:45:36.654+0000] {logging_mixin.py:188} INFO - [2025-11-25T16:45:36.654+0000] {dag.py:3954} INFO - Setting next_dagrun for example_branch_labels to 2025-11-24 00:00:00+00:00, run_after=2025-11-25 00:00:00+00:00
[2025-11-25T16:45:36.661+0000] {processor.py:183} INFO - Processing /home/airflow/.local/lib/python3.12/site-packages/airflow/example_dags/example_branch_labels.py took 0.029 seconds
[2025-11-25T16:46:07.632+0000] {processor.py:161} INFO - Started process (PID=13430) to work on /home/airflow/.local/lib/python3.12/site-packages/airflow/example_dags/example_branch_labels.py
[2025-11-25T16:46:07.635+0000] {processor.py:830} INFO - Processing file /home/airflow/.local/lib/python3.12/site-packages/airflow/example_dags/example_branch_labels.py for tasks to queue
[2025-11-25T16:46:07.636+0000] {logging_mixin.py:188} INFO - [2025-11-25T16:46:07.636+0000] {dagbag.py:545} INFO - Filling up the DagBag from /home/airflow/.local/lib/python3.12/site-packages/airflow/example_dags/example_branch_labels.py
[2025-11-25T16:46:07.639+0000] {processor.py:840} INFO - DAG(s) 'example_branch_labels' retrieved from /home/airflow/.local/lib/python3.12/site-packages/airflow/example_dags/example_branch_labels.py
[2025-11-25T16:46:07.653+0000] {logging_mixin.py:188} INFO - [2025-11-25T16:46:07.653+0000] {dag.py:3096} INFO - Sync 1 DAGs
[2025-11-25T16:46:07.663+0000] {logging_mixin.py:188} INFO - [2025-11-25T16:46:07.663+0000] {dag.py:3954} INFO - Setting next_dagrun for example_branch_labels to 2025-11-24 00:00:00+00:00, run_after=2025-11-25 00:00:00+00:00
[2025-11-25T16:46:07.676+0000] {processor.py:183} INFO - Processing /home/airflow/.local/lib/python3.12/site-packages/airflow/example_dags/example_branch_labels.py took 0.045 seconds
[2025-11-25T16:46:39.245+0000] {processor.py:161} INFO - Started process (PID=13488) to work on /home/airflow/.local/lib/python3.12/site-packages/airflow/example_dags/example_branch_labels.py
[2025-11-25T16:46:39.246+0000] {processor.py:830} INFO - Processing file /home/airflow/.local/lib/python3.12/site-packages/airflow/example_dags/example_branch_labels.py for tasks to queue
[2025-11-25T16:46:39.249+0000] {logging_mixin.py:188} INFO - [2025-11-25T16:46:39.248+0000] {dagbag.py:545} INFO - Filling up the DagBag from /home/airflow/.local/lib/python3.12/site-packages/airflow/example_dags/example_branch_labels.py
[2025-11-25T16:46:39.259+0000] {processor.py:840} INFO - DAG(s) 'example_branch_labels' retrieved from /home/airflow/.local/lib/python3.12/site-packages/airflow/example_dags/example_branch_labels.py
[2025-11-25T16:46:39.304+0000] {logging_mixin.py:188} INFO - [2025-11-25T16:46:39.304+0000] {dag.py:3096} INFO - Sync 1 DAGs
[2025-11-25T16:46:39.325+0000] {logging_mixin.py:188} INFO - [2025-11-25T16:46:39.325+0000] {dag.py:3954} INFO - Setting next_dagrun for example_branch_labels to 2025-11-24 00:00:00+00:00, run_after=2025-11-25 00:00:00+00:00
[2025-11-25T16:46:39.344+0000] {processor.py:183} INFO - Processing /home/airflow/.local/lib/python3.12/site-packages/airflow/example_dags/example_branch_labels.py took 0.105 seconds
[2025-11-25T16:47:09.906+0000] {processor.py:161} INFO - Started process (PID=13546) to work on /home/airflow/.local/lib/python3.12/site-packages/airflow/example_dags/example_branch_labels.py
[2025-11-25T16:47:09.906+0000] {processor.py:830} INFO - Processing file /home/airflow/.local/lib/python3.12/site-packages/airflow/example_dags/example_branch_labels.py for tasks to queue
[2025-11-25T16:47:09.907+0000] {logging_mixin.py:188} INFO - [2025-11-25T16:47:09.907+0000] {dagbag.py:545} INFO - Filling up the DagBag from /home/airflow/.local/lib/python3.12/site-packages/airflow/example_dags/example_branch_labels.py
[2025-11-25T16:47:09.910+0000] {processor.py:840} INFO - DAG(s) 'example_branch_labels' retrieved from /home/airflow/.local/lib/python3.12/site-packages/airflow/example_dags/example_branch_labels.py
[2025-11-25T16:47:09.920+0000] {logging_mixin.py:188} INFO - [2025-11-25T16:47:09.920+0000] {dag.py:3096} INFO - Sync 1 DAGs
[2025-11-25T16:47:09.932+0000] {logging_mixin.py:188} INFO - [2025-11-25T16:47:09.932+0000] {dag.py:3954} INFO - Setting next_dagrun for example_branch_labels to 2025-11-24 00:00:00+00:00, run_after=2025-11-25 00:00:00+00:00
[2025-11-25T16:47:09.941+0000] {processor.py:183} INFO - Processing /home/airflow/.local/lib/python3.12/site-packages/airflow/example_dags/example_branch_labels.py took 0.038 seconds
[2025-11-25T16:47:40.825+0000] {processor.py:161} INFO - Started process (PID=13604) to work on /home/airflow/.local/lib/python3.12/site-packages/airflow/example_dags/example_branch_labels.py
[2025-11-25T16:47:40.826+0000] {processor.py:830} INFO - Processing file /home/airflow/.local/lib/python3.12/site-packages/airflow/example_dags/example_branch_labels.py for tasks to queue
[2025-11-25T16:47:40.828+0000] {logging_mixin.py:188} INFO - [2025-11-25T16:47:40.828+0000] {dagbag.py:545} INFO - Filling up the DagBag from /home/airflow/.local/lib/python3.12/site-packages/airflow/example_dags/example_branch_labels.py
[2025-11-25T16:47:40.832+0000] {processor.py:840} INFO - DAG(s) 'example_branch_labels' retrieved from /home/airflow/.local/lib/python3.12/site-packages/airflow/example_dags/example_branch_labels.py
[2025-11-25T16:47:40.845+0000] {logging_mixin.py:188} INFO - [2025-11-25T16:47:40.845+0000] {dag.py:3096} INFO - Sync 1 DAGs
[2025-11-25T16:47:40.854+0000] {logging_mixin.py:188} INFO - [2025-11-25T16:47:40.854+0000] {dag.py:3954} INFO - Setting next_dagrun for example_branch_labels to 2025-11-24 00:00:00+00:00, run_after=2025-11-25 00:00:00+00:00
[2025-11-25T16:47:40.860+0000] {processor.py:183} INFO - Processing /home/airflow/.local/lib/python3.12/site-packages/airflow/example_dags/example_branch_labels.py took 0.038 seconds
[2025-11-25T16:48:11.567+0000] {processor.py:161} INFO - Started process (PID=13662) to work on /home/airflow/.local/lib/python3.12/site-packages/airflow/example_dags/example_branch_labels.py
[2025-11-25T16:48:11.567+0000] {processor.py:830} INFO - Processing file /home/airflow/.local/lib/python3.12/site-packages/airflow/example_dags/example_branch_labels.py for tasks to queue
[2025-11-25T16:48:11.568+0000] {logging_mixin.py:188} INFO - [2025-11-25T16:48:11.568+0000] {dagbag.py:545} INFO - Filling up the DagBag from /home/airflow/.local/lib/python3.12/site-packages/airflow/example_dags/example_branch_labels.py
[2025-11-25T16:48:11.570+0000] {processor.py:840} INFO - DAG(s) 'example_branch_labels' retrieved from /home/airflow/.local/lib/python3.12/site-packages/airflow/example_dags/example_branch_labels.py
[2025-11-25T16:48:11.578+0000] {logging_mixin.py:188} INFO - [2025-11-25T16:48:11.578+0000] {dag.py:3096} INFO - Sync 1 DAGs
[2025-11-25T16:48:11.586+0000] {logging_mixin.py:188} INFO - [2025-11-25T16:48:11.586+0000] {dag.py:3954} INFO - Setting next_dagrun for example_branch_labels to 2025-11-24 00:00:00+00:00, run_after=2025-11-25 00:00:00+00:00
[2025-11-25T16:48:11.591+0000] {processor.py:183} INFO - Processing /home/airflow/.local/lib/python3.12/site-packages/airflow/example_dags/example_branch_labels.py took 0.027 seconds
[2025-11-25T16:48:42.823+0000] {processor.py:161} INFO - Started process (PID=13720) to work on /home/airflow/.local/lib/python3.12/site-packages/airflow/example_dags/example_branch_labels.py
[2025-11-25T16:48:42.826+0000] {processor.py:830} INFO - Processing file /home/airflow/.local/lib/python3.12/site-packages/airflow/example_dags/example_branch_labels.py for tasks to queue
[2025-11-25T16:48:42.827+0000] {logging_mixin.py:188} INFO - [2025-11-25T16:48:42.827+0000] {dagbag.py:545} INFO - Filling up the DagBag from /home/airflow/.local/lib/python3.12/site-packages/airflow/example_dags/example_branch_labels.py
[2025-11-25T16:48:42.831+0000] {processor.py:840} INFO - DAG(s) 'example_branch_labels' retrieved from /home/airflow/.local/lib/python3.12/site-packages/airflow/example_dags/example_branch_labels.py
[2025-11-25T16:48:42.856+0000] {logging_mixin.py:188} INFO - [2025-11-25T16:48:42.855+0000] {dag.py:3096} INFO - Sync 1 DAGs
[2025-11-25T16:48:42.871+0000] {logging_mixin.py:188} INFO - [2025-11-25T16:48:42.871+0000] {dag.py:3954} INFO - Setting next_dagrun for example_branch_labels to 2025-11-24 00:00:00+00:00, run_after=2025-11-25 00:00:00+00:00
[2025-11-25T16:48:42.879+0000] {processor.py:183} INFO - Processing /home/airflow/.local/lib/python3.12/site-packages/airflow/example_dags/example_branch_labels.py took 0.060 seconds
[2025-11-25T16:49:13.601+0000] {processor.py:161} INFO - Started process (PID=13777) to work on /home/airflow/.local/lib/python3.12/site-packages/airflow/example_dags/example_branch_labels.py
[2025-11-25T16:49:13.601+0000] {processor.py:830} INFO - Processing file /home/airflow/.local/lib/python3.12/site-packages/airflow/example_dags/example_branch_labels.py for tasks to queue
[2025-11-25T16:49:13.602+0000] {logging_mixin.py:188} INFO - [2025-11-25T16:49:13.602+0000] {dagbag.py:545} INFO - Filling up the DagBag from /home/airflow/.local/lib/python3.12/site-packages/airflow/example_dags/example_branch_labels.py
[2025-11-25T16:49:13.605+0000] {processor.py:840} INFO - DAG(s) 'example_branch_labels' retrieved from /home/airflow/.local/lib/python3.12/site-packages/airflow/example_dags/example_branch_labels.py
[2025-11-25T16:49:13.614+0000] {logging_mixin.py:188} INFO - [2025-11-25T16:49:13.614+0000] {dag.py:3096} INFO - Sync 1 DAGs
[2025-11-25T16:49:13.625+0000] {logging_mixin.py:188} INFO - [2025-11-25T16:49:13.625+0000] {dag.py:3954} INFO - Setting next_dagrun for example_branch_labels to 2025-11-24 00:00:00+00:00, run_after=2025-11-25 00:00:00+00:00
[2025-11-25T16:49:13.632+0000] {processor.py:183} INFO - Processing /home/airflow/.local/lib/python3.12/site-packages/airflow/example_dags/example_branch_labels.py took 0.034 seconds
[2025-11-25T16:49:43.810+0000] {processor.py:161} INFO - Started process (PID=13834) to work on /home/airflow/.local/lib/python3.12/site-packages/airflow/example_dags/example_branch_labels.py
[2025-11-25T16:49:43.810+0000] {processor.py:830} INFO - Processing file /home/airflow/.local/lib/python3.12/site-packages/airflow/example_dags/example_branch_labels.py for tasks to queue
[2025-11-25T16:49:43.811+0000] {logging_mixin.py:188} INFO - [2025-11-25T16:49:43.811+0000] {dagbag.py:545} INFO - Filling up the DagBag from /home/airflow/.local/lib/python3.12/site-packages/airflow/example_dags/example_branch_labels.py
[2025-11-25T16:49:43.814+0000] {processor.py:840} INFO - DAG(s) 'example_branch_labels' retrieved from /home/airflow/.local/lib/python3.12/site-packages/airflow/example_dags/example_branch_labels.py
[2025-11-25T16:49:43.823+0000] {logging_mixin.py:188} INFO - [2025-11-25T16:49:43.823+0000] {dag.py:3096} INFO - Sync 1 DAGs
[2025-11-25T16:49:43.832+0000] {logging_mixin.py:188} INFO - [2025-11-25T16:49:43.832+0000] {dag.py:3954} INFO - Setting next_dagrun for example_branch_labels to 2025-11-24 00:00:00+00:00, run_after=2025-11-25 00:00:00+00:00
[2025-11-25T16:49:43.839+0000] {processor.py:183} INFO - Processing /home/airflow/.local/lib/python3.12/site-packages/airflow/example_dags/example_branch_labels.py took 0.032 seconds
[2025-11-25T16:50:14.415+0000] {processor.py:161} INFO - Started process (PID=13892) to work on /home/airflow/.local/lib/python3.12/site-packages/airflow/example_dags/example_branch_labels.py
[2025-11-25T16:50:14.415+0000] {processor.py:830} INFO - Processing file /home/airflow/.local/lib/python3.12/site-packages/airflow/example_dags/example_branch_labels.py for tasks to queue
[2025-11-25T16:50:14.416+0000] {logging_mixin.py:188} INFO - [2025-11-25T16:50:14.416+0000] {dagbag.py:545} INFO - Filling up the DagBag from /home/airflow/.local/lib/python3.12/site-packages/airflow/example_dags/example_branch_labels.py
[2025-11-25T16:50:14.420+0000] {processor.py:840} INFO - DAG(s) 'example_branch_labels' retrieved from /home/airflow/.local/lib/python3.12/site-packages/airflow/example_dags/example_branch_labels.py
[2025-11-25T16:50:14.431+0000] {logging_mixin.py:188} INFO - [2025-11-25T16:50:14.430+0000] {dag.py:3096} INFO - Sync 1 DAGs
[2025-11-25T16:50:14.441+0000] {logging_mixin.py:188} INFO - [2025-11-25T16:50:14.441+0000] {dag.py:3954} INFO - Setting next_dagrun for example_branch_labels to 2025-11-24 00:00:00+00:00, run_after=2025-11-25 00:00:00+00:00
[2025-11-25T16:50:14.454+0000] {processor.py:183} INFO - Processing /home/airflow/.local/lib/python3.12/site-packages/airflow/example_dags/example_branch_labels.py took 0.042 seconds
[2025-11-25T16:50:45.378+0000] {processor.py:161} INFO - Started process (PID=13950) to work on /home/airflow/.local/lib/python3.12/site-packages/airflow/example_dags/example_branch_labels.py
[2025-11-25T16:50:45.379+0000] {processor.py:830} INFO - Processing file /home/airflow/.local/lib/python3.12/site-packages/airflow/example_dags/example_branch_labels.py for tasks to queue
[2025-11-25T16:50:45.380+0000] {logging_mixin.py:188} INFO - [2025-11-25T16:50:45.379+0000] {dagbag.py:545} INFO - Filling up the DagBag from /home/airflow/.local/lib/python3.12/site-packages/airflow/example_dags/example_branch_labels.py
[2025-11-25T16:50:45.382+0000] {processor.py:840} INFO - DAG(s) 'example_branch_labels' retrieved from /home/airflow/.local/lib/python3.12/site-packages/airflow/example_dags/example_branch_labels.py
[2025-11-25T16:50:45.391+0000] {logging_mixin.py:188} INFO - [2025-11-25T16:50:45.391+0000] {dag.py:3096} INFO - Sync 1 DAGs
[2025-11-25T16:50:45.399+0000] {logging_mixin.py:188} INFO - [2025-11-25T16:50:45.399+0000] {dag.py:3954} INFO - Setting next_dagrun for example_branch_labels to 2025-11-24 00:00:00+00:00, run_after=2025-11-25 00:00:00+00:00
[2025-11-25T16:50:45.405+0000] {processor.py:183} INFO - Processing /home/airflow/.local/lib/python3.12/site-packages/airflow/example_dags/example_branch_labels.py took 0.029 seconds
[2025-11-25T16:51:15.569+0000] {processor.py:161} INFO - Started process (PID=14008) to work on /home/airflow/.local/lib/python3.12/site-packages/airflow/example_dags/example_branch_labels.py
[2025-11-25T16:51:15.570+0000] {processor.py:830} INFO - Processing file /home/airflow/.local/lib/python3.12/site-packages/airflow/example_dags/example_branch_labels.py for tasks to queue
[2025-11-25T16:51:15.571+0000] {logging_mixin.py:188} INFO - [2025-11-25T16:51:15.571+0000] {dagbag.py:545} INFO - Filling up the DagBag from /home/airflow/.local/lib/python3.12/site-packages/airflow/example_dags/example_branch_labels.py
[2025-11-25T16:51:15.576+0000] {processor.py:840} INFO - DAG(s) 'example_branch_labels' retrieved from /home/airflow/.local/lib/python3.12/site-packages/airflow/example_dags/example_branch_labels.py
[2025-11-25T16:51:15.585+0000] {logging_mixin.py:188} INFO - [2025-11-25T16:51:15.585+0000] {dag.py:3096} INFO - Sync 1 DAGs
[2025-11-25T16:51:15.595+0000] {logging_mixin.py:188} INFO - [2025-11-25T16:51:15.595+0000] {dag.py:3954} INFO - Setting next_dagrun for example_branch_labels to 2025-11-24 00:00:00+00:00, run_after=2025-11-25 00:00:00+00:00
[2025-11-25T16:51:15.607+0000] {processor.py:183} INFO - Processing /home/airflow/.local/lib/python3.12/site-packages/airflow/example_dags/example_branch_labels.py took 0.040 seconds
[2025-11-25T16:51:45.677+0000] {processor.py:161} INFO - Started process (PID=14066) to work on /home/airflow/.local/lib/python3.12/site-packages/airflow/example_dags/example_branch_labels.py
[2025-11-25T16:51:45.680+0000] {processor.py:830} INFO - Processing file /home/airflow/.local/lib/python3.12/site-packages/airflow/example_dags/example_branch_labels.py for tasks to queue
[2025-11-25T16:51:45.682+0000] {logging_mixin.py:188} INFO - [2025-11-25T16:51:45.681+0000] {dagbag.py:545} INFO - Filling up the DagBag from /home/airflow/.local/lib/python3.12/site-packages/airflow/example_dags/example_branch_labels.py
[2025-11-25T16:51:45.685+0000] {processor.py:840} INFO - DAG(s) 'example_branch_labels' retrieved from /home/airflow/.local/lib/python3.12/site-packages/airflow/example_dags/example_branch_labels.py
[2025-11-25T16:51:45.697+0000] {logging_mixin.py:188} INFO - [2025-11-25T16:51:45.697+0000] {dag.py:3096} INFO - Sync 1 DAGs
[2025-11-25T16:51:45.707+0000] {logging_mixin.py:188} INFO - [2025-11-25T16:51:45.707+0000] {dag.py:3954} INFO - Setting next_dagrun for example_branch_labels to 2025-11-24 00:00:00+00:00, run_after=2025-11-25 00:00:00+00:00
[2025-11-25T16:51:45.712+0000] {processor.py:183} INFO - Processing /home/airflow/.local/lib/python3.12/site-packages/airflow/example_dags/example_branch_labels.py took 0.038 seconds
[2025-11-25T16:52:16.689+0000] {processor.py:161} INFO - Started process (PID=14124) to work on /home/airflow/.local/lib/python3.12/site-packages/airflow/example_dags/example_branch_labels.py
[2025-11-25T16:52:16.689+0000] {processor.py:830} INFO - Processing file /home/airflow/.local/lib/python3.12/site-packages/airflow/example_dags/example_branch_labels.py for tasks to queue
[2025-11-25T16:52:16.690+0000] {logging_mixin.py:188} INFO - [2025-11-25T16:52:16.690+0000] {dagbag.py:545} INFO - Filling up the DagBag from /home/airflow/.local/lib/python3.12/site-packages/airflow/example_dags/example_branch_labels.py
[2025-11-25T16:52:16.694+0000] {processor.py:840} INFO - DAG(s) 'example_branch_labels' retrieved from /home/airflow/.local/lib/python3.12/site-packages/airflow/example_dags/example_branch_labels.py
[2025-11-25T16:52:16.706+0000] {logging_mixin.py:188} INFO - [2025-11-25T16:52:16.705+0000] {dag.py:3096} INFO - Sync 1 DAGs
[2025-11-25T16:52:16.715+0000] {logging_mixin.py:188} INFO - [2025-11-25T16:52:16.714+0000] {dag.py:3954} INFO - Setting next_dagrun for example_branch_labels to 2025-11-24 00:00:00+00:00, run_after=2025-11-25 00:00:00+00:00
[2025-11-25T16:52:16.721+0000] {processor.py:183} INFO - Processing /home/airflow/.local/lib/python3.12/site-packages/airflow/example_dags/example_branch_labels.py took 0.035 seconds
[2025-11-25T16:52:47.786+0000] {processor.py:161} INFO - Started process (PID=14182) to work on /home/airflow/.local/lib/python3.12/site-packages/airflow/example_dags/example_branch_labels.py
[2025-11-25T16:52:47.789+0000] {processor.py:830} INFO - Processing file /home/airflow/.local/lib/python3.12/site-packages/airflow/example_dags/example_branch_labels.py for tasks to queue
[2025-11-25T16:52:47.790+0000] {logging_mixin.py:188} INFO - [2025-11-25T16:52:47.790+0000] {dagbag.py:545} INFO - Filling up the DagBag from /home/airflow/.local/lib/python3.12/site-packages/airflow/example_dags/example_branch_labels.py
[2025-11-25T16:52:47.794+0000] {processor.py:840} INFO - DAG(s) 'example_branch_labels' retrieved from /home/airflow/.local/lib/python3.12/site-packages/airflow/example_dags/example_branch_labels.py
[2025-11-25T16:52:47.804+0000] {logging_mixin.py:188} INFO - [2025-11-25T16:52:47.804+0000] {dag.py:3096} INFO - Sync 1 DAGs
[2025-11-25T16:52:47.815+0000] {logging_mixin.py:188} INFO - [2025-11-25T16:52:47.815+0000] {dag.py:3954} INFO - Setting next_dagrun for example_branch_labels to 2025-11-24 00:00:00+00:00, run_after=2025-11-25 00:00:00+00:00
[2025-11-25T16:52:47.821+0000] {processor.py:183} INFO - Processing /home/airflow/.local/lib/python3.12/site-packages/airflow/example_dags/example_branch_labels.py took 0.038 seconds
[2025-11-25T16:53:18.977+0000] {processor.py:161} INFO - Started process (PID=14240) to work on /home/airflow/.local/lib/python3.12/site-packages/airflow/example_dags/example_branch_labels.py
[2025-11-25T16:53:18.978+0000] {processor.py:830} INFO - Processing file /home/airflow/.local/lib/python3.12/site-packages/airflow/example_dags/example_branch_labels.py for tasks to queue
[2025-11-25T16:53:18.979+0000] {logging_mixin.py:188} INFO - [2025-11-25T16:53:18.979+0000] {dagbag.py:545} INFO - Filling up the DagBag from /home/airflow/.local/lib/python3.12/site-packages/airflow/example_dags/example_branch_labels.py
[2025-11-25T16:53:18.983+0000] {processor.py:840} INFO - DAG(s) 'example_branch_labels' retrieved from /home/airflow/.local/lib/python3.12/site-packages/airflow/example_dags/example_branch_labels.py
[2025-11-25T16:53:18.994+0000] {logging_mixin.py:188} INFO - [2025-11-25T16:53:18.994+0000] {dag.py:3096} INFO - Sync 1 DAGs
[2025-11-25T16:53:19.004+0000] {logging_mixin.py:188} INFO - [2025-11-25T16:53:19.004+0000] {dag.py:3954} INFO - Setting next_dagrun for example_branch_labels to 2025-11-24 00:00:00+00:00, run_after=2025-11-25 00:00:00+00:00
[2025-11-25T16:53:19.015+0000] {processor.py:183} INFO - Processing /home/airflow/.local/lib/python3.12/site-packages/airflow/example_dags/example_branch_labels.py took 0.041 seconds
[2025-11-25T16:53:49.199+0000] {processor.py:161} INFO - Started process (PID=14304) to work on /home/airflow/.local/lib/python3.12/site-packages/airflow/example_dags/example_branch_labels.py
[2025-11-25T16:53:49.199+0000] {processor.py:830} INFO - Processing file /home/airflow/.local/lib/python3.12/site-packages/airflow/example_dags/example_branch_labels.py for tasks to queue
[2025-11-25T16:53:49.200+0000] {logging_mixin.py:188} INFO - [2025-11-25T16:53:49.200+0000] {dagbag.py:545} INFO - Filling up the DagBag from /home/airflow/.local/lib/python3.12/site-packages/airflow/example_dags/example_branch_labels.py
[2025-11-25T16:53:49.203+0000] {processor.py:840} INFO - DAG(s) 'example_branch_labels' retrieved from /home/airflow/.local/lib/python3.12/site-packages/airflow/example_dags/example_branch_labels.py
[2025-11-25T16:53:49.211+0000] {logging_mixin.py:188} INFO - [2025-11-25T16:53:49.211+0000] {dag.py:3096} INFO - Sync 1 DAGs
[2025-11-25T16:53:49.218+0000] {logging_mixin.py:188} INFO - [2025-11-25T16:53:49.218+0000] {dag.py:3954} INFO - Setting next_dagrun for example_branch_labels to 2025-11-24 00:00:00+00:00, run_after=2025-11-25 00:00:00+00:00
[2025-11-25T16:53:49.224+0000] {processor.py:183} INFO - Processing /home/airflow/.local/lib/python3.12/site-packages/airflow/example_dags/example_branch_labels.py took 0.028 seconds
[2025-11-25T16:54:19.467+0000] {processor.py:161} INFO - Started process (PID=14362) to work on /home/airflow/.local/lib/python3.12/site-packages/airflow/example_dags/example_branch_labels.py
[2025-11-25T16:54:19.470+0000] {processor.py:830} INFO - Processing file /home/airflow/.local/lib/python3.12/site-packages/airflow/example_dags/example_branch_labels.py for tasks to queue
[2025-11-25T16:54:19.471+0000] {logging_mixin.py:188} INFO - [2025-11-25T16:54:19.471+0000] {dagbag.py:545} INFO - Filling up the DagBag from /home/airflow/.local/lib/python3.12/site-packages/airflow/example_dags/example_branch_labels.py
[2025-11-25T16:54:19.475+0000] {processor.py:840} INFO - DAG(s) 'example_branch_labels' retrieved from /home/airflow/.local/lib/python3.12/site-packages/airflow/example_dags/example_branch_labels.py
[2025-11-25T16:54:19.487+0000] {logging_mixin.py:188} INFO - [2025-11-25T16:54:19.486+0000] {dag.py:3096} INFO - Sync 1 DAGs
[2025-11-25T16:54:19.497+0000] {logging_mixin.py:188} INFO - [2025-11-25T16:54:19.497+0000] {dag.py:3954} INFO - Setting next_dagrun for example_branch_labels to 2025-11-24 00:00:00+00:00, run_after=2025-11-25 00:00:00+00:00
[2025-11-25T16:54:19.503+0000] {processor.py:183} INFO - Processing /home/airflow/.local/lib/python3.12/site-packages/airflow/example_dags/example_branch_labels.py took 0.039 seconds
[2025-11-25T16:54:50.891+0000] {processor.py:161} INFO - Started process (PID=14420) to work on /home/airflow/.local/lib/python3.12/site-packages/airflow/example_dags/example_branch_labels.py
[2025-11-25T16:54:50.892+0000] {processor.py:830} INFO - Processing file /home/airflow/.local/lib/python3.12/site-packages/airflow/example_dags/example_branch_labels.py for tasks to queue
[2025-11-25T16:54:50.894+0000] {logging_mixin.py:188} INFO - [2025-11-25T16:54:50.893+0000] {dagbag.py:545} INFO - Filling up the DagBag from /home/airflow/.local/lib/python3.12/site-packages/airflow/example_dags/example_branch_labels.py
[2025-11-25T16:54:50.896+0000] {processor.py:840} INFO - DAG(s) 'example_branch_labels' retrieved from /home/airflow/.local/lib/python3.12/site-packages/airflow/example_dags/example_branch_labels.py
[2025-11-25T16:54:50.910+0000] {logging_mixin.py:188} INFO - [2025-11-25T16:54:50.910+0000] {dag.py:3096} INFO - Sync 1 DAGs
[2025-11-25T16:54:50.923+0000] {logging_mixin.py:188} INFO - [2025-11-25T16:54:50.923+0000] {dag.py:3954} INFO - Setting next_dagrun for example_branch_labels to 2025-11-24 00:00:00+00:00, run_after=2025-11-25 00:00:00+00:00
[2025-11-25T16:54:50.929+0000] {processor.py:183} INFO - Processing /home/airflow/.local/lib/python3.12/site-packages/airflow/example_dags/example_branch_labels.py took 0.040 seconds
[2025-11-25T16:55:21.137+0000] {processor.py:161} INFO - Started process (PID=14478) to work on /home/airflow/.local/lib/python3.12/site-packages/airflow/example_dags/example_branch_labels.py
[2025-11-25T16:55:21.140+0000] {processor.py:830} INFO - Processing file /home/airflow/.local/lib/python3.12/site-packages/airflow/example_dags/example_branch_labels.py for tasks to queue
[2025-11-25T16:55:21.141+0000] {logging_mixin.py:188} INFO - [2025-11-25T16:55:21.141+0000] {dagbag.py:545} INFO - Filling up the DagBag from /home/airflow/.local/lib/python3.12/site-packages/airflow/example_dags/example_branch_labels.py
[2025-11-25T16:55:21.146+0000] {processor.py:840} INFO - DAG(s) 'example_branch_labels' retrieved from /home/airflow/.local/lib/python3.12/site-packages/airflow/example_dags/example_branch_labels.py
[2025-11-25T16:55:21.157+0000] {logging_mixin.py:188} INFO - [2025-11-25T16:55:21.157+0000] {dag.py:3096} INFO - Sync 1 DAGs
[2025-11-25T16:55:21.166+0000] {logging_mixin.py:188} INFO - [2025-11-25T16:55:21.166+0000] {dag.py:3954} INFO - Setting next_dagrun for example_branch_labels to 2025-11-24 00:00:00+00:00, run_after=2025-11-25 00:00:00+00:00
[2025-11-25T16:55:21.173+0000] {processor.py:183} INFO - Processing /home/airflow/.local/lib/python3.12/site-packages/airflow/example_dags/example_branch_labels.py took 0.039 seconds
[2025-11-25T16:55:51.477+0000] {processor.py:161} INFO - Started process (PID=14536) to work on /home/airflow/.local/lib/python3.12/site-packages/airflow/example_dags/example_branch_labels.py
[2025-11-25T16:55:51.479+0000] {processor.py:830} INFO - Processing file /home/airflow/.local/lib/python3.12/site-packages/airflow/example_dags/example_branch_labels.py for tasks to queue
[2025-11-25T16:55:51.482+0000] {logging_mixin.py:188} INFO - [2025-11-25T16:55:51.482+0000] {dagbag.py:545} INFO - Filling up the DagBag from /home/airflow/.local/lib/python3.12/site-packages/airflow/example_dags/example_branch_labels.py
[2025-11-25T16:55:51.486+0000] {processor.py:840} INFO - DAG(s) 'example_branch_labels' retrieved from /home/airflow/.local/lib/python3.12/site-packages/airflow/example_dags/example_branch_labels.py
[2025-11-25T16:55:51.516+0000] {logging_mixin.py:188} INFO - [2025-11-25T16:55:51.516+0000] {dag.py:3096} INFO - Sync 1 DAGs
[2025-11-25T16:55:51.535+0000] {logging_mixin.py:188} INFO - [2025-11-25T16:55:51.535+0000] {dag.py:3954} INFO - Setting next_dagrun for example_branch_labels to 2025-11-24 00:00:00+00:00, run_after=2025-11-25 00:00:00+00:00
[2025-11-25T16:55:51.552+0000] {processor.py:183} INFO - Processing /home/airflow/.local/lib/python3.12/site-packages/airflow/example_dags/example_branch_labels.py took 0.080 seconds
[2025-11-25T16:56:21.666+0000] {processor.py:161} INFO - Started process (PID=14594) to work on /home/airflow/.local/lib/python3.12/site-packages/airflow/example_dags/example_branch_labels.py
[2025-11-25T16:56:21.668+0000] {processor.py:830} INFO - Processing file /home/airflow/.local/lib/python3.12/site-packages/airflow/example_dags/example_branch_labels.py for tasks to queue
[2025-11-25T16:56:21.669+0000] {logging_mixin.py:188} INFO - [2025-11-25T16:56:21.669+0000] {dagbag.py:545} INFO - Filling up the DagBag from /home/airflow/.local/lib/python3.12/site-packages/airflow/example_dags/example_branch_labels.py
[2025-11-25T16:56:21.673+0000] {processor.py:840} INFO - DAG(s) 'example_branch_labels' retrieved from /home/airflow/.local/lib/python3.12/site-packages/airflow/example_dags/example_branch_labels.py
[2025-11-25T16:56:21.684+0000] {logging_mixin.py:188} INFO - [2025-11-25T16:56:21.684+0000] {dag.py:3096} INFO - Sync 1 DAGs
[2025-11-25T16:56:21.696+0000] {logging_mixin.py:188} INFO - [2025-11-25T16:56:21.696+0000] {dag.py:3954} INFO - Setting next_dagrun for example_branch_labels to 2025-11-24 00:00:00+00:00, run_after=2025-11-25 00:00:00+00:00
[2025-11-25T16:56:21.707+0000] {processor.py:183} INFO - Processing /home/airflow/.local/lib/python3.12/site-packages/airflow/example_dags/example_branch_labels.py took 0.043 seconds
[2025-11-25T16:56:51.985+0000] {processor.py:161} INFO - Started process (PID=14652) to work on /home/airflow/.local/lib/python3.12/site-packages/airflow/example_dags/example_branch_labels.py
[2025-11-25T16:56:51.986+0000] {processor.py:830} INFO - Processing file /home/airflow/.local/lib/python3.12/site-packages/airflow/example_dags/example_branch_labels.py for tasks to queue
[2025-11-25T16:56:51.987+0000] {logging_mixin.py:188} INFO - [2025-11-25T16:56:51.986+0000] {dagbag.py:545} INFO - Filling up the DagBag from /home/airflow/.local/lib/python3.12/site-packages/airflow/example_dags/example_branch_labels.py
[2025-11-25T16:56:51.991+0000] {processor.py:840} INFO - DAG(s) 'example_branch_labels' retrieved from /home/airflow/.local/lib/python3.12/site-packages/airflow/example_dags/example_branch_labels.py
[2025-11-25T16:56:52.005+0000] {logging_mixin.py:188} INFO - [2025-11-25T16:56:52.005+0000] {dag.py:3096} INFO - Sync 1 DAGs
[2025-11-25T16:56:52.020+0000] {logging_mixin.py:188} INFO - [2025-11-25T16:56:52.019+0000] {dag.py:3954} INFO - Setting next_dagrun for example_branch_labels to 2025-11-24 00:00:00+00:00, run_after=2025-11-25 00:00:00+00:00
[2025-11-25T16:56:52.029+0000] {processor.py:183} INFO - Processing /home/airflow/.local/lib/python3.12/site-packages/airflow/example_dags/example_branch_labels.py took 0.048 seconds
[2025-11-25T16:57:22.384+0000] {processor.py:161} INFO - Started process (PID=14710) to work on /home/airflow/.local/lib/python3.12/site-packages/airflow/example_dags/example_branch_labels.py
[2025-11-25T16:57:22.385+0000] {processor.py:830} INFO - Processing file /home/airflow/.local/lib/python3.12/site-packages/airflow/example_dags/example_branch_labels.py for tasks to queue
[2025-11-25T16:57:22.386+0000] {logging_mixin.py:188} INFO - [2025-11-25T16:57:22.386+0000] {dagbag.py:545} INFO - Filling up the DagBag from /home/airflow/.local/lib/python3.12/site-packages/airflow/example_dags/example_branch_labels.py
[2025-11-25T16:57:22.389+0000] {processor.py:840} INFO - DAG(s) 'example_branch_labels' retrieved from /home/airflow/.local/lib/python3.12/site-packages/airflow/example_dags/example_branch_labels.py
[2025-11-25T16:57:22.405+0000] {logging_mixin.py:188} INFO - [2025-11-25T16:57:22.405+0000] {dag.py:3096} INFO - Sync 1 DAGs
[2025-11-25T16:57:22.417+0000] {logging_mixin.py:188} INFO - [2025-11-25T16:57:22.417+0000] {dag.py:3954} INFO - Setting next_dagrun for example_branch_labels to 2025-11-24 00:00:00+00:00, run_after=2025-11-25 00:00:00+00:00
[2025-11-25T16:57:22.431+0000] {processor.py:183} INFO - Processing /home/airflow/.local/lib/python3.12/site-packages/airflow/example_dags/example_branch_labels.py took 0.049 seconds
[2025-11-25T16:57:53.377+0000] {processor.py:161} INFO - Started process (PID=14768) to work on /home/airflow/.local/lib/python3.12/site-packages/airflow/example_dags/example_branch_labels.py
[2025-11-25T16:57:53.379+0000] {processor.py:830} INFO - Processing file /home/airflow/.local/lib/python3.12/site-packages/airflow/example_dags/example_branch_labels.py for tasks to queue
[2025-11-25T16:57:53.380+0000] {logging_mixin.py:188} INFO - [2025-11-25T16:57:53.380+0000] {dagbag.py:545} INFO - Filling up the DagBag from /home/airflow/.local/lib/python3.12/site-packages/airflow/example_dags/example_branch_labels.py
[2025-11-25T16:57:53.384+0000] {processor.py:840} INFO - DAG(s) 'example_branch_labels' retrieved from /home/airflow/.local/lib/python3.12/site-packages/airflow/example_dags/example_branch_labels.py
[2025-11-25T16:57:53.394+0000] {logging_mixin.py:188} INFO - [2025-11-25T16:57:53.394+0000] {dag.py:3096} INFO - Sync 1 DAGs
[2025-11-25T16:57:53.405+0000] {logging_mixin.py:188} INFO - [2025-11-25T16:57:53.405+0000] {dag.py:3954} INFO - Setting next_dagrun for example_branch_labels to 2025-11-24 00:00:00+00:00, run_after=2025-11-25 00:00:00+00:00
[2025-11-25T16:57:53.416+0000] {processor.py:183} INFO - Processing /home/airflow/.local/lib/python3.12/site-packages/airflow/example_dags/example_branch_labels.py took 0.042 seconds
[2025-11-25T16:58:24.440+0000] {processor.py:161} INFO - Started process (PID=14826) to work on /home/airflow/.local/lib/python3.12/site-packages/airflow/example_dags/example_branch_labels.py
[2025-11-25T16:58:24.442+0000] {processor.py:830} INFO - Processing file /home/airflow/.local/lib/python3.12/site-packages/airflow/example_dags/example_branch_labels.py for tasks to queue
[2025-11-25T16:58:24.443+0000] {logging_mixin.py:188} INFO - [2025-11-25T16:58:24.442+0000] {dagbag.py:545} INFO - Filling up the DagBag from /home/airflow/.local/lib/python3.12/site-packages/airflow/example_dags/example_branch_labels.py
[2025-11-25T16:58:24.446+0000] {processor.py:840} INFO - DAG(s) 'example_branch_labels' retrieved from /home/airflow/.local/lib/python3.12/site-packages/airflow/example_dags/example_branch_labels.py
[2025-11-25T16:58:24.461+0000] {logging_mixin.py:188} INFO - [2025-11-25T16:58:24.461+0000] {dag.py:3096} INFO - Sync 1 DAGs
[2025-11-25T16:58:24.472+0000] {logging_mixin.py:188} INFO - [2025-11-25T16:58:24.472+0000] {dag.py:3954} INFO - Setting next_dagrun for example_branch_labels to 2025-11-24 00:00:00+00:00, run_after=2025-11-25 00:00:00+00:00
[2025-11-25T16:58:24.486+0000] {processor.py:183} INFO - Processing /home/airflow/.local/lib/python3.12/site-packages/airflow/example_dags/example_branch_labels.py took 0.055 seconds
[2025-11-25T16:58:54.814+0000] {processor.py:161} INFO - Started process (PID=14884) to work on /home/airflow/.local/lib/python3.12/site-packages/airflow/example_dags/example_branch_labels.py
[2025-11-25T16:58:54.815+0000] {processor.py:830} INFO - Processing file /home/airflow/.local/lib/python3.12/site-packages/airflow/example_dags/example_branch_labels.py for tasks to queue
[2025-11-25T16:58:54.817+0000] {logging_mixin.py:188} INFO - [2025-11-25T16:58:54.817+0000] {dagbag.py:545} INFO - Filling up the DagBag from /home/airflow/.local/lib/python3.12/site-packages/airflow/example_dags/example_branch_labels.py
[2025-11-25T16:58:54.820+0000] {processor.py:840} INFO - DAG(s) 'example_branch_labels' retrieved from /home/airflow/.local/lib/python3.12/site-packages/airflow/example_dags/example_branch_labels.py
[2025-11-25T16:58:54.839+0000] {logging_mixin.py:188} INFO - [2025-11-25T16:58:54.839+0000] {dag.py:3096} INFO - Sync 1 DAGs
[2025-11-25T16:58:54.849+0000] {logging_mixin.py:188} INFO - [2025-11-25T16:58:54.849+0000] {dag.py:3954} INFO - Setting next_dagrun for example_branch_labels to 2025-11-24 00:00:00+00:00, run_after=2025-11-25 00:00:00+00:00
[2025-11-25T16:58:54.858+0000] {processor.py:183} INFO - Processing /home/airflow/.local/lib/python3.12/site-packages/airflow/example_dags/example_branch_labels.py took 0.047 seconds
[2025-11-25T16:59:25.115+0000] {processor.py:161} INFO - Started process (PID=14942) to work on /home/airflow/.local/lib/python3.12/site-packages/airflow/example_dags/example_branch_labels.py
[2025-11-25T16:59:25.116+0000] {processor.py:830} INFO - Processing file /home/airflow/.local/lib/python3.12/site-packages/airflow/example_dags/example_branch_labels.py for tasks to queue
[2025-11-25T16:59:25.116+0000] {logging_mixin.py:188} INFO - [2025-11-25T16:59:25.116+0000] {dagbag.py:545} INFO - Filling up the DagBag from /home/airflow/.local/lib/python3.12/site-packages/airflow/example_dags/example_branch_labels.py
[2025-11-25T16:59:25.119+0000] {processor.py:840} INFO - DAG(s) 'example_branch_labels' retrieved from /home/airflow/.local/lib/python3.12/site-packages/airflow/example_dags/example_branch_labels.py
[2025-11-25T16:59:25.132+0000] {logging_mixin.py:188} INFO - [2025-11-25T16:59:25.132+0000] {dag.py:3096} INFO - Sync 1 DAGs
[2025-11-25T16:59:25.142+0000] {logging_mixin.py:188} INFO - [2025-11-25T16:59:25.142+0000] {dag.py:3954} INFO - Setting next_dagrun for example_branch_labels to 2025-11-24 00:00:00+00:00, run_after=2025-11-25 00:00:00+00:00
[2025-11-25T16:59:25.150+0000] {processor.py:183} INFO - Processing /home/airflow/.local/lib/python3.12/site-packages/airflow/example_dags/example_branch_labels.py took 0.037 seconds
[2025-11-25T16:59:55.399+0000] {processor.py:161} INFO - Started process (PID=15000) to work on /home/airflow/.local/lib/python3.12/site-packages/airflow/example_dags/example_branch_labels.py
[2025-11-25T16:59:55.400+0000] {processor.py:830} INFO - Processing file /home/airflow/.local/lib/python3.12/site-packages/airflow/example_dags/example_branch_labels.py for tasks to queue
[2025-11-25T16:59:55.401+0000] {logging_mixin.py:188} INFO - [2025-11-25T16:59:55.401+0000] {dagbag.py:545} INFO - Filling up the DagBag from /home/airflow/.local/lib/python3.12/site-packages/airflow/example_dags/example_branch_labels.py
[2025-11-25T16:59:55.404+0000] {processor.py:840} INFO - DAG(s) 'example_branch_labels' retrieved from /home/airflow/.local/lib/python3.12/site-packages/airflow/example_dags/example_branch_labels.py
[2025-11-25T16:59:55.418+0000] {logging_mixin.py:188} INFO - [2025-11-25T16:59:55.418+0000] {dag.py:3096} INFO - Sync 1 DAGs
[2025-11-25T16:59:55.427+0000] {logging_mixin.py:188} INFO - [2025-11-25T16:59:55.427+0000] {dag.py:3954} INFO - Setting next_dagrun for example_branch_labels to 2025-11-24 00:00:00+00:00, run_after=2025-11-25 00:00:00+00:00
[2025-11-25T16:59:55.436+0000] {processor.py:183} INFO - Processing /home/airflow/.local/lib/python3.12/site-packages/airflow/example_dags/example_branch_labels.py took 0.039 seconds
[2025-11-25T17:00:25.823+0000] {processor.py:161} INFO - Started process (PID=15058) to work on /home/airflow/.local/lib/python3.12/site-packages/airflow/example_dags/example_branch_labels.py
[2025-11-25T17:00:25.826+0000] {processor.py:830} INFO - Processing file /home/airflow/.local/lib/python3.12/site-packages/airflow/example_dags/example_branch_labels.py for tasks to queue
[2025-11-25T17:00:25.828+0000] {logging_mixin.py:188} INFO - [2025-11-25T17:00:25.828+0000] {dagbag.py:545} INFO - Filling up the DagBag from /home/airflow/.local/lib/python3.12/site-packages/airflow/example_dags/example_branch_labels.py
[2025-11-25T17:00:25.832+0000] {processor.py:840} INFO - DAG(s) 'example_branch_labels' retrieved from /home/airflow/.local/lib/python3.12/site-packages/airflow/example_dags/example_branch_labels.py
[2025-11-25T17:00:25.841+0000] {logging_mixin.py:188} INFO - [2025-11-25T17:00:25.841+0000] {dag.py:3096} INFO - Sync 1 DAGs
[2025-11-25T17:00:25.852+0000] {logging_mixin.py:188} INFO - [2025-11-25T17:00:25.852+0000] {dag.py:3954} INFO - Setting next_dagrun for example_branch_labels to 2025-11-24 00:00:00+00:00, run_after=2025-11-25 00:00:00+00:00
[2025-11-25T17:00:25.868+0000] {processor.py:183} INFO - Processing /home/airflow/.local/lib/python3.12/site-packages/airflow/example_dags/example_branch_labels.py took 0.048 seconds
[2025-11-25T17:00:56.564+0000] {processor.py:161} INFO - Started process (PID=15116) to work on /home/airflow/.local/lib/python3.12/site-packages/airflow/example_dags/example_branch_labels.py
[2025-11-25T17:00:56.565+0000] {processor.py:830} INFO - Processing file /home/airflow/.local/lib/python3.12/site-packages/airflow/example_dags/example_branch_labels.py for tasks to queue
[2025-11-25T17:00:56.566+0000] {logging_mixin.py:188} INFO - [2025-11-25T17:00:56.566+0000] {dagbag.py:545} INFO - Filling up the DagBag from /home/airflow/.local/lib/python3.12/site-packages/airflow/example_dags/example_branch_labels.py
[2025-11-25T17:00:56.569+0000] {processor.py:840} INFO - DAG(s) 'example_branch_labels' retrieved from /home/airflow/.local/lib/python3.12/site-packages/airflow/example_dags/example_branch_labels.py
[2025-11-25T17:00:56.581+0000] {logging_mixin.py:188} INFO - [2025-11-25T17:00:56.581+0000] {dag.py:3096} INFO - Sync 1 DAGs
[2025-11-25T17:00:56.592+0000] {logging_mixin.py:188} INFO - [2025-11-25T17:00:56.592+0000] {dag.py:3954} INFO - Setting next_dagrun for example_branch_labels to 2025-11-24 00:00:00+00:00, run_after=2025-11-25 00:00:00+00:00
[2025-11-25T17:00:56.603+0000] {processor.py:183} INFO - Processing /home/airflow/.local/lib/python3.12/site-packages/airflow/example_dags/example_branch_labels.py took 0.042 seconds
[2025-11-25T17:40:50.383+0000] {processor.py:161} INFO - Started process (PID=15166) to work on /home/airflow/.local/lib/python3.12/site-packages/airflow/example_dags/example_branch_labels.py
[2025-11-25T17:40:50.385+0000] {processor.py:830} INFO - Processing file /home/airflow/.local/lib/python3.12/site-packages/airflow/example_dags/example_branch_labels.py for tasks to queue
[2025-11-25T17:40:50.387+0000] {logging_mixin.py:188} INFO - [2025-11-25T17:40:50.386+0000] {dagbag.py:545} INFO - Filling up the DagBag from /home/airflow/.local/lib/python3.12/site-packages/airflow/example_dags/example_branch_labels.py
[2025-11-25T17:40:50.389+0000] {processor.py:840} INFO - DAG(s) 'example_branch_labels' retrieved from /home/airflow/.local/lib/python3.12/site-packages/airflow/example_dags/example_branch_labels.py
[2025-11-25T17:40:50.402+0000] {logging_mixin.py:188} INFO - [2025-11-25T17:40:50.402+0000] {dag.py:3096} INFO - Sync 1 DAGs
[2025-11-25T17:40:50.415+0000] {logging_mixin.py:188} INFO - [2025-11-25T17:40:50.415+0000] {dag.py:3954} INFO - Setting next_dagrun for example_branch_labels to 2025-11-24 00:00:00+00:00, run_after=2025-11-25 00:00:00+00:00
[2025-11-25T17:40:50.425+0000] {processor.py:183} INFO - Processing /home/airflow/.local/lib/python3.12/site-packages/airflow/example_dags/example_branch_labels.py took 0.044 seconds
[2025-11-25T17:41:21.012+0000] {processor.py:161} INFO - Started process (PID=15224) to work on /home/airflow/.local/lib/python3.12/site-packages/airflow/example_dags/example_branch_labels.py
[2025-11-25T17:41:21.013+0000] {processor.py:830} INFO - Processing file /home/airflow/.local/lib/python3.12/site-packages/airflow/example_dags/example_branch_labels.py for tasks to queue
[2025-11-25T17:41:21.014+0000] {logging_mixin.py:188} INFO - [2025-11-25T17:41:21.014+0000] {dagbag.py:545} INFO - Filling up the DagBag from /home/airflow/.local/lib/python3.12/site-packages/airflow/example_dags/example_branch_labels.py
[2025-11-25T17:41:21.017+0000] {processor.py:840} INFO - DAG(s) 'example_branch_labels' retrieved from /home/airflow/.local/lib/python3.12/site-packages/airflow/example_dags/example_branch_labels.py
[2025-11-25T17:41:21.027+0000] {logging_mixin.py:188} INFO - [2025-11-25T17:41:21.027+0000] {dag.py:3096} INFO - Sync 1 DAGs
[2025-11-25T17:41:21.035+0000] {logging_mixin.py:188} INFO - [2025-11-25T17:41:21.035+0000] {dag.py:3954} INFO - Setting next_dagrun for example_branch_labels to 2025-11-24 00:00:00+00:00, run_after=2025-11-25 00:00:00+00:00
[2025-11-25T17:41:21.041+0000] {processor.py:183} INFO - Processing /home/airflow/.local/lib/python3.12/site-packages/airflow/example_dags/example_branch_labels.py took 0.032 seconds
[2025-11-25T17:41:51.664+0000] {processor.py:161} INFO - Started process (PID=15288) to work on /home/airflow/.local/lib/python3.12/site-packages/airflow/example_dags/example_branch_labels.py
[2025-11-25T17:41:51.664+0000] {processor.py:830} INFO - Processing file /home/airflow/.local/lib/python3.12/site-packages/airflow/example_dags/example_branch_labels.py for tasks to queue
[2025-11-25T17:41:51.665+0000] {logging_mixin.py:188} INFO - [2025-11-25T17:41:51.665+0000] {dagbag.py:545} INFO - Filling up the DagBag from /home/airflow/.local/lib/python3.12/site-packages/airflow/example_dags/example_branch_labels.py
[2025-11-25T17:41:51.668+0000] {processor.py:840} INFO - DAG(s) 'example_branch_labels' retrieved from /home/airflow/.local/lib/python3.12/site-packages/airflow/example_dags/example_branch_labels.py
[2025-11-25T17:41:51.677+0000] {logging_mixin.py:188} INFO - [2025-11-25T17:41:51.677+0000] {dag.py:3096} INFO - Sync 1 DAGs
[2025-11-25T17:41:51.689+0000] {logging_mixin.py:188} INFO - [2025-11-25T17:41:51.688+0000] {dag.py:3954} INFO - Setting next_dagrun for example_branch_labels to 2025-11-24 00:00:00+00:00, run_after=2025-11-25 00:00:00+00:00
[2025-11-25T17:41:51.703+0000] {processor.py:183} INFO - Processing /home/airflow/.local/lib/python3.12/site-packages/airflow/example_dags/example_branch_labels.py took 0.042 seconds
[2025-11-25T17:42:22.145+0000] {processor.py:161} INFO - Started process (PID=15346) to work on /home/airflow/.local/lib/python3.12/site-packages/airflow/example_dags/example_branch_labels.py
[2025-11-25T17:42:22.146+0000] {processor.py:830} INFO - Processing file /home/airflow/.local/lib/python3.12/site-packages/airflow/example_dags/example_branch_labels.py for tasks to queue
[2025-11-25T17:42:22.148+0000] {logging_mixin.py:188} INFO - [2025-11-25T17:42:22.148+0000] {dagbag.py:545} INFO - Filling up the DagBag from /home/airflow/.local/lib/python3.12/site-packages/airflow/example_dags/example_branch_labels.py
[2025-11-25T17:42:22.151+0000] {processor.py:840} INFO - DAG(s) 'example_branch_labels' retrieved from /home/airflow/.local/lib/python3.12/site-packages/airflow/example_dags/example_branch_labels.py
[2025-11-25T17:42:22.163+0000] {logging_mixin.py:188} INFO - [2025-11-25T17:42:22.163+0000] {dag.py:3096} INFO - Sync 1 DAGs
[2025-11-25T17:42:22.172+0000] {logging_mixin.py:188} INFO - [2025-11-25T17:42:22.172+0000] {dag.py:3954} INFO - Setting next_dagrun for example_branch_labels to 2025-11-24 00:00:00+00:00, run_after=2025-11-25 00:00:00+00:00
[2025-11-25T17:42:22.180+0000] {processor.py:183} INFO - Processing /home/airflow/.local/lib/python3.12/site-packages/airflow/example_dags/example_branch_labels.py took 0.038 seconds
[2025-11-25T17:42:52.752+0000] {processor.py:161} INFO - Started process (PID=15404) to work on /home/airflow/.local/lib/python3.12/site-packages/airflow/example_dags/example_branch_labels.py
[2025-11-25T17:42:52.753+0000] {processor.py:830} INFO - Processing file /home/airflow/.local/lib/python3.12/site-packages/airflow/example_dags/example_branch_labels.py for tasks to queue
[2025-11-25T17:42:52.753+0000] {logging_mixin.py:188} INFO - [2025-11-25T17:42:52.753+0000] {dagbag.py:545} INFO - Filling up the DagBag from /home/airflow/.local/lib/python3.12/site-packages/airflow/example_dags/example_branch_labels.py
[2025-11-25T17:42:52.756+0000] {processor.py:840} INFO - DAG(s) 'example_branch_labels' retrieved from /home/airflow/.local/lib/python3.12/site-packages/airflow/example_dags/example_branch_labels.py
[2025-11-25T17:42:52.766+0000] {logging_mixin.py:188} INFO - [2025-11-25T17:42:52.765+0000] {dag.py:3096} INFO - Sync 1 DAGs
[2025-11-25T17:42:52.775+0000] {logging_mixin.py:188} INFO - [2025-11-25T17:42:52.775+0000] {dag.py:3954} INFO - Setting next_dagrun for example_branch_labels to 2025-11-24 00:00:00+00:00, run_after=2025-11-25 00:00:00+00:00
[2025-11-25T17:42:52.788+0000] {processor.py:183} INFO - Processing /home/airflow/.local/lib/python3.12/site-packages/airflow/example_dags/example_branch_labels.py took 0.038 seconds
[2025-11-25T17:43:23.445+0000] {processor.py:161} INFO - Started process (PID=15462) to work on /home/airflow/.local/lib/python3.12/site-packages/airflow/example_dags/example_branch_labels.py
[2025-11-25T17:43:23.446+0000] {processor.py:830} INFO - Processing file /home/airflow/.local/lib/python3.12/site-packages/airflow/example_dags/example_branch_labels.py for tasks to queue
[2025-11-25T17:43:23.447+0000] {logging_mixin.py:188} INFO - [2025-11-25T17:43:23.447+0000] {dagbag.py:545} INFO - Filling up the DagBag from /home/airflow/.local/lib/python3.12/site-packages/airflow/example_dags/example_branch_labels.py
[2025-11-25T17:43:23.450+0000] {processor.py:840} INFO - DAG(s) 'example_branch_labels' retrieved from /home/airflow/.local/lib/python3.12/site-packages/airflow/example_dags/example_branch_labels.py
[2025-11-25T17:43:23.459+0000] {logging_mixin.py:188} INFO - [2025-11-25T17:43:23.459+0000] {dag.py:3096} INFO - Sync 1 DAGs
[2025-11-25T17:43:23.468+0000] {logging_mixin.py:188} INFO - [2025-11-25T17:43:23.467+0000] {dag.py:3954} INFO - Setting next_dagrun for example_branch_labels to 2025-11-24 00:00:00+00:00, run_after=2025-11-25 00:00:00+00:00
[2025-11-25T17:43:23.481+0000] {processor.py:183} INFO - Processing /home/airflow/.local/lib/python3.12/site-packages/airflow/example_dags/example_branch_labels.py took 0.038 seconds
[2025-11-25T17:43:53.978+0000] {processor.py:161} INFO - Started process (PID=15520) to work on /home/airflow/.local/lib/python3.12/site-packages/airflow/example_dags/example_branch_labels.py
[2025-11-25T17:43:53.979+0000] {processor.py:830} INFO - Processing file /home/airflow/.local/lib/python3.12/site-packages/airflow/example_dags/example_branch_labels.py for tasks to queue
[2025-11-25T17:43:53.980+0000] {logging_mixin.py:188} INFO - [2025-11-25T17:43:53.980+0000] {dagbag.py:545} INFO - Filling up the DagBag from /home/airflow/.local/lib/python3.12/site-packages/airflow/example_dags/example_branch_labels.py
[2025-11-25T17:43:53.983+0000] {processor.py:840} INFO - DAG(s) 'example_branch_labels' retrieved from /home/airflow/.local/lib/python3.12/site-packages/airflow/example_dags/example_branch_labels.py
[2025-11-25T17:43:53.992+0000] {logging_mixin.py:188} INFO - [2025-11-25T17:43:53.992+0000] {dag.py:3096} INFO - Sync 1 DAGs
[2025-11-25T17:43:54.002+0000] {logging_mixin.py:188} INFO - [2025-11-25T17:43:54.002+0000] {dag.py:3954} INFO - Setting next_dagrun for example_branch_labels to 2025-11-24 00:00:00+00:00, run_after=2025-11-25 00:00:00+00:00
[2025-11-25T17:43:54.014+0000] {processor.py:183} INFO - Processing /home/airflow/.local/lib/python3.12/site-packages/airflow/example_dags/example_branch_labels.py took 0.038 seconds
[2025-11-25T17:44:24.627+0000] {processor.py:161} INFO - Started process (PID=15578) to work on /home/airflow/.local/lib/python3.12/site-packages/airflow/example_dags/example_branch_labels.py
[2025-11-25T17:44:24.628+0000] {processor.py:830} INFO - Processing file /home/airflow/.local/lib/python3.12/site-packages/airflow/example_dags/example_branch_labels.py for tasks to queue
[2025-11-25T17:44:24.628+0000] {logging_mixin.py:188} INFO - [2025-11-25T17:44:24.628+0000] {dagbag.py:545} INFO - Filling up the DagBag from /home/airflow/.local/lib/python3.12/site-packages/airflow/example_dags/example_branch_labels.py
[2025-11-25T17:44:24.631+0000] {processor.py:840} INFO - DAG(s) 'example_branch_labels' retrieved from /home/airflow/.local/lib/python3.12/site-packages/airflow/example_dags/example_branch_labels.py
[2025-11-25T17:44:24.640+0000] {logging_mixin.py:188} INFO - [2025-11-25T17:44:24.640+0000] {dag.py:3096} INFO - Sync 1 DAGs
[2025-11-25T17:44:24.652+0000] {logging_mixin.py:188} INFO - [2025-11-25T17:44:24.652+0000] {dag.py:3954} INFO - Setting next_dagrun for example_branch_labels to 2025-11-24 00:00:00+00:00, run_after=2025-11-25 00:00:00+00:00
[2025-11-25T17:44:24.662+0000] {processor.py:183} INFO - Processing /home/airflow/.local/lib/python3.12/site-packages/airflow/example_dags/example_branch_labels.py took 0.037 seconds
[2025-11-25T17:44:55.167+0000] {processor.py:161} INFO - Started process (PID=15636) to work on /home/airflow/.local/lib/python3.12/site-packages/airflow/example_dags/example_branch_labels.py
[2025-11-25T17:44:55.169+0000] {processor.py:830} INFO - Processing file /home/airflow/.local/lib/python3.12/site-packages/airflow/example_dags/example_branch_labels.py for tasks to queue
[2025-11-25T17:44:55.170+0000] {logging_mixin.py:188} INFO - [2025-11-25T17:44:55.170+0000] {dagbag.py:545} INFO - Filling up the DagBag from /home/airflow/.local/lib/python3.12/site-packages/airflow/example_dags/example_branch_labels.py
[2025-11-25T17:44:55.173+0000] {processor.py:840} INFO - DAG(s) 'example_branch_labels' retrieved from /home/airflow/.local/lib/python3.12/site-packages/airflow/example_dags/example_branch_labels.py
[2025-11-25T17:44:55.184+0000] {logging_mixin.py:188} INFO - [2025-11-25T17:44:55.184+0000] {dag.py:3096} INFO - Sync 1 DAGs
[2025-11-25T17:44:55.193+0000] {logging_mixin.py:188} INFO - [2025-11-25T17:44:55.193+0000] {dag.py:3954} INFO - Setting next_dagrun for example_branch_labels to 2025-11-24 00:00:00+00:00, run_after=2025-11-25 00:00:00+00:00
[2025-11-25T17:44:55.201+0000] {processor.py:183} INFO - Processing /home/airflow/.local/lib/python3.12/site-packages/airflow/example_dags/example_branch_labels.py took 0.036 seconds
[2025-11-25T17:45:25.834+0000] {processor.py:161} INFO - Started process (PID=15694) to work on /home/airflow/.local/lib/python3.12/site-packages/airflow/example_dags/example_branch_labels.py
[2025-11-25T17:45:25.835+0000] {processor.py:830} INFO - Processing file /home/airflow/.local/lib/python3.12/site-packages/airflow/example_dags/example_branch_labels.py for tasks to queue
[2025-11-25T17:45:25.837+0000] {logging_mixin.py:188} INFO - [2025-11-25T17:45:25.837+0000] {dagbag.py:545} INFO - Filling up the DagBag from /home/airflow/.local/lib/python3.12/site-packages/airflow/example_dags/example_branch_labels.py
[2025-11-25T17:45:25.840+0000] {processor.py:840} INFO - DAG(s) 'example_branch_labels' retrieved from /home/airflow/.local/lib/python3.12/site-packages/airflow/example_dags/example_branch_labels.py
[2025-11-25T17:45:25.850+0000] {logging_mixin.py:188} INFO - [2025-11-25T17:45:25.850+0000] {dag.py:3096} INFO - Sync 1 DAGs
[2025-11-25T17:45:25.858+0000] {logging_mixin.py:188} INFO - [2025-11-25T17:45:25.858+0000] {dag.py:3954} INFO - Setting next_dagrun for example_branch_labels to 2025-11-24 00:00:00+00:00, run_after=2025-11-25 00:00:00+00:00
[2025-11-25T17:45:25.865+0000] {processor.py:183} INFO - Processing /home/airflow/.local/lib/python3.12/site-packages/airflow/example_dags/example_branch_labels.py took 0.034 seconds
[2025-11-25T17:45:56.376+0000] {processor.py:161} INFO - Started process (PID=15752) to work on /home/airflow/.local/lib/python3.12/site-packages/airflow/example_dags/example_branch_labels.py
[2025-11-25T17:45:56.379+0000] {processor.py:830} INFO - Processing file /home/airflow/.local/lib/python3.12/site-packages/airflow/example_dags/example_branch_labels.py for tasks to queue
[2025-11-25T17:45:56.381+0000] {logging_mixin.py:188} INFO - [2025-11-25T17:45:56.381+0000] {dagbag.py:545} INFO - Filling up the DagBag from /home/airflow/.local/lib/python3.12/site-packages/airflow/example_dags/example_branch_labels.py
[2025-11-25T17:45:56.389+0000] {processor.py:840} INFO - DAG(s) 'example_branch_labels' retrieved from /home/airflow/.local/lib/python3.12/site-packages/airflow/example_dags/example_branch_labels.py
[2025-11-25T17:45:56.398+0000] {logging_mixin.py:188} INFO - [2025-11-25T17:45:56.398+0000] {dag.py:3096} INFO - Sync 1 DAGs
[2025-11-25T17:45:56.406+0000] {logging_mixin.py:188} INFO - [2025-11-25T17:45:56.406+0000] {dag.py:3954} INFO - Setting next_dagrun for example_branch_labels to 2025-11-24 00:00:00+00:00, run_after=2025-11-25 00:00:00+00:00
[2025-11-25T17:45:56.414+0000] {processor.py:183} INFO - Processing /home/airflow/.local/lib/python3.12/site-packages/airflow/example_dags/example_branch_labels.py took 0.040 seconds
[2025-11-25T17:46:26.854+0000] {processor.py:161} INFO - Started process (PID=15810) to work on /home/airflow/.local/lib/python3.12/site-packages/airflow/example_dags/example_branch_labels.py
[2025-11-25T17:46:26.855+0000] {processor.py:830} INFO - Processing file /home/airflow/.local/lib/python3.12/site-packages/airflow/example_dags/example_branch_labels.py for tasks to queue
[2025-11-25T17:46:26.858+0000] {logging_mixin.py:188} INFO - [2025-11-25T17:46:26.858+0000] {dagbag.py:545} INFO - Filling up the DagBag from /home/airflow/.local/lib/python3.12/site-packages/airflow/example_dags/example_branch_labels.py
[2025-11-25T17:46:26.861+0000] {processor.py:840} INFO - DAG(s) 'example_branch_labels' retrieved from /home/airflow/.local/lib/python3.12/site-packages/airflow/example_dags/example_branch_labels.py
[2025-11-25T17:46:26.869+0000] {logging_mixin.py:188} INFO - [2025-11-25T17:46:26.869+0000] {dag.py:3096} INFO - Sync 1 DAGs
[2025-11-25T17:46:26.878+0000] {logging_mixin.py:188} INFO - [2025-11-25T17:46:26.878+0000] {dag.py:3954} INFO - Setting next_dagrun for example_branch_labels to 2025-11-24 00:00:00+00:00, run_after=2025-11-25 00:00:00+00:00
[2025-11-25T17:46:26.883+0000] {processor.py:183} INFO - Processing /home/airflow/.local/lib/python3.12/site-packages/airflow/example_dags/example_branch_labels.py took 0.031 seconds
[2025-11-25T17:46:57.537+0000] {processor.py:161} INFO - Started process (PID=15868) to work on /home/airflow/.local/lib/python3.12/site-packages/airflow/example_dags/example_branch_labels.py
[2025-11-25T17:46:57.537+0000] {processor.py:830} INFO - Processing file /home/airflow/.local/lib/python3.12/site-packages/airflow/example_dags/example_branch_labels.py for tasks to queue
[2025-11-25T17:46:57.538+0000] {logging_mixin.py:188} INFO - [2025-11-25T17:46:57.538+0000] {dagbag.py:545} INFO - Filling up the DagBag from /home/airflow/.local/lib/python3.12/site-packages/airflow/example_dags/example_branch_labels.py
[2025-11-25T17:46:57.543+0000] {processor.py:840} INFO - DAG(s) 'example_branch_labels' retrieved from /home/airflow/.local/lib/python3.12/site-packages/airflow/example_dags/example_branch_labels.py
[2025-11-25T17:46:57.559+0000] {logging_mixin.py:188} INFO - [2025-11-25T17:46:57.558+0000] {dag.py:3096} INFO - Sync 1 DAGs
[2025-11-25T17:46:57.568+0000] {logging_mixin.py:188} INFO - [2025-11-25T17:46:57.568+0000] {dag.py:3954} INFO - Setting next_dagrun for example_branch_labels to 2025-11-24 00:00:00+00:00, run_after=2025-11-25 00:00:00+00:00
[2025-11-25T17:46:57.579+0000] {processor.py:183} INFO - Processing /home/airflow/.local/lib/python3.12/site-packages/airflow/example_dags/example_branch_labels.py took 0.045 seconds
