[2025-11-25T01:47:05.505+0000] {processor.py:161} INFO - Started process (PID=73) to work on /home/airflow/.local/lib/python3.12/site-packages/airflow/example_dags/tutorial.py
[2025-11-25T01:47:05.507+0000] {processor.py:830} INFO - Processing file /home/airflow/.local/lib/python3.12/site-packages/airflow/example_dags/tutorial.py for tasks to queue
[2025-11-25T01:47:05.509+0000] {logging_mixin.py:188} INFO - [2025-11-25T01:47:05.509+0000] {dagbag.py:545} INFO - Filling up the DagBag from /home/airflow/.local/lib/python3.12/site-packages/airflow/example_dags/tutorial.py
[2025-11-25T01:47:05.514+0000] {processor.py:840} INFO - DAG(s) 'tutorial' retrieved from /home/airflow/.local/lib/python3.12/site-packages/airflow/example_dags/tutorial.py
[2025-11-25T01:47:05.568+0000] {logging_mixin.py:188} INFO - [2025-11-25T01:47:05.568+0000] {dag.py:3096} INFO - Sync 1 DAGs
[2025-11-25T01:47:05.577+0000] {logging_mixin.py:188} INFO - [2025-11-25T01:47:05.577+0000] {dag.py:3954} INFO - Setting next_dagrun for tutorial to 2025-11-24 00:00:00+00:00, run_after=2025-11-25 00:00:00+00:00
[2025-11-25T01:47:05.591+0000] {processor.py:183} INFO - Processing /home/airflow/.local/lib/python3.12/site-packages/airflow/example_dags/tutorial.py took 0.090 seconds
[2025-11-25T01:47:44.511+0000] {processor.py:161} INFO - Started process (PID=125) to work on /home/airflow/.local/lib/python3.12/site-packages/airflow/example_dags/tutorial.py
[2025-11-25T01:47:44.513+0000] {processor.py:830} INFO - Processing file /home/airflow/.local/lib/python3.12/site-packages/airflow/example_dags/tutorial.py for tasks to queue
[2025-11-25T01:47:44.515+0000] {logging_mixin.py:188} INFO - [2025-11-25T01:47:44.515+0000] {dagbag.py:545} INFO - Filling up the DagBag from /home/airflow/.local/lib/python3.12/site-packages/airflow/example_dags/tutorial.py
[2025-11-25T01:47:44.517+0000] {processor.py:840} INFO - DAG(s) 'tutorial' retrieved from /home/airflow/.local/lib/python3.12/site-packages/airflow/example_dags/tutorial.py
[2025-11-25T01:47:44.530+0000] {logging_mixin.py:188} INFO - [2025-11-25T01:47:44.530+0000] {dag.py:3096} INFO - Sync 1 DAGs
[2025-11-25T01:47:44.537+0000] {logging_mixin.py:188} INFO - [2025-11-25T01:47:44.537+0000] {dag.py:3954} INFO - Setting next_dagrun for tutorial to 2025-11-24 00:00:00+00:00, run_after=2025-11-25 00:00:00+00:00
[2025-11-25T01:47:44.544+0000] {processor.py:183} INFO - Processing /home/airflow/.local/lib/python3.12/site-packages/airflow/example_dags/tutorial.py took 0.035 seconds
[2025-11-25T02:00:40.097+0000] {processor.py:161} INFO - Started process (PID=183) to work on /home/airflow/.local/lib/python3.12/site-packages/airflow/example_dags/tutorial.py
[2025-11-25T02:00:40.098+0000] {processor.py:830} INFO - Processing file /home/airflow/.local/lib/python3.12/site-packages/airflow/example_dags/tutorial.py for tasks to queue
[2025-11-25T02:00:40.099+0000] {logging_mixin.py:188} INFO - [2025-11-25T02:00:40.098+0000] {dagbag.py:545} INFO - Filling up the DagBag from /home/airflow/.local/lib/python3.12/site-packages/airflow/example_dags/tutorial.py
[2025-11-25T02:00:40.101+0000] {processor.py:840} INFO - DAG(s) 'tutorial' retrieved from /home/airflow/.local/lib/python3.12/site-packages/airflow/example_dags/tutorial.py
[2025-11-25T02:00:40.107+0000] {logging_mixin.py:188} INFO - [2025-11-25T02:00:40.107+0000] {dag.py:3096} INFO - Sync 1 DAGs
[2025-11-25T02:00:40.115+0000] {logging_mixin.py:188} INFO - [2025-11-25T02:00:40.115+0000] {dag.py:3954} INFO - Setting next_dagrun for tutorial to 2025-11-24 00:00:00+00:00, run_after=2025-11-25 00:00:00+00:00
[2025-11-25T02:00:40.127+0000] {processor.py:183} INFO - Processing /home/airflow/.local/lib/python3.12/site-packages/airflow/example_dags/tutorial.py took 0.032 seconds
[2025-11-25T02:39:47.005+0000] {processor.py:161} INFO - Started process (PID=241) to work on /home/airflow/.local/lib/python3.12/site-packages/airflow/example_dags/tutorial.py
[2025-11-25T02:39:47.006+0000] {processor.py:830} INFO - Processing file /home/airflow/.local/lib/python3.12/site-packages/airflow/example_dags/tutorial.py for tasks to queue
[2025-11-25T02:39:47.007+0000] {logging_mixin.py:188} INFO - [2025-11-25T02:39:47.007+0000] {dagbag.py:545} INFO - Filling up the DagBag from /home/airflow/.local/lib/python3.12/site-packages/airflow/example_dags/tutorial.py
[2025-11-25T02:39:47.010+0000] {processor.py:840} INFO - DAG(s) 'tutorial' retrieved from /home/airflow/.local/lib/python3.12/site-packages/airflow/example_dags/tutorial.py
[2025-11-25T02:39:47.018+0000] {logging_mixin.py:188} INFO - [2025-11-25T02:39:47.018+0000] {dag.py:3096} INFO - Sync 1 DAGs
[2025-11-25T02:39:47.026+0000] {logging_mixin.py:188} INFO - [2025-11-25T02:39:47.026+0000] {dag.py:3954} INFO - Setting next_dagrun for tutorial to 2025-11-24 00:00:00+00:00, run_after=2025-11-25 00:00:00+00:00
[2025-11-25T02:39:47.032+0000] {processor.py:183} INFO - Processing /home/airflow/.local/lib/python3.12/site-packages/airflow/example_dags/tutorial.py took 0.028 seconds
[2025-11-25T02:46:11.440+0000] {processor.py:161} INFO - Started process (PID=299) to work on /home/airflow/.local/lib/python3.12/site-packages/airflow/example_dags/tutorial.py
[2025-11-25T02:46:11.441+0000] {processor.py:830} INFO - Processing file /home/airflow/.local/lib/python3.12/site-packages/airflow/example_dags/tutorial.py for tasks to queue
[2025-11-25T02:46:11.442+0000] {logging_mixin.py:188} INFO - [2025-11-25T02:46:11.442+0000] {dagbag.py:545} INFO - Filling up the DagBag from /home/airflow/.local/lib/python3.12/site-packages/airflow/example_dags/tutorial.py
[2025-11-25T02:46:11.445+0000] {processor.py:840} INFO - DAG(s) 'tutorial' retrieved from /home/airflow/.local/lib/python3.12/site-packages/airflow/example_dags/tutorial.py
[2025-11-25T02:46:11.454+0000] {logging_mixin.py:188} INFO - [2025-11-25T02:46:11.454+0000] {dag.py:3096} INFO - Sync 1 DAGs
[2025-11-25T02:46:11.462+0000] {logging_mixin.py:188} INFO - [2025-11-25T02:46:11.462+0000] {dag.py:3954} INFO - Setting next_dagrun for tutorial to 2025-11-24 00:00:00+00:00, run_after=2025-11-25 00:00:00+00:00
[2025-11-25T02:46:11.469+0000] {processor.py:183} INFO - Processing /home/airflow/.local/lib/python3.12/site-packages/airflow/example_dags/tutorial.py took 0.032 seconds
[2025-11-25T02:46:42.132+0000] {processor.py:161} INFO - Started process (PID=357) to work on /home/airflow/.local/lib/python3.12/site-packages/airflow/example_dags/tutorial.py
[2025-11-25T02:46:42.133+0000] {processor.py:830} INFO - Processing file /home/airflow/.local/lib/python3.12/site-packages/airflow/example_dags/tutorial.py for tasks to queue
[2025-11-25T02:46:42.134+0000] {logging_mixin.py:188} INFO - [2025-11-25T02:46:42.134+0000] {dagbag.py:545} INFO - Filling up the DagBag from /home/airflow/.local/lib/python3.12/site-packages/airflow/example_dags/tutorial.py
[2025-11-25T02:46:42.136+0000] {processor.py:840} INFO - DAG(s) 'tutorial' retrieved from /home/airflow/.local/lib/python3.12/site-packages/airflow/example_dags/tutorial.py
[2025-11-25T02:46:42.150+0000] {logging_mixin.py:188} INFO - [2025-11-25T02:46:42.150+0000] {dag.py:3096} INFO - Sync 1 DAGs
[2025-11-25T02:46:42.159+0000] {logging_mixin.py:188} INFO - [2025-11-25T02:46:42.159+0000] {dag.py:3954} INFO - Setting next_dagrun for tutorial to 2025-11-24 00:00:00+00:00, run_after=2025-11-25 00:00:00+00:00
[2025-11-25T02:46:42.166+0000] {processor.py:183} INFO - Processing /home/airflow/.local/lib/python3.12/site-packages/airflow/example_dags/tutorial.py took 0.036 seconds
[2025-11-25T02:47:12.782+0000] {processor.py:161} INFO - Started process (PID=415) to work on /home/airflow/.local/lib/python3.12/site-packages/airflow/example_dags/tutorial.py
[2025-11-25T02:47:12.783+0000] {processor.py:830} INFO - Processing file /home/airflow/.local/lib/python3.12/site-packages/airflow/example_dags/tutorial.py for tasks to queue
[2025-11-25T02:47:12.784+0000] {logging_mixin.py:188} INFO - [2025-11-25T02:47:12.784+0000] {dagbag.py:545} INFO - Filling up the DagBag from /home/airflow/.local/lib/python3.12/site-packages/airflow/example_dags/tutorial.py
[2025-11-25T02:47:12.786+0000] {processor.py:840} INFO - DAG(s) 'tutorial' retrieved from /home/airflow/.local/lib/python3.12/site-packages/airflow/example_dags/tutorial.py
[2025-11-25T02:47:12.794+0000] {logging_mixin.py:188} INFO - [2025-11-25T02:47:12.794+0000] {dag.py:3096} INFO - Sync 1 DAGs
[2025-11-25T02:47:12.803+0000] {logging_mixin.py:188} INFO - [2025-11-25T02:47:12.803+0000] {dag.py:3954} INFO - Setting next_dagrun for tutorial to 2025-11-24 00:00:00+00:00, run_after=2025-11-25 00:00:00+00:00
[2025-11-25T02:47:12.809+0000] {processor.py:183} INFO - Processing /home/airflow/.local/lib/python3.12/site-packages/airflow/example_dags/tutorial.py took 0.029 seconds
[2025-11-25T02:47:43.326+0000] {processor.py:161} INFO - Started process (PID=473) to work on /home/airflow/.local/lib/python3.12/site-packages/airflow/example_dags/tutorial.py
[2025-11-25T02:47:43.327+0000] {processor.py:830} INFO - Processing file /home/airflow/.local/lib/python3.12/site-packages/airflow/example_dags/tutorial.py for tasks to queue
[2025-11-25T02:47:43.328+0000] {logging_mixin.py:188} INFO - [2025-11-25T02:47:43.328+0000] {dagbag.py:545} INFO - Filling up the DagBag from /home/airflow/.local/lib/python3.12/site-packages/airflow/example_dags/tutorial.py
[2025-11-25T02:47:43.330+0000] {processor.py:840} INFO - DAG(s) 'tutorial' retrieved from /home/airflow/.local/lib/python3.12/site-packages/airflow/example_dags/tutorial.py
[2025-11-25T02:47:43.340+0000] {logging_mixin.py:188} INFO - [2025-11-25T02:47:43.340+0000] {dag.py:3096} INFO - Sync 1 DAGs
[2025-11-25T02:47:43.348+0000] {logging_mixin.py:188} INFO - [2025-11-25T02:47:43.348+0000] {dag.py:3954} INFO - Setting next_dagrun for tutorial to 2025-11-24 00:00:00+00:00, run_after=2025-11-25 00:00:00+00:00
[2025-11-25T02:47:43.353+0000] {processor.py:183} INFO - Processing /home/airflow/.local/lib/python3.12/site-packages/airflow/example_dags/tutorial.py took 0.029 seconds
[2025-11-25T02:49:25.792+0000] {processor.py:161} INFO - Started process (PID=531) to work on /home/airflow/.local/lib/python3.12/site-packages/airflow/example_dags/tutorial.py
[2025-11-25T02:49:25.793+0000] {processor.py:830} INFO - Processing file /home/airflow/.local/lib/python3.12/site-packages/airflow/example_dags/tutorial.py for tasks to queue
[2025-11-25T02:49:25.794+0000] {logging_mixin.py:188} INFO - [2025-11-25T02:49:25.794+0000] {dagbag.py:545} INFO - Filling up the DagBag from /home/airflow/.local/lib/python3.12/site-packages/airflow/example_dags/tutorial.py
[2025-11-25T02:49:25.798+0000] {processor.py:840} INFO - DAG(s) 'tutorial' retrieved from /home/airflow/.local/lib/python3.12/site-packages/airflow/example_dags/tutorial.py
[2025-11-25T02:49:25.822+0000] {logging_mixin.py:188} INFO - [2025-11-25T02:49:25.821+0000] {dag.py:3096} INFO - Sync 1 DAGs
[2025-11-25T02:49:25.845+0000] {logging_mixin.py:188} INFO - [2025-11-25T02:49:25.844+0000] {dag.py:3954} INFO - Setting next_dagrun for tutorial to 2025-11-24 00:00:00+00:00, run_after=2025-11-25 00:00:00+00:00
[2025-11-25T02:49:25.866+0000] {processor.py:183} INFO - Processing /home/airflow/.local/lib/python3.12/site-packages/airflow/example_dags/tutorial.py took 0.076 seconds
[2025-11-25T02:49:55.900+0000] {processor.py:161} INFO - Started process (PID=589) to work on /home/airflow/.local/lib/python3.12/site-packages/airflow/example_dags/tutorial.py
[2025-11-25T02:49:55.900+0000] {processor.py:830} INFO - Processing file /home/airflow/.local/lib/python3.12/site-packages/airflow/example_dags/tutorial.py for tasks to queue
[2025-11-25T02:49:55.901+0000] {logging_mixin.py:188} INFO - [2025-11-25T02:49:55.901+0000] {dagbag.py:545} INFO - Filling up the DagBag from /home/airflow/.local/lib/python3.12/site-packages/airflow/example_dags/tutorial.py
[2025-11-25T02:49:55.903+0000] {processor.py:840} INFO - DAG(s) 'tutorial' retrieved from /home/airflow/.local/lib/python3.12/site-packages/airflow/example_dags/tutorial.py
[2025-11-25T02:49:55.913+0000] {logging_mixin.py:188} INFO - [2025-11-25T02:49:55.913+0000] {dag.py:3096} INFO - Sync 1 DAGs
[2025-11-25T02:49:55.922+0000] {logging_mixin.py:188} INFO - [2025-11-25T02:49:55.922+0000] {dag.py:3954} INFO - Setting next_dagrun for tutorial to 2025-11-24 00:00:00+00:00, run_after=2025-11-25 00:00:00+00:00
[2025-11-25T02:49:55.931+0000] {processor.py:183} INFO - Processing /home/airflow/.local/lib/python3.12/site-packages/airflow/example_dags/tutorial.py took 0.033 seconds
[2025-11-25T02:50:26.477+0000] {processor.py:161} INFO - Started process (PID=647) to work on /home/airflow/.local/lib/python3.12/site-packages/airflow/example_dags/tutorial.py
[2025-11-25T02:50:26.478+0000] {processor.py:830} INFO - Processing file /home/airflow/.local/lib/python3.12/site-packages/airflow/example_dags/tutorial.py for tasks to queue
[2025-11-25T02:50:26.479+0000] {logging_mixin.py:188} INFO - [2025-11-25T02:50:26.478+0000] {dagbag.py:545} INFO - Filling up the DagBag from /home/airflow/.local/lib/python3.12/site-packages/airflow/example_dags/tutorial.py
[2025-11-25T02:50:26.481+0000] {processor.py:840} INFO - DAG(s) 'tutorial' retrieved from /home/airflow/.local/lib/python3.12/site-packages/airflow/example_dags/tutorial.py
[2025-11-25T02:50:26.489+0000] {logging_mixin.py:188} INFO - [2025-11-25T02:50:26.489+0000] {dag.py:3096} INFO - Sync 1 DAGs
[2025-11-25T02:50:26.498+0000] {logging_mixin.py:188} INFO - [2025-11-25T02:50:26.498+0000] {dag.py:3954} INFO - Setting next_dagrun for tutorial to 2025-11-24 00:00:00+00:00, run_after=2025-11-25 00:00:00+00:00
[2025-11-25T02:50:26.506+0000] {processor.py:183} INFO - Processing /home/airflow/.local/lib/python3.12/site-packages/airflow/example_dags/tutorial.py took 0.032 seconds
[2025-11-25T02:55:36.361+0000] {processor.py:161} INFO - Started process (PID=705) to work on /home/airflow/.local/lib/python3.12/site-packages/airflow/example_dags/tutorial.py
[2025-11-25T02:55:36.362+0000] {processor.py:830} INFO - Processing file /home/airflow/.local/lib/python3.12/site-packages/airflow/example_dags/tutorial.py for tasks to queue
[2025-11-25T02:55:36.363+0000] {logging_mixin.py:188} INFO - [2025-11-25T02:55:36.363+0000] {dagbag.py:545} INFO - Filling up the DagBag from /home/airflow/.local/lib/python3.12/site-packages/airflow/example_dags/tutorial.py
[2025-11-25T02:55:36.365+0000] {processor.py:840} INFO - DAG(s) 'tutorial' retrieved from /home/airflow/.local/lib/python3.12/site-packages/airflow/example_dags/tutorial.py
[2025-11-25T02:55:36.374+0000] {logging_mixin.py:188} INFO - [2025-11-25T02:55:36.374+0000] {dag.py:3096} INFO - Sync 1 DAGs
[2025-11-25T02:55:36.387+0000] {logging_mixin.py:188} INFO - [2025-11-25T02:55:36.386+0000] {dag.py:3954} INFO - Setting next_dagrun for tutorial to 2025-11-24 00:00:00+00:00, run_after=2025-11-25 00:00:00+00:00
[2025-11-25T02:55:36.394+0000] {processor.py:183} INFO - Processing /home/airflow/.local/lib/python3.12/site-packages/airflow/example_dags/tutorial.py took 0.037 seconds
[2025-11-25T02:57:19.209+0000] {processor.py:161} INFO - Started process (PID=763) to work on /home/airflow/.local/lib/python3.12/site-packages/airflow/example_dags/tutorial.py
[2025-11-25T02:57:19.210+0000] {processor.py:830} INFO - Processing file /home/airflow/.local/lib/python3.12/site-packages/airflow/example_dags/tutorial.py for tasks to queue
[2025-11-25T02:57:19.211+0000] {logging_mixin.py:188} INFO - [2025-11-25T02:57:19.211+0000] {dagbag.py:545} INFO - Filling up the DagBag from /home/airflow/.local/lib/python3.12/site-packages/airflow/example_dags/tutorial.py
[2025-11-25T02:57:19.214+0000] {processor.py:840} INFO - DAG(s) 'tutorial' retrieved from /home/airflow/.local/lib/python3.12/site-packages/airflow/example_dags/tutorial.py
[2025-11-25T02:57:19.223+0000] {logging_mixin.py:188} INFO - [2025-11-25T02:57:19.223+0000] {dag.py:3096} INFO - Sync 1 DAGs
[2025-11-25T02:57:19.230+0000] {logging_mixin.py:188} INFO - [2025-11-25T02:57:19.230+0000] {dag.py:3954} INFO - Setting next_dagrun for tutorial to 2025-11-24 00:00:00+00:00, run_after=2025-11-25 00:00:00+00:00
[2025-11-25T02:57:19.245+0000] {processor.py:183} INFO - Processing /home/airflow/.local/lib/python3.12/site-packages/airflow/example_dags/tutorial.py took 0.038 seconds
[2025-11-25T02:58:09.887+0000] {processor.py:161} INFO - Started process (PID=821) to work on /home/airflow/.local/lib/python3.12/site-packages/airflow/example_dags/tutorial.py
[2025-11-25T02:58:09.887+0000] {processor.py:830} INFO - Processing file /home/airflow/.local/lib/python3.12/site-packages/airflow/example_dags/tutorial.py for tasks to queue
[2025-11-25T02:58:09.888+0000] {logging_mixin.py:188} INFO - [2025-11-25T02:58:09.888+0000] {dagbag.py:545} INFO - Filling up the DagBag from /home/airflow/.local/lib/python3.12/site-packages/airflow/example_dags/tutorial.py
[2025-11-25T02:58:09.890+0000] {processor.py:840} INFO - DAG(s) 'tutorial' retrieved from /home/airflow/.local/lib/python3.12/site-packages/airflow/example_dags/tutorial.py
[2025-11-25T02:58:09.897+0000] {logging_mixin.py:188} INFO - [2025-11-25T02:58:09.897+0000] {dag.py:3096} INFO - Sync 1 DAGs
[2025-11-25T02:58:09.904+0000] {logging_mixin.py:188} INFO - [2025-11-25T02:58:09.904+0000] {dag.py:3954} INFO - Setting next_dagrun for tutorial to 2025-11-24 00:00:00+00:00, run_after=2025-11-25 00:00:00+00:00
[2025-11-25T02:58:09.910+0000] {processor.py:183} INFO - Processing /home/airflow/.local/lib/python3.12/site-packages/airflow/example_dags/tutorial.py took 0.025 seconds
[2025-11-25T02:59:17.979+0000] {processor.py:161} INFO - Started process (PID=879) to work on /home/airflow/.local/lib/python3.12/site-packages/airflow/example_dags/tutorial.py
[2025-11-25T02:59:17.982+0000] {processor.py:830} INFO - Processing file /home/airflow/.local/lib/python3.12/site-packages/airflow/example_dags/tutorial.py for tasks to queue
[2025-11-25T02:59:17.984+0000] {logging_mixin.py:188} INFO - [2025-11-25T02:59:17.984+0000] {dagbag.py:545} INFO - Filling up the DagBag from /home/airflow/.local/lib/python3.12/site-packages/airflow/example_dags/tutorial.py
[2025-11-25T02:59:17.988+0000] {processor.py:840} INFO - DAG(s) 'tutorial' retrieved from /home/airflow/.local/lib/python3.12/site-packages/airflow/example_dags/tutorial.py
[2025-11-25T02:59:17.997+0000] {logging_mixin.py:188} INFO - [2025-11-25T02:59:17.997+0000] {dag.py:3096} INFO - Sync 1 DAGs
[2025-11-25T02:59:18.006+0000] {logging_mixin.py:188} INFO - [2025-11-25T02:59:18.006+0000] {dag.py:3954} INFO - Setting next_dagrun for tutorial to 2025-11-24 00:00:00+00:00, run_after=2025-11-25 00:00:00+00:00
[2025-11-25T02:59:18.012+0000] {processor.py:183} INFO - Processing /home/airflow/.local/lib/python3.12/site-packages/airflow/example_dags/tutorial.py took 0.035 seconds
[2025-11-25T03:42:19.903+0000] {processor.py:161} INFO - Started process (PID=937) to work on /home/airflow/.local/lib/python3.12/site-packages/airflow/example_dags/tutorial.py
[2025-11-25T03:42:19.904+0000] {processor.py:830} INFO - Processing file /home/airflow/.local/lib/python3.12/site-packages/airflow/example_dags/tutorial.py for tasks to queue
[2025-11-25T03:42:19.905+0000] {logging_mixin.py:188} INFO - [2025-11-25T03:42:19.905+0000] {dagbag.py:545} INFO - Filling up the DagBag from /home/airflow/.local/lib/python3.12/site-packages/airflow/example_dags/tutorial.py
[2025-11-25T03:42:19.909+0000] {processor.py:840} INFO - DAG(s) 'tutorial' retrieved from /home/airflow/.local/lib/python3.12/site-packages/airflow/example_dags/tutorial.py
[2025-11-25T03:42:19.916+0000] {logging_mixin.py:188} INFO - [2025-11-25T03:42:19.915+0000] {dag.py:3096} INFO - Sync 1 DAGs
[2025-11-25T03:42:19.923+0000] {logging_mixin.py:188} INFO - [2025-11-25T03:42:19.923+0000] {dag.py:3954} INFO - Setting next_dagrun for tutorial to 2025-11-24 00:00:00+00:00, run_after=2025-11-25 00:00:00+00:00
[2025-11-25T03:42:19.930+0000] {processor.py:183} INFO - Processing /home/airflow/.local/lib/python3.12/site-packages/airflow/example_dags/tutorial.py took 0.029 seconds
[2025-11-25T04:00:22.113+0000] {processor.py:161} INFO - Started process (PID=995) to work on /home/airflow/.local/lib/python3.12/site-packages/airflow/example_dags/tutorial.py
[2025-11-25T04:00:22.113+0000] {processor.py:830} INFO - Processing file /home/airflow/.local/lib/python3.12/site-packages/airflow/example_dags/tutorial.py for tasks to queue
[2025-11-25T04:00:22.114+0000] {logging_mixin.py:188} INFO - [2025-11-25T04:00:22.114+0000] {dagbag.py:545} INFO - Filling up the DagBag from /home/airflow/.local/lib/python3.12/site-packages/airflow/example_dags/tutorial.py
[2025-11-25T04:00:22.116+0000] {processor.py:840} INFO - DAG(s) 'tutorial' retrieved from /home/airflow/.local/lib/python3.12/site-packages/airflow/example_dags/tutorial.py
[2025-11-25T04:00:22.124+0000] {logging_mixin.py:188} INFO - [2025-11-25T04:00:22.124+0000] {dag.py:3096} INFO - Sync 1 DAGs
[2025-11-25T04:00:22.132+0000] {logging_mixin.py:188} INFO - [2025-11-25T04:00:22.132+0000] {dag.py:3954} INFO - Setting next_dagrun for tutorial to 2025-11-24 00:00:00+00:00, run_after=2025-11-25 00:00:00+00:00
[2025-11-25T04:00:22.141+0000] {processor.py:183} INFO - Processing /home/airflow/.local/lib/python3.12/site-packages/airflow/example_dags/tutorial.py took 0.031 seconds
[2025-11-25T04:37:52.151+0000] {processor.py:161} INFO - Started process (PID=1053) to work on /home/airflow/.local/lib/python3.12/site-packages/airflow/example_dags/tutorial.py
[2025-11-25T04:37:52.152+0000] {processor.py:830} INFO - Processing file /home/airflow/.local/lib/python3.12/site-packages/airflow/example_dags/tutorial.py for tasks to queue
[2025-11-25T04:37:52.153+0000] {logging_mixin.py:188} INFO - [2025-11-25T04:37:52.153+0000] {dagbag.py:545} INFO - Filling up the DagBag from /home/airflow/.local/lib/python3.12/site-packages/airflow/example_dags/tutorial.py
[2025-11-25T04:37:52.156+0000] {processor.py:840} INFO - DAG(s) 'tutorial' retrieved from /home/airflow/.local/lib/python3.12/site-packages/airflow/example_dags/tutorial.py
[2025-11-25T04:37:52.165+0000] {logging_mixin.py:188} INFO - [2025-11-25T04:37:52.165+0000] {dag.py:3096} INFO - Sync 1 DAGs
[2025-11-25T04:37:52.172+0000] {logging_mixin.py:188} INFO - [2025-11-25T04:37:52.172+0000] {dag.py:3954} INFO - Setting next_dagrun for tutorial to 2025-11-24 00:00:00+00:00, run_after=2025-11-25 00:00:00+00:00
[2025-11-25T04:37:52.182+0000] {processor.py:183} INFO - Processing /home/airflow/.local/lib/python3.12/site-packages/airflow/example_dags/tutorial.py took 0.033 seconds
[2025-11-25T04:51:31.826+0000] {processor.py:161} INFO - Started process (PID=1111) to work on /home/airflow/.local/lib/python3.12/site-packages/airflow/example_dags/tutorial.py
[2025-11-25T04:51:31.827+0000] {processor.py:830} INFO - Processing file /home/airflow/.local/lib/python3.12/site-packages/airflow/example_dags/tutorial.py for tasks to queue
[2025-11-25T04:51:31.827+0000] {logging_mixin.py:188} INFO - [2025-11-25T04:51:31.827+0000] {dagbag.py:545} INFO - Filling up the DagBag from /home/airflow/.local/lib/python3.12/site-packages/airflow/example_dags/tutorial.py
[2025-11-25T04:51:31.830+0000] {processor.py:840} INFO - DAG(s) 'tutorial' retrieved from /home/airflow/.local/lib/python3.12/site-packages/airflow/example_dags/tutorial.py
[2025-11-25T04:51:31.838+0000] {logging_mixin.py:188} INFO - [2025-11-25T04:51:31.838+0000] {dag.py:3096} INFO - Sync 1 DAGs
[2025-11-25T04:51:31.845+0000] {logging_mixin.py:188} INFO - [2025-11-25T04:51:31.845+0000] {dag.py:3954} INFO - Setting next_dagrun for tutorial to 2025-11-24 00:00:00+00:00, run_after=2025-11-25 00:00:00+00:00
[2025-11-25T04:51:31.853+0000] {processor.py:183} INFO - Processing /home/airflow/.local/lib/python3.12/site-packages/airflow/example_dags/tutorial.py took 0.029 seconds
[2025-11-25T05:12:36.836+0000] {processor.py:161} INFO - Started process (PID=1169) to work on /home/airflow/.local/lib/python3.12/site-packages/airflow/example_dags/tutorial.py
[2025-11-25T05:12:36.837+0000] {processor.py:830} INFO - Processing file /home/airflow/.local/lib/python3.12/site-packages/airflow/example_dags/tutorial.py for tasks to queue
[2025-11-25T05:12:36.837+0000] {logging_mixin.py:188} INFO - [2025-11-25T05:12:36.837+0000] {dagbag.py:545} INFO - Filling up the DagBag from /home/airflow/.local/lib/python3.12/site-packages/airflow/example_dags/tutorial.py
[2025-11-25T05:12:36.839+0000] {processor.py:840} INFO - DAG(s) 'tutorial' retrieved from /home/airflow/.local/lib/python3.12/site-packages/airflow/example_dags/tutorial.py
[2025-11-25T05:12:36.848+0000] {logging_mixin.py:188} INFO - [2025-11-25T05:12:36.848+0000] {dag.py:3096} INFO - Sync 1 DAGs
[2025-11-25T05:12:36.858+0000] {logging_mixin.py:188} INFO - [2025-11-25T05:12:36.858+0000] {dag.py:3954} INFO - Setting next_dagrun for tutorial to 2025-11-24 00:00:00+00:00, run_after=2025-11-25 00:00:00+00:00
[2025-11-25T05:12:36.866+0000] {processor.py:183} INFO - Processing /home/airflow/.local/lib/python3.12/site-packages/airflow/example_dags/tutorial.py took 0.032 seconds
[2025-11-25T05:17:24.232+0000] {processor.py:161} INFO - Started process (PID=1227) to work on /home/airflow/.local/lib/python3.12/site-packages/airflow/example_dags/tutorial.py
[2025-11-25T05:17:24.234+0000] {processor.py:830} INFO - Processing file /home/airflow/.local/lib/python3.12/site-packages/airflow/example_dags/tutorial.py for tasks to queue
[2025-11-25T05:17:24.235+0000] {logging_mixin.py:188} INFO - [2025-11-25T05:17:24.235+0000] {dagbag.py:545} INFO - Filling up the DagBag from /home/airflow/.local/lib/python3.12/site-packages/airflow/example_dags/tutorial.py
[2025-11-25T05:17:24.238+0000] {processor.py:840} INFO - DAG(s) 'tutorial' retrieved from /home/airflow/.local/lib/python3.12/site-packages/airflow/example_dags/tutorial.py
[2025-11-25T05:17:24.247+0000] {logging_mixin.py:188} INFO - [2025-11-25T05:17:24.247+0000] {dag.py:3096} INFO - Sync 1 DAGs
[2025-11-25T05:17:24.257+0000] {logging_mixin.py:188} INFO - [2025-11-25T05:17:24.257+0000] {dag.py:3954} INFO - Setting next_dagrun for tutorial to 2025-11-24 00:00:00+00:00, run_after=2025-11-25 00:00:00+00:00
[2025-11-25T05:17:24.266+0000] {processor.py:183} INFO - Processing /home/airflow/.local/lib/python3.12/site-packages/airflow/example_dags/tutorial.py took 0.037 seconds
[2025-11-25T05:56:33.820+0000] {processor.py:161} INFO - Started process (PID=1285) to work on /home/airflow/.local/lib/python3.12/site-packages/airflow/example_dags/tutorial.py
[2025-11-25T05:56:33.821+0000] {processor.py:830} INFO - Processing file /home/airflow/.local/lib/python3.12/site-packages/airflow/example_dags/tutorial.py for tasks to queue
[2025-11-25T05:56:33.822+0000] {logging_mixin.py:188} INFO - [2025-11-25T05:56:33.822+0000] {dagbag.py:545} INFO - Filling up the DagBag from /home/airflow/.local/lib/python3.12/site-packages/airflow/example_dags/tutorial.py
[2025-11-25T05:56:33.824+0000] {processor.py:840} INFO - DAG(s) 'tutorial' retrieved from /home/airflow/.local/lib/python3.12/site-packages/airflow/example_dags/tutorial.py
[2025-11-25T05:56:33.835+0000] {logging_mixin.py:188} INFO - [2025-11-25T05:56:33.835+0000] {dag.py:3096} INFO - Sync 1 DAGs
[2025-11-25T05:56:33.844+0000] {logging_mixin.py:188} INFO - [2025-11-25T05:56:33.844+0000] {dag.py:3954} INFO - Setting next_dagrun for tutorial to 2025-11-24 00:00:00+00:00, run_after=2025-11-25 00:00:00+00:00
[2025-11-25T05:56:33.853+0000] {processor.py:183} INFO - Processing /home/airflow/.local/lib/python3.12/site-packages/airflow/example_dags/tutorial.py took 0.035 seconds
[2025-11-25T06:58:35.381+0000] {processor.py:161} INFO - Started process (PID=1343) to work on /home/airflow/.local/lib/python3.12/site-packages/airflow/example_dags/tutorial.py
[2025-11-25T06:58:35.383+0000] {processor.py:830} INFO - Processing file /home/airflow/.local/lib/python3.12/site-packages/airflow/example_dags/tutorial.py for tasks to queue
[2025-11-25T06:58:35.384+0000] {logging_mixin.py:188} INFO - [2025-11-25T06:58:35.384+0000] {dagbag.py:545} INFO - Filling up the DagBag from /home/airflow/.local/lib/python3.12/site-packages/airflow/example_dags/tutorial.py
[2025-11-25T06:58:35.386+0000] {processor.py:840} INFO - DAG(s) 'tutorial' retrieved from /home/airflow/.local/lib/python3.12/site-packages/airflow/example_dags/tutorial.py
[2025-11-25T06:58:35.396+0000] {logging_mixin.py:188} INFO - [2025-11-25T06:58:35.396+0000] {dag.py:3096} INFO - Sync 1 DAGs
[2025-11-25T06:58:35.406+0000] {logging_mixin.py:188} INFO - [2025-11-25T06:58:35.406+0000] {dag.py:3954} INFO - Setting next_dagrun for tutorial to 2025-11-24 00:00:00+00:00, run_after=2025-11-25 00:00:00+00:00
[2025-11-25T06:58:35.414+0000] {processor.py:183} INFO - Processing /home/airflow/.local/lib/python3.12/site-packages/airflow/example_dags/tutorial.py took 0.036 seconds
[2025-11-25T07:22:30.564+0000] {processor.py:161} INFO - Started process (PID=1401) to work on /home/airflow/.local/lib/python3.12/site-packages/airflow/example_dags/tutorial.py
[2025-11-25T07:22:30.566+0000] {processor.py:830} INFO - Processing file /home/airflow/.local/lib/python3.12/site-packages/airflow/example_dags/tutorial.py for tasks to queue
[2025-11-25T07:22:30.568+0000] {logging_mixin.py:188} INFO - [2025-11-25T07:22:30.568+0000] {dagbag.py:545} INFO - Filling up the DagBag from /home/airflow/.local/lib/python3.12/site-packages/airflow/example_dags/tutorial.py
[2025-11-25T07:22:30.571+0000] {processor.py:840} INFO - DAG(s) 'tutorial' retrieved from /home/airflow/.local/lib/python3.12/site-packages/airflow/example_dags/tutorial.py
[2025-11-25T07:22:30.582+0000] {logging_mixin.py:188} INFO - [2025-11-25T07:22:30.582+0000] {dag.py:3096} INFO - Sync 1 DAGs
[2025-11-25T07:22:30.589+0000] {logging_mixin.py:188} INFO - [2025-11-25T07:22:30.589+0000] {dag.py:3954} INFO - Setting next_dagrun for tutorial to 2025-11-24 00:00:00+00:00, run_after=2025-11-25 00:00:00+00:00
[2025-11-25T07:22:30.599+0000] {processor.py:183} INFO - Processing /home/airflow/.local/lib/python3.12/site-packages/airflow/example_dags/tutorial.py took 0.038 seconds
[2025-11-25T08:11:29.715+0000] {processor.py:161} INFO - Started process (PID=1459) to work on /home/airflow/.local/lib/python3.12/site-packages/airflow/example_dags/tutorial.py
[2025-11-25T08:11:29.716+0000] {processor.py:830} INFO - Processing file /home/airflow/.local/lib/python3.12/site-packages/airflow/example_dags/tutorial.py for tasks to queue
[2025-11-25T08:11:29.716+0000] {logging_mixin.py:188} INFO - [2025-11-25T08:11:29.716+0000] {dagbag.py:545} INFO - Filling up the DagBag from /home/airflow/.local/lib/python3.12/site-packages/airflow/example_dags/tutorial.py
[2025-11-25T08:11:29.719+0000] {processor.py:840} INFO - DAG(s) 'tutorial' retrieved from /home/airflow/.local/lib/python3.12/site-packages/airflow/example_dags/tutorial.py
[2025-11-25T08:11:29.725+0000] {logging_mixin.py:188} INFO - [2025-11-25T08:11:29.725+0000] {dag.py:3096} INFO - Sync 1 DAGs
[2025-11-25T08:11:29.732+0000] {logging_mixin.py:188} INFO - [2025-11-25T08:11:29.732+0000] {dag.py:3954} INFO - Setting next_dagrun for tutorial to 2025-11-24 00:00:00+00:00, run_after=2025-11-25 00:00:00+00:00
[2025-11-25T08:11:29.738+0000] {processor.py:183} INFO - Processing /home/airflow/.local/lib/python3.12/site-packages/airflow/example_dags/tutorial.py took 0.025 seconds
[2025-11-25T09:18:22.247+0000] {processor.py:161} INFO - Started process (PID=1517) to work on /home/airflow/.local/lib/python3.12/site-packages/airflow/example_dags/tutorial.py
[2025-11-25T09:18:22.248+0000] {processor.py:830} INFO - Processing file /home/airflow/.local/lib/python3.12/site-packages/airflow/example_dags/tutorial.py for tasks to queue
[2025-11-25T09:18:22.249+0000] {logging_mixin.py:188} INFO - [2025-11-25T09:18:22.249+0000] {dagbag.py:545} INFO - Filling up the DagBag from /home/airflow/.local/lib/python3.12/site-packages/airflow/example_dags/tutorial.py
[2025-11-25T09:18:22.251+0000] {processor.py:840} INFO - DAG(s) 'tutorial' retrieved from /home/airflow/.local/lib/python3.12/site-packages/airflow/example_dags/tutorial.py
[2025-11-25T09:18:22.258+0000] {logging_mixin.py:188} INFO - [2025-11-25T09:18:22.258+0000] {dag.py:3096} INFO - Sync 1 DAGs
[2025-11-25T09:18:22.268+0000] {logging_mixin.py:188} INFO - [2025-11-25T09:18:22.268+0000] {dag.py:3954} INFO - Setting next_dagrun for tutorial to 2025-11-24 00:00:00+00:00, run_after=2025-11-25 00:00:00+00:00
[2025-11-25T09:18:22.278+0000] {processor.py:183} INFO - Processing /home/airflow/.local/lib/python3.12/site-packages/airflow/example_dags/tutorial.py took 0.033 seconds
[2025-11-25T10:44:07.382+0000] {processor.py:161} INFO - Started process (PID=1575) to work on /home/airflow/.local/lib/python3.12/site-packages/airflow/example_dags/tutorial.py
[2025-11-25T10:44:07.382+0000] {processor.py:830} INFO - Processing file /home/airflow/.local/lib/python3.12/site-packages/airflow/example_dags/tutorial.py for tasks to queue
[2025-11-25T10:44:07.383+0000] {logging_mixin.py:188} INFO - [2025-11-25T10:44:07.383+0000] {dagbag.py:545} INFO - Filling up the DagBag from /home/airflow/.local/lib/python3.12/site-packages/airflow/example_dags/tutorial.py
[2025-11-25T10:44:07.385+0000] {processor.py:840} INFO - DAG(s) 'tutorial' retrieved from /home/airflow/.local/lib/python3.12/site-packages/airflow/example_dags/tutorial.py
[2025-11-25T10:44:07.407+0000] {logging_mixin.py:188} INFO - [2025-11-25T10:44:07.406+0000] {dag.py:3096} INFO - Sync 1 DAGs
[2025-11-25T10:44:07.418+0000] {logging_mixin.py:188} INFO - [2025-11-25T10:44:07.417+0000] {dag.py:3954} INFO - Setting next_dagrun for tutorial to 2025-11-24 00:00:00+00:00, run_after=2025-11-25 00:00:00+00:00
[2025-11-25T10:44:07.426+0000] {processor.py:183} INFO - Processing /home/airflow/.local/lib/python3.12/site-packages/airflow/example_dags/tutorial.py took 0.047 seconds
[2025-11-25T11:23:13.562+0000] {processor.py:161} INFO - Started process (PID=1633) to work on /home/airflow/.local/lib/python3.12/site-packages/airflow/example_dags/tutorial.py
[2025-11-25T11:23:13.563+0000] {processor.py:830} INFO - Processing file /home/airflow/.local/lib/python3.12/site-packages/airflow/example_dags/tutorial.py for tasks to queue
[2025-11-25T11:23:13.564+0000] {logging_mixin.py:188} INFO - [2025-11-25T11:23:13.564+0000] {dagbag.py:545} INFO - Filling up the DagBag from /home/airflow/.local/lib/python3.12/site-packages/airflow/example_dags/tutorial.py
[2025-11-25T11:23:13.567+0000] {processor.py:840} INFO - DAG(s) 'tutorial' retrieved from /home/airflow/.local/lib/python3.12/site-packages/airflow/example_dags/tutorial.py
[2025-11-25T11:23:13.581+0000] {logging_mixin.py:188} INFO - [2025-11-25T11:23:13.581+0000] {dag.py:3096} INFO - Sync 1 DAGs
[2025-11-25T11:23:13.591+0000] {logging_mixin.py:188} INFO - [2025-11-25T11:23:13.591+0000] {dag.py:3954} INFO - Setting next_dagrun for tutorial to 2025-11-24 00:00:00+00:00, run_after=2025-11-25 00:00:00+00:00
[2025-11-25T11:23:13.597+0000] {processor.py:183} INFO - Processing /home/airflow/.local/lib/python3.12/site-packages/airflow/example_dags/tutorial.py took 0.037 seconds
[2025-11-25T12:21:40.850+0000] {processor.py:161} INFO - Started process (PID=1691) to work on /home/airflow/.local/lib/python3.12/site-packages/airflow/example_dags/tutorial.py
[2025-11-25T12:21:40.853+0000] {processor.py:830} INFO - Processing file /home/airflow/.local/lib/python3.12/site-packages/airflow/example_dags/tutorial.py for tasks to queue
[2025-11-25T12:21:40.854+0000] {logging_mixin.py:188} INFO - [2025-11-25T12:21:40.853+0000] {dagbag.py:545} INFO - Filling up the DagBag from /home/airflow/.local/lib/python3.12/site-packages/airflow/example_dags/tutorial.py
[2025-11-25T12:21:40.857+0000] {processor.py:840} INFO - DAG(s) 'tutorial' retrieved from /home/airflow/.local/lib/python3.12/site-packages/airflow/example_dags/tutorial.py
[2025-11-25T12:21:40.867+0000] {logging_mixin.py:188} INFO - [2025-11-25T12:21:40.867+0000] {dag.py:3096} INFO - Sync 1 DAGs
[2025-11-25T12:21:40.876+0000] {logging_mixin.py:188} INFO - [2025-11-25T12:21:40.876+0000] {dag.py:3954} INFO - Setting next_dagrun for tutorial to 2025-11-24 00:00:00+00:00, run_after=2025-11-25 00:00:00+00:00
[2025-11-25T12:21:40.886+0000] {processor.py:183} INFO - Processing /home/airflow/.local/lib/python3.12/site-packages/airflow/example_dags/tutorial.py took 0.038 seconds
[2025-11-25T13:00:42.689+0000] {processor.py:161} INFO - Started process (PID=1749) to work on /home/airflow/.local/lib/python3.12/site-packages/airflow/example_dags/tutorial.py
[2025-11-25T13:00:42.690+0000] {processor.py:830} INFO - Processing file /home/airflow/.local/lib/python3.12/site-packages/airflow/example_dags/tutorial.py for tasks to queue
[2025-11-25T13:00:42.691+0000] {logging_mixin.py:188} INFO - [2025-11-25T13:00:42.690+0000] {dagbag.py:545} INFO - Filling up the DagBag from /home/airflow/.local/lib/python3.12/site-packages/airflow/example_dags/tutorial.py
[2025-11-25T13:00:42.695+0000] {processor.py:840} INFO - DAG(s) 'tutorial' retrieved from /home/airflow/.local/lib/python3.12/site-packages/airflow/example_dags/tutorial.py
[2025-11-25T13:00:42.702+0000] {logging_mixin.py:188} INFO - [2025-11-25T13:00:42.702+0000] {dag.py:3096} INFO - Sync 1 DAGs
[2025-11-25T13:00:42.713+0000] {logging_mixin.py:188} INFO - [2025-11-25T13:00:42.712+0000] {dag.py:3954} INFO - Setting next_dagrun for tutorial to 2025-11-24 00:00:00+00:00, run_after=2025-11-25 00:00:00+00:00
[2025-11-25T13:00:42.722+0000] {processor.py:183} INFO - Processing /home/airflow/.local/lib/python3.12/site-packages/airflow/example_dags/tutorial.py took 0.035 seconds
[2025-11-25T13:46:43.226+0000] {processor.py:161} INFO - Started process (PID=1807) to work on /home/airflow/.local/lib/python3.12/site-packages/airflow/example_dags/tutorial.py
[2025-11-25T13:46:43.228+0000] {processor.py:830} INFO - Processing file /home/airflow/.local/lib/python3.12/site-packages/airflow/example_dags/tutorial.py for tasks to queue
[2025-11-25T13:46:43.229+0000] {logging_mixin.py:188} INFO - [2025-11-25T13:46:43.229+0000] {dagbag.py:545} INFO - Filling up the DagBag from /home/airflow/.local/lib/python3.12/site-packages/airflow/example_dags/tutorial.py
[2025-11-25T13:46:43.236+0000] {processor.py:840} INFO - DAG(s) 'tutorial' retrieved from /home/airflow/.local/lib/python3.12/site-packages/airflow/example_dags/tutorial.py
[2025-11-25T13:46:43.246+0000] {logging_mixin.py:188} INFO - [2025-11-25T13:46:43.246+0000] {dag.py:3096} INFO - Sync 1 DAGs
[2025-11-25T13:46:43.342+0000] {logging_mixin.py:188} INFO - [2025-11-25T13:46:43.342+0000] {dag.py:3954} INFO - Setting next_dagrun for tutorial to 2025-11-24 00:00:00+00:00, run_after=2025-11-25 00:00:00+00:00
[2025-11-25T13:46:43.356+0000] {processor.py:183} INFO - Processing /home/airflow/.local/lib/python3.12/site-packages/airflow/example_dags/tutorial.py took 0.132 seconds
[2025-11-25T14:30:27.775+0000] {processor.py:161} INFO - Started process (PID=1865) to work on /home/airflow/.local/lib/python3.12/site-packages/airflow/example_dags/tutorial.py
[2025-11-25T14:30:27.778+0000] {processor.py:830} INFO - Processing file /home/airflow/.local/lib/python3.12/site-packages/airflow/example_dags/tutorial.py for tasks to queue
[2025-11-25T14:30:27.780+0000] {logging_mixin.py:188} INFO - [2025-11-25T14:30:27.780+0000] {dagbag.py:545} INFO - Filling up the DagBag from /home/airflow/.local/lib/python3.12/site-packages/airflow/example_dags/tutorial.py
[2025-11-25T14:30:27.787+0000] {processor.py:840} INFO - DAG(s) 'tutorial' retrieved from /home/airflow/.local/lib/python3.12/site-packages/airflow/example_dags/tutorial.py
[2025-11-25T14:30:27.796+0000] {logging_mixin.py:188} INFO - [2025-11-25T14:30:27.796+0000] {dag.py:3096} INFO - Sync 1 DAGs
[2025-11-25T14:30:27.888+0000] {logging_mixin.py:188} INFO - [2025-11-25T14:30:27.888+0000] {dag.py:3954} INFO - Setting next_dagrun for tutorial to 2025-11-24 00:00:00+00:00, run_after=2025-11-25 00:00:00+00:00
[2025-11-25T14:30:27.900+0000] {processor.py:183} INFO - Processing /home/airflow/.local/lib/python3.12/site-packages/airflow/example_dags/tutorial.py took 0.127 seconds
[2025-11-25T14:42:09.277+0000] {processor.py:161} INFO - Started process (PID=1923) to work on /home/airflow/.local/lib/python3.12/site-packages/airflow/example_dags/tutorial.py
[2025-11-25T14:42:09.277+0000] {processor.py:830} INFO - Processing file /home/airflow/.local/lib/python3.12/site-packages/airflow/example_dags/tutorial.py for tasks to queue
[2025-11-25T14:42:09.278+0000] {logging_mixin.py:188} INFO - [2025-11-25T14:42:09.278+0000] {dagbag.py:545} INFO - Filling up the DagBag from /home/airflow/.local/lib/python3.12/site-packages/airflow/example_dags/tutorial.py
[2025-11-25T14:42:09.280+0000] {processor.py:840} INFO - DAG(s) 'tutorial' retrieved from /home/airflow/.local/lib/python3.12/site-packages/airflow/example_dags/tutorial.py
[2025-11-25T14:42:09.289+0000] {logging_mixin.py:188} INFO - [2025-11-25T14:42:09.289+0000] {dag.py:3096} INFO - Sync 1 DAGs
[2025-11-25T14:42:09.297+0000] {logging_mixin.py:188} INFO - [2025-11-25T14:42:09.297+0000] {dag.py:3954} INFO - Setting next_dagrun for tutorial to 2025-11-24 00:00:00+00:00, run_after=2025-11-25 00:00:00+00:00
[2025-11-25T14:42:09.373+0000] {processor.py:183} INFO - Processing /home/airflow/.local/lib/python3.12/site-packages/airflow/example_dags/tutorial.py took 0.098 seconds
[2025-11-25T14:45:13.794+0000] {processor.py:161} INFO - Started process (PID=1981) to work on /home/airflow/.local/lib/python3.12/site-packages/airflow/example_dags/tutorial.py
[2025-11-25T14:45:13.794+0000] {processor.py:830} INFO - Processing file /home/airflow/.local/lib/python3.12/site-packages/airflow/example_dags/tutorial.py for tasks to queue
[2025-11-25T14:45:13.795+0000] {logging_mixin.py:188} INFO - [2025-11-25T14:45:13.795+0000] {dagbag.py:545} INFO - Filling up the DagBag from /home/airflow/.local/lib/python3.12/site-packages/airflow/example_dags/tutorial.py
[2025-11-25T14:45:13.797+0000] {processor.py:840} INFO - DAG(s) 'tutorial' retrieved from /home/airflow/.local/lib/python3.12/site-packages/airflow/example_dags/tutorial.py
[2025-11-25T14:45:13.806+0000] {logging_mixin.py:188} INFO - [2025-11-25T14:45:13.806+0000] {dag.py:3096} INFO - Sync 1 DAGs
[2025-11-25T14:45:13.814+0000] {logging_mixin.py:188} INFO - [2025-11-25T14:45:13.814+0000] {dag.py:3954} INFO - Setting next_dagrun for tutorial to 2025-11-24 00:00:00+00:00, run_after=2025-11-25 00:00:00+00:00
[2025-11-25T14:45:13.822+0000] {processor.py:183} INFO - Processing /home/airflow/.local/lib/python3.12/site-packages/airflow/example_dags/tutorial.py took 0.031 seconds
[2025-11-25T14:45:44.540+0000] {processor.py:161} INFO - Started process (PID=2039) to work on /home/airflow/.local/lib/python3.12/site-packages/airflow/example_dags/tutorial.py
[2025-11-25T14:45:44.542+0000] {processor.py:830} INFO - Processing file /home/airflow/.local/lib/python3.12/site-packages/airflow/example_dags/tutorial.py for tasks to queue
[2025-11-25T14:45:44.543+0000] {logging_mixin.py:188} INFO - [2025-11-25T14:45:44.543+0000] {dagbag.py:545} INFO - Filling up the DagBag from /home/airflow/.local/lib/python3.12/site-packages/airflow/example_dags/tutorial.py
[2025-11-25T14:45:44.548+0000] {processor.py:840} INFO - DAG(s) 'tutorial' retrieved from /home/airflow/.local/lib/python3.12/site-packages/airflow/example_dags/tutorial.py
[2025-11-25T14:45:44.563+0000] {logging_mixin.py:188} INFO - [2025-11-25T14:45:44.563+0000] {dag.py:3096} INFO - Sync 1 DAGs
[2025-11-25T14:45:44.572+0000] {logging_mixin.py:188} INFO - [2025-11-25T14:45:44.572+0000] {dag.py:3954} INFO - Setting next_dagrun for tutorial to 2025-11-24 00:00:00+00:00, run_after=2025-11-25 00:00:00+00:00
[2025-11-25T14:45:44.579+0000] {processor.py:183} INFO - Processing /home/airflow/.local/lib/python3.12/site-packages/airflow/example_dags/tutorial.py took 0.042 seconds
[2025-11-25T14:46:15.365+0000] {processor.py:161} INFO - Started process (PID=2097) to work on /home/airflow/.local/lib/python3.12/site-packages/airflow/example_dags/tutorial.py
[2025-11-25T14:46:15.366+0000] {processor.py:830} INFO - Processing file /home/airflow/.local/lib/python3.12/site-packages/airflow/example_dags/tutorial.py for tasks to queue
[2025-11-25T14:46:15.367+0000] {logging_mixin.py:188} INFO - [2025-11-25T14:46:15.367+0000] {dagbag.py:545} INFO - Filling up the DagBag from /home/airflow/.local/lib/python3.12/site-packages/airflow/example_dags/tutorial.py
[2025-11-25T14:46:15.369+0000] {processor.py:840} INFO - DAG(s) 'tutorial' retrieved from /home/airflow/.local/lib/python3.12/site-packages/airflow/example_dags/tutorial.py
[2025-11-25T14:46:15.382+0000] {logging_mixin.py:188} INFO - [2025-11-25T14:46:15.381+0000] {dag.py:3096} INFO - Sync 1 DAGs
[2025-11-25T14:46:15.389+0000] {logging_mixin.py:188} INFO - [2025-11-25T14:46:15.389+0000] {dag.py:3954} INFO - Setting next_dagrun for tutorial to 2025-11-24 00:00:00+00:00, run_after=2025-11-25 00:00:00+00:00
[2025-11-25T14:46:15.398+0000] {processor.py:183} INFO - Processing /home/airflow/.local/lib/python3.12/site-packages/airflow/example_dags/tutorial.py took 0.036 seconds
[2025-11-25T14:46:46.052+0000] {processor.py:161} INFO - Started process (PID=2155) to work on /home/airflow/.local/lib/python3.12/site-packages/airflow/example_dags/tutorial.py
[2025-11-25T14:46:46.052+0000] {processor.py:830} INFO - Processing file /home/airflow/.local/lib/python3.12/site-packages/airflow/example_dags/tutorial.py for tasks to queue
[2025-11-25T14:46:46.053+0000] {logging_mixin.py:188} INFO - [2025-11-25T14:46:46.053+0000] {dagbag.py:545} INFO - Filling up the DagBag from /home/airflow/.local/lib/python3.12/site-packages/airflow/example_dags/tutorial.py
[2025-11-25T14:46:46.055+0000] {processor.py:840} INFO - DAG(s) 'tutorial' retrieved from /home/airflow/.local/lib/python3.12/site-packages/airflow/example_dags/tutorial.py
[2025-11-25T14:46:46.065+0000] {logging_mixin.py:188} INFO - [2025-11-25T14:46:46.065+0000] {dag.py:3096} INFO - Sync 1 DAGs
[2025-11-25T14:46:46.075+0000] {logging_mixin.py:188} INFO - [2025-11-25T14:46:46.075+0000] {dag.py:3954} INFO - Setting next_dagrun for tutorial to 2025-11-24 00:00:00+00:00, run_after=2025-11-25 00:00:00+00:00
[2025-11-25T14:46:46.084+0000] {processor.py:183} INFO - Processing /home/airflow/.local/lib/python3.12/site-packages/airflow/example_dags/tutorial.py took 0.035 seconds
[2025-11-25T14:47:16.585+0000] {processor.py:161} INFO - Started process (PID=2213) to work on /home/airflow/.local/lib/python3.12/site-packages/airflow/example_dags/tutorial.py
[2025-11-25T14:47:16.586+0000] {processor.py:830} INFO - Processing file /home/airflow/.local/lib/python3.12/site-packages/airflow/example_dags/tutorial.py for tasks to queue
[2025-11-25T14:47:16.587+0000] {logging_mixin.py:188} INFO - [2025-11-25T14:47:16.587+0000] {dagbag.py:545} INFO - Filling up the DagBag from /home/airflow/.local/lib/python3.12/site-packages/airflow/example_dags/tutorial.py
[2025-11-25T14:47:16.589+0000] {processor.py:840} INFO - DAG(s) 'tutorial' retrieved from /home/airflow/.local/lib/python3.12/site-packages/airflow/example_dags/tutorial.py
[2025-11-25T14:47:16.600+0000] {logging_mixin.py:188} INFO - [2025-11-25T14:47:16.600+0000] {dag.py:3096} INFO - Sync 1 DAGs
[2025-11-25T14:47:16.610+0000] {logging_mixin.py:188} INFO - [2025-11-25T14:47:16.610+0000] {dag.py:3954} INFO - Setting next_dagrun for tutorial to 2025-11-24 00:00:00+00:00, run_after=2025-11-25 00:00:00+00:00
[2025-11-25T14:47:16.618+0000] {processor.py:183} INFO - Processing /home/airflow/.local/lib/python3.12/site-packages/airflow/example_dags/tutorial.py took 0.036 seconds
[2025-11-25T14:47:47.232+0000] {processor.py:161} INFO - Started process (PID=2271) to work on /home/airflow/.local/lib/python3.12/site-packages/airflow/example_dags/tutorial.py
[2025-11-25T14:47:47.233+0000] {processor.py:830} INFO - Processing file /home/airflow/.local/lib/python3.12/site-packages/airflow/example_dags/tutorial.py for tasks to queue
[2025-11-25T14:47:47.236+0000] {logging_mixin.py:188} INFO - [2025-11-25T14:47:47.235+0000] {dagbag.py:545} INFO - Filling up the DagBag from /home/airflow/.local/lib/python3.12/site-packages/airflow/example_dags/tutorial.py
[2025-11-25T14:47:47.238+0000] {processor.py:840} INFO - DAG(s) 'tutorial' retrieved from /home/airflow/.local/lib/python3.12/site-packages/airflow/example_dags/tutorial.py
[2025-11-25T14:47:47.247+0000] {logging_mixin.py:188} INFO - [2025-11-25T14:47:47.247+0000] {dag.py:3096} INFO - Sync 1 DAGs
[2025-11-25T14:47:47.254+0000] {logging_mixin.py:188} INFO - [2025-11-25T14:47:47.254+0000] {dag.py:3954} INFO - Setting next_dagrun for tutorial to 2025-11-24 00:00:00+00:00, run_after=2025-11-25 00:00:00+00:00
[2025-11-25T14:47:47.263+0000] {processor.py:183} INFO - Processing /home/airflow/.local/lib/python3.12/site-packages/airflow/example_dags/tutorial.py took 0.033 seconds
[2025-11-25T14:48:18.023+0000] {processor.py:161} INFO - Started process (PID=2329) to work on /home/airflow/.local/lib/python3.12/site-packages/airflow/example_dags/tutorial.py
[2025-11-25T14:48:18.023+0000] {processor.py:830} INFO - Processing file /home/airflow/.local/lib/python3.12/site-packages/airflow/example_dags/tutorial.py for tasks to queue
[2025-11-25T14:48:18.024+0000] {logging_mixin.py:188} INFO - [2025-11-25T14:48:18.024+0000] {dagbag.py:545} INFO - Filling up the DagBag from /home/airflow/.local/lib/python3.12/site-packages/airflow/example_dags/tutorial.py
[2025-11-25T14:48:18.026+0000] {processor.py:840} INFO - DAG(s) 'tutorial' retrieved from /home/airflow/.local/lib/python3.12/site-packages/airflow/example_dags/tutorial.py
[2025-11-25T14:48:18.033+0000] {logging_mixin.py:188} INFO - [2025-11-25T14:48:18.033+0000] {dag.py:3096} INFO - Sync 1 DAGs
[2025-11-25T14:48:18.039+0000] {logging_mixin.py:188} INFO - [2025-11-25T14:48:18.039+0000] {dag.py:3954} INFO - Setting next_dagrun for tutorial to 2025-11-24 00:00:00+00:00, run_after=2025-11-25 00:00:00+00:00
[2025-11-25T14:48:18.044+0000] {processor.py:183} INFO - Processing /home/airflow/.local/lib/python3.12/site-packages/airflow/example_dags/tutorial.py took 0.024 seconds
[2025-11-25T14:48:48.550+0000] {processor.py:161} INFO - Started process (PID=2387) to work on /home/airflow/.local/lib/python3.12/site-packages/airflow/example_dags/tutorial.py
[2025-11-25T14:48:48.551+0000] {processor.py:830} INFO - Processing file /home/airflow/.local/lib/python3.12/site-packages/airflow/example_dags/tutorial.py for tasks to queue
[2025-11-25T14:48:48.551+0000] {logging_mixin.py:188} INFO - [2025-11-25T14:48:48.551+0000] {dagbag.py:545} INFO - Filling up the DagBag from /home/airflow/.local/lib/python3.12/site-packages/airflow/example_dags/tutorial.py
[2025-11-25T14:48:48.554+0000] {processor.py:840} INFO - DAG(s) 'tutorial' retrieved from /home/airflow/.local/lib/python3.12/site-packages/airflow/example_dags/tutorial.py
[2025-11-25T14:48:48.563+0000] {logging_mixin.py:188} INFO - [2025-11-25T14:48:48.562+0000] {dag.py:3096} INFO - Sync 1 DAGs
[2025-11-25T14:48:48.570+0000] {logging_mixin.py:188} INFO - [2025-11-25T14:48:48.570+0000] {dag.py:3954} INFO - Setting next_dagrun for tutorial to 2025-11-24 00:00:00+00:00, run_after=2025-11-25 00:00:00+00:00
[2025-11-25T14:48:48.578+0000] {processor.py:183} INFO - Processing /home/airflow/.local/lib/python3.12/site-packages/airflow/example_dags/tutorial.py took 0.031 seconds
[2025-11-25T14:49:19.320+0000] {processor.py:161} INFO - Started process (PID=2445) to work on /home/airflow/.local/lib/python3.12/site-packages/airflow/example_dags/tutorial.py
[2025-11-25T14:49:19.321+0000] {processor.py:830} INFO - Processing file /home/airflow/.local/lib/python3.12/site-packages/airflow/example_dags/tutorial.py for tasks to queue
[2025-11-25T14:49:19.322+0000] {logging_mixin.py:188} INFO - [2025-11-25T14:49:19.322+0000] {dagbag.py:545} INFO - Filling up the DagBag from /home/airflow/.local/lib/python3.12/site-packages/airflow/example_dags/tutorial.py
[2025-11-25T14:49:19.325+0000] {processor.py:840} INFO - DAG(s) 'tutorial' retrieved from /home/airflow/.local/lib/python3.12/site-packages/airflow/example_dags/tutorial.py
[2025-11-25T14:49:19.338+0000] {logging_mixin.py:188} INFO - [2025-11-25T14:49:19.338+0000] {dag.py:3096} INFO - Sync 1 DAGs
[2025-11-25T14:49:19.348+0000] {logging_mixin.py:188} INFO - [2025-11-25T14:49:19.348+0000] {dag.py:3954} INFO - Setting next_dagrun for tutorial to 2025-11-24 00:00:00+00:00, run_after=2025-11-25 00:00:00+00:00
[2025-11-25T14:49:19.357+0000] {processor.py:183} INFO - Processing /home/airflow/.local/lib/python3.12/site-packages/airflow/example_dags/tutorial.py took 0.040 seconds
[2025-11-25T14:49:49.975+0000] {processor.py:161} INFO - Started process (PID=2503) to work on /home/airflow/.local/lib/python3.12/site-packages/airflow/example_dags/tutorial.py
[2025-11-25T14:49:49.975+0000] {processor.py:830} INFO - Processing file /home/airflow/.local/lib/python3.12/site-packages/airflow/example_dags/tutorial.py for tasks to queue
[2025-11-25T14:49:49.976+0000] {logging_mixin.py:188} INFO - [2025-11-25T14:49:49.976+0000] {dagbag.py:545} INFO - Filling up the DagBag from /home/airflow/.local/lib/python3.12/site-packages/airflow/example_dags/tutorial.py
[2025-11-25T14:49:49.982+0000] {processor.py:840} INFO - DAG(s) 'tutorial' retrieved from /home/airflow/.local/lib/python3.12/site-packages/airflow/example_dags/tutorial.py
[2025-11-25T14:49:49.994+0000] {logging_mixin.py:188} INFO - [2025-11-25T14:49:49.994+0000] {dag.py:3096} INFO - Sync 1 DAGs
[2025-11-25T14:49:50.002+0000] {logging_mixin.py:188} INFO - [2025-11-25T14:49:50.002+0000] {dag.py:3954} INFO - Setting next_dagrun for tutorial to 2025-11-24 00:00:00+00:00, run_after=2025-11-25 00:00:00+00:00
[2025-11-25T14:49:50.008+0000] {processor.py:183} INFO - Processing /home/airflow/.local/lib/python3.12/site-packages/airflow/example_dags/tutorial.py took 0.038 seconds
[2025-11-25T14:50:20.741+0000] {processor.py:161} INFO - Started process (PID=2561) to work on /home/airflow/.local/lib/python3.12/site-packages/airflow/example_dags/tutorial.py
[2025-11-25T14:50:20.742+0000] {processor.py:830} INFO - Processing file /home/airflow/.local/lib/python3.12/site-packages/airflow/example_dags/tutorial.py for tasks to queue
[2025-11-25T14:50:20.742+0000] {logging_mixin.py:188} INFO - [2025-11-25T14:50:20.742+0000] {dagbag.py:545} INFO - Filling up the DagBag from /home/airflow/.local/lib/python3.12/site-packages/airflow/example_dags/tutorial.py
[2025-11-25T14:50:20.745+0000] {processor.py:840} INFO - DAG(s) 'tutorial' retrieved from /home/airflow/.local/lib/python3.12/site-packages/airflow/example_dags/tutorial.py
[2025-11-25T14:50:20.753+0000] {logging_mixin.py:188} INFO - [2025-11-25T14:50:20.753+0000] {dag.py:3096} INFO - Sync 1 DAGs
[2025-11-25T14:50:20.766+0000] {logging_mixin.py:188} INFO - [2025-11-25T14:50:20.766+0000] {dag.py:3954} INFO - Setting next_dagrun for tutorial to 2025-11-24 00:00:00+00:00, run_after=2025-11-25 00:00:00+00:00
[2025-11-25T14:50:20.774+0000] {processor.py:183} INFO - Processing /home/airflow/.local/lib/python3.12/site-packages/airflow/example_dags/tutorial.py took 0.035 seconds
[2025-11-25T14:50:51.615+0000] {processor.py:161} INFO - Started process (PID=2619) to work on /home/airflow/.local/lib/python3.12/site-packages/airflow/example_dags/tutorial.py
[2025-11-25T14:50:51.618+0000] {processor.py:830} INFO - Processing file /home/airflow/.local/lib/python3.12/site-packages/airflow/example_dags/tutorial.py for tasks to queue
[2025-11-25T14:50:51.619+0000] {logging_mixin.py:188} INFO - [2025-11-25T14:50:51.619+0000] {dagbag.py:545} INFO - Filling up the DagBag from /home/airflow/.local/lib/python3.12/site-packages/airflow/example_dags/tutorial.py
[2025-11-25T14:50:51.623+0000] {processor.py:840} INFO - DAG(s) 'tutorial' retrieved from /home/airflow/.local/lib/python3.12/site-packages/airflow/example_dags/tutorial.py
[2025-11-25T14:50:51.636+0000] {logging_mixin.py:188} INFO - [2025-11-25T14:50:51.636+0000] {dag.py:3096} INFO - Sync 1 DAGs
[2025-11-25T14:50:51.646+0000] {logging_mixin.py:188} INFO - [2025-11-25T14:50:51.646+0000] {dag.py:3954} INFO - Setting next_dagrun for tutorial to 2025-11-24 00:00:00+00:00, run_after=2025-11-25 00:00:00+00:00
[2025-11-25T14:50:51.654+0000] {processor.py:183} INFO - Processing /home/airflow/.local/lib/python3.12/site-packages/airflow/example_dags/tutorial.py took 0.041 seconds
[2025-11-25T14:51:22.404+0000] {processor.py:161} INFO - Started process (PID=2677) to work on /home/airflow/.local/lib/python3.12/site-packages/airflow/example_dags/tutorial.py
[2025-11-25T14:51:22.405+0000] {processor.py:830} INFO - Processing file /home/airflow/.local/lib/python3.12/site-packages/airflow/example_dags/tutorial.py for tasks to queue
[2025-11-25T14:51:22.406+0000] {logging_mixin.py:188} INFO - [2025-11-25T14:51:22.405+0000] {dagbag.py:545} INFO - Filling up the DagBag from /home/airflow/.local/lib/python3.12/site-packages/airflow/example_dags/tutorial.py
[2025-11-25T14:51:22.407+0000] {processor.py:840} INFO - DAG(s) 'tutorial' retrieved from /home/airflow/.local/lib/python3.12/site-packages/airflow/example_dags/tutorial.py
[2025-11-25T14:51:22.415+0000] {logging_mixin.py:188} INFO - [2025-11-25T14:51:22.415+0000] {dag.py:3096} INFO - Sync 1 DAGs
[2025-11-25T14:51:22.423+0000] {logging_mixin.py:188} INFO - [2025-11-25T14:51:22.423+0000] {dag.py:3954} INFO - Setting next_dagrun for tutorial to 2025-11-24 00:00:00+00:00, run_after=2025-11-25 00:00:00+00:00
[2025-11-25T14:51:22.428+0000] {processor.py:183} INFO - Processing /home/airflow/.local/lib/python3.12/site-packages/airflow/example_dags/tutorial.py took 0.026 seconds
[2025-11-25T14:51:53.061+0000] {processor.py:161} INFO - Started process (PID=2735) to work on /home/airflow/.local/lib/python3.12/site-packages/airflow/example_dags/tutorial.py
[2025-11-25T14:51:53.062+0000] {processor.py:830} INFO - Processing file /home/airflow/.local/lib/python3.12/site-packages/airflow/example_dags/tutorial.py for tasks to queue
[2025-11-25T14:51:53.063+0000] {logging_mixin.py:188} INFO - [2025-11-25T14:51:53.062+0000] {dagbag.py:545} INFO - Filling up the DagBag from /home/airflow/.local/lib/python3.12/site-packages/airflow/example_dags/tutorial.py
[2025-11-25T14:51:53.065+0000] {processor.py:840} INFO - DAG(s) 'tutorial' retrieved from /home/airflow/.local/lib/python3.12/site-packages/airflow/example_dags/tutorial.py
[2025-11-25T14:51:53.075+0000] {logging_mixin.py:188} INFO - [2025-11-25T14:51:53.075+0000] {dag.py:3096} INFO - Sync 1 DAGs
[2025-11-25T14:51:53.087+0000] {logging_mixin.py:188} INFO - [2025-11-25T14:51:53.087+0000] {dag.py:3954} INFO - Setting next_dagrun for tutorial to 2025-11-24 00:00:00+00:00, run_after=2025-11-25 00:00:00+00:00
[2025-11-25T14:51:53.098+0000] {processor.py:183} INFO - Processing /home/airflow/.local/lib/python3.12/site-packages/airflow/example_dags/tutorial.py took 0.039 seconds
[2025-11-25T14:52:23.707+0000] {processor.py:161} INFO - Started process (PID=2793) to work on /home/airflow/.local/lib/python3.12/site-packages/airflow/example_dags/tutorial.py
[2025-11-25T14:52:23.708+0000] {processor.py:830} INFO - Processing file /home/airflow/.local/lib/python3.12/site-packages/airflow/example_dags/tutorial.py for tasks to queue
[2025-11-25T14:52:23.709+0000] {logging_mixin.py:188} INFO - [2025-11-25T14:52:23.709+0000] {dagbag.py:545} INFO - Filling up the DagBag from /home/airflow/.local/lib/python3.12/site-packages/airflow/example_dags/tutorial.py
[2025-11-25T14:52:23.711+0000] {processor.py:840} INFO - DAG(s) 'tutorial' retrieved from /home/airflow/.local/lib/python3.12/site-packages/airflow/example_dags/tutorial.py
[2025-11-25T14:52:23.721+0000] {logging_mixin.py:188} INFO - [2025-11-25T14:52:23.720+0000] {dag.py:3096} INFO - Sync 1 DAGs
[2025-11-25T14:52:23.729+0000] {logging_mixin.py:188} INFO - [2025-11-25T14:52:23.729+0000] {dag.py:3954} INFO - Setting next_dagrun for tutorial to 2025-11-24 00:00:00+00:00, run_after=2025-11-25 00:00:00+00:00
[2025-11-25T14:52:23.738+0000] {processor.py:183} INFO - Processing /home/airflow/.local/lib/python3.12/site-packages/airflow/example_dags/tutorial.py took 0.033 seconds
[2025-11-25T14:52:54.445+0000] {processor.py:161} INFO - Started process (PID=2851) to work on /home/airflow/.local/lib/python3.12/site-packages/airflow/example_dags/tutorial.py
[2025-11-25T14:52:54.448+0000] {processor.py:830} INFO - Processing file /home/airflow/.local/lib/python3.12/site-packages/airflow/example_dags/tutorial.py for tasks to queue
[2025-11-25T14:52:54.449+0000] {logging_mixin.py:188} INFO - [2025-11-25T14:52:54.449+0000] {dagbag.py:545} INFO - Filling up the DagBag from /home/airflow/.local/lib/python3.12/site-packages/airflow/example_dags/tutorial.py
[2025-11-25T14:52:54.451+0000] {processor.py:840} INFO - DAG(s) 'tutorial' retrieved from /home/airflow/.local/lib/python3.12/site-packages/airflow/example_dags/tutorial.py
[2025-11-25T14:52:54.461+0000] {logging_mixin.py:188} INFO - [2025-11-25T14:52:54.461+0000] {dag.py:3096} INFO - Sync 1 DAGs
[2025-11-25T14:52:54.469+0000] {logging_mixin.py:188} INFO - [2025-11-25T14:52:54.469+0000] {dag.py:3954} INFO - Setting next_dagrun for tutorial to 2025-11-24 00:00:00+00:00, run_after=2025-11-25 00:00:00+00:00
[2025-11-25T14:52:54.475+0000] {processor.py:183} INFO - Processing /home/airflow/.local/lib/python3.12/site-packages/airflow/example_dags/tutorial.py took 0.032 seconds
[2025-11-25T14:53:25.198+0000] {processor.py:161} INFO - Started process (PID=2909) to work on /home/airflow/.local/lib/python3.12/site-packages/airflow/example_dags/tutorial.py
[2025-11-25T14:53:25.200+0000] {processor.py:830} INFO - Processing file /home/airflow/.local/lib/python3.12/site-packages/airflow/example_dags/tutorial.py for tasks to queue
[2025-11-25T14:53:25.200+0000] {logging_mixin.py:188} INFO - [2025-11-25T14:53:25.200+0000] {dagbag.py:545} INFO - Filling up the DagBag from /home/airflow/.local/lib/python3.12/site-packages/airflow/example_dags/tutorial.py
[2025-11-25T14:53:25.203+0000] {processor.py:840} INFO - DAG(s) 'tutorial' retrieved from /home/airflow/.local/lib/python3.12/site-packages/airflow/example_dags/tutorial.py
[2025-11-25T14:53:25.212+0000] {logging_mixin.py:188} INFO - [2025-11-25T14:53:25.211+0000] {dag.py:3096} INFO - Sync 1 DAGs
[2025-11-25T14:53:25.220+0000] {logging_mixin.py:188} INFO - [2025-11-25T14:53:25.220+0000] {dag.py:3954} INFO - Setting next_dagrun for tutorial to 2025-11-24 00:00:00+00:00, run_after=2025-11-25 00:00:00+00:00
[2025-11-25T14:53:25.230+0000] {processor.py:183} INFO - Processing /home/airflow/.local/lib/python3.12/site-packages/airflow/example_dags/tutorial.py took 0.034 seconds
[2025-11-25T14:59:09.541+0000] {processor.py:161} INFO - Started process (PID=2967) to work on /home/airflow/.local/lib/python3.12/site-packages/airflow/example_dags/tutorial.py
[2025-11-25T14:59:09.541+0000] {processor.py:830} INFO - Processing file /home/airflow/.local/lib/python3.12/site-packages/airflow/example_dags/tutorial.py for tasks to queue
[2025-11-25T14:59:09.542+0000] {logging_mixin.py:188} INFO - [2025-11-25T14:59:09.542+0000] {dagbag.py:545} INFO - Filling up the DagBag from /home/airflow/.local/lib/python3.12/site-packages/airflow/example_dags/tutorial.py
[2025-11-25T14:59:09.544+0000] {processor.py:840} INFO - DAG(s) 'tutorial' retrieved from /home/airflow/.local/lib/python3.12/site-packages/airflow/example_dags/tutorial.py
[2025-11-25T14:59:09.551+0000] {logging_mixin.py:188} INFO - [2025-11-25T14:59:09.551+0000] {dag.py:3096} INFO - Sync 1 DAGs
[2025-11-25T14:59:09.558+0000] {logging_mixin.py:188} INFO - [2025-11-25T14:59:09.557+0000] {dag.py:3954} INFO - Setting next_dagrun for tutorial to 2025-11-24 00:00:00+00:00, run_after=2025-11-25 00:00:00+00:00
[2025-11-25T14:59:09.563+0000] {processor.py:183} INFO - Processing /home/airflow/.local/lib/python3.12/site-packages/airflow/example_dags/tutorial.py took 0.025 seconds
[2025-11-25T15:14:02.782+0000] {processor.py:161} INFO - Started process (PID=3025) to work on /home/airflow/.local/lib/python3.12/site-packages/airflow/example_dags/tutorial.py
[2025-11-25T15:14:02.783+0000] {processor.py:830} INFO - Processing file /home/airflow/.local/lib/python3.12/site-packages/airflow/example_dags/tutorial.py for tasks to queue
[2025-11-25T15:14:02.784+0000] {logging_mixin.py:188} INFO - [2025-11-25T15:14:02.783+0000] {dagbag.py:545} INFO - Filling up the DagBag from /home/airflow/.local/lib/python3.12/site-packages/airflow/example_dags/tutorial.py
[2025-11-25T15:14:02.786+0000] {processor.py:840} INFO - DAG(s) 'tutorial' retrieved from /home/airflow/.local/lib/python3.12/site-packages/airflow/example_dags/tutorial.py
[2025-11-25T15:14:02.793+0000] {logging_mixin.py:188} INFO - [2025-11-25T15:14:02.793+0000] {dag.py:3096} INFO - Sync 1 DAGs
[2025-11-25T15:14:02.802+0000] {logging_mixin.py:188} INFO - [2025-11-25T15:14:02.802+0000] {dag.py:3954} INFO - Setting next_dagrun for tutorial to 2025-11-24 00:00:00+00:00, run_after=2025-11-25 00:00:00+00:00
[2025-11-25T15:14:02.810+0000] {processor.py:183} INFO - Processing /home/airflow/.local/lib/python3.12/site-packages/airflow/example_dags/tutorial.py took 0.030 seconds
[2025-11-25T15:15:16.923+0000] {processor.py:161} INFO - Started process (PID=3083) to work on /home/airflow/.local/lib/python3.12/site-packages/airflow/example_dags/tutorial.py
[2025-11-25T15:15:16.924+0000] {processor.py:830} INFO - Processing file /home/airflow/.local/lib/python3.12/site-packages/airflow/example_dags/tutorial.py for tasks to queue
[2025-11-25T15:15:16.924+0000] {logging_mixin.py:188} INFO - [2025-11-25T15:15:16.924+0000] {dagbag.py:545} INFO - Filling up the DagBag from /home/airflow/.local/lib/python3.12/site-packages/airflow/example_dags/tutorial.py
[2025-11-25T15:15:16.926+0000] {processor.py:840} INFO - DAG(s) 'tutorial' retrieved from /home/airflow/.local/lib/python3.12/site-packages/airflow/example_dags/tutorial.py
[2025-11-25T15:15:16.934+0000] {logging_mixin.py:188} INFO - [2025-11-25T15:15:16.934+0000] {dag.py:3096} INFO - Sync 1 DAGs
[2025-11-25T15:15:16.941+0000] {logging_mixin.py:188} INFO - [2025-11-25T15:15:16.941+0000] {dag.py:3954} INFO - Setting next_dagrun for tutorial to 2025-11-24 00:00:00+00:00, run_after=2025-11-25 00:00:00+00:00
[2025-11-25T15:15:16.947+0000] {processor.py:183} INFO - Processing /home/airflow/.local/lib/python3.12/site-packages/airflow/example_dags/tutorial.py took 0.026 seconds
[2025-11-25T15:15:47.513+0000] {processor.py:161} INFO - Started process (PID=3141) to work on /home/airflow/.local/lib/python3.12/site-packages/airflow/example_dags/tutorial.py
[2025-11-25T15:15:47.515+0000] {processor.py:830} INFO - Processing file /home/airflow/.local/lib/python3.12/site-packages/airflow/example_dags/tutorial.py for tasks to queue
[2025-11-25T15:15:47.515+0000] {logging_mixin.py:188} INFO - [2025-11-25T15:15:47.515+0000] {dagbag.py:545} INFO - Filling up the DagBag from /home/airflow/.local/lib/python3.12/site-packages/airflow/example_dags/tutorial.py
[2025-11-25T15:15:47.518+0000] {processor.py:840} INFO - DAG(s) 'tutorial' retrieved from /home/airflow/.local/lib/python3.12/site-packages/airflow/example_dags/tutorial.py
[2025-11-25T15:15:47.529+0000] {logging_mixin.py:188} INFO - [2025-11-25T15:15:47.528+0000] {dag.py:3096} INFO - Sync 1 DAGs
[2025-11-25T15:15:47.537+0000] {logging_mixin.py:188} INFO - [2025-11-25T15:15:47.537+0000] {dag.py:3954} INFO - Setting next_dagrun for tutorial to 2025-11-24 00:00:00+00:00, run_after=2025-11-25 00:00:00+00:00
[2025-11-25T15:15:47.545+0000] {processor.py:183} INFO - Processing /home/airflow/.local/lib/python3.12/site-packages/airflow/example_dags/tutorial.py took 0.034 seconds
[2025-11-25T15:16:18.202+0000] {processor.py:161} INFO - Started process (PID=3199) to work on /home/airflow/.local/lib/python3.12/site-packages/airflow/example_dags/tutorial.py
[2025-11-25T15:16:18.202+0000] {processor.py:830} INFO - Processing file /home/airflow/.local/lib/python3.12/site-packages/airflow/example_dags/tutorial.py for tasks to queue
[2025-11-25T15:16:18.203+0000] {logging_mixin.py:188} INFO - [2025-11-25T15:16:18.203+0000] {dagbag.py:545} INFO - Filling up the DagBag from /home/airflow/.local/lib/python3.12/site-packages/airflow/example_dags/tutorial.py
[2025-11-25T15:16:18.206+0000] {processor.py:840} INFO - DAG(s) 'tutorial' retrieved from /home/airflow/.local/lib/python3.12/site-packages/airflow/example_dags/tutorial.py
[2025-11-25T15:16:18.214+0000] {logging_mixin.py:188} INFO - [2025-11-25T15:16:18.214+0000] {dag.py:3096} INFO - Sync 1 DAGs
[2025-11-25T15:16:18.222+0000] {logging_mixin.py:188} INFO - [2025-11-25T15:16:18.222+0000] {dag.py:3954} INFO - Setting next_dagrun for tutorial to 2025-11-24 00:00:00+00:00, run_after=2025-11-25 00:00:00+00:00
[2025-11-25T15:16:18.228+0000] {processor.py:183} INFO - Processing /home/airflow/.local/lib/python3.12/site-packages/airflow/example_dags/tutorial.py took 0.029 seconds
[2025-11-25T15:16:48.830+0000] {processor.py:161} INFO - Started process (PID=3257) to work on /home/airflow/.local/lib/python3.12/site-packages/airflow/example_dags/tutorial.py
[2025-11-25T15:16:48.831+0000] {processor.py:830} INFO - Processing file /home/airflow/.local/lib/python3.12/site-packages/airflow/example_dags/tutorial.py for tasks to queue
[2025-11-25T15:16:48.831+0000] {logging_mixin.py:188} INFO - [2025-11-25T15:16:48.831+0000] {dagbag.py:545} INFO - Filling up the DagBag from /home/airflow/.local/lib/python3.12/site-packages/airflow/example_dags/tutorial.py
[2025-11-25T15:16:48.834+0000] {processor.py:840} INFO - DAG(s) 'tutorial' retrieved from /home/airflow/.local/lib/python3.12/site-packages/airflow/example_dags/tutorial.py
[2025-11-25T15:16:48.842+0000] {logging_mixin.py:188} INFO - [2025-11-25T15:16:48.842+0000] {dag.py:3096} INFO - Sync 1 DAGs
[2025-11-25T15:16:48.850+0000] {logging_mixin.py:188} INFO - [2025-11-25T15:16:48.850+0000] {dag.py:3954} INFO - Setting next_dagrun for tutorial to 2025-11-24 00:00:00+00:00, run_after=2025-11-25 00:00:00+00:00
[2025-11-25T15:16:48.861+0000] {processor.py:183} INFO - Processing /home/airflow/.local/lib/python3.12/site-packages/airflow/example_dags/tutorial.py took 0.034 seconds
[2025-11-25T15:17:19.362+0000] {processor.py:161} INFO - Started process (PID=3314) to work on /home/airflow/.local/lib/python3.12/site-packages/airflow/example_dags/tutorial.py
[2025-11-25T15:17:19.363+0000] {processor.py:830} INFO - Processing file /home/airflow/.local/lib/python3.12/site-packages/airflow/example_dags/tutorial.py for tasks to queue
[2025-11-25T15:17:19.364+0000] {logging_mixin.py:188} INFO - [2025-11-25T15:17:19.364+0000] {dagbag.py:545} INFO - Filling up the DagBag from /home/airflow/.local/lib/python3.12/site-packages/airflow/example_dags/tutorial.py
[2025-11-25T15:17:19.366+0000] {processor.py:840} INFO - DAG(s) 'tutorial' retrieved from /home/airflow/.local/lib/python3.12/site-packages/airflow/example_dags/tutorial.py
[2025-11-25T15:17:19.376+0000] {logging_mixin.py:188} INFO - [2025-11-25T15:17:19.375+0000] {dag.py:3096} INFO - Sync 1 DAGs
[2025-11-25T15:17:19.384+0000] {logging_mixin.py:188} INFO - [2025-11-25T15:17:19.384+0000] {dag.py:3954} INFO - Setting next_dagrun for tutorial to 2025-11-24 00:00:00+00:00, run_after=2025-11-25 00:00:00+00:00
[2025-11-25T15:17:19.393+0000] {processor.py:183} INFO - Processing /home/airflow/.local/lib/python3.12/site-packages/airflow/example_dags/tutorial.py took 0.034 seconds
[2025-11-25T15:17:49.951+0000] {processor.py:161} INFO - Started process (PID=3372) to work on /home/airflow/.local/lib/python3.12/site-packages/airflow/example_dags/tutorial.py
[2025-11-25T15:17:49.952+0000] {processor.py:830} INFO - Processing file /home/airflow/.local/lib/python3.12/site-packages/airflow/example_dags/tutorial.py for tasks to queue
[2025-11-25T15:17:49.952+0000] {logging_mixin.py:188} INFO - [2025-11-25T15:17:49.952+0000] {dagbag.py:545} INFO - Filling up the DagBag from /home/airflow/.local/lib/python3.12/site-packages/airflow/example_dags/tutorial.py
[2025-11-25T15:17:49.955+0000] {processor.py:840} INFO - DAG(s) 'tutorial' retrieved from /home/airflow/.local/lib/python3.12/site-packages/airflow/example_dags/tutorial.py
[2025-11-25T15:17:49.964+0000] {logging_mixin.py:188} INFO - [2025-11-25T15:17:49.964+0000] {dag.py:3096} INFO - Sync 1 DAGs
[2025-11-25T15:17:49.975+0000] {logging_mixin.py:188} INFO - [2025-11-25T15:17:49.975+0000] {dag.py:3954} INFO - Setting next_dagrun for tutorial to 2025-11-24 00:00:00+00:00, run_after=2025-11-25 00:00:00+00:00
[2025-11-25T15:17:49.983+0000] {processor.py:183} INFO - Processing /home/airflow/.local/lib/python3.12/site-packages/airflow/example_dags/tutorial.py took 0.034 seconds
[2025-11-25T15:18:20.441+0000] {processor.py:161} INFO - Started process (PID=3430) to work on /home/airflow/.local/lib/python3.12/site-packages/airflow/example_dags/tutorial.py
[2025-11-25T15:18:20.442+0000] {processor.py:830} INFO - Processing file /home/airflow/.local/lib/python3.12/site-packages/airflow/example_dags/tutorial.py for tasks to queue
[2025-11-25T15:18:20.443+0000] {logging_mixin.py:188} INFO - [2025-11-25T15:18:20.443+0000] {dagbag.py:545} INFO - Filling up the DagBag from /home/airflow/.local/lib/python3.12/site-packages/airflow/example_dags/tutorial.py
[2025-11-25T15:18:20.445+0000] {processor.py:840} INFO - DAG(s) 'tutorial' retrieved from /home/airflow/.local/lib/python3.12/site-packages/airflow/example_dags/tutorial.py
[2025-11-25T15:18:20.453+0000] {logging_mixin.py:188} INFO - [2025-11-25T15:18:20.453+0000] {dag.py:3096} INFO - Sync 1 DAGs
[2025-11-25T15:18:20.462+0000] {logging_mixin.py:188} INFO - [2025-11-25T15:18:20.462+0000] {dag.py:3954} INFO - Setting next_dagrun for tutorial to 2025-11-24 00:00:00+00:00, run_after=2025-11-25 00:00:00+00:00
[2025-11-25T15:18:20.471+0000] {processor.py:183} INFO - Processing /home/airflow/.local/lib/python3.12/site-packages/airflow/example_dags/tutorial.py took 0.032 seconds
[2025-11-25T15:18:50.888+0000] {processor.py:161} INFO - Started process (PID=3488) to work on /home/airflow/.local/lib/python3.12/site-packages/airflow/example_dags/tutorial.py
[2025-11-25T15:18:50.889+0000] {processor.py:830} INFO - Processing file /home/airflow/.local/lib/python3.12/site-packages/airflow/example_dags/tutorial.py for tasks to queue
[2025-11-25T15:18:50.889+0000] {logging_mixin.py:188} INFO - [2025-11-25T15:18:50.889+0000] {dagbag.py:545} INFO - Filling up the DagBag from /home/airflow/.local/lib/python3.12/site-packages/airflow/example_dags/tutorial.py
[2025-11-25T15:18:50.892+0000] {processor.py:840} INFO - DAG(s) 'tutorial' retrieved from /home/airflow/.local/lib/python3.12/site-packages/airflow/example_dags/tutorial.py
[2025-11-25T15:18:50.901+0000] {logging_mixin.py:188} INFO - [2025-11-25T15:18:50.901+0000] {dag.py:3096} INFO - Sync 1 DAGs
[2025-11-25T15:18:50.910+0000] {logging_mixin.py:188} INFO - [2025-11-25T15:18:50.910+0000] {dag.py:3954} INFO - Setting next_dagrun for tutorial to 2025-11-24 00:00:00+00:00, run_after=2025-11-25 00:00:00+00:00
[2025-11-25T15:18:50.916+0000] {processor.py:183} INFO - Processing /home/airflow/.local/lib/python3.12/site-packages/airflow/example_dags/tutorial.py took 0.032 seconds
[2025-11-25T15:19:21.375+0000] {processor.py:161} INFO - Started process (PID=3546) to work on /home/airflow/.local/lib/python3.12/site-packages/airflow/example_dags/tutorial.py
[2025-11-25T15:19:21.377+0000] {processor.py:830} INFO - Processing file /home/airflow/.local/lib/python3.12/site-packages/airflow/example_dags/tutorial.py for tasks to queue
[2025-11-25T15:19:21.378+0000] {logging_mixin.py:188} INFO - [2025-11-25T15:19:21.378+0000] {dagbag.py:545} INFO - Filling up the DagBag from /home/airflow/.local/lib/python3.12/site-packages/airflow/example_dags/tutorial.py
[2025-11-25T15:19:21.381+0000] {processor.py:840} INFO - DAG(s) 'tutorial' retrieved from /home/airflow/.local/lib/python3.12/site-packages/airflow/example_dags/tutorial.py
[2025-11-25T15:19:21.388+0000] {logging_mixin.py:188} INFO - [2025-11-25T15:19:21.388+0000] {dag.py:3096} INFO - Sync 1 DAGs
[2025-11-25T15:19:21.397+0000] {logging_mixin.py:188} INFO - [2025-11-25T15:19:21.397+0000] {dag.py:3954} INFO - Setting next_dagrun for tutorial to 2025-11-24 00:00:00+00:00, run_after=2025-11-25 00:00:00+00:00
[2025-11-25T15:19:21.403+0000] {processor.py:183} INFO - Processing /home/airflow/.local/lib/python3.12/site-packages/airflow/example_dags/tutorial.py took 0.030 seconds
[2025-11-25T15:19:51.716+0000] {processor.py:161} INFO - Started process (PID=3604) to work on /home/airflow/.local/lib/python3.12/site-packages/airflow/example_dags/tutorial.py
[2025-11-25T15:19:51.717+0000] {processor.py:830} INFO - Processing file /home/airflow/.local/lib/python3.12/site-packages/airflow/example_dags/tutorial.py for tasks to queue
[2025-11-25T15:19:51.718+0000] {logging_mixin.py:188} INFO - [2025-11-25T15:19:51.717+0000] {dagbag.py:545} INFO - Filling up the DagBag from /home/airflow/.local/lib/python3.12/site-packages/airflow/example_dags/tutorial.py
[2025-11-25T15:19:51.720+0000] {processor.py:840} INFO - DAG(s) 'tutorial' retrieved from /home/airflow/.local/lib/python3.12/site-packages/airflow/example_dags/tutorial.py
[2025-11-25T15:19:51.728+0000] {logging_mixin.py:188} INFO - [2025-11-25T15:19:51.728+0000] {dag.py:3096} INFO - Sync 1 DAGs
[2025-11-25T15:19:51.735+0000] {logging_mixin.py:188} INFO - [2025-11-25T15:19:51.735+0000] {dag.py:3954} INFO - Setting next_dagrun for tutorial to 2025-11-24 00:00:00+00:00, run_after=2025-11-25 00:00:00+00:00
[2025-11-25T15:19:51.741+0000] {processor.py:183} INFO - Processing /home/airflow/.local/lib/python3.12/site-packages/airflow/example_dags/tutorial.py took 0.027 seconds
[2025-11-25T15:20:22.098+0000] {processor.py:161} INFO - Started process (PID=3662) to work on /home/airflow/.local/lib/python3.12/site-packages/airflow/example_dags/tutorial.py
[2025-11-25T15:20:22.100+0000] {processor.py:830} INFO - Processing file /home/airflow/.local/lib/python3.12/site-packages/airflow/example_dags/tutorial.py for tasks to queue
[2025-11-25T15:20:22.101+0000] {logging_mixin.py:188} INFO - [2025-11-25T15:20:22.101+0000] {dagbag.py:545} INFO - Filling up the DagBag from /home/airflow/.local/lib/python3.12/site-packages/airflow/example_dags/tutorial.py
[2025-11-25T15:20:22.103+0000] {processor.py:840} INFO - DAG(s) 'tutorial' retrieved from /home/airflow/.local/lib/python3.12/site-packages/airflow/example_dags/tutorial.py
[2025-11-25T15:20:22.110+0000] {logging_mixin.py:188} INFO - [2025-11-25T15:20:22.110+0000] {dag.py:3096} INFO - Sync 1 DAGs
[2025-11-25T15:20:22.118+0000] {logging_mixin.py:188} INFO - [2025-11-25T15:20:22.118+0000] {dag.py:3954} INFO - Setting next_dagrun for tutorial to 2025-11-24 00:00:00+00:00, run_after=2025-11-25 00:00:00+00:00
[2025-11-25T15:20:22.124+0000] {processor.py:183} INFO - Processing /home/airflow/.local/lib/python3.12/site-packages/airflow/example_dags/tutorial.py took 0.029 seconds
[2025-11-25T15:20:52.481+0000] {processor.py:161} INFO - Started process (PID=3720) to work on /home/airflow/.local/lib/python3.12/site-packages/airflow/example_dags/tutorial.py
[2025-11-25T15:20:52.483+0000] {processor.py:830} INFO - Processing file /home/airflow/.local/lib/python3.12/site-packages/airflow/example_dags/tutorial.py for tasks to queue
[2025-11-25T15:20:52.483+0000] {logging_mixin.py:188} INFO - [2025-11-25T15:20:52.483+0000] {dagbag.py:545} INFO - Filling up the DagBag from /home/airflow/.local/lib/python3.12/site-packages/airflow/example_dags/tutorial.py
[2025-11-25T15:20:52.486+0000] {processor.py:840} INFO - DAG(s) 'tutorial' retrieved from /home/airflow/.local/lib/python3.12/site-packages/airflow/example_dags/tutorial.py
[2025-11-25T15:20:52.494+0000] {logging_mixin.py:188} INFO - [2025-11-25T15:20:52.494+0000] {dag.py:3096} INFO - Sync 1 DAGs
[2025-11-25T15:20:52.502+0000] {logging_mixin.py:188} INFO - [2025-11-25T15:20:52.502+0000] {dag.py:3954} INFO - Setting next_dagrun for tutorial to 2025-11-24 00:00:00+00:00, run_after=2025-11-25 00:00:00+00:00
[2025-11-25T15:20:52.508+0000] {processor.py:183} INFO - Processing /home/airflow/.local/lib/python3.12/site-packages/airflow/example_dags/tutorial.py took 0.029 seconds
[2025-11-25T15:21:22.938+0000] {processor.py:161} INFO - Started process (PID=3778) to work on /home/airflow/.local/lib/python3.12/site-packages/airflow/example_dags/tutorial.py
[2025-11-25T15:21:22.940+0000] {processor.py:830} INFO - Processing file /home/airflow/.local/lib/python3.12/site-packages/airflow/example_dags/tutorial.py for tasks to queue
[2025-11-25T15:21:22.940+0000] {logging_mixin.py:188} INFO - [2025-11-25T15:21:22.940+0000] {dagbag.py:545} INFO - Filling up the DagBag from /home/airflow/.local/lib/python3.12/site-packages/airflow/example_dags/tutorial.py
[2025-11-25T15:21:22.943+0000] {processor.py:840} INFO - DAG(s) 'tutorial' retrieved from /home/airflow/.local/lib/python3.12/site-packages/airflow/example_dags/tutorial.py
[2025-11-25T15:21:22.950+0000] {logging_mixin.py:188} INFO - [2025-11-25T15:21:22.950+0000] {dag.py:3096} INFO - Sync 1 DAGs
[2025-11-25T15:21:22.958+0000] {logging_mixin.py:188} INFO - [2025-11-25T15:21:22.958+0000] {dag.py:3954} INFO - Setting next_dagrun for tutorial to 2025-11-24 00:00:00+00:00, run_after=2025-11-25 00:00:00+00:00
[2025-11-25T15:21:22.964+0000] {processor.py:183} INFO - Processing /home/airflow/.local/lib/python3.12/site-packages/airflow/example_dags/tutorial.py took 0.030 seconds
[2025-11-25T15:21:53.264+0000] {processor.py:161} INFO - Started process (PID=3836) to work on /home/airflow/.local/lib/python3.12/site-packages/airflow/example_dags/tutorial.py
[2025-11-25T15:21:53.264+0000] {processor.py:830} INFO - Processing file /home/airflow/.local/lib/python3.12/site-packages/airflow/example_dags/tutorial.py for tasks to queue
[2025-11-25T15:21:53.267+0000] {logging_mixin.py:188} INFO - [2025-11-25T15:21:53.266+0000] {dagbag.py:545} INFO - Filling up the DagBag from /home/airflow/.local/lib/python3.12/site-packages/airflow/example_dags/tutorial.py
[2025-11-25T15:21:53.269+0000] {processor.py:840} INFO - DAG(s) 'tutorial' retrieved from /home/airflow/.local/lib/python3.12/site-packages/airflow/example_dags/tutorial.py
[2025-11-25T15:21:53.276+0000] {logging_mixin.py:188} INFO - [2025-11-25T15:21:53.276+0000] {dag.py:3096} INFO - Sync 1 DAGs
[2025-11-25T15:21:53.283+0000] {logging_mixin.py:188} INFO - [2025-11-25T15:21:53.283+0000] {dag.py:3954} INFO - Setting next_dagrun for tutorial to 2025-11-24 00:00:00+00:00, run_after=2025-11-25 00:00:00+00:00
[2025-11-25T15:21:53.289+0000] {processor.py:183} INFO - Processing /home/airflow/.local/lib/python3.12/site-packages/airflow/example_dags/tutorial.py took 0.028 seconds
[2025-11-25T15:22:24.018+0000] {processor.py:161} INFO - Started process (PID=3894) to work on /home/airflow/.local/lib/python3.12/site-packages/airflow/example_dags/tutorial.py
[2025-11-25T15:22:24.019+0000] {processor.py:830} INFO - Processing file /home/airflow/.local/lib/python3.12/site-packages/airflow/example_dags/tutorial.py for tasks to queue
[2025-11-25T15:22:24.023+0000] {logging_mixin.py:188} INFO - [2025-11-25T15:22:24.023+0000] {dagbag.py:545} INFO - Filling up the DagBag from /home/airflow/.local/lib/python3.12/site-packages/airflow/example_dags/tutorial.py
[2025-11-25T15:22:24.029+0000] {processor.py:840} INFO - DAG(s) 'tutorial' retrieved from /home/airflow/.local/lib/python3.12/site-packages/airflow/example_dags/tutorial.py
[2025-11-25T15:22:24.042+0000] {logging_mixin.py:188} INFO - [2025-11-25T15:22:24.042+0000] {dag.py:3096} INFO - Sync 1 DAGs
[2025-11-25T15:22:24.057+0000] {logging_mixin.py:188} INFO - [2025-11-25T15:22:24.056+0000] {dag.py:3954} INFO - Setting next_dagrun for tutorial to 2025-11-24 00:00:00+00:00, run_after=2025-11-25 00:00:00+00:00
[2025-11-25T15:22:24.072+0000] {processor.py:183} INFO - Processing /home/airflow/.local/lib/python3.12/site-packages/airflow/example_dags/tutorial.py took 0.059 seconds
[2025-11-25T15:22:54.992+0000] {processor.py:161} INFO - Started process (PID=3952) to work on /home/airflow/.local/lib/python3.12/site-packages/airflow/example_dags/tutorial.py
[2025-11-25T15:22:54.995+0000] {processor.py:830} INFO - Processing file /home/airflow/.local/lib/python3.12/site-packages/airflow/example_dags/tutorial.py for tasks to queue
[2025-11-25T15:22:54.996+0000] {logging_mixin.py:188} INFO - [2025-11-25T15:22:54.996+0000] {dagbag.py:545} INFO - Filling up the DagBag from /home/airflow/.local/lib/python3.12/site-packages/airflow/example_dags/tutorial.py
[2025-11-25T15:22:55.000+0000] {processor.py:840} INFO - DAG(s) 'tutorial' retrieved from /home/airflow/.local/lib/python3.12/site-packages/airflow/example_dags/tutorial.py
[2025-11-25T15:22:55.011+0000] {logging_mixin.py:188} INFO - [2025-11-25T15:22:55.011+0000] {dag.py:3096} INFO - Sync 1 DAGs
[2025-11-25T15:22:55.021+0000] {logging_mixin.py:188} INFO - [2025-11-25T15:22:55.021+0000] {dag.py:3954} INFO - Setting next_dagrun for tutorial to 2025-11-24 00:00:00+00:00, run_after=2025-11-25 00:00:00+00:00
[2025-11-25T15:22:55.029+0000] {processor.py:183} INFO - Processing /home/airflow/.local/lib/python3.12/site-packages/airflow/example_dags/tutorial.py took 0.040 seconds
[2025-11-25T15:23:25.706+0000] {processor.py:161} INFO - Started process (PID=4010) to work on /home/airflow/.local/lib/python3.12/site-packages/airflow/example_dags/tutorial.py
[2025-11-25T15:23:25.707+0000] {processor.py:830} INFO - Processing file /home/airflow/.local/lib/python3.12/site-packages/airflow/example_dags/tutorial.py for tasks to queue
[2025-11-25T15:23:25.708+0000] {logging_mixin.py:188} INFO - [2025-11-25T15:23:25.707+0000] {dagbag.py:545} INFO - Filling up the DagBag from /home/airflow/.local/lib/python3.12/site-packages/airflow/example_dags/tutorial.py
[2025-11-25T15:23:25.710+0000] {processor.py:840} INFO - DAG(s) 'tutorial' retrieved from /home/airflow/.local/lib/python3.12/site-packages/airflow/example_dags/tutorial.py
[2025-11-25T15:23:25.728+0000] {logging_mixin.py:188} INFO - [2025-11-25T15:23:25.728+0000] {dag.py:3096} INFO - Sync 1 DAGs
[2025-11-25T15:23:25.747+0000] {logging_mixin.py:188} INFO - [2025-11-25T15:23:25.747+0000] {dag.py:3954} INFO - Setting next_dagrun for tutorial to 2025-11-24 00:00:00+00:00, run_after=2025-11-25 00:00:00+00:00
[2025-11-25T15:23:25.755+0000] {processor.py:183} INFO - Processing /home/airflow/.local/lib/python3.12/site-packages/airflow/example_dags/tutorial.py took 0.051 seconds
[2025-11-25T15:23:56.336+0000] {processor.py:161} INFO - Started process (PID=4068) to work on /home/airflow/.local/lib/python3.12/site-packages/airflow/example_dags/tutorial.py
[2025-11-25T15:23:56.336+0000] {processor.py:830} INFO - Processing file /home/airflow/.local/lib/python3.12/site-packages/airflow/example_dags/tutorial.py for tasks to queue
[2025-11-25T15:23:56.337+0000] {logging_mixin.py:188} INFO - [2025-11-25T15:23:56.337+0000] {dagbag.py:545} INFO - Filling up the DagBag from /home/airflow/.local/lib/python3.12/site-packages/airflow/example_dags/tutorial.py
[2025-11-25T15:23:56.339+0000] {processor.py:840} INFO - DAG(s) 'tutorial' retrieved from /home/airflow/.local/lib/python3.12/site-packages/airflow/example_dags/tutorial.py
[2025-11-25T15:23:56.348+0000] {logging_mixin.py:188} INFO - [2025-11-25T15:23:56.348+0000] {dag.py:3096} INFO - Sync 1 DAGs
[2025-11-25T15:23:56.356+0000] {logging_mixin.py:188} INFO - [2025-11-25T15:23:56.356+0000] {dag.py:3954} INFO - Setting next_dagrun for tutorial to 2025-11-24 00:00:00+00:00, run_after=2025-11-25 00:00:00+00:00
[2025-11-25T15:23:56.362+0000] {processor.py:183} INFO - Processing /home/airflow/.local/lib/python3.12/site-packages/airflow/example_dags/tutorial.py took 0.029 seconds
[2025-11-25T15:24:30.074+0000] {processor.py:161} INFO - Started process (PID=4126) to work on /home/airflow/.local/lib/python3.12/site-packages/airflow/example_dags/tutorial.py
[2025-11-25T15:24:30.078+0000] {processor.py:830} INFO - Processing file /home/airflow/.local/lib/python3.12/site-packages/airflow/example_dags/tutorial.py for tasks to queue
[2025-11-25T15:24:30.080+0000] {logging_mixin.py:188} INFO - [2025-11-25T15:24:30.080+0000] {dagbag.py:545} INFO - Filling up the DagBag from /home/airflow/.local/lib/python3.12/site-packages/airflow/example_dags/tutorial.py
[2025-11-25T15:24:30.089+0000] {processor.py:840} INFO - DAG(s) 'tutorial' retrieved from /home/airflow/.local/lib/python3.12/site-packages/airflow/example_dags/tutorial.py
[2025-11-25T15:24:30.117+0000] {logging_mixin.py:188} INFO - [2025-11-25T15:24:30.117+0000] {dag.py:3096} INFO - Sync 1 DAGs
[2025-11-25T15:24:30.139+0000] {logging_mixin.py:188} INFO - [2025-11-25T15:24:30.139+0000] {dag.py:3954} INFO - Setting next_dagrun for tutorial to 2025-11-24 00:00:00+00:00, run_after=2025-11-25 00:00:00+00:00
[2025-11-25T15:24:30.155+0000] {processor.py:183} INFO - Processing /home/airflow/.local/lib/python3.12/site-packages/airflow/example_dags/tutorial.py took 0.088 seconds
[2025-11-25T15:25:00.176+0000] {processor.py:161} INFO - Started process (PID=4184) to work on /home/airflow/.local/lib/python3.12/site-packages/airflow/example_dags/tutorial.py
[2025-11-25T15:25:00.177+0000] {processor.py:830} INFO - Processing file /home/airflow/.local/lib/python3.12/site-packages/airflow/example_dags/tutorial.py for tasks to queue
[2025-11-25T15:25:00.178+0000] {logging_mixin.py:188} INFO - [2025-11-25T15:25:00.178+0000] {dagbag.py:545} INFO - Filling up the DagBag from /home/airflow/.local/lib/python3.12/site-packages/airflow/example_dags/tutorial.py
[2025-11-25T15:25:00.182+0000] {processor.py:840} INFO - DAG(s) 'tutorial' retrieved from /home/airflow/.local/lib/python3.12/site-packages/airflow/example_dags/tutorial.py
[2025-11-25T15:25:00.191+0000] {logging_mixin.py:188} INFO - [2025-11-25T15:25:00.191+0000] {dag.py:3096} INFO - Sync 1 DAGs
[2025-11-25T15:25:00.198+0000] {logging_mixin.py:188} INFO - [2025-11-25T15:25:00.198+0000] {dag.py:3954} INFO - Setting next_dagrun for tutorial to 2025-11-24 00:00:00+00:00, run_after=2025-11-25 00:00:00+00:00
[2025-11-25T15:25:00.204+0000] {processor.py:183} INFO - Processing /home/airflow/.local/lib/python3.12/site-packages/airflow/example_dags/tutorial.py took 0.030 seconds
[2025-11-25T15:25:30.677+0000] {processor.py:161} INFO - Started process (PID=4242) to work on /home/airflow/.local/lib/python3.12/site-packages/airflow/example_dags/tutorial.py
[2025-11-25T15:25:30.679+0000] {processor.py:830} INFO - Processing file /home/airflow/.local/lib/python3.12/site-packages/airflow/example_dags/tutorial.py for tasks to queue
[2025-11-25T15:25:30.680+0000] {logging_mixin.py:188} INFO - [2025-11-25T15:25:30.680+0000] {dagbag.py:545} INFO - Filling up the DagBag from /home/airflow/.local/lib/python3.12/site-packages/airflow/example_dags/tutorial.py
[2025-11-25T15:25:30.682+0000] {processor.py:840} INFO - DAG(s) 'tutorial' retrieved from /home/airflow/.local/lib/python3.12/site-packages/airflow/example_dags/tutorial.py
[2025-11-25T15:25:30.690+0000] {logging_mixin.py:188} INFO - [2025-11-25T15:25:30.689+0000] {dag.py:3096} INFO - Sync 1 DAGs
[2025-11-25T15:25:30.698+0000] {logging_mixin.py:188} INFO - [2025-11-25T15:25:30.698+0000] {dag.py:3954} INFO - Setting next_dagrun for tutorial to 2025-11-24 00:00:00+00:00, run_after=2025-11-25 00:00:00+00:00
[2025-11-25T15:25:30.704+0000] {processor.py:183} INFO - Processing /home/airflow/.local/lib/python3.12/site-packages/airflow/example_dags/tutorial.py took 0.029 seconds
[2025-11-25T15:26:01.203+0000] {processor.py:161} INFO - Started process (PID=4300) to work on /home/airflow/.local/lib/python3.12/site-packages/airflow/example_dags/tutorial.py
[2025-11-25T15:26:01.205+0000] {processor.py:830} INFO - Processing file /home/airflow/.local/lib/python3.12/site-packages/airflow/example_dags/tutorial.py for tasks to queue
[2025-11-25T15:26:01.206+0000] {logging_mixin.py:188} INFO - [2025-11-25T15:26:01.206+0000] {dagbag.py:545} INFO - Filling up the DagBag from /home/airflow/.local/lib/python3.12/site-packages/airflow/example_dags/tutorial.py
[2025-11-25T15:26:01.209+0000] {processor.py:840} INFO - DAG(s) 'tutorial' retrieved from /home/airflow/.local/lib/python3.12/site-packages/airflow/example_dags/tutorial.py
[2025-11-25T15:26:01.216+0000] {logging_mixin.py:188} INFO - [2025-11-25T15:26:01.216+0000] {dag.py:3096} INFO - Sync 1 DAGs
[2025-11-25T15:26:01.223+0000] {logging_mixin.py:188} INFO - [2025-11-25T15:26:01.223+0000] {dag.py:3954} INFO - Setting next_dagrun for tutorial to 2025-11-24 00:00:00+00:00, run_after=2025-11-25 00:00:00+00:00
[2025-11-25T15:26:01.230+0000] {processor.py:183} INFO - Processing /home/airflow/.local/lib/python3.12/site-packages/airflow/example_dags/tutorial.py took 0.029 seconds
[2025-11-25T15:26:31.727+0000] {processor.py:161} INFO - Started process (PID=4358) to work on /home/airflow/.local/lib/python3.12/site-packages/airflow/example_dags/tutorial.py
[2025-11-25T15:26:31.729+0000] {processor.py:830} INFO - Processing file /home/airflow/.local/lib/python3.12/site-packages/airflow/example_dags/tutorial.py for tasks to queue
[2025-11-25T15:26:31.730+0000] {logging_mixin.py:188} INFO - [2025-11-25T15:26:31.730+0000] {dagbag.py:545} INFO - Filling up the DagBag from /home/airflow/.local/lib/python3.12/site-packages/airflow/example_dags/tutorial.py
[2025-11-25T15:26:31.732+0000] {processor.py:840} INFO - DAG(s) 'tutorial' retrieved from /home/airflow/.local/lib/python3.12/site-packages/airflow/example_dags/tutorial.py
[2025-11-25T15:26:31.740+0000] {logging_mixin.py:188} INFO - [2025-11-25T15:26:31.740+0000] {dag.py:3096} INFO - Sync 1 DAGs
[2025-11-25T15:26:31.747+0000] {logging_mixin.py:188} INFO - [2025-11-25T15:26:31.747+0000] {dag.py:3954} INFO - Setting next_dagrun for tutorial to 2025-11-24 00:00:00+00:00, run_after=2025-11-25 00:00:00+00:00
[2025-11-25T15:26:31.753+0000] {processor.py:183} INFO - Processing /home/airflow/.local/lib/python3.12/site-packages/airflow/example_dags/tutorial.py took 0.029 seconds
[2025-11-25T15:27:02.567+0000] {processor.py:161} INFO - Started process (PID=4421) to work on /home/airflow/.local/lib/python3.12/site-packages/airflow/example_dags/tutorial.py
[2025-11-25T15:27:02.568+0000] {processor.py:830} INFO - Processing file /home/airflow/.local/lib/python3.12/site-packages/airflow/example_dags/tutorial.py for tasks to queue
[2025-11-25T15:27:02.569+0000] {logging_mixin.py:188} INFO - [2025-11-25T15:27:02.569+0000] {dagbag.py:545} INFO - Filling up the DagBag from /home/airflow/.local/lib/python3.12/site-packages/airflow/example_dags/tutorial.py
[2025-11-25T15:27:02.572+0000] {processor.py:840} INFO - DAG(s) 'tutorial' retrieved from /home/airflow/.local/lib/python3.12/site-packages/airflow/example_dags/tutorial.py
[2025-11-25T15:27:02.580+0000] {logging_mixin.py:188} INFO - [2025-11-25T15:27:02.580+0000] {dag.py:3096} INFO - Sync 1 DAGs
[2025-11-25T15:27:02.588+0000] {logging_mixin.py:188} INFO - [2025-11-25T15:27:02.588+0000] {dag.py:3954} INFO - Setting next_dagrun for tutorial to 2025-11-24 00:00:00+00:00, run_after=2025-11-25 00:00:00+00:00
[2025-11-25T15:27:02.594+0000] {processor.py:183} INFO - Processing /home/airflow/.local/lib/python3.12/site-packages/airflow/example_dags/tutorial.py took 0.030 seconds
[2025-11-25T15:27:33.344+0000] {processor.py:161} INFO - Started process (PID=4479) to work on /home/airflow/.local/lib/python3.12/site-packages/airflow/example_dags/tutorial.py
[2025-11-25T15:27:33.345+0000] {processor.py:830} INFO - Processing file /home/airflow/.local/lib/python3.12/site-packages/airflow/example_dags/tutorial.py for tasks to queue
[2025-11-25T15:27:33.347+0000] {logging_mixin.py:188} INFO - [2025-11-25T15:27:33.346+0000] {dagbag.py:545} INFO - Filling up the DagBag from /home/airflow/.local/lib/python3.12/site-packages/airflow/example_dags/tutorial.py
[2025-11-25T15:27:33.350+0000] {processor.py:840} INFO - DAG(s) 'tutorial' retrieved from /home/airflow/.local/lib/python3.12/site-packages/airflow/example_dags/tutorial.py
[2025-11-25T15:27:33.363+0000] {logging_mixin.py:188} INFO - [2025-11-25T15:27:33.363+0000] {dag.py:3096} INFO - Sync 1 DAGs
[2025-11-25T15:27:33.372+0000] {logging_mixin.py:188} INFO - [2025-11-25T15:27:33.372+0000] {dag.py:3954} INFO - Setting next_dagrun for tutorial to 2025-11-24 00:00:00+00:00, run_after=2025-11-25 00:00:00+00:00
[2025-11-25T15:27:33.380+0000] {processor.py:183} INFO - Processing /home/airflow/.local/lib/python3.12/site-packages/airflow/example_dags/tutorial.py took 0.040 seconds
[2025-11-25T15:28:03.934+0000] {processor.py:161} INFO - Started process (PID=4537) to work on /home/airflow/.local/lib/python3.12/site-packages/airflow/example_dags/tutorial.py
[2025-11-25T15:28:03.936+0000] {processor.py:830} INFO - Processing file /home/airflow/.local/lib/python3.12/site-packages/airflow/example_dags/tutorial.py for tasks to queue
[2025-11-25T15:28:03.937+0000] {logging_mixin.py:188} INFO - [2025-11-25T15:28:03.937+0000] {dagbag.py:545} INFO - Filling up the DagBag from /home/airflow/.local/lib/python3.12/site-packages/airflow/example_dags/tutorial.py
[2025-11-25T15:28:03.940+0000] {processor.py:840} INFO - DAG(s) 'tutorial' retrieved from /home/airflow/.local/lib/python3.12/site-packages/airflow/example_dags/tutorial.py
[2025-11-25T15:28:03.947+0000] {logging_mixin.py:188} INFO - [2025-11-25T15:28:03.947+0000] {dag.py:3096} INFO - Sync 1 DAGs
[2025-11-25T15:28:03.956+0000] {logging_mixin.py:188} INFO - [2025-11-25T15:28:03.956+0000] {dag.py:3954} INFO - Setting next_dagrun for tutorial to 2025-11-24 00:00:00+00:00, run_after=2025-11-25 00:00:00+00:00
[2025-11-25T15:28:03.964+0000] {processor.py:183} INFO - Processing /home/airflow/.local/lib/python3.12/site-packages/airflow/example_dags/tutorial.py took 0.032 seconds
[2025-11-25T15:28:34.533+0000] {processor.py:161} INFO - Started process (PID=4595) to work on /home/airflow/.local/lib/python3.12/site-packages/airflow/example_dags/tutorial.py
[2025-11-25T15:28:34.534+0000] {processor.py:830} INFO - Processing file /home/airflow/.local/lib/python3.12/site-packages/airflow/example_dags/tutorial.py for tasks to queue
[2025-11-25T15:28:34.534+0000] {logging_mixin.py:188} INFO - [2025-11-25T15:28:34.534+0000] {dagbag.py:545} INFO - Filling up the DagBag from /home/airflow/.local/lib/python3.12/site-packages/airflow/example_dags/tutorial.py
[2025-11-25T15:28:34.537+0000] {processor.py:840} INFO - DAG(s) 'tutorial' retrieved from /home/airflow/.local/lib/python3.12/site-packages/airflow/example_dags/tutorial.py
[2025-11-25T15:28:34.546+0000] {logging_mixin.py:188} INFO - [2025-11-25T15:28:34.545+0000] {dag.py:3096} INFO - Sync 1 DAGs
[2025-11-25T15:28:34.553+0000] {logging_mixin.py:188} INFO - [2025-11-25T15:28:34.553+0000] {dag.py:3954} INFO - Setting next_dagrun for tutorial to 2025-11-24 00:00:00+00:00, run_after=2025-11-25 00:00:00+00:00
[2025-11-25T15:28:34.559+0000] {processor.py:183} INFO - Processing /home/airflow/.local/lib/python3.12/site-packages/airflow/example_dags/tutorial.py took 0.028 seconds
[2025-11-25T15:29:05.285+0000] {processor.py:161} INFO - Started process (PID=4653) to work on /home/airflow/.local/lib/python3.12/site-packages/airflow/example_dags/tutorial.py
[2025-11-25T15:29:05.286+0000] {processor.py:830} INFO - Processing file /home/airflow/.local/lib/python3.12/site-packages/airflow/example_dags/tutorial.py for tasks to queue
[2025-11-25T15:29:05.287+0000] {logging_mixin.py:188} INFO - [2025-11-25T15:29:05.287+0000] {dagbag.py:545} INFO - Filling up the DagBag from /home/airflow/.local/lib/python3.12/site-packages/airflow/example_dags/tutorial.py
[2025-11-25T15:29:05.291+0000] {processor.py:840} INFO - DAG(s) 'tutorial' retrieved from /home/airflow/.local/lib/python3.12/site-packages/airflow/example_dags/tutorial.py
[2025-11-25T15:29:05.298+0000] {logging_mixin.py:188} INFO - [2025-11-25T15:29:05.298+0000] {dag.py:3096} INFO - Sync 1 DAGs
[2025-11-25T15:29:05.306+0000] {logging_mixin.py:188} INFO - [2025-11-25T15:29:05.306+0000] {dag.py:3954} INFO - Setting next_dagrun for tutorial to 2025-11-24 00:00:00+00:00, run_after=2025-11-25 00:00:00+00:00
[2025-11-25T15:29:05.318+0000] {processor.py:183} INFO - Processing /home/airflow/.local/lib/python3.12/site-packages/airflow/example_dags/tutorial.py took 0.035 seconds
[2025-11-25T15:29:36.127+0000] {processor.py:161} INFO - Started process (PID=4711) to work on /home/airflow/.local/lib/python3.12/site-packages/airflow/example_dags/tutorial.py
[2025-11-25T15:29:36.128+0000] {processor.py:830} INFO - Processing file /home/airflow/.local/lib/python3.12/site-packages/airflow/example_dags/tutorial.py for tasks to queue
[2025-11-25T15:29:36.129+0000] {logging_mixin.py:188} INFO - [2025-11-25T15:29:36.129+0000] {dagbag.py:545} INFO - Filling up the DagBag from /home/airflow/.local/lib/python3.12/site-packages/airflow/example_dags/tutorial.py
[2025-11-25T15:29:36.132+0000] {processor.py:840} INFO - DAG(s) 'tutorial' retrieved from /home/airflow/.local/lib/python3.12/site-packages/airflow/example_dags/tutorial.py
[2025-11-25T15:29:36.141+0000] {logging_mixin.py:188} INFO - [2025-11-25T15:29:36.141+0000] {dag.py:3096} INFO - Sync 1 DAGs
[2025-11-25T15:29:36.149+0000] {logging_mixin.py:188} INFO - [2025-11-25T15:29:36.149+0000] {dag.py:3954} INFO - Setting next_dagrun for tutorial to 2025-11-24 00:00:00+00:00, run_after=2025-11-25 00:00:00+00:00
[2025-11-25T15:29:36.156+0000] {processor.py:183} INFO - Processing /home/airflow/.local/lib/python3.12/site-packages/airflow/example_dags/tutorial.py took 0.031 seconds
[2025-11-25T15:30:06.368+0000] {processor.py:161} INFO - Started process (PID=4769) to work on /home/airflow/.local/lib/python3.12/site-packages/airflow/example_dags/tutorial.py
[2025-11-25T15:30:06.369+0000] {processor.py:830} INFO - Processing file /home/airflow/.local/lib/python3.12/site-packages/airflow/example_dags/tutorial.py for tasks to queue
[2025-11-25T15:30:06.370+0000] {logging_mixin.py:188} INFO - [2025-11-25T15:30:06.370+0000] {dagbag.py:545} INFO - Filling up the DagBag from /home/airflow/.local/lib/python3.12/site-packages/airflow/example_dags/tutorial.py
[2025-11-25T15:30:06.372+0000] {processor.py:840} INFO - DAG(s) 'tutorial' retrieved from /home/airflow/.local/lib/python3.12/site-packages/airflow/example_dags/tutorial.py
[2025-11-25T15:30:06.382+0000] {logging_mixin.py:188} INFO - [2025-11-25T15:30:06.382+0000] {dag.py:3096} INFO - Sync 1 DAGs
[2025-11-25T15:30:06.390+0000] {logging_mixin.py:188} INFO - [2025-11-25T15:30:06.390+0000] {dag.py:3954} INFO - Setting next_dagrun for tutorial to 2025-11-24 00:00:00+00:00, run_after=2025-11-25 00:00:00+00:00
[2025-11-25T15:30:06.399+0000] {processor.py:183} INFO - Processing /home/airflow/.local/lib/python3.12/site-packages/airflow/example_dags/tutorial.py took 0.033 seconds
[2025-11-25T15:30:36.732+0000] {processor.py:161} INFO - Started process (PID=4827) to work on /home/airflow/.local/lib/python3.12/site-packages/airflow/example_dags/tutorial.py
[2025-11-25T15:30:36.734+0000] {processor.py:830} INFO - Processing file /home/airflow/.local/lib/python3.12/site-packages/airflow/example_dags/tutorial.py for tasks to queue
[2025-11-25T15:30:36.735+0000] {logging_mixin.py:188} INFO - [2025-11-25T15:30:36.734+0000] {dagbag.py:545} INFO - Filling up the DagBag from /home/airflow/.local/lib/python3.12/site-packages/airflow/example_dags/tutorial.py
[2025-11-25T15:30:36.737+0000] {processor.py:840} INFO - DAG(s) 'tutorial' retrieved from /home/airflow/.local/lib/python3.12/site-packages/airflow/example_dags/tutorial.py
[2025-11-25T15:30:36.745+0000] {logging_mixin.py:188} INFO - [2025-11-25T15:30:36.745+0000] {dag.py:3096} INFO - Sync 1 DAGs
[2025-11-25T15:30:36.753+0000] {logging_mixin.py:188} INFO - [2025-11-25T15:30:36.753+0000] {dag.py:3954} INFO - Setting next_dagrun for tutorial to 2025-11-24 00:00:00+00:00, run_after=2025-11-25 00:00:00+00:00
[2025-11-25T15:30:36.766+0000] {processor.py:183} INFO - Processing /home/airflow/.local/lib/python3.12/site-packages/airflow/example_dags/tutorial.py took 0.037 seconds
[2025-11-25T15:31:06.805+0000] {processor.py:161} INFO - Started process (PID=4885) to work on /home/airflow/.local/lib/python3.12/site-packages/airflow/example_dags/tutorial.py
[2025-11-25T15:31:06.805+0000] {processor.py:830} INFO - Processing file /home/airflow/.local/lib/python3.12/site-packages/airflow/example_dags/tutorial.py for tasks to queue
[2025-11-25T15:31:06.806+0000] {logging_mixin.py:188} INFO - [2025-11-25T15:31:06.806+0000] {dagbag.py:545} INFO - Filling up the DagBag from /home/airflow/.local/lib/python3.12/site-packages/airflow/example_dags/tutorial.py
[2025-11-25T15:31:06.810+0000] {processor.py:840} INFO - DAG(s) 'tutorial' retrieved from /home/airflow/.local/lib/python3.12/site-packages/airflow/example_dags/tutorial.py
[2025-11-25T15:31:06.818+0000] {logging_mixin.py:188} INFO - [2025-11-25T15:31:06.818+0000] {dag.py:3096} INFO - Sync 1 DAGs
[2025-11-25T15:31:06.827+0000] {logging_mixin.py:188} INFO - [2025-11-25T15:31:06.827+0000] {dag.py:3954} INFO - Setting next_dagrun for tutorial to 2025-11-24 00:00:00+00:00, run_after=2025-11-25 00:00:00+00:00
[2025-11-25T15:31:06.838+0000] {processor.py:183} INFO - Processing /home/airflow/.local/lib/python3.12/site-packages/airflow/example_dags/tutorial.py took 0.036 seconds
[2025-11-25T15:31:37.562+0000] {processor.py:161} INFO - Started process (PID=4944) to work on /home/airflow/.local/lib/python3.12/site-packages/airflow/example_dags/tutorial.py
[2025-11-25T15:31:37.562+0000] {processor.py:830} INFO - Processing file /home/airflow/.local/lib/python3.12/site-packages/airflow/example_dags/tutorial.py for tasks to queue
[2025-11-25T15:31:37.563+0000] {logging_mixin.py:188} INFO - [2025-11-25T15:31:37.563+0000] {dagbag.py:545} INFO - Filling up the DagBag from /home/airflow/.local/lib/python3.12/site-packages/airflow/example_dags/tutorial.py
[2025-11-25T15:31:37.565+0000] {processor.py:840} INFO - DAG(s) 'tutorial' retrieved from /home/airflow/.local/lib/python3.12/site-packages/airflow/example_dags/tutorial.py
[2025-11-25T15:31:37.575+0000] {logging_mixin.py:188} INFO - [2025-11-25T15:31:37.575+0000] {dag.py:3096} INFO - Sync 1 DAGs
[2025-11-25T15:31:37.585+0000] {logging_mixin.py:188} INFO - [2025-11-25T15:31:37.585+0000] {dag.py:3954} INFO - Setting next_dagrun for tutorial to 2025-11-24 00:00:00+00:00, run_after=2025-11-25 00:00:00+00:00
[2025-11-25T15:31:37.596+0000] {processor.py:183} INFO - Processing /home/airflow/.local/lib/python3.12/site-packages/airflow/example_dags/tutorial.py took 0.037 seconds
[2025-11-25T15:32:08.472+0000] {processor.py:161} INFO - Started process (PID=5002) to work on /home/airflow/.local/lib/python3.12/site-packages/airflow/example_dags/tutorial.py
[2025-11-25T15:32:08.473+0000] {processor.py:830} INFO - Processing file /home/airflow/.local/lib/python3.12/site-packages/airflow/example_dags/tutorial.py for tasks to queue
[2025-11-25T15:32:08.473+0000] {logging_mixin.py:188} INFO - [2025-11-25T15:32:08.473+0000] {dagbag.py:545} INFO - Filling up the DagBag from /home/airflow/.local/lib/python3.12/site-packages/airflow/example_dags/tutorial.py
[2025-11-25T15:32:08.476+0000] {processor.py:840} INFO - DAG(s) 'tutorial' retrieved from /home/airflow/.local/lib/python3.12/site-packages/airflow/example_dags/tutorial.py
[2025-11-25T15:32:08.484+0000] {logging_mixin.py:188} INFO - [2025-11-25T15:32:08.484+0000] {dag.py:3096} INFO - Sync 1 DAGs
[2025-11-25T15:32:08.494+0000] {logging_mixin.py:188} INFO - [2025-11-25T15:32:08.494+0000] {dag.py:3954} INFO - Setting next_dagrun for tutorial to 2025-11-24 00:00:00+00:00, run_after=2025-11-25 00:00:00+00:00
[2025-11-25T15:32:08.503+0000] {processor.py:183} INFO - Processing /home/airflow/.local/lib/python3.12/site-packages/airflow/example_dags/tutorial.py took 0.033 seconds
[2025-11-25T15:32:38.589+0000] {processor.py:161} INFO - Started process (PID=5060) to work on /home/airflow/.local/lib/python3.12/site-packages/airflow/example_dags/tutorial.py
[2025-11-25T15:32:38.590+0000] {processor.py:830} INFO - Processing file /home/airflow/.local/lib/python3.12/site-packages/airflow/example_dags/tutorial.py for tasks to queue
[2025-11-25T15:32:38.591+0000] {logging_mixin.py:188} INFO - [2025-11-25T15:32:38.591+0000] {dagbag.py:545} INFO - Filling up the DagBag from /home/airflow/.local/lib/python3.12/site-packages/airflow/example_dags/tutorial.py
[2025-11-25T15:32:38.593+0000] {processor.py:840} INFO - DAG(s) 'tutorial' retrieved from /home/airflow/.local/lib/python3.12/site-packages/airflow/example_dags/tutorial.py
[2025-11-25T15:32:38.604+0000] {logging_mixin.py:188} INFO - [2025-11-25T15:32:38.604+0000] {dag.py:3096} INFO - Sync 1 DAGs
[2025-11-25T15:32:38.616+0000] {logging_mixin.py:188} INFO - [2025-11-25T15:32:38.615+0000] {dag.py:3954} INFO - Setting next_dagrun for tutorial to 2025-11-24 00:00:00+00:00, run_after=2025-11-25 00:00:00+00:00
[2025-11-25T15:32:38.625+0000] {processor.py:183} INFO - Processing /home/airflow/.local/lib/python3.12/site-packages/airflow/example_dags/tutorial.py took 0.039 seconds
[2025-11-25T15:33:09.326+0000] {processor.py:161} INFO - Started process (PID=5118) to work on /home/airflow/.local/lib/python3.12/site-packages/airflow/example_dags/tutorial.py
[2025-11-25T15:33:09.327+0000] {processor.py:830} INFO - Processing file /home/airflow/.local/lib/python3.12/site-packages/airflow/example_dags/tutorial.py for tasks to queue
[2025-11-25T15:33:09.329+0000] {logging_mixin.py:188} INFO - [2025-11-25T15:33:09.329+0000] {dagbag.py:545} INFO - Filling up the DagBag from /home/airflow/.local/lib/python3.12/site-packages/airflow/example_dags/tutorial.py
[2025-11-25T15:33:09.332+0000] {processor.py:840} INFO - DAG(s) 'tutorial' retrieved from /home/airflow/.local/lib/python3.12/site-packages/airflow/example_dags/tutorial.py
[2025-11-25T15:33:09.340+0000] {logging_mixin.py:188} INFO - [2025-11-25T15:33:09.340+0000] {dag.py:3096} INFO - Sync 1 DAGs
[2025-11-25T15:33:09.349+0000] {logging_mixin.py:188} INFO - [2025-11-25T15:33:09.349+0000] {dag.py:3954} INFO - Setting next_dagrun for tutorial to 2025-11-24 00:00:00+00:00, run_after=2025-11-25 00:00:00+00:00
[2025-11-25T15:33:09.360+0000] {processor.py:183} INFO - Processing /home/airflow/.local/lib/python3.12/site-packages/airflow/example_dags/tutorial.py took 0.037 seconds
[2025-11-25T15:33:39.568+0000] {processor.py:161} INFO - Started process (PID=5176) to work on /home/airflow/.local/lib/python3.12/site-packages/airflow/example_dags/tutorial.py
[2025-11-25T15:33:39.569+0000] {processor.py:830} INFO - Processing file /home/airflow/.local/lib/python3.12/site-packages/airflow/example_dags/tutorial.py for tasks to queue
[2025-11-25T15:33:39.570+0000] {logging_mixin.py:188} INFO - [2025-11-25T15:33:39.570+0000] {dagbag.py:545} INFO - Filling up the DagBag from /home/airflow/.local/lib/python3.12/site-packages/airflow/example_dags/tutorial.py
[2025-11-25T15:33:39.573+0000] {processor.py:840} INFO - DAG(s) 'tutorial' retrieved from /home/airflow/.local/lib/python3.12/site-packages/airflow/example_dags/tutorial.py
[2025-11-25T15:33:39.581+0000] {logging_mixin.py:188} INFO - [2025-11-25T15:33:39.580+0000] {dag.py:3096} INFO - Sync 1 DAGs
[2025-11-25T15:33:39.590+0000] {logging_mixin.py:188} INFO - [2025-11-25T15:33:39.590+0000] {dag.py:3954} INFO - Setting next_dagrun for tutorial to 2025-11-24 00:00:00+00:00, run_after=2025-11-25 00:00:00+00:00
[2025-11-25T15:33:39.598+0000] {processor.py:183} INFO - Processing /home/airflow/.local/lib/python3.12/site-packages/airflow/example_dags/tutorial.py took 0.032 seconds
[2025-11-25T15:34:09.784+0000] {processor.py:161} INFO - Started process (PID=5234) to work on /home/airflow/.local/lib/python3.12/site-packages/airflow/example_dags/tutorial.py
[2025-11-25T15:34:09.784+0000] {processor.py:830} INFO - Processing file /home/airflow/.local/lib/python3.12/site-packages/airflow/example_dags/tutorial.py for tasks to queue
[2025-11-25T15:34:09.785+0000] {logging_mixin.py:188} INFO - [2025-11-25T15:34:09.785+0000] {dagbag.py:545} INFO - Filling up the DagBag from /home/airflow/.local/lib/python3.12/site-packages/airflow/example_dags/tutorial.py
[2025-11-25T15:34:09.787+0000] {processor.py:840} INFO - DAG(s) 'tutorial' retrieved from /home/airflow/.local/lib/python3.12/site-packages/airflow/example_dags/tutorial.py
[2025-11-25T15:34:09.797+0000] {logging_mixin.py:188} INFO - [2025-11-25T15:34:09.797+0000] {dag.py:3096} INFO - Sync 1 DAGs
[2025-11-25T15:34:09.807+0000] {logging_mixin.py:188} INFO - [2025-11-25T15:34:09.807+0000] {dag.py:3954} INFO - Setting next_dagrun for tutorial to 2025-11-24 00:00:00+00:00, run_after=2025-11-25 00:00:00+00:00
[2025-11-25T15:34:09.814+0000] {processor.py:183} INFO - Processing /home/airflow/.local/lib/python3.12/site-packages/airflow/example_dags/tutorial.py took 0.032 seconds
[2025-11-25T15:34:40.643+0000] {processor.py:161} INFO - Started process (PID=5292) to work on /home/airflow/.local/lib/python3.12/site-packages/airflow/example_dags/tutorial.py
[2025-11-25T15:34:40.645+0000] {processor.py:830} INFO - Processing file /home/airflow/.local/lib/python3.12/site-packages/airflow/example_dags/tutorial.py for tasks to queue
[2025-11-25T15:34:40.646+0000] {logging_mixin.py:188} INFO - [2025-11-25T15:34:40.646+0000] {dagbag.py:545} INFO - Filling up the DagBag from /home/airflow/.local/lib/python3.12/site-packages/airflow/example_dags/tutorial.py
[2025-11-25T15:34:40.649+0000] {processor.py:840} INFO - DAG(s) 'tutorial' retrieved from /home/airflow/.local/lib/python3.12/site-packages/airflow/example_dags/tutorial.py
[2025-11-25T15:34:40.657+0000] {logging_mixin.py:188} INFO - [2025-11-25T15:34:40.657+0000] {dag.py:3096} INFO - Sync 1 DAGs
[2025-11-25T15:34:40.666+0000] {logging_mixin.py:188} INFO - [2025-11-25T15:34:40.665+0000] {dag.py:3954} INFO - Setting next_dagrun for tutorial to 2025-11-24 00:00:00+00:00, run_after=2025-11-25 00:00:00+00:00
[2025-11-25T15:34:40.676+0000] {processor.py:183} INFO - Processing /home/airflow/.local/lib/python3.12/site-packages/airflow/example_dags/tutorial.py took 0.037 seconds
[2025-11-25T15:35:10.829+0000] {processor.py:161} INFO - Started process (PID=5350) to work on /home/airflow/.local/lib/python3.12/site-packages/airflow/example_dags/tutorial.py
[2025-11-25T15:35:10.830+0000] {processor.py:830} INFO - Processing file /home/airflow/.local/lib/python3.12/site-packages/airflow/example_dags/tutorial.py for tasks to queue
[2025-11-25T15:35:10.831+0000] {logging_mixin.py:188} INFO - [2025-11-25T15:35:10.831+0000] {dagbag.py:545} INFO - Filling up the DagBag from /home/airflow/.local/lib/python3.12/site-packages/airflow/example_dags/tutorial.py
[2025-11-25T15:35:10.834+0000] {processor.py:840} INFO - DAG(s) 'tutorial' retrieved from /home/airflow/.local/lib/python3.12/site-packages/airflow/example_dags/tutorial.py
[2025-11-25T15:35:10.848+0000] {logging_mixin.py:188} INFO - [2025-11-25T15:35:10.848+0000] {dag.py:3096} INFO - Sync 1 DAGs
[2025-11-25T15:35:10.857+0000] {logging_mixin.py:188} INFO - [2025-11-25T15:35:10.857+0000] {dag.py:3954} INFO - Setting next_dagrun for tutorial to 2025-11-24 00:00:00+00:00, run_after=2025-11-25 00:00:00+00:00
[2025-11-25T15:35:10.864+0000] {processor.py:183} INFO - Processing /home/airflow/.local/lib/python3.12/site-packages/airflow/example_dags/tutorial.py took 0.037 seconds
[2025-11-25T15:35:41.220+0000] {processor.py:161} INFO - Started process (PID=5408) to work on /home/airflow/.local/lib/python3.12/site-packages/airflow/example_dags/tutorial.py
[2025-11-25T15:35:41.221+0000] {processor.py:830} INFO - Processing file /home/airflow/.local/lib/python3.12/site-packages/airflow/example_dags/tutorial.py for tasks to queue
[2025-11-25T15:35:41.222+0000] {logging_mixin.py:188} INFO - [2025-11-25T15:35:41.222+0000] {dagbag.py:545} INFO - Filling up the DagBag from /home/airflow/.local/lib/python3.12/site-packages/airflow/example_dags/tutorial.py
[2025-11-25T15:35:41.226+0000] {processor.py:840} INFO - DAG(s) 'tutorial' retrieved from /home/airflow/.local/lib/python3.12/site-packages/airflow/example_dags/tutorial.py
[2025-11-25T15:35:41.238+0000] {logging_mixin.py:188} INFO - [2025-11-25T15:35:41.238+0000] {dag.py:3096} INFO - Sync 1 DAGs
[2025-11-25T15:35:41.248+0000] {logging_mixin.py:188} INFO - [2025-11-25T15:35:41.248+0000] {dag.py:3954} INFO - Setting next_dagrun for tutorial to 2025-11-24 00:00:00+00:00, run_after=2025-11-25 00:00:00+00:00
[2025-11-25T15:35:41.258+0000] {processor.py:183} INFO - Processing /home/airflow/.local/lib/python3.12/site-packages/airflow/example_dags/tutorial.py took 0.041 seconds
[2025-11-25T15:36:11.479+0000] {processor.py:161} INFO - Started process (PID=5466) to work on /home/airflow/.local/lib/python3.12/site-packages/airflow/example_dags/tutorial.py
[2025-11-25T15:36:11.481+0000] {processor.py:830} INFO - Processing file /home/airflow/.local/lib/python3.12/site-packages/airflow/example_dags/tutorial.py for tasks to queue
[2025-11-25T15:36:11.482+0000] {logging_mixin.py:188} INFO - [2025-11-25T15:36:11.482+0000] {dagbag.py:545} INFO - Filling up the DagBag from /home/airflow/.local/lib/python3.12/site-packages/airflow/example_dags/tutorial.py
[2025-11-25T15:36:11.485+0000] {processor.py:840} INFO - DAG(s) 'tutorial' retrieved from /home/airflow/.local/lib/python3.12/site-packages/airflow/example_dags/tutorial.py
[2025-11-25T15:36:11.495+0000] {logging_mixin.py:188} INFO - [2025-11-25T15:36:11.495+0000] {dag.py:3096} INFO - Sync 1 DAGs
[2025-11-25T15:36:11.503+0000] {logging_mixin.py:188} INFO - [2025-11-25T15:36:11.503+0000] {dag.py:3954} INFO - Setting next_dagrun for tutorial to 2025-11-24 00:00:00+00:00, run_after=2025-11-25 00:00:00+00:00
[2025-11-25T15:36:11.509+0000] {processor.py:183} INFO - Processing /home/airflow/.local/lib/python3.12/site-packages/airflow/example_dags/tutorial.py took 0.033 seconds
[2025-11-25T15:36:41.787+0000] {processor.py:161} INFO - Started process (PID=5524) to work on /home/airflow/.local/lib/python3.12/site-packages/airflow/example_dags/tutorial.py
[2025-11-25T15:36:41.790+0000] {processor.py:830} INFO - Processing file /home/airflow/.local/lib/python3.12/site-packages/airflow/example_dags/tutorial.py for tasks to queue
[2025-11-25T15:36:41.793+0000] {logging_mixin.py:188} INFO - [2025-11-25T15:36:41.793+0000] {dagbag.py:545} INFO - Filling up the DagBag from /home/airflow/.local/lib/python3.12/site-packages/airflow/example_dags/tutorial.py
[2025-11-25T15:36:41.796+0000] {processor.py:840} INFO - DAG(s) 'tutorial' retrieved from /home/airflow/.local/lib/python3.12/site-packages/airflow/example_dags/tutorial.py
[2025-11-25T15:36:41.805+0000] {logging_mixin.py:188} INFO - [2025-11-25T15:36:41.804+0000] {dag.py:3096} INFO - Sync 1 DAGs
[2025-11-25T15:36:41.813+0000] {logging_mixin.py:188} INFO - [2025-11-25T15:36:41.813+0000] {dag.py:3954} INFO - Setting next_dagrun for tutorial to 2025-11-24 00:00:00+00:00, run_after=2025-11-25 00:00:00+00:00
[2025-11-25T15:36:41.819+0000] {processor.py:183} INFO - Processing /home/airflow/.local/lib/python3.12/site-packages/airflow/example_dags/tutorial.py took 0.034 seconds
[2025-11-25T15:37:12.180+0000] {processor.py:161} INFO - Started process (PID=5582) to work on /home/airflow/.local/lib/python3.12/site-packages/airflow/example_dags/tutorial.py
[2025-11-25T15:37:12.180+0000] {processor.py:830} INFO - Processing file /home/airflow/.local/lib/python3.12/site-packages/airflow/example_dags/tutorial.py for tasks to queue
[2025-11-25T15:37:12.182+0000] {logging_mixin.py:188} INFO - [2025-11-25T15:37:12.181+0000] {dagbag.py:545} INFO - Filling up the DagBag from /home/airflow/.local/lib/python3.12/site-packages/airflow/example_dags/tutorial.py
[2025-11-25T15:37:12.185+0000] {processor.py:840} INFO - DAG(s) 'tutorial' retrieved from /home/airflow/.local/lib/python3.12/site-packages/airflow/example_dags/tutorial.py
[2025-11-25T15:37:12.199+0000] {logging_mixin.py:188} INFO - [2025-11-25T15:37:12.199+0000] {dag.py:3096} INFO - Sync 1 DAGs
[2025-11-25T15:37:12.208+0000] {logging_mixin.py:188} INFO - [2025-11-25T15:37:12.208+0000] {dag.py:3954} INFO - Setting next_dagrun for tutorial to 2025-11-24 00:00:00+00:00, run_after=2025-11-25 00:00:00+00:00
[2025-11-25T15:37:12.218+0000] {processor.py:183} INFO - Processing /home/airflow/.local/lib/python3.12/site-packages/airflow/example_dags/tutorial.py took 0.041 seconds
[2025-11-25T15:37:42.310+0000] {processor.py:161} INFO - Started process (PID=5640) to work on /home/airflow/.local/lib/python3.12/site-packages/airflow/example_dags/tutorial.py
[2025-11-25T15:37:42.311+0000] {processor.py:830} INFO - Processing file /home/airflow/.local/lib/python3.12/site-packages/airflow/example_dags/tutorial.py for tasks to queue
[2025-11-25T15:37:42.312+0000] {logging_mixin.py:188} INFO - [2025-11-25T15:37:42.311+0000] {dagbag.py:545} INFO - Filling up the DagBag from /home/airflow/.local/lib/python3.12/site-packages/airflow/example_dags/tutorial.py
[2025-11-25T15:37:42.314+0000] {processor.py:840} INFO - DAG(s) 'tutorial' retrieved from /home/airflow/.local/lib/python3.12/site-packages/airflow/example_dags/tutorial.py
[2025-11-25T15:37:42.325+0000] {logging_mixin.py:188} INFO - [2025-11-25T15:37:42.325+0000] {dag.py:3096} INFO - Sync 1 DAGs
[2025-11-25T15:37:42.334+0000] {logging_mixin.py:188} INFO - [2025-11-25T15:37:42.334+0000] {dag.py:3954} INFO - Setting next_dagrun for tutorial to 2025-11-24 00:00:00+00:00, run_after=2025-11-25 00:00:00+00:00
[2025-11-25T15:37:42.341+0000] {processor.py:183} INFO - Processing /home/airflow/.local/lib/python3.12/site-packages/airflow/example_dags/tutorial.py took 0.033 seconds
[2025-11-25T15:38:12.445+0000] {processor.py:161} INFO - Started process (PID=5698) to work on /home/airflow/.local/lib/python3.12/site-packages/airflow/example_dags/tutorial.py
[2025-11-25T15:38:12.446+0000] {processor.py:830} INFO - Processing file /home/airflow/.local/lib/python3.12/site-packages/airflow/example_dags/tutorial.py for tasks to queue
[2025-11-25T15:38:12.446+0000] {logging_mixin.py:188} INFO - [2025-11-25T15:38:12.446+0000] {dagbag.py:545} INFO - Filling up the DagBag from /home/airflow/.local/lib/python3.12/site-packages/airflow/example_dags/tutorial.py
[2025-11-25T15:38:12.449+0000] {processor.py:840} INFO - DAG(s) 'tutorial' retrieved from /home/airflow/.local/lib/python3.12/site-packages/airflow/example_dags/tutorial.py
[2025-11-25T15:38:12.458+0000] {logging_mixin.py:188} INFO - [2025-11-25T15:38:12.458+0000] {dag.py:3096} INFO - Sync 1 DAGs
[2025-11-25T15:38:12.469+0000] {logging_mixin.py:188} INFO - [2025-11-25T15:38:12.469+0000] {dag.py:3954} INFO - Setting next_dagrun for tutorial to 2025-11-24 00:00:00+00:00, run_after=2025-11-25 00:00:00+00:00
[2025-11-25T15:38:12.483+0000] {processor.py:183} INFO - Processing /home/airflow/.local/lib/python3.12/site-packages/airflow/example_dags/tutorial.py took 0.040 seconds
[2025-11-25T15:38:42.682+0000] {processor.py:161} INFO - Started process (PID=5756) to work on /home/airflow/.local/lib/python3.12/site-packages/airflow/example_dags/tutorial.py
[2025-11-25T15:38:42.682+0000] {processor.py:830} INFO - Processing file /home/airflow/.local/lib/python3.12/site-packages/airflow/example_dags/tutorial.py for tasks to queue
[2025-11-25T15:38:42.683+0000] {logging_mixin.py:188} INFO - [2025-11-25T15:38:42.683+0000] {dagbag.py:545} INFO - Filling up the DagBag from /home/airflow/.local/lib/python3.12/site-packages/airflow/example_dags/tutorial.py
[2025-11-25T15:38:42.686+0000] {processor.py:840} INFO - DAG(s) 'tutorial' retrieved from /home/airflow/.local/lib/python3.12/site-packages/airflow/example_dags/tutorial.py
[2025-11-25T15:38:42.696+0000] {logging_mixin.py:188} INFO - [2025-11-25T15:38:42.696+0000] {dag.py:3096} INFO - Sync 1 DAGs
[2025-11-25T15:38:42.704+0000] {logging_mixin.py:188} INFO - [2025-11-25T15:38:42.704+0000] {dag.py:3954} INFO - Setting next_dagrun for tutorial to 2025-11-24 00:00:00+00:00, run_after=2025-11-25 00:00:00+00:00
[2025-11-25T15:38:42.714+0000] {processor.py:183} INFO - Processing /home/airflow/.local/lib/python3.12/site-packages/airflow/example_dags/tutorial.py took 0.035 seconds
[2025-11-25T15:39:13.068+0000] {processor.py:161} INFO - Started process (PID=5814) to work on /home/airflow/.local/lib/python3.12/site-packages/airflow/example_dags/tutorial.py
[2025-11-25T15:39:13.069+0000] {processor.py:830} INFO - Processing file /home/airflow/.local/lib/python3.12/site-packages/airflow/example_dags/tutorial.py for tasks to queue
[2025-11-25T15:39:13.070+0000] {logging_mixin.py:188} INFO - [2025-11-25T15:39:13.069+0000] {dagbag.py:545} INFO - Filling up the DagBag from /home/airflow/.local/lib/python3.12/site-packages/airflow/example_dags/tutorial.py
[2025-11-25T15:39:13.072+0000] {processor.py:840} INFO - DAG(s) 'tutorial' retrieved from /home/airflow/.local/lib/python3.12/site-packages/airflow/example_dags/tutorial.py
[2025-11-25T15:39:13.083+0000] {logging_mixin.py:188} INFO - [2025-11-25T15:39:13.082+0000] {dag.py:3096} INFO - Sync 1 DAGs
[2025-11-25T15:39:13.090+0000] {logging_mixin.py:188} INFO - [2025-11-25T15:39:13.090+0000] {dag.py:3954} INFO - Setting next_dagrun for tutorial to 2025-11-24 00:00:00+00:00, run_after=2025-11-25 00:00:00+00:00
[2025-11-25T15:39:13.097+0000] {processor.py:183} INFO - Processing /home/airflow/.local/lib/python3.12/site-packages/airflow/example_dags/tutorial.py took 0.031 seconds
[2025-11-25T15:39:43.541+0000] {processor.py:161} INFO - Started process (PID=5872) to work on /home/airflow/.local/lib/python3.12/site-packages/airflow/example_dags/tutorial.py
[2025-11-25T15:39:43.542+0000] {processor.py:830} INFO - Processing file /home/airflow/.local/lib/python3.12/site-packages/airflow/example_dags/tutorial.py for tasks to queue
[2025-11-25T15:39:43.543+0000] {logging_mixin.py:188} INFO - [2025-11-25T15:39:43.542+0000] {dagbag.py:545} INFO - Filling up the DagBag from /home/airflow/.local/lib/python3.12/site-packages/airflow/example_dags/tutorial.py
[2025-11-25T15:39:43.547+0000] {processor.py:840} INFO - DAG(s) 'tutorial' retrieved from /home/airflow/.local/lib/python3.12/site-packages/airflow/example_dags/tutorial.py
[2025-11-25T15:39:43.565+0000] {logging_mixin.py:188} INFO - [2025-11-25T15:39:43.565+0000] {dag.py:3096} INFO - Sync 1 DAGs
[2025-11-25T15:39:43.578+0000] {logging_mixin.py:188} INFO - [2025-11-25T15:39:43.578+0000] {dag.py:3954} INFO - Setting next_dagrun for tutorial to 2025-11-24 00:00:00+00:00, run_after=2025-11-25 00:00:00+00:00
[2025-11-25T15:39:43.591+0000] {processor.py:183} INFO - Processing /home/airflow/.local/lib/python3.12/site-packages/airflow/example_dags/tutorial.py took 0.053 seconds
[2025-11-25T15:40:13.825+0000] {processor.py:161} INFO - Started process (PID=5930) to work on /home/airflow/.local/lib/python3.12/site-packages/airflow/example_dags/tutorial.py
[2025-11-25T15:40:13.826+0000] {processor.py:830} INFO - Processing file /home/airflow/.local/lib/python3.12/site-packages/airflow/example_dags/tutorial.py for tasks to queue
[2025-11-25T15:40:13.826+0000] {logging_mixin.py:188} INFO - [2025-11-25T15:40:13.826+0000] {dagbag.py:545} INFO - Filling up the DagBag from /home/airflow/.local/lib/python3.12/site-packages/airflow/example_dags/tutorial.py
[2025-11-25T15:40:13.829+0000] {processor.py:840} INFO - DAG(s) 'tutorial' retrieved from /home/airflow/.local/lib/python3.12/site-packages/airflow/example_dags/tutorial.py
[2025-11-25T15:40:13.838+0000] {logging_mixin.py:188} INFO - [2025-11-25T15:40:13.838+0000] {dag.py:3096} INFO - Sync 1 DAGs
[2025-11-25T15:40:13.846+0000] {logging_mixin.py:188} INFO - [2025-11-25T15:40:13.846+0000] {dag.py:3954} INFO - Setting next_dagrun for tutorial to 2025-11-24 00:00:00+00:00, run_after=2025-11-25 00:00:00+00:00
[2025-11-25T15:40:13.852+0000] {processor.py:183} INFO - Processing /home/airflow/.local/lib/python3.12/site-packages/airflow/example_dags/tutorial.py took 0.029 seconds
[2025-11-25T15:40:44.512+0000] {processor.py:161} INFO - Started process (PID=5988) to work on /home/airflow/.local/lib/python3.12/site-packages/airflow/example_dags/tutorial.py
[2025-11-25T15:40:44.514+0000] {processor.py:830} INFO - Processing file /home/airflow/.local/lib/python3.12/site-packages/airflow/example_dags/tutorial.py for tasks to queue
[2025-11-25T15:40:44.516+0000] {logging_mixin.py:188} INFO - [2025-11-25T15:40:44.516+0000] {dagbag.py:545} INFO - Filling up the DagBag from /home/airflow/.local/lib/python3.12/site-packages/airflow/example_dags/tutorial.py
[2025-11-25T15:40:44.519+0000] {processor.py:840} INFO - DAG(s) 'tutorial' retrieved from /home/airflow/.local/lib/python3.12/site-packages/airflow/example_dags/tutorial.py
[2025-11-25T15:40:44.530+0000] {logging_mixin.py:188} INFO - [2025-11-25T15:40:44.530+0000] {dag.py:3096} INFO - Sync 1 DAGs
[2025-11-25T15:40:44.541+0000] {logging_mixin.py:188} INFO - [2025-11-25T15:40:44.541+0000] {dag.py:3954} INFO - Setting next_dagrun for tutorial to 2025-11-24 00:00:00+00:00, run_after=2025-11-25 00:00:00+00:00
[2025-11-25T15:40:44.548+0000] {processor.py:183} INFO - Processing /home/airflow/.local/lib/python3.12/site-packages/airflow/example_dags/tutorial.py took 0.038 seconds
[2025-11-25T15:41:16.197+0000] {processor.py:161} INFO - Started process (PID=6045) to work on /home/airflow/.local/lib/python3.12/site-packages/airflow/example_dags/tutorial.py
[2025-11-25T15:41:16.202+0000] {processor.py:830} INFO - Processing file /home/airflow/.local/lib/python3.12/site-packages/airflow/example_dags/tutorial.py for tasks to queue
[2025-11-25T15:41:16.214+0000] {logging_mixin.py:188} INFO - [2025-11-25T15:41:16.213+0000] {dagbag.py:545} INFO - Filling up the DagBag from /home/airflow/.local/lib/python3.12/site-packages/airflow/example_dags/tutorial.py
[2025-11-25T15:41:16.241+0000] {processor.py:840} INFO - DAG(s) 'tutorial' retrieved from /home/airflow/.local/lib/python3.12/site-packages/airflow/example_dags/tutorial.py
[2025-11-25T15:41:16.344+0000] {logging_mixin.py:188} INFO - [2025-11-25T15:41:16.343+0000] {dag.py:3096} INFO - Sync 1 DAGs
[2025-11-25T15:41:16.378+0000] {logging_mixin.py:188} INFO - [2025-11-25T15:41:16.378+0000] {dag.py:3954} INFO - Setting next_dagrun for tutorial to 2025-11-24 00:00:00+00:00, run_after=2025-11-25 00:00:00+00:00
[2025-11-25T15:41:16.433+0000] {processor.py:183} INFO - Processing /home/airflow/.local/lib/python3.12/site-packages/airflow/example_dags/tutorial.py took 0.265 seconds
[2025-11-25T15:41:47.168+0000] {processor.py:161} INFO - Started process (PID=6103) to work on /home/airflow/.local/lib/python3.12/site-packages/airflow/example_dags/tutorial.py
[2025-11-25T15:41:47.169+0000] {processor.py:830} INFO - Processing file /home/airflow/.local/lib/python3.12/site-packages/airflow/example_dags/tutorial.py for tasks to queue
[2025-11-25T15:41:47.170+0000] {logging_mixin.py:188} INFO - [2025-11-25T15:41:47.170+0000] {dagbag.py:545} INFO - Filling up the DagBag from /home/airflow/.local/lib/python3.12/site-packages/airflow/example_dags/tutorial.py
[2025-11-25T15:41:47.174+0000] {processor.py:840} INFO - DAG(s) 'tutorial' retrieved from /home/airflow/.local/lib/python3.12/site-packages/airflow/example_dags/tutorial.py
[2025-11-25T15:41:47.200+0000] {logging_mixin.py:188} INFO - [2025-11-25T15:41:47.199+0000] {dag.py:3096} INFO - Sync 1 DAGs
[2025-11-25T15:41:47.217+0000] {logging_mixin.py:188} INFO - [2025-11-25T15:41:47.217+0000] {dag.py:3954} INFO - Setting next_dagrun for tutorial to 2025-11-24 00:00:00+00:00, run_after=2025-11-25 00:00:00+00:00
[2025-11-25T15:41:47.237+0000] {processor.py:183} INFO - Processing /home/airflow/.local/lib/python3.12/site-packages/airflow/example_dags/tutorial.py took 0.074 seconds
[2025-11-25T15:42:17.358+0000] {processor.py:161} INFO - Started process (PID=6161) to work on /home/airflow/.local/lib/python3.12/site-packages/airflow/example_dags/tutorial.py
[2025-11-25T15:42:17.359+0000] {processor.py:830} INFO - Processing file /home/airflow/.local/lib/python3.12/site-packages/airflow/example_dags/tutorial.py for tasks to queue
[2025-11-25T15:42:17.365+0000] {logging_mixin.py:188} INFO - [2025-11-25T15:42:17.364+0000] {dagbag.py:545} INFO - Filling up the DagBag from /home/airflow/.local/lib/python3.12/site-packages/airflow/example_dags/tutorial.py
[2025-11-25T15:42:17.371+0000] {processor.py:840} INFO - DAG(s) 'tutorial' retrieved from /home/airflow/.local/lib/python3.12/site-packages/airflow/example_dags/tutorial.py
[2025-11-25T15:42:17.394+0000] {logging_mixin.py:188} INFO - [2025-11-25T15:42:17.394+0000] {dag.py:3096} INFO - Sync 1 DAGs
[2025-11-25T15:42:17.406+0000] {logging_mixin.py:188} INFO - [2025-11-25T15:42:17.405+0000] {dag.py:3954} INFO - Setting next_dagrun for tutorial to 2025-11-24 00:00:00+00:00, run_after=2025-11-25 00:00:00+00:00
[2025-11-25T15:42:17.413+0000] {processor.py:183} INFO - Processing /home/airflow/.local/lib/python3.12/site-packages/airflow/example_dags/tutorial.py took 0.066 seconds
[2025-11-25T15:42:47.567+0000] {processor.py:161} INFO - Started process (PID=6219) to work on /home/airflow/.local/lib/python3.12/site-packages/airflow/example_dags/tutorial.py
[2025-11-25T15:42:47.569+0000] {processor.py:830} INFO - Processing file /home/airflow/.local/lib/python3.12/site-packages/airflow/example_dags/tutorial.py for tasks to queue
[2025-11-25T15:42:47.570+0000] {logging_mixin.py:188} INFO - [2025-11-25T15:42:47.570+0000] {dagbag.py:545} INFO - Filling up the DagBag from /home/airflow/.local/lib/python3.12/site-packages/airflow/example_dags/tutorial.py
[2025-11-25T15:42:47.573+0000] {processor.py:840} INFO - DAG(s) 'tutorial' retrieved from /home/airflow/.local/lib/python3.12/site-packages/airflow/example_dags/tutorial.py
[2025-11-25T15:42:47.586+0000] {logging_mixin.py:188} INFO - [2025-11-25T15:42:47.586+0000] {dag.py:3096} INFO - Sync 1 DAGs
[2025-11-25T15:42:47.596+0000] {logging_mixin.py:188} INFO - [2025-11-25T15:42:47.596+0000] {dag.py:3954} INFO - Setting next_dagrun for tutorial to 2025-11-24 00:00:00+00:00, run_after=2025-11-25 00:00:00+00:00
[2025-11-25T15:42:47.610+0000] {processor.py:183} INFO - Processing /home/airflow/.local/lib/python3.12/site-packages/airflow/example_dags/tutorial.py took 0.046 seconds
[2025-11-25T15:43:17.708+0000] {processor.py:161} INFO - Started process (PID=6278) to work on /home/airflow/.local/lib/python3.12/site-packages/airflow/example_dags/tutorial.py
[2025-11-25T15:43:17.709+0000] {processor.py:830} INFO - Processing file /home/airflow/.local/lib/python3.12/site-packages/airflow/example_dags/tutorial.py for tasks to queue
[2025-11-25T15:43:17.710+0000] {logging_mixin.py:188} INFO - [2025-11-25T15:43:17.710+0000] {dagbag.py:545} INFO - Filling up the DagBag from /home/airflow/.local/lib/python3.12/site-packages/airflow/example_dags/tutorial.py
[2025-11-25T15:43:17.717+0000] {processor.py:840} INFO - DAG(s) 'tutorial' retrieved from /home/airflow/.local/lib/python3.12/site-packages/airflow/example_dags/tutorial.py
[2025-11-25T15:43:17.737+0000] {logging_mixin.py:188} INFO - [2025-11-25T15:43:17.736+0000] {dag.py:3096} INFO - Sync 1 DAGs
[2025-11-25T15:43:17.747+0000] {logging_mixin.py:188} INFO - [2025-11-25T15:43:17.747+0000] {dag.py:3954} INFO - Setting next_dagrun for tutorial to 2025-11-24 00:00:00+00:00, run_after=2025-11-25 00:00:00+00:00
[2025-11-25T15:43:17.753+0000] {processor.py:183} INFO - Processing /home/airflow/.local/lib/python3.12/site-packages/airflow/example_dags/tutorial.py took 0.048 seconds
[2025-11-25T15:43:48.247+0000] {processor.py:161} INFO - Started process (PID=6335) to work on /home/airflow/.local/lib/python3.12/site-packages/airflow/example_dags/tutorial.py
[2025-11-25T15:43:48.248+0000] {processor.py:830} INFO - Processing file /home/airflow/.local/lib/python3.12/site-packages/airflow/example_dags/tutorial.py for tasks to queue
[2025-11-25T15:43:48.250+0000] {logging_mixin.py:188} INFO - [2025-11-25T15:43:48.249+0000] {dagbag.py:545} INFO - Filling up the DagBag from /home/airflow/.local/lib/python3.12/site-packages/airflow/example_dags/tutorial.py
[2025-11-25T15:43:48.253+0000] {processor.py:840} INFO - DAG(s) 'tutorial' retrieved from /home/airflow/.local/lib/python3.12/site-packages/airflow/example_dags/tutorial.py
[2025-11-25T15:43:48.266+0000] {logging_mixin.py:188} INFO - [2025-11-25T15:43:48.266+0000] {dag.py:3096} INFO - Sync 1 DAGs
[2025-11-25T15:43:48.279+0000] {logging_mixin.py:188} INFO - [2025-11-25T15:43:48.279+0000] {dag.py:3954} INFO - Setting next_dagrun for tutorial to 2025-11-24 00:00:00+00:00, run_after=2025-11-25 00:00:00+00:00
[2025-11-25T15:43:48.293+0000] {processor.py:183} INFO - Processing /home/airflow/.local/lib/python3.12/site-packages/airflow/example_dags/tutorial.py took 0.049 seconds
[2025-11-25T15:44:18.368+0000] {processor.py:161} INFO - Started process (PID=6393) to work on /home/airflow/.local/lib/python3.12/site-packages/airflow/example_dags/tutorial.py
[2025-11-25T15:44:18.369+0000] {processor.py:830} INFO - Processing file /home/airflow/.local/lib/python3.12/site-packages/airflow/example_dags/tutorial.py for tasks to queue
[2025-11-25T15:44:18.370+0000] {logging_mixin.py:188} INFO - [2025-11-25T15:44:18.370+0000] {dagbag.py:545} INFO - Filling up the DagBag from /home/airflow/.local/lib/python3.12/site-packages/airflow/example_dags/tutorial.py
[2025-11-25T15:44:18.373+0000] {processor.py:840} INFO - DAG(s) 'tutorial' retrieved from /home/airflow/.local/lib/python3.12/site-packages/airflow/example_dags/tutorial.py
[2025-11-25T15:44:18.384+0000] {logging_mixin.py:188} INFO - [2025-11-25T15:44:18.384+0000] {dag.py:3096} INFO - Sync 1 DAGs
[2025-11-25T15:44:18.411+0000] {logging_mixin.py:188} INFO - [2025-11-25T15:44:18.411+0000] {dag.py:3954} INFO - Setting next_dagrun for tutorial to 2025-11-24 00:00:00+00:00, run_after=2025-11-25 00:00:00+00:00
[2025-11-25T15:44:18.428+0000] {processor.py:183} INFO - Processing /home/airflow/.local/lib/python3.12/site-packages/airflow/example_dags/tutorial.py took 0.063 seconds
[2025-11-25T15:44:48.721+0000] {processor.py:161} INFO - Started process (PID=6451) to work on /home/airflow/.local/lib/python3.12/site-packages/airflow/example_dags/tutorial.py
[2025-11-25T15:44:48.722+0000] {processor.py:830} INFO - Processing file /home/airflow/.local/lib/python3.12/site-packages/airflow/example_dags/tutorial.py for tasks to queue
[2025-11-25T15:44:48.723+0000] {logging_mixin.py:188} INFO - [2025-11-25T15:44:48.723+0000] {dagbag.py:545} INFO - Filling up the DagBag from /home/airflow/.local/lib/python3.12/site-packages/airflow/example_dags/tutorial.py
[2025-11-25T15:44:48.726+0000] {processor.py:840} INFO - DAG(s) 'tutorial' retrieved from /home/airflow/.local/lib/python3.12/site-packages/airflow/example_dags/tutorial.py
[2025-11-25T15:44:48.743+0000] {logging_mixin.py:188} INFO - [2025-11-25T15:44:48.743+0000] {dag.py:3096} INFO - Sync 1 DAGs
[2025-11-25T15:44:48.762+0000] {logging_mixin.py:188} INFO - [2025-11-25T15:44:48.762+0000] {dag.py:3954} INFO - Setting next_dagrun for tutorial to 2025-11-24 00:00:00+00:00, run_after=2025-11-25 00:00:00+00:00
[2025-11-25T15:44:48.784+0000] {processor.py:183} INFO - Processing /home/airflow/.local/lib/python3.12/site-packages/airflow/example_dags/tutorial.py took 0.067 seconds
[2025-11-25T15:45:19.020+0000] {processor.py:161} INFO - Started process (PID=6509) to work on /home/airflow/.local/lib/python3.12/site-packages/airflow/example_dags/tutorial.py
[2025-11-25T15:45:19.021+0000] {processor.py:830} INFO - Processing file /home/airflow/.local/lib/python3.12/site-packages/airflow/example_dags/tutorial.py for tasks to queue
[2025-11-25T15:45:19.022+0000] {logging_mixin.py:188} INFO - [2025-11-25T15:45:19.022+0000] {dagbag.py:545} INFO - Filling up the DagBag from /home/airflow/.local/lib/python3.12/site-packages/airflow/example_dags/tutorial.py
[2025-11-25T15:45:19.024+0000] {processor.py:840} INFO - DAG(s) 'tutorial' retrieved from /home/airflow/.local/lib/python3.12/site-packages/airflow/example_dags/tutorial.py
[2025-11-25T15:45:19.033+0000] {logging_mixin.py:188} INFO - [2025-11-25T15:45:19.032+0000] {dag.py:3096} INFO - Sync 1 DAGs
[2025-11-25T15:45:19.042+0000] {logging_mixin.py:188} INFO - [2025-11-25T15:45:19.042+0000] {dag.py:3954} INFO - Setting next_dagrun for tutorial to 2025-11-24 00:00:00+00:00, run_after=2025-11-25 00:00:00+00:00
[2025-11-25T15:45:19.048+0000] {processor.py:183} INFO - Processing /home/airflow/.local/lib/python3.12/site-packages/airflow/example_dags/tutorial.py took 0.030 seconds
[2025-11-25T15:45:49.794+0000] {processor.py:161} INFO - Started process (PID=6568) to work on /home/airflow/.local/lib/python3.12/site-packages/airflow/example_dags/tutorial.py
[2025-11-25T15:45:49.795+0000] {processor.py:830} INFO - Processing file /home/airflow/.local/lib/python3.12/site-packages/airflow/example_dags/tutorial.py for tasks to queue
[2025-11-25T15:45:49.795+0000] {logging_mixin.py:188} INFO - [2025-11-25T15:45:49.795+0000] {dagbag.py:545} INFO - Filling up the DagBag from /home/airflow/.local/lib/python3.12/site-packages/airflow/example_dags/tutorial.py
[2025-11-25T15:45:49.798+0000] {processor.py:840} INFO - DAG(s) 'tutorial' retrieved from /home/airflow/.local/lib/python3.12/site-packages/airflow/example_dags/tutorial.py
[2025-11-25T15:45:49.806+0000] {logging_mixin.py:188} INFO - [2025-11-25T15:45:49.806+0000] {dag.py:3096} INFO - Sync 1 DAGs
[2025-11-25T15:45:49.814+0000] {logging_mixin.py:188} INFO - [2025-11-25T15:45:49.814+0000] {dag.py:3954} INFO - Setting next_dagrun for tutorial to 2025-11-24 00:00:00+00:00, run_after=2025-11-25 00:00:00+00:00
[2025-11-25T15:45:49.820+0000] {processor.py:183} INFO - Processing /home/airflow/.local/lib/python3.12/site-packages/airflow/example_dags/tutorial.py took 0.029 seconds
[2025-11-25T15:46:20.529+0000] {processor.py:161} INFO - Started process (PID=6626) to work on /home/airflow/.local/lib/python3.12/site-packages/airflow/example_dags/tutorial.py
[2025-11-25T15:46:20.530+0000] {processor.py:830} INFO - Processing file /home/airflow/.local/lib/python3.12/site-packages/airflow/example_dags/tutorial.py for tasks to queue
[2025-11-25T15:46:20.531+0000] {logging_mixin.py:188} INFO - [2025-11-25T15:46:20.531+0000] {dagbag.py:545} INFO - Filling up the DagBag from /home/airflow/.local/lib/python3.12/site-packages/airflow/example_dags/tutorial.py
[2025-11-25T15:46:20.534+0000] {processor.py:840} INFO - DAG(s) 'tutorial' retrieved from /home/airflow/.local/lib/python3.12/site-packages/airflow/example_dags/tutorial.py
[2025-11-25T15:46:20.543+0000] {logging_mixin.py:188} INFO - [2025-11-25T15:46:20.543+0000] {dag.py:3096} INFO - Sync 1 DAGs
[2025-11-25T15:46:20.552+0000] {logging_mixin.py:188} INFO - [2025-11-25T15:46:20.552+0000] {dag.py:3954} INFO - Setting next_dagrun for tutorial to 2025-11-24 00:00:00+00:00, run_after=2025-11-25 00:00:00+00:00
[2025-11-25T15:46:20.558+0000] {processor.py:183} INFO - Processing /home/airflow/.local/lib/python3.12/site-packages/airflow/example_dags/tutorial.py took 0.031 seconds
[2025-11-25T15:46:50.686+0000] {processor.py:161} INFO - Started process (PID=6684) to work on /home/airflow/.local/lib/python3.12/site-packages/airflow/example_dags/tutorial.py
[2025-11-25T15:46:50.687+0000] {processor.py:830} INFO - Processing file /home/airflow/.local/lib/python3.12/site-packages/airflow/example_dags/tutorial.py for tasks to queue
[2025-11-25T15:46:50.687+0000] {logging_mixin.py:188} INFO - [2025-11-25T15:46:50.687+0000] {dagbag.py:545} INFO - Filling up the DagBag from /home/airflow/.local/lib/python3.12/site-packages/airflow/example_dags/tutorial.py
[2025-11-25T15:46:50.690+0000] {processor.py:840} INFO - DAG(s) 'tutorial' retrieved from /home/airflow/.local/lib/python3.12/site-packages/airflow/example_dags/tutorial.py
[2025-11-25T15:46:50.699+0000] {logging_mixin.py:188} INFO - [2025-11-25T15:46:50.699+0000] {dag.py:3096} INFO - Sync 1 DAGs
[2025-11-25T15:46:50.707+0000] {logging_mixin.py:188} INFO - [2025-11-25T15:46:50.707+0000] {dag.py:3954} INFO - Setting next_dagrun for tutorial to 2025-11-24 00:00:00+00:00, run_after=2025-11-25 00:00:00+00:00
[2025-11-25T15:46:50.713+0000] {processor.py:183} INFO - Processing /home/airflow/.local/lib/python3.12/site-packages/airflow/example_dags/tutorial.py took 0.030 seconds
[2025-11-25T15:47:21.391+0000] {processor.py:161} INFO - Started process (PID=6742) to work on /home/airflow/.local/lib/python3.12/site-packages/airflow/example_dags/tutorial.py
[2025-11-25T15:47:21.392+0000] {processor.py:830} INFO - Processing file /home/airflow/.local/lib/python3.12/site-packages/airflow/example_dags/tutorial.py for tasks to queue
[2025-11-25T15:47:21.395+0000] {logging_mixin.py:188} INFO - [2025-11-25T15:47:21.395+0000] {dagbag.py:545} INFO - Filling up the DagBag from /home/airflow/.local/lib/python3.12/site-packages/airflow/example_dags/tutorial.py
[2025-11-25T15:47:21.401+0000] {processor.py:840} INFO - DAG(s) 'tutorial' retrieved from /home/airflow/.local/lib/python3.12/site-packages/airflow/example_dags/tutorial.py
[2025-11-25T15:47:21.423+0000] {logging_mixin.py:188} INFO - [2025-11-25T15:47:21.423+0000] {dag.py:3096} INFO - Sync 1 DAGs
[2025-11-25T15:47:21.435+0000] {logging_mixin.py:188} INFO - [2025-11-25T15:47:21.435+0000] {dag.py:3954} INFO - Setting next_dagrun for tutorial to 2025-11-24 00:00:00+00:00, run_after=2025-11-25 00:00:00+00:00
[2025-11-25T15:47:21.445+0000] {processor.py:183} INFO - Processing /home/airflow/.local/lib/python3.12/site-packages/airflow/example_dags/tutorial.py took 0.059 seconds
[2025-11-25T15:47:51.497+0000] {processor.py:161} INFO - Started process (PID=6800) to work on /home/airflow/.local/lib/python3.12/site-packages/airflow/example_dags/tutorial.py
[2025-11-25T15:47:51.498+0000] {processor.py:830} INFO - Processing file /home/airflow/.local/lib/python3.12/site-packages/airflow/example_dags/tutorial.py for tasks to queue
[2025-11-25T15:47:51.498+0000] {logging_mixin.py:188} INFO - [2025-11-25T15:47:51.498+0000] {dagbag.py:545} INFO - Filling up the DagBag from /home/airflow/.local/lib/python3.12/site-packages/airflow/example_dags/tutorial.py
[2025-11-25T15:47:51.501+0000] {processor.py:840} INFO - DAG(s) 'tutorial' retrieved from /home/airflow/.local/lib/python3.12/site-packages/airflow/example_dags/tutorial.py
[2025-11-25T15:47:51.510+0000] {logging_mixin.py:188} INFO - [2025-11-25T15:47:51.510+0000] {dag.py:3096} INFO - Sync 1 DAGs
[2025-11-25T15:47:51.518+0000] {logging_mixin.py:188} INFO - [2025-11-25T15:47:51.518+0000] {dag.py:3954} INFO - Setting next_dagrun for tutorial to 2025-11-24 00:00:00+00:00, run_after=2025-11-25 00:00:00+00:00
[2025-11-25T15:47:51.524+0000] {processor.py:183} INFO - Processing /home/airflow/.local/lib/python3.12/site-packages/airflow/example_dags/tutorial.py took 0.030 seconds
[2025-11-25T15:48:22.421+0000] {processor.py:161} INFO - Started process (PID=6858) to work on /home/airflow/.local/lib/python3.12/site-packages/airflow/example_dags/tutorial.py
[2025-11-25T15:48:22.421+0000] {processor.py:830} INFO - Processing file /home/airflow/.local/lib/python3.12/site-packages/airflow/example_dags/tutorial.py for tasks to queue
[2025-11-25T15:48:22.422+0000] {logging_mixin.py:188} INFO - [2025-11-25T15:48:22.422+0000] {dagbag.py:545} INFO - Filling up the DagBag from /home/airflow/.local/lib/python3.12/site-packages/airflow/example_dags/tutorial.py
[2025-11-25T15:48:22.426+0000] {processor.py:840} INFO - DAG(s) 'tutorial' retrieved from /home/airflow/.local/lib/python3.12/site-packages/airflow/example_dags/tutorial.py
[2025-11-25T15:48:22.436+0000] {logging_mixin.py:188} INFO - [2025-11-25T15:48:22.436+0000] {dag.py:3096} INFO - Sync 1 DAGs
[2025-11-25T15:48:22.445+0000] {logging_mixin.py:188} INFO - [2025-11-25T15:48:22.445+0000] {dag.py:3954} INFO - Setting next_dagrun for tutorial to 2025-11-24 00:00:00+00:00, run_after=2025-11-25 00:00:00+00:00
[2025-11-25T15:48:22.452+0000] {processor.py:183} INFO - Processing /home/airflow/.local/lib/python3.12/site-packages/airflow/example_dags/tutorial.py took 0.035 seconds
[2025-11-25T15:48:52.605+0000] {processor.py:161} INFO - Started process (PID=6916) to work on /home/airflow/.local/lib/python3.12/site-packages/airflow/example_dags/tutorial.py
[2025-11-25T15:48:52.605+0000] {processor.py:830} INFO - Processing file /home/airflow/.local/lib/python3.12/site-packages/airflow/example_dags/tutorial.py for tasks to queue
[2025-11-25T15:48:52.606+0000] {logging_mixin.py:188} INFO - [2025-11-25T15:48:52.606+0000] {dagbag.py:545} INFO - Filling up the DagBag from /home/airflow/.local/lib/python3.12/site-packages/airflow/example_dags/tutorial.py
[2025-11-25T15:48:52.610+0000] {processor.py:840} INFO - DAG(s) 'tutorial' retrieved from /home/airflow/.local/lib/python3.12/site-packages/airflow/example_dags/tutorial.py
[2025-11-25T15:48:52.622+0000] {logging_mixin.py:188} INFO - [2025-11-25T15:48:52.622+0000] {dag.py:3096} INFO - Sync 1 DAGs
[2025-11-25T15:48:52.632+0000] {logging_mixin.py:188} INFO - [2025-11-25T15:48:52.632+0000] {dag.py:3954} INFO - Setting next_dagrun for tutorial to 2025-11-24 00:00:00+00:00, run_after=2025-11-25 00:00:00+00:00
[2025-11-25T15:48:52.640+0000] {processor.py:183} INFO - Processing /home/airflow/.local/lib/python3.12/site-packages/airflow/example_dags/tutorial.py took 0.039 seconds
[2025-11-25T15:49:22.924+0000] {processor.py:161} INFO - Started process (PID=6974) to work on /home/airflow/.local/lib/python3.12/site-packages/airflow/example_dags/tutorial.py
[2025-11-25T15:49:22.925+0000] {processor.py:830} INFO - Processing file /home/airflow/.local/lib/python3.12/site-packages/airflow/example_dags/tutorial.py for tasks to queue
[2025-11-25T15:49:22.931+0000] {logging_mixin.py:188} INFO - [2025-11-25T15:49:22.931+0000] {dagbag.py:545} INFO - Filling up the DagBag from /home/airflow/.local/lib/python3.12/site-packages/airflow/example_dags/tutorial.py
[2025-11-25T15:49:22.938+0000] {processor.py:840} INFO - DAG(s) 'tutorial' retrieved from /home/airflow/.local/lib/python3.12/site-packages/airflow/example_dags/tutorial.py
[2025-11-25T15:49:22.955+0000] {logging_mixin.py:188} INFO - [2025-11-25T15:49:22.955+0000] {dag.py:3096} INFO - Sync 1 DAGs
[2025-11-25T15:49:22.968+0000] {logging_mixin.py:188} INFO - [2025-11-25T15:49:22.968+0000] {dag.py:3954} INFO - Setting next_dagrun for tutorial to 2025-11-24 00:00:00+00:00, run_after=2025-11-25 00:00:00+00:00
[2025-11-25T15:49:22.980+0000] {processor.py:183} INFO - Processing /home/airflow/.local/lib/python3.12/site-packages/airflow/example_dags/tutorial.py took 0.060 seconds
[2025-11-25T15:49:53.370+0000] {processor.py:161} INFO - Started process (PID=7032) to work on /home/airflow/.local/lib/python3.12/site-packages/airflow/example_dags/tutorial.py
[2025-11-25T15:49:53.371+0000] {processor.py:830} INFO - Processing file /home/airflow/.local/lib/python3.12/site-packages/airflow/example_dags/tutorial.py for tasks to queue
[2025-11-25T15:49:53.373+0000] {logging_mixin.py:188} INFO - [2025-11-25T15:49:53.373+0000] {dagbag.py:545} INFO - Filling up the DagBag from /home/airflow/.local/lib/python3.12/site-packages/airflow/example_dags/tutorial.py
[2025-11-25T15:49:53.382+0000] {processor.py:840} INFO - DAG(s) 'tutorial' retrieved from /home/airflow/.local/lib/python3.12/site-packages/airflow/example_dags/tutorial.py
[2025-11-25T15:49:53.401+0000] {logging_mixin.py:188} INFO - [2025-11-25T15:49:53.401+0000] {dag.py:3096} INFO - Sync 1 DAGs
[2025-11-25T15:49:53.412+0000] {logging_mixin.py:188} INFO - [2025-11-25T15:49:53.412+0000] {dag.py:3954} INFO - Setting next_dagrun for tutorial to 2025-11-24 00:00:00+00:00, run_after=2025-11-25 00:00:00+00:00
[2025-11-25T15:49:53.421+0000] {processor.py:183} INFO - Processing /home/airflow/.local/lib/python3.12/site-packages/airflow/example_dags/tutorial.py took 0.058 seconds
[2025-11-25T15:50:23.947+0000] {processor.py:161} INFO - Started process (PID=7090) to work on /home/airflow/.local/lib/python3.12/site-packages/airflow/example_dags/tutorial.py
[2025-11-25T15:50:23.948+0000] {processor.py:830} INFO - Processing file /home/airflow/.local/lib/python3.12/site-packages/airflow/example_dags/tutorial.py for tasks to queue
[2025-11-25T15:50:23.949+0000] {logging_mixin.py:188} INFO - [2025-11-25T15:50:23.949+0000] {dagbag.py:545} INFO - Filling up the DagBag from /home/airflow/.local/lib/python3.12/site-packages/airflow/example_dags/tutorial.py
[2025-11-25T15:50:23.956+0000] {processor.py:840} INFO - DAG(s) 'tutorial' retrieved from /home/airflow/.local/lib/python3.12/site-packages/airflow/example_dags/tutorial.py
[2025-11-25T15:50:23.969+0000] {logging_mixin.py:188} INFO - [2025-11-25T15:50:23.969+0000] {dag.py:3096} INFO - Sync 1 DAGs
[2025-11-25T15:50:23.983+0000] {logging_mixin.py:188} INFO - [2025-11-25T15:50:23.983+0000] {dag.py:3954} INFO - Setting next_dagrun for tutorial to 2025-11-24 00:00:00+00:00, run_after=2025-11-25 00:00:00+00:00
[2025-11-25T15:50:23.997+0000] {processor.py:183} INFO - Processing /home/airflow/.local/lib/python3.12/site-packages/airflow/example_dags/tutorial.py took 0.052 seconds
[2025-11-25T15:50:54.725+0000] {processor.py:161} INFO - Started process (PID=7148) to work on /home/airflow/.local/lib/python3.12/site-packages/airflow/example_dags/tutorial.py
[2025-11-25T15:50:54.727+0000] {processor.py:830} INFO - Processing file /home/airflow/.local/lib/python3.12/site-packages/airflow/example_dags/tutorial.py for tasks to queue
[2025-11-25T15:50:54.728+0000] {logging_mixin.py:188} INFO - [2025-11-25T15:50:54.728+0000] {dagbag.py:545} INFO - Filling up the DagBag from /home/airflow/.local/lib/python3.12/site-packages/airflow/example_dags/tutorial.py
[2025-11-25T15:50:54.732+0000] {processor.py:840} INFO - DAG(s) 'tutorial' retrieved from /home/airflow/.local/lib/python3.12/site-packages/airflow/example_dags/tutorial.py
[2025-11-25T15:50:54.835+0000] {logging_mixin.py:188} INFO - [2025-11-25T15:50:54.835+0000] {dag.py:3096} INFO - Sync 1 DAGs
[2025-11-25T15:50:54.843+0000] {logging_mixin.py:188} INFO - [2025-11-25T15:50:54.843+0000] {dag.py:3954} INFO - Setting next_dagrun for tutorial to 2025-11-24 00:00:00+00:00, run_after=2025-11-25 00:00:00+00:00
[2025-11-25T15:50:54.849+0000] {processor.py:183} INFO - Processing /home/airflow/.local/lib/python3.12/site-packages/airflow/example_dags/tutorial.py took 0.126 seconds
[2025-11-25T15:51:25.108+0000] {processor.py:161} INFO - Started process (PID=7206) to work on /home/airflow/.local/lib/python3.12/site-packages/airflow/example_dags/tutorial.py
[2025-11-25T15:51:25.109+0000] {processor.py:830} INFO - Processing file /home/airflow/.local/lib/python3.12/site-packages/airflow/example_dags/tutorial.py for tasks to queue
[2025-11-25T15:51:25.109+0000] {logging_mixin.py:188} INFO - [2025-11-25T15:51:25.109+0000] {dagbag.py:545} INFO - Filling up the DagBag from /home/airflow/.local/lib/python3.12/site-packages/airflow/example_dags/tutorial.py
[2025-11-25T15:51:25.112+0000] {processor.py:840} INFO - DAG(s) 'tutorial' retrieved from /home/airflow/.local/lib/python3.12/site-packages/airflow/example_dags/tutorial.py
[2025-11-25T15:51:25.122+0000] {logging_mixin.py:188} INFO - [2025-11-25T15:51:25.122+0000] {dag.py:3096} INFO - Sync 1 DAGs
[2025-11-25T15:51:25.210+0000] {logging_mixin.py:188} INFO - [2025-11-25T15:51:25.210+0000] {dag.py:3954} INFO - Setting next_dagrun for tutorial to 2025-11-24 00:00:00+00:00, run_after=2025-11-25 00:00:00+00:00
[2025-11-25T15:51:25.216+0000] {processor.py:183} INFO - Processing /home/airflow/.local/lib/python3.12/site-packages/airflow/example_dags/tutorial.py took 0.110 seconds
[2025-11-25T15:51:55.552+0000] {processor.py:161} INFO - Started process (PID=7264) to work on /home/airflow/.local/lib/python3.12/site-packages/airflow/example_dags/tutorial.py
[2025-11-25T15:51:55.553+0000] {processor.py:830} INFO - Processing file /home/airflow/.local/lib/python3.12/site-packages/airflow/example_dags/tutorial.py for tasks to queue
[2025-11-25T15:51:55.553+0000] {logging_mixin.py:188} INFO - [2025-11-25T15:51:55.553+0000] {dagbag.py:545} INFO - Filling up the DagBag from /home/airflow/.local/lib/python3.12/site-packages/airflow/example_dags/tutorial.py
[2025-11-25T15:51:55.556+0000] {processor.py:840} INFO - DAG(s) 'tutorial' retrieved from /home/airflow/.local/lib/python3.12/site-packages/airflow/example_dags/tutorial.py
[2025-11-25T15:51:55.566+0000] {logging_mixin.py:188} INFO - [2025-11-25T15:51:55.566+0000] {dag.py:3096} INFO - Sync 1 DAGs
[2025-11-25T15:51:55.576+0000] {logging_mixin.py:188} INFO - [2025-11-25T15:51:55.576+0000] {dag.py:3954} INFO - Setting next_dagrun for tutorial to 2025-11-24 00:00:00+00:00, run_after=2025-11-25 00:00:00+00:00
[2025-11-25T15:51:55.658+0000] {processor.py:183} INFO - Processing /home/airflow/.local/lib/python3.12/site-packages/airflow/example_dags/tutorial.py took 0.108 seconds
[2025-11-25T15:52:26.590+0000] {processor.py:161} INFO - Started process (PID=7322) to work on /home/airflow/.local/lib/python3.12/site-packages/airflow/example_dags/tutorial.py
[2025-11-25T15:52:26.591+0000] {processor.py:830} INFO - Processing file /home/airflow/.local/lib/python3.12/site-packages/airflow/example_dags/tutorial.py for tasks to queue
[2025-11-25T15:52:26.595+0000] {logging_mixin.py:188} INFO - [2025-11-25T15:52:26.595+0000] {dagbag.py:545} INFO - Filling up the DagBag from /home/airflow/.local/lib/python3.12/site-packages/airflow/example_dags/tutorial.py
[2025-11-25T15:52:26.599+0000] {processor.py:840} INFO - DAG(s) 'tutorial' retrieved from /home/airflow/.local/lib/python3.12/site-packages/airflow/example_dags/tutorial.py
[2025-11-25T15:52:26.611+0000] {logging_mixin.py:188} INFO - [2025-11-25T15:52:26.611+0000] {dag.py:3096} INFO - Sync 1 DAGs
[2025-11-25T15:52:26.622+0000] {logging_mixin.py:188} INFO - [2025-11-25T15:52:26.622+0000] {dag.py:3954} INFO - Setting next_dagrun for tutorial to 2025-11-24 00:00:00+00:00, run_after=2025-11-25 00:00:00+00:00
[2025-11-25T15:52:26.631+0000] {processor.py:183} INFO - Processing /home/airflow/.local/lib/python3.12/site-packages/airflow/example_dags/tutorial.py took 0.047 seconds
[2025-11-25T15:52:57.205+0000] {processor.py:161} INFO - Started process (PID=7380) to work on /home/airflow/.local/lib/python3.12/site-packages/airflow/example_dags/tutorial.py
[2025-11-25T15:52:57.206+0000] {processor.py:830} INFO - Processing file /home/airflow/.local/lib/python3.12/site-packages/airflow/example_dags/tutorial.py for tasks to queue
[2025-11-25T15:52:57.208+0000] {logging_mixin.py:188} INFO - [2025-11-25T15:52:57.207+0000] {dagbag.py:545} INFO - Filling up the DagBag from /home/airflow/.local/lib/python3.12/site-packages/airflow/example_dags/tutorial.py
[2025-11-25T15:52:57.212+0000] {processor.py:840} INFO - DAG(s) 'tutorial' retrieved from /home/airflow/.local/lib/python3.12/site-packages/airflow/example_dags/tutorial.py
[2025-11-25T15:52:57.228+0000] {logging_mixin.py:188} INFO - [2025-11-25T15:52:57.228+0000] {dag.py:3096} INFO - Sync 1 DAGs
[2025-11-25T15:52:57.240+0000] {logging_mixin.py:188} INFO - [2025-11-25T15:52:57.240+0000] {dag.py:3954} INFO - Setting next_dagrun for tutorial to 2025-11-24 00:00:00+00:00, run_after=2025-11-25 00:00:00+00:00
[2025-11-25T15:52:57.247+0000] {processor.py:183} INFO - Processing /home/airflow/.local/lib/python3.12/site-packages/airflow/example_dags/tutorial.py took 0.048 seconds
[2025-11-25T15:53:27.885+0000] {processor.py:161} INFO - Started process (PID=7438) to work on /home/airflow/.local/lib/python3.12/site-packages/airflow/example_dags/tutorial.py
[2025-11-25T15:53:27.886+0000] {processor.py:830} INFO - Processing file /home/airflow/.local/lib/python3.12/site-packages/airflow/example_dags/tutorial.py for tasks to queue
[2025-11-25T15:53:27.887+0000] {logging_mixin.py:188} INFO - [2025-11-25T15:53:27.887+0000] {dagbag.py:545} INFO - Filling up the DagBag from /home/airflow/.local/lib/python3.12/site-packages/airflow/example_dags/tutorial.py
[2025-11-25T15:53:27.895+0000] {processor.py:840} INFO - DAG(s) 'tutorial' retrieved from /home/airflow/.local/lib/python3.12/site-packages/airflow/example_dags/tutorial.py
[2025-11-25T15:53:27.910+0000] {logging_mixin.py:188} INFO - [2025-11-25T15:53:27.910+0000] {dag.py:3096} INFO - Sync 1 DAGs
[2025-11-25T15:53:27.923+0000] {logging_mixin.py:188} INFO - [2025-11-25T15:53:27.923+0000] {dag.py:3954} INFO - Setting next_dagrun for tutorial to 2025-11-24 00:00:00+00:00, run_after=2025-11-25 00:00:00+00:00
[2025-11-25T15:53:27.929+0000] {processor.py:183} INFO - Processing /home/airflow/.local/lib/python3.12/site-packages/airflow/example_dags/tutorial.py took 0.048 seconds
[2025-11-25T15:53:58.514+0000] {processor.py:161} INFO - Started process (PID=7496) to work on /home/airflow/.local/lib/python3.12/site-packages/airflow/example_dags/tutorial.py
[2025-11-25T15:53:58.515+0000] {processor.py:830} INFO - Processing file /home/airflow/.local/lib/python3.12/site-packages/airflow/example_dags/tutorial.py for tasks to queue
[2025-11-25T15:53:58.517+0000] {logging_mixin.py:188} INFO - [2025-11-25T15:53:58.517+0000] {dagbag.py:545} INFO - Filling up the DagBag from /home/airflow/.local/lib/python3.12/site-packages/airflow/example_dags/tutorial.py
[2025-11-25T15:53:58.523+0000] {processor.py:840} INFO - DAG(s) 'tutorial' retrieved from /home/airflow/.local/lib/python3.12/site-packages/airflow/example_dags/tutorial.py
[2025-11-25T15:53:58.537+0000] {logging_mixin.py:188} INFO - [2025-11-25T15:53:58.536+0000] {dag.py:3096} INFO - Sync 1 DAGs
[2025-11-25T15:53:58.550+0000] {logging_mixin.py:188} INFO - [2025-11-25T15:53:58.550+0000] {dag.py:3954} INFO - Setting next_dagrun for tutorial to 2025-11-24 00:00:00+00:00, run_after=2025-11-25 00:00:00+00:00
[2025-11-25T15:53:58.559+0000] {processor.py:183} INFO - Processing /home/airflow/.local/lib/python3.12/site-packages/airflow/example_dags/tutorial.py took 0.050 seconds
[2025-11-25T15:54:29.228+0000] {processor.py:161} INFO - Started process (PID=7554) to work on /home/airflow/.local/lib/python3.12/site-packages/airflow/example_dags/tutorial.py
[2025-11-25T15:54:29.230+0000] {processor.py:830} INFO - Processing file /home/airflow/.local/lib/python3.12/site-packages/airflow/example_dags/tutorial.py for tasks to queue
[2025-11-25T15:54:29.231+0000] {logging_mixin.py:188} INFO - [2025-11-25T15:54:29.231+0000] {dagbag.py:545} INFO - Filling up the DagBag from /home/airflow/.local/lib/python3.12/site-packages/airflow/example_dags/tutorial.py
[2025-11-25T15:54:29.236+0000] {processor.py:840} INFO - DAG(s) 'tutorial' retrieved from /home/airflow/.local/lib/python3.12/site-packages/airflow/example_dags/tutorial.py
[2025-11-25T15:54:29.250+0000] {logging_mixin.py:188} INFO - [2025-11-25T15:54:29.250+0000] {dag.py:3096} INFO - Sync 1 DAGs
[2025-11-25T15:54:29.263+0000] {logging_mixin.py:188} INFO - [2025-11-25T15:54:29.263+0000] {dag.py:3954} INFO - Setting next_dagrun for tutorial to 2025-11-24 00:00:00+00:00, run_after=2025-11-25 00:00:00+00:00
[2025-11-25T15:54:29.274+0000] {processor.py:183} INFO - Processing /home/airflow/.local/lib/python3.12/site-packages/airflow/example_dags/tutorial.py took 0.050 seconds
[2025-11-25T15:54:59.926+0000] {processor.py:161} INFO - Started process (PID=7612) to work on /home/airflow/.local/lib/python3.12/site-packages/airflow/example_dags/tutorial.py
[2025-11-25T15:54:59.928+0000] {processor.py:830} INFO - Processing file /home/airflow/.local/lib/python3.12/site-packages/airflow/example_dags/tutorial.py for tasks to queue
[2025-11-25T15:54:59.932+0000] {logging_mixin.py:188} INFO - [2025-11-25T15:54:59.931+0000] {dagbag.py:545} INFO - Filling up the DagBag from /home/airflow/.local/lib/python3.12/site-packages/airflow/example_dags/tutorial.py
[2025-11-25T15:54:59.938+0000] {processor.py:840} INFO - DAG(s) 'tutorial' retrieved from /home/airflow/.local/lib/python3.12/site-packages/airflow/example_dags/tutorial.py
[2025-11-25T15:54:59.955+0000] {logging_mixin.py:188} INFO - [2025-11-25T15:54:59.955+0000] {dag.py:3096} INFO - Sync 1 DAGs
[2025-11-25T15:54:59.971+0000] {logging_mixin.py:188} INFO - [2025-11-25T15:54:59.971+0000] {dag.py:3954} INFO - Setting next_dagrun for tutorial to 2025-11-24 00:00:00+00:00, run_after=2025-11-25 00:00:00+00:00
[2025-11-25T15:54:59.980+0000] {processor.py:183} INFO - Processing /home/airflow/.local/lib/python3.12/site-packages/airflow/example_dags/tutorial.py took 0.058 seconds
[2025-11-25T15:55:30.663+0000] {processor.py:161} INFO - Started process (PID=7670) to work on /home/airflow/.local/lib/python3.12/site-packages/airflow/example_dags/tutorial.py
[2025-11-25T15:55:30.670+0000] {processor.py:830} INFO - Processing file /home/airflow/.local/lib/python3.12/site-packages/airflow/example_dags/tutorial.py for tasks to queue
[2025-11-25T15:55:30.672+0000] {logging_mixin.py:188} INFO - [2025-11-25T15:55:30.671+0000] {dagbag.py:545} INFO - Filling up the DagBag from /home/airflow/.local/lib/python3.12/site-packages/airflow/example_dags/tutorial.py
[2025-11-25T15:55:30.676+0000] {processor.py:840} INFO - DAG(s) 'tutorial' retrieved from /home/airflow/.local/lib/python3.12/site-packages/airflow/example_dags/tutorial.py
[2025-11-25T15:55:30.689+0000] {logging_mixin.py:188} INFO - [2025-11-25T15:55:30.689+0000] {dag.py:3096} INFO - Sync 1 DAGs
[2025-11-25T15:55:30.700+0000] {logging_mixin.py:188} INFO - [2025-11-25T15:55:30.700+0000] {dag.py:3954} INFO - Setting next_dagrun for tutorial to 2025-11-24 00:00:00+00:00, run_after=2025-11-25 00:00:00+00:00
[2025-11-25T15:55:30.710+0000] {processor.py:183} INFO - Processing /home/airflow/.local/lib/python3.12/site-packages/airflow/example_dags/tutorial.py took 0.052 seconds
[2025-11-25T15:56:01.500+0000] {processor.py:161} INFO - Started process (PID=7728) to work on /home/airflow/.local/lib/python3.12/site-packages/airflow/example_dags/tutorial.py
[2025-11-25T15:56:01.502+0000] {processor.py:830} INFO - Processing file /home/airflow/.local/lib/python3.12/site-packages/airflow/example_dags/tutorial.py for tasks to queue
[2025-11-25T15:56:01.505+0000] {logging_mixin.py:188} INFO - [2025-11-25T15:56:01.505+0000] {dagbag.py:545} INFO - Filling up the DagBag from /home/airflow/.local/lib/python3.12/site-packages/airflow/example_dags/tutorial.py
[2025-11-25T15:56:01.510+0000] {processor.py:840} INFO - DAG(s) 'tutorial' retrieved from /home/airflow/.local/lib/python3.12/site-packages/airflow/example_dags/tutorial.py
[2025-11-25T15:56:01.521+0000] {logging_mixin.py:188} INFO - [2025-11-25T15:56:01.521+0000] {dag.py:3096} INFO - Sync 1 DAGs
[2025-11-25T15:56:01.533+0000] {logging_mixin.py:188} INFO - [2025-11-25T15:56:01.533+0000] {dag.py:3954} INFO - Setting next_dagrun for tutorial to 2025-11-24 00:00:00+00:00, run_after=2025-11-25 00:00:00+00:00
[2025-11-25T15:56:01.544+0000] {processor.py:183} INFO - Processing /home/airflow/.local/lib/python3.12/site-packages/airflow/example_dags/tutorial.py took 0.050 seconds
[2025-11-25T15:56:32.320+0000] {processor.py:161} INFO - Started process (PID=7786) to work on /home/airflow/.local/lib/python3.12/site-packages/airflow/example_dags/tutorial.py
[2025-11-25T15:56:32.320+0000] {processor.py:830} INFO - Processing file /home/airflow/.local/lib/python3.12/site-packages/airflow/example_dags/tutorial.py for tasks to queue
[2025-11-25T15:56:32.321+0000] {logging_mixin.py:188} INFO - [2025-11-25T15:56:32.321+0000] {dagbag.py:545} INFO - Filling up the DagBag from /home/airflow/.local/lib/python3.12/site-packages/airflow/example_dags/tutorial.py
[2025-11-25T15:56:32.324+0000] {processor.py:840} INFO - DAG(s) 'tutorial' retrieved from /home/airflow/.local/lib/python3.12/site-packages/airflow/example_dags/tutorial.py
[2025-11-25T15:56:32.334+0000] {logging_mixin.py:188} INFO - [2025-11-25T15:56:32.334+0000] {dag.py:3096} INFO - Sync 1 DAGs
[2025-11-25T15:56:32.343+0000] {logging_mixin.py:188} INFO - [2025-11-25T15:56:32.343+0000] {dag.py:3954} INFO - Setting next_dagrun for tutorial to 2025-11-24 00:00:00+00:00, run_after=2025-11-25 00:00:00+00:00
[2025-11-25T15:56:32.352+0000] {processor.py:183} INFO - Processing /home/airflow/.local/lib/python3.12/site-packages/airflow/example_dags/tutorial.py took 0.035 seconds
[2025-11-25T15:57:02.436+0000] {processor.py:161} INFO - Started process (PID=7844) to work on /home/airflow/.local/lib/python3.12/site-packages/airflow/example_dags/tutorial.py
[2025-11-25T15:57:02.440+0000] {processor.py:830} INFO - Processing file /home/airflow/.local/lib/python3.12/site-packages/airflow/example_dags/tutorial.py for tasks to queue
[2025-11-25T15:57:02.441+0000] {logging_mixin.py:188} INFO - [2025-11-25T15:57:02.441+0000] {dagbag.py:545} INFO - Filling up the DagBag from /home/airflow/.local/lib/python3.12/site-packages/airflow/example_dags/tutorial.py
[2025-11-25T15:57:02.444+0000] {processor.py:840} INFO - DAG(s) 'tutorial' retrieved from /home/airflow/.local/lib/python3.12/site-packages/airflow/example_dags/tutorial.py
[2025-11-25T15:57:02.453+0000] {logging_mixin.py:188} INFO - [2025-11-25T15:57:02.452+0000] {dag.py:3096} INFO - Sync 1 DAGs
[2025-11-25T15:57:02.480+0000] {logging_mixin.py:188} INFO - [2025-11-25T15:57:02.479+0000] {dag.py:3954} INFO - Setting next_dagrun for tutorial to 2025-11-24 00:00:00+00:00, run_after=2025-11-25 00:00:00+00:00
[2025-11-25T15:57:02.492+0000] {processor.py:183} INFO - Processing /home/airflow/.local/lib/python3.12/site-packages/airflow/example_dags/tutorial.py took 0.057 seconds
[2025-11-25T15:57:33.405+0000] {processor.py:161} INFO - Started process (PID=7900) to work on /home/airflow/.local/lib/python3.12/site-packages/airflow/example_dags/tutorial.py
[2025-11-25T15:57:33.406+0000] {processor.py:830} INFO - Processing file /home/airflow/.local/lib/python3.12/site-packages/airflow/example_dags/tutorial.py for tasks to queue
[2025-11-25T15:57:33.408+0000] {logging_mixin.py:188} INFO - [2025-11-25T15:57:33.408+0000] {dagbag.py:545} INFO - Filling up the DagBag from /home/airflow/.local/lib/python3.12/site-packages/airflow/example_dags/tutorial.py
[2025-11-25T15:57:33.411+0000] {processor.py:840} INFO - DAG(s) 'tutorial' retrieved from /home/airflow/.local/lib/python3.12/site-packages/airflow/example_dags/tutorial.py
[2025-11-25T15:57:33.421+0000] {logging_mixin.py:188} INFO - [2025-11-25T15:57:33.421+0000] {dag.py:3096} INFO - Sync 1 DAGs
[2025-11-25T15:57:33.431+0000] {logging_mixin.py:188} INFO - [2025-11-25T15:57:33.431+0000] {dag.py:3954} INFO - Setting next_dagrun for tutorial to 2025-11-24 00:00:00+00:00, run_after=2025-11-25 00:00:00+00:00
[2025-11-25T15:57:33.439+0000] {processor.py:183} INFO - Processing /home/airflow/.local/lib/python3.12/site-packages/airflow/example_dags/tutorial.py took 0.038 seconds
[2025-11-25T15:58:03.840+0000] {processor.py:161} INFO - Started process (PID=7958) to work on /home/airflow/.local/lib/python3.12/site-packages/airflow/example_dags/tutorial.py
[2025-11-25T15:58:03.841+0000] {processor.py:830} INFO - Processing file /home/airflow/.local/lib/python3.12/site-packages/airflow/example_dags/tutorial.py for tasks to queue
[2025-11-25T15:58:03.841+0000] {logging_mixin.py:188} INFO - [2025-11-25T15:58:03.841+0000] {dagbag.py:545} INFO - Filling up the DagBag from /home/airflow/.local/lib/python3.12/site-packages/airflow/example_dags/tutorial.py
[2025-11-25T15:58:03.844+0000] {processor.py:840} INFO - DAG(s) 'tutorial' retrieved from /home/airflow/.local/lib/python3.12/site-packages/airflow/example_dags/tutorial.py
[2025-11-25T15:58:03.855+0000] {logging_mixin.py:188} INFO - [2025-11-25T15:58:03.855+0000] {dag.py:3096} INFO - Sync 1 DAGs
[2025-11-25T15:58:03.864+0000] {logging_mixin.py:188} INFO - [2025-11-25T15:58:03.864+0000] {dag.py:3954} INFO - Setting next_dagrun for tutorial to 2025-11-24 00:00:00+00:00, run_after=2025-11-25 00:00:00+00:00
[2025-11-25T15:58:03.872+0000] {processor.py:183} INFO - Processing /home/airflow/.local/lib/python3.12/site-packages/airflow/example_dags/tutorial.py took 0.034 seconds
[2025-11-25T15:58:34.007+0000] {processor.py:161} INFO - Started process (PID=8016) to work on /home/airflow/.local/lib/python3.12/site-packages/airflow/example_dags/tutorial.py
[2025-11-25T15:58:34.008+0000] {processor.py:830} INFO - Processing file /home/airflow/.local/lib/python3.12/site-packages/airflow/example_dags/tutorial.py for tasks to queue
[2025-11-25T15:58:34.008+0000] {logging_mixin.py:188} INFO - [2025-11-25T15:58:34.008+0000] {dagbag.py:545} INFO - Filling up the DagBag from /home/airflow/.local/lib/python3.12/site-packages/airflow/example_dags/tutorial.py
[2025-11-25T15:58:34.011+0000] {processor.py:840} INFO - DAG(s) 'tutorial' retrieved from /home/airflow/.local/lib/python3.12/site-packages/airflow/example_dags/tutorial.py
[2025-11-25T15:58:34.019+0000] {logging_mixin.py:188} INFO - [2025-11-25T15:58:34.019+0000] {dag.py:3096} INFO - Sync 1 DAGs
[2025-11-25T15:58:34.028+0000] {logging_mixin.py:188} INFO - [2025-11-25T15:58:34.028+0000] {dag.py:3954} INFO - Setting next_dagrun for tutorial to 2025-11-24 00:00:00+00:00, run_after=2025-11-25 00:00:00+00:00
[2025-11-25T15:58:34.040+0000] {processor.py:183} INFO - Processing /home/airflow/.local/lib/python3.12/site-packages/airflow/example_dags/tutorial.py took 0.036 seconds
[2025-11-25T15:59:05.066+0000] {processor.py:161} INFO - Started process (PID=8074) to work on /home/airflow/.local/lib/python3.12/site-packages/airflow/example_dags/tutorial.py
[2025-11-25T15:59:05.067+0000] {processor.py:830} INFO - Processing file /home/airflow/.local/lib/python3.12/site-packages/airflow/example_dags/tutorial.py for tasks to queue
[2025-11-25T15:59:05.068+0000] {logging_mixin.py:188} INFO - [2025-11-25T15:59:05.068+0000] {dagbag.py:545} INFO - Filling up the DagBag from /home/airflow/.local/lib/python3.12/site-packages/airflow/example_dags/tutorial.py
[2025-11-25T15:59:05.070+0000] {processor.py:840} INFO - DAG(s) 'tutorial' retrieved from /home/airflow/.local/lib/python3.12/site-packages/airflow/example_dags/tutorial.py
[2025-11-25T15:59:05.079+0000] {logging_mixin.py:188} INFO - [2025-11-25T15:59:05.079+0000] {dag.py:3096} INFO - Sync 1 DAGs
[2025-11-25T15:59:05.088+0000] {logging_mixin.py:188} INFO - [2025-11-25T15:59:05.088+0000] {dag.py:3954} INFO - Setting next_dagrun for tutorial to 2025-11-24 00:00:00+00:00, run_after=2025-11-25 00:00:00+00:00
[2025-11-25T15:59:05.096+0000] {processor.py:183} INFO - Processing /home/airflow/.local/lib/python3.12/site-packages/airflow/example_dags/tutorial.py took 0.032 seconds
[2025-11-25T15:59:35.967+0000] {processor.py:161} INFO - Started process (PID=8132) to work on /home/airflow/.local/lib/python3.12/site-packages/airflow/example_dags/tutorial.py
[2025-11-25T15:59:35.967+0000] {processor.py:830} INFO - Processing file /home/airflow/.local/lib/python3.12/site-packages/airflow/example_dags/tutorial.py for tasks to queue
[2025-11-25T15:59:35.968+0000] {logging_mixin.py:188} INFO - [2025-11-25T15:59:35.968+0000] {dagbag.py:545} INFO - Filling up the DagBag from /home/airflow/.local/lib/python3.12/site-packages/airflow/example_dags/tutorial.py
[2025-11-25T15:59:35.970+0000] {processor.py:840} INFO - DAG(s) 'tutorial' retrieved from /home/airflow/.local/lib/python3.12/site-packages/airflow/example_dags/tutorial.py
[2025-11-25T15:59:35.981+0000] {logging_mixin.py:188} INFO - [2025-11-25T15:59:35.981+0000] {dag.py:3096} INFO - Sync 1 DAGs
[2025-11-25T15:59:35.989+0000] {logging_mixin.py:188} INFO - [2025-11-25T15:59:35.989+0000] {dag.py:3954} INFO - Setting next_dagrun for tutorial to 2025-11-24 00:00:00+00:00, run_after=2025-11-25 00:00:00+00:00
[2025-11-25T15:59:35.996+0000] {processor.py:183} INFO - Processing /home/airflow/.local/lib/python3.12/site-packages/airflow/example_dags/tutorial.py took 0.032 seconds
[2025-11-25T16:00:07.218+0000] {processor.py:161} INFO - Started process (PID=8190) to work on /home/airflow/.local/lib/python3.12/site-packages/airflow/example_dags/tutorial.py
[2025-11-25T16:00:07.219+0000] {processor.py:830} INFO - Processing file /home/airflow/.local/lib/python3.12/site-packages/airflow/example_dags/tutorial.py for tasks to queue
[2025-11-25T16:00:07.220+0000] {logging_mixin.py:188} INFO - [2025-11-25T16:00:07.219+0000] {dagbag.py:545} INFO - Filling up the DagBag from /home/airflow/.local/lib/python3.12/site-packages/airflow/example_dags/tutorial.py
[2025-11-25T16:00:07.222+0000] {processor.py:840} INFO - DAG(s) 'tutorial' retrieved from /home/airflow/.local/lib/python3.12/site-packages/airflow/example_dags/tutorial.py
[2025-11-25T16:00:07.235+0000] {logging_mixin.py:188} INFO - [2025-11-25T16:00:07.235+0000] {dag.py:3096} INFO - Sync 1 DAGs
[2025-11-25T16:00:07.244+0000] {logging_mixin.py:188} INFO - [2025-11-25T16:00:07.244+0000] {dag.py:3954} INFO - Setting next_dagrun for tutorial to 2025-11-24 00:00:00+00:00, run_after=2025-11-25 00:00:00+00:00
[2025-11-25T16:00:07.252+0000] {processor.py:183} INFO - Processing /home/airflow/.local/lib/python3.12/site-packages/airflow/example_dags/tutorial.py took 0.037 seconds
[2025-11-25T16:00:37.451+0000] {processor.py:161} INFO - Started process (PID=8248) to work on /home/airflow/.local/lib/python3.12/site-packages/airflow/example_dags/tutorial.py
[2025-11-25T16:00:37.453+0000] {processor.py:830} INFO - Processing file /home/airflow/.local/lib/python3.12/site-packages/airflow/example_dags/tutorial.py for tasks to queue
[2025-11-25T16:00:37.453+0000] {logging_mixin.py:188} INFO - [2025-11-25T16:00:37.453+0000] {dagbag.py:545} INFO - Filling up the DagBag from /home/airflow/.local/lib/python3.12/site-packages/airflow/example_dags/tutorial.py
[2025-11-25T16:00:37.456+0000] {processor.py:840} INFO - DAG(s) 'tutorial' retrieved from /home/airflow/.local/lib/python3.12/site-packages/airflow/example_dags/tutorial.py
[2025-11-25T16:00:37.467+0000] {logging_mixin.py:188} INFO - [2025-11-25T16:00:37.467+0000] {dag.py:3096} INFO - Sync 1 DAGs
[2025-11-25T16:00:37.476+0000] {logging_mixin.py:188} INFO - [2025-11-25T16:00:37.476+0000] {dag.py:3954} INFO - Setting next_dagrun for tutorial to 2025-11-24 00:00:00+00:00, run_after=2025-11-25 00:00:00+00:00
[2025-11-25T16:00:37.485+0000] {processor.py:183} INFO - Processing /home/airflow/.local/lib/python3.12/site-packages/airflow/example_dags/tutorial.py took 0.036 seconds
[2025-11-25T16:01:08.362+0000] {processor.py:161} INFO - Started process (PID=8306) to work on /home/airflow/.local/lib/python3.12/site-packages/airflow/example_dags/tutorial.py
[2025-11-25T16:01:08.363+0000] {processor.py:830} INFO - Processing file /home/airflow/.local/lib/python3.12/site-packages/airflow/example_dags/tutorial.py for tasks to queue
[2025-11-25T16:01:08.364+0000] {logging_mixin.py:188} INFO - [2025-11-25T16:01:08.364+0000] {dagbag.py:545} INFO - Filling up the DagBag from /home/airflow/.local/lib/python3.12/site-packages/airflow/example_dags/tutorial.py
[2025-11-25T16:01:08.367+0000] {processor.py:840} INFO - DAG(s) 'tutorial' retrieved from /home/airflow/.local/lib/python3.12/site-packages/airflow/example_dags/tutorial.py
[2025-11-25T16:01:08.378+0000] {logging_mixin.py:188} INFO - [2025-11-25T16:01:08.377+0000] {dag.py:3096} INFO - Sync 1 DAGs
[2025-11-25T16:01:08.387+0000] {logging_mixin.py:188} INFO - [2025-11-25T16:01:08.387+0000] {dag.py:3954} INFO - Setting next_dagrun for tutorial to 2025-11-24 00:00:00+00:00, run_after=2025-11-25 00:00:00+00:00
[2025-11-25T16:01:08.395+0000] {processor.py:183} INFO - Processing /home/airflow/.local/lib/python3.12/site-packages/airflow/example_dags/tutorial.py took 0.035 seconds
[2025-11-25T16:01:39.255+0000] {processor.py:161} INFO - Started process (PID=8370) to work on /home/airflow/.local/lib/python3.12/site-packages/airflow/example_dags/tutorial.py
[2025-11-25T16:01:39.257+0000] {processor.py:830} INFO - Processing file /home/airflow/.local/lib/python3.12/site-packages/airflow/example_dags/tutorial.py for tasks to queue
[2025-11-25T16:01:39.258+0000] {logging_mixin.py:188} INFO - [2025-11-25T16:01:39.257+0000] {dagbag.py:545} INFO - Filling up the DagBag from /home/airflow/.local/lib/python3.12/site-packages/airflow/example_dags/tutorial.py
[2025-11-25T16:01:39.260+0000] {processor.py:840} INFO - DAG(s) 'tutorial' retrieved from /home/airflow/.local/lib/python3.12/site-packages/airflow/example_dags/tutorial.py
[2025-11-25T16:01:39.268+0000] {logging_mixin.py:188} INFO - [2025-11-25T16:01:39.268+0000] {dag.py:3096} INFO - Sync 1 DAGs
[2025-11-25T16:01:39.277+0000] {logging_mixin.py:188} INFO - [2025-11-25T16:01:39.277+0000] {dag.py:3954} INFO - Setting next_dagrun for tutorial to 2025-11-24 00:00:00+00:00, run_after=2025-11-25 00:00:00+00:00
[2025-11-25T16:01:39.288+0000] {processor.py:183} INFO - Processing /home/airflow/.local/lib/python3.12/site-packages/airflow/example_dags/tutorial.py took 0.035 seconds
[2025-11-25T16:02:10.067+0000] {processor.py:161} INFO - Started process (PID=8428) to work on /home/airflow/.local/lib/python3.12/site-packages/airflow/example_dags/tutorial.py
[2025-11-25T16:02:10.068+0000] {processor.py:830} INFO - Processing file /home/airflow/.local/lib/python3.12/site-packages/airflow/example_dags/tutorial.py for tasks to queue
[2025-11-25T16:02:10.069+0000] {logging_mixin.py:188} INFO - [2025-11-25T16:02:10.069+0000] {dagbag.py:545} INFO - Filling up the DagBag from /home/airflow/.local/lib/python3.12/site-packages/airflow/example_dags/tutorial.py
[2025-11-25T16:02:10.071+0000] {processor.py:840} INFO - DAG(s) 'tutorial' retrieved from /home/airflow/.local/lib/python3.12/site-packages/airflow/example_dags/tutorial.py
[2025-11-25T16:02:10.079+0000] {logging_mixin.py:188} INFO - [2025-11-25T16:02:10.079+0000] {dag.py:3096} INFO - Sync 1 DAGs
[2025-11-25T16:02:10.087+0000] {logging_mixin.py:188} INFO - [2025-11-25T16:02:10.087+0000] {dag.py:3954} INFO - Setting next_dagrun for tutorial to 2025-11-24 00:00:00+00:00, run_after=2025-11-25 00:00:00+00:00
[2025-11-25T16:02:10.094+0000] {processor.py:183} INFO - Processing /home/airflow/.local/lib/python3.12/site-packages/airflow/example_dags/tutorial.py took 0.029 seconds
[2025-11-25T16:02:40.894+0000] {processor.py:161} INFO - Started process (PID=8486) to work on /home/airflow/.local/lib/python3.12/site-packages/airflow/example_dags/tutorial.py
[2025-11-25T16:02:40.895+0000] {processor.py:830} INFO - Processing file /home/airflow/.local/lib/python3.12/site-packages/airflow/example_dags/tutorial.py for tasks to queue
[2025-11-25T16:02:40.896+0000] {logging_mixin.py:188} INFO - [2025-11-25T16:02:40.896+0000] {dagbag.py:545} INFO - Filling up the DagBag from /home/airflow/.local/lib/python3.12/site-packages/airflow/example_dags/tutorial.py
[2025-11-25T16:02:40.901+0000] {processor.py:840} INFO - DAG(s) 'tutorial' retrieved from /home/airflow/.local/lib/python3.12/site-packages/airflow/example_dags/tutorial.py
[2025-11-25T16:02:40.911+0000] {logging_mixin.py:188} INFO - [2025-11-25T16:02:40.911+0000] {dag.py:3096} INFO - Sync 1 DAGs
[2025-11-25T16:02:40.919+0000] {logging_mixin.py:188} INFO - [2025-11-25T16:02:40.919+0000] {dag.py:3954} INFO - Setting next_dagrun for tutorial to 2025-11-24 00:00:00+00:00, run_after=2025-11-25 00:00:00+00:00
[2025-11-25T16:02:40.925+0000] {processor.py:183} INFO - Processing /home/airflow/.local/lib/python3.12/site-packages/airflow/example_dags/tutorial.py took 0.034 seconds
[2025-11-25T16:03:11.582+0000] {processor.py:161} INFO - Started process (PID=8544) to work on /home/airflow/.local/lib/python3.12/site-packages/airflow/example_dags/tutorial.py
[2025-11-25T16:03:11.584+0000] {processor.py:830} INFO - Processing file /home/airflow/.local/lib/python3.12/site-packages/airflow/example_dags/tutorial.py for tasks to queue
[2025-11-25T16:03:11.585+0000] {logging_mixin.py:188} INFO - [2025-11-25T16:03:11.585+0000] {dagbag.py:545} INFO - Filling up the DagBag from /home/airflow/.local/lib/python3.12/site-packages/airflow/example_dags/tutorial.py
[2025-11-25T16:03:11.587+0000] {processor.py:840} INFO - DAG(s) 'tutorial' retrieved from /home/airflow/.local/lib/python3.12/site-packages/airflow/example_dags/tutorial.py
[2025-11-25T16:03:11.595+0000] {logging_mixin.py:188} INFO - [2025-11-25T16:03:11.595+0000] {dag.py:3096} INFO - Sync 1 DAGs
[2025-11-25T16:03:11.603+0000] {logging_mixin.py:188} INFO - [2025-11-25T16:03:11.603+0000] {dag.py:3954} INFO - Setting next_dagrun for tutorial to 2025-11-24 00:00:00+00:00, run_after=2025-11-25 00:00:00+00:00
[2025-11-25T16:03:11.612+0000] {processor.py:183} INFO - Processing /home/airflow/.local/lib/python3.12/site-packages/airflow/example_dags/tutorial.py took 0.033 seconds
[2025-11-25T16:03:42.332+0000] {processor.py:161} INFO - Started process (PID=8602) to work on /home/airflow/.local/lib/python3.12/site-packages/airflow/example_dags/tutorial.py
[2025-11-25T16:03:42.333+0000] {processor.py:830} INFO - Processing file /home/airflow/.local/lib/python3.12/site-packages/airflow/example_dags/tutorial.py for tasks to queue
[2025-11-25T16:03:42.334+0000] {logging_mixin.py:188} INFO - [2025-11-25T16:03:42.334+0000] {dagbag.py:545} INFO - Filling up the DagBag from /home/airflow/.local/lib/python3.12/site-packages/airflow/example_dags/tutorial.py
[2025-11-25T16:03:42.337+0000] {processor.py:840} INFO - DAG(s) 'tutorial' retrieved from /home/airflow/.local/lib/python3.12/site-packages/airflow/example_dags/tutorial.py
[2025-11-25T16:03:42.346+0000] {logging_mixin.py:188} INFO - [2025-11-25T16:03:42.346+0000] {dag.py:3096} INFO - Sync 1 DAGs
[2025-11-25T16:03:42.355+0000] {logging_mixin.py:188} INFO - [2025-11-25T16:03:42.355+0000] {dag.py:3954} INFO - Setting next_dagrun for tutorial to 2025-11-24 00:00:00+00:00, run_after=2025-11-25 00:00:00+00:00
[2025-11-25T16:03:42.362+0000] {processor.py:183} INFO - Processing /home/airflow/.local/lib/python3.12/site-packages/airflow/example_dags/tutorial.py took 0.032 seconds
[2025-11-25T16:04:13.306+0000] {processor.py:161} INFO - Started process (PID=8660) to work on /home/airflow/.local/lib/python3.12/site-packages/airflow/example_dags/tutorial.py
[2025-11-25T16:04:13.306+0000] {processor.py:830} INFO - Processing file /home/airflow/.local/lib/python3.12/site-packages/airflow/example_dags/tutorial.py for tasks to queue
[2025-11-25T16:04:13.307+0000] {logging_mixin.py:188} INFO - [2025-11-25T16:04:13.307+0000] {dagbag.py:545} INFO - Filling up the DagBag from /home/airflow/.local/lib/python3.12/site-packages/airflow/example_dags/tutorial.py
[2025-11-25T16:04:13.309+0000] {processor.py:840} INFO - DAG(s) 'tutorial' retrieved from /home/airflow/.local/lib/python3.12/site-packages/airflow/example_dags/tutorial.py
[2025-11-25T16:04:13.317+0000] {logging_mixin.py:188} INFO - [2025-11-25T16:04:13.316+0000] {dag.py:3096} INFO - Sync 1 DAGs
[2025-11-25T16:04:13.324+0000] {logging_mixin.py:188} INFO - [2025-11-25T16:04:13.324+0000] {dag.py:3954} INFO - Setting next_dagrun for tutorial to 2025-11-24 00:00:00+00:00, run_after=2025-11-25 00:00:00+00:00
[2025-11-25T16:04:13.330+0000] {processor.py:183} INFO - Processing /home/airflow/.local/lib/python3.12/site-packages/airflow/example_dags/tutorial.py took 0.026 seconds
[2025-11-25T16:04:44.358+0000] {processor.py:161} INFO - Started process (PID=8718) to work on /home/airflow/.local/lib/python3.12/site-packages/airflow/example_dags/tutorial.py
[2025-11-25T16:04:44.359+0000] {processor.py:830} INFO - Processing file /home/airflow/.local/lib/python3.12/site-packages/airflow/example_dags/tutorial.py for tasks to queue
[2025-11-25T16:04:44.359+0000] {logging_mixin.py:188} INFO - [2025-11-25T16:04:44.359+0000] {dagbag.py:545} INFO - Filling up the DagBag from /home/airflow/.local/lib/python3.12/site-packages/airflow/example_dags/tutorial.py
[2025-11-25T16:04:44.362+0000] {processor.py:840} INFO - DAG(s) 'tutorial' retrieved from /home/airflow/.local/lib/python3.12/site-packages/airflow/example_dags/tutorial.py
[2025-11-25T16:04:44.377+0000] {logging_mixin.py:188} INFO - [2025-11-25T16:04:44.377+0000] {dag.py:3096} INFO - Sync 1 DAGs
[2025-11-25T16:04:44.388+0000] {logging_mixin.py:188} INFO - [2025-11-25T16:04:44.387+0000] {dag.py:3954} INFO - Setting next_dagrun for tutorial to 2025-11-24 00:00:00+00:00, run_after=2025-11-25 00:00:00+00:00
[2025-11-25T16:04:44.397+0000] {processor.py:183} INFO - Processing /home/airflow/.local/lib/python3.12/site-packages/airflow/example_dags/tutorial.py took 0.042 seconds
[2025-11-25T16:05:15.293+0000] {processor.py:161} INFO - Started process (PID=8776) to work on /home/airflow/.local/lib/python3.12/site-packages/airflow/example_dags/tutorial.py
[2025-11-25T16:05:15.294+0000] {processor.py:830} INFO - Processing file /home/airflow/.local/lib/python3.12/site-packages/airflow/example_dags/tutorial.py for tasks to queue
[2025-11-25T16:05:15.294+0000] {logging_mixin.py:188} INFO - [2025-11-25T16:05:15.294+0000] {dagbag.py:545} INFO - Filling up the DagBag from /home/airflow/.local/lib/python3.12/site-packages/airflow/example_dags/tutorial.py
[2025-11-25T16:05:15.297+0000] {processor.py:840} INFO - DAG(s) 'tutorial' retrieved from /home/airflow/.local/lib/python3.12/site-packages/airflow/example_dags/tutorial.py
[2025-11-25T16:05:15.307+0000] {logging_mixin.py:188} INFO - [2025-11-25T16:05:15.307+0000] {dag.py:3096} INFO - Sync 1 DAGs
[2025-11-25T16:05:15.318+0000] {logging_mixin.py:188} INFO - [2025-11-25T16:05:15.318+0000] {dag.py:3954} INFO - Setting next_dagrun for tutorial to 2025-11-24 00:00:00+00:00, run_after=2025-11-25 00:00:00+00:00
[2025-11-25T16:05:15.328+0000] {processor.py:183} INFO - Processing /home/airflow/.local/lib/python3.12/site-packages/airflow/example_dags/tutorial.py took 0.037 seconds
[2025-11-25T16:05:46.325+0000] {processor.py:161} INFO - Started process (PID=8834) to work on /home/airflow/.local/lib/python3.12/site-packages/airflow/example_dags/tutorial.py
[2025-11-25T16:05:46.326+0000] {processor.py:830} INFO - Processing file /home/airflow/.local/lib/python3.12/site-packages/airflow/example_dags/tutorial.py for tasks to queue
[2025-11-25T16:05:46.326+0000] {logging_mixin.py:188} INFO - [2025-11-25T16:05:46.326+0000] {dagbag.py:545} INFO - Filling up the DagBag from /home/airflow/.local/lib/python3.12/site-packages/airflow/example_dags/tutorial.py
[2025-11-25T16:05:46.332+0000] {processor.py:840} INFO - DAG(s) 'tutorial' retrieved from /home/airflow/.local/lib/python3.12/site-packages/airflow/example_dags/tutorial.py
[2025-11-25T16:05:46.341+0000] {logging_mixin.py:188} INFO - [2025-11-25T16:05:46.340+0000] {dag.py:3096} INFO - Sync 1 DAGs
[2025-11-25T16:05:46.349+0000] {logging_mixin.py:188} INFO - [2025-11-25T16:05:46.349+0000] {dag.py:3954} INFO - Setting next_dagrun for tutorial to 2025-11-24 00:00:00+00:00, run_after=2025-11-25 00:00:00+00:00
[2025-11-25T16:05:46.362+0000] {processor.py:183} INFO - Processing /home/airflow/.local/lib/python3.12/site-packages/airflow/example_dags/tutorial.py took 0.039 seconds
[2025-11-25T16:06:17.216+0000] {processor.py:161} INFO - Started process (PID=8892) to work on /home/airflow/.local/lib/python3.12/site-packages/airflow/example_dags/tutorial.py
[2025-11-25T16:06:17.217+0000] {processor.py:830} INFO - Processing file /home/airflow/.local/lib/python3.12/site-packages/airflow/example_dags/tutorial.py for tasks to queue
[2025-11-25T16:06:17.218+0000] {logging_mixin.py:188} INFO - [2025-11-25T16:06:17.218+0000] {dagbag.py:545} INFO - Filling up the DagBag from /home/airflow/.local/lib/python3.12/site-packages/airflow/example_dags/tutorial.py
[2025-11-25T16:06:17.222+0000] {processor.py:840} INFO - DAG(s) 'tutorial' retrieved from /home/airflow/.local/lib/python3.12/site-packages/airflow/example_dags/tutorial.py
[2025-11-25T16:06:17.231+0000] {logging_mixin.py:188} INFO - [2025-11-25T16:06:17.231+0000] {dag.py:3096} INFO - Sync 1 DAGs
[2025-11-25T16:06:17.239+0000] {logging_mixin.py:188} INFO - [2025-11-25T16:06:17.239+0000] {dag.py:3954} INFO - Setting next_dagrun for tutorial to 2025-11-24 00:00:00+00:00, run_after=2025-11-25 00:00:00+00:00
[2025-11-25T16:06:17.248+0000] {processor.py:183} INFO - Processing /home/airflow/.local/lib/python3.12/site-packages/airflow/example_dags/tutorial.py took 0.034 seconds
[2025-11-25T16:06:48.284+0000] {processor.py:161} INFO - Started process (PID=8950) to work on /home/airflow/.local/lib/python3.12/site-packages/airflow/example_dags/tutorial.py
[2025-11-25T16:06:48.285+0000] {processor.py:830} INFO - Processing file /home/airflow/.local/lib/python3.12/site-packages/airflow/example_dags/tutorial.py for tasks to queue
[2025-11-25T16:06:48.287+0000] {logging_mixin.py:188} INFO - [2025-11-25T16:06:48.287+0000] {dagbag.py:545} INFO - Filling up the DagBag from /home/airflow/.local/lib/python3.12/site-packages/airflow/example_dags/tutorial.py
[2025-11-25T16:06:48.290+0000] {processor.py:840} INFO - DAG(s) 'tutorial' retrieved from /home/airflow/.local/lib/python3.12/site-packages/airflow/example_dags/tutorial.py
[2025-11-25T16:06:48.299+0000] {logging_mixin.py:188} INFO - [2025-11-25T16:06:48.299+0000] {dag.py:3096} INFO - Sync 1 DAGs
[2025-11-25T16:06:48.309+0000] {logging_mixin.py:188} INFO - [2025-11-25T16:06:48.308+0000] {dag.py:3954} INFO - Setting next_dagrun for tutorial to 2025-11-24 00:00:00+00:00, run_after=2025-11-25 00:00:00+00:00
[2025-11-25T16:06:48.321+0000] {processor.py:183} INFO - Processing /home/airflow/.local/lib/python3.12/site-packages/airflow/example_dags/tutorial.py took 0.040 seconds
[2025-11-25T16:07:19.143+0000] {processor.py:161} INFO - Started process (PID=9008) to work on /home/airflow/.local/lib/python3.12/site-packages/airflow/example_dags/tutorial.py
[2025-11-25T16:07:19.144+0000] {processor.py:830} INFO - Processing file /home/airflow/.local/lib/python3.12/site-packages/airflow/example_dags/tutorial.py for tasks to queue
[2025-11-25T16:07:19.144+0000] {logging_mixin.py:188} INFO - [2025-11-25T16:07:19.144+0000] {dagbag.py:545} INFO - Filling up the DagBag from /home/airflow/.local/lib/python3.12/site-packages/airflow/example_dags/tutorial.py
[2025-11-25T16:07:19.147+0000] {processor.py:840} INFO - DAG(s) 'tutorial' retrieved from /home/airflow/.local/lib/python3.12/site-packages/airflow/example_dags/tutorial.py
[2025-11-25T16:07:19.153+0000] {logging_mixin.py:188} INFO - [2025-11-25T16:07:19.153+0000] {dag.py:3096} INFO - Sync 1 DAGs
[2025-11-25T16:07:19.160+0000] {logging_mixin.py:188} INFO - [2025-11-25T16:07:19.160+0000] {dag.py:3954} INFO - Setting next_dagrun for tutorial to 2025-11-24 00:00:00+00:00, run_after=2025-11-25 00:00:00+00:00
[2025-11-25T16:07:19.166+0000] {processor.py:183} INFO - Processing /home/airflow/.local/lib/python3.12/site-packages/airflow/example_dags/tutorial.py took 0.025 seconds
[2025-11-25T16:07:49.745+0000] {processor.py:161} INFO - Started process (PID=9066) to work on /home/airflow/.local/lib/python3.12/site-packages/airflow/example_dags/tutorial.py
[2025-11-25T16:07:49.745+0000] {processor.py:830} INFO - Processing file /home/airflow/.local/lib/python3.12/site-packages/airflow/example_dags/tutorial.py for tasks to queue
[2025-11-25T16:07:49.746+0000] {logging_mixin.py:188} INFO - [2025-11-25T16:07:49.746+0000] {dagbag.py:545} INFO - Filling up the DagBag from /home/airflow/.local/lib/python3.12/site-packages/airflow/example_dags/tutorial.py
[2025-11-25T16:07:49.748+0000] {processor.py:840} INFO - DAG(s) 'tutorial' retrieved from /home/airflow/.local/lib/python3.12/site-packages/airflow/example_dags/tutorial.py
[2025-11-25T16:07:49.756+0000] {logging_mixin.py:188} INFO - [2025-11-25T16:07:49.756+0000] {dag.py:3096} INFO - Sync 1 DAGs
[2025-11-25T16:07:49.764+0000] {logging_mixin.py:188} INFO - [2025-11-25T16:07:49.764+0000] {dag.py:3954} INFO - Setting next_dagrun for tutorial to 2025-11-24 00:00:00+00:00, run_after=2025-11-25 00:00:00+00:00
[2025-11-25T16:07:49.770+0000] {processor.py:183} INFO - Processing /home/airflow/.local/lib/python3.12/site-packages/airflow/example_dags/tutorial.py took 0.028 seconds
[2025-11-25T16:08:20.351+0000] {processor.py:161} INFO - Started process (PID=9124) to work on /home/airflow/.local/lib/python3.12/site-packages/airflow/example_dags/tutorial.py
[2025-11-25T16:08:20.353+0000] {processor.py:830} INFO - Processing file /home/airflow/.local/lib/python3.12/site-packages/airflow/example_dags/tutorial.py for tasks to queue
[2025-11-25T16:08:20.354+0000] {logging_mixin.py:188} INFO - [2025-11-25T16:08:20.354+0000] {dagbag.py:545} INFO - Filling up the DagBag from /home/airflow/.local/lib/python3.12/site-packages/airflow/example_dags/tutorial.py
[2025-11-25T16:08:20.357+0000] {processor.py:840} INFO - DAG(s) 'tutorial' retrieved from /home/airflow/.local/lib/python3.12/site-packages/airflow/example_dags/tutorial.py
[2025-11-25T16:08:20.365+0000] {logging_mixin.py:188} INFO - [2025-11-25T16:08:20.365+0000] {dag.py:3096} INFO - Sync 1 DAGs
[2025-11-25T16:08:20.373+0000] {logging_mixin.py:188} INFO - [2025-11-25T16:08:20.373+0000] {dag.py:3954} INFO - Setting next_dagrun for tutorial to 2025-11-24 00:00:00+00:00, run_after=2025-11-25 00:00:00+00:00
[2025-11-25T16:08:20.381+0000] {processor.py:183} INFO - Processing /home/airflow/.local/lib/python3.12/site-packages/airflow/example_dags/tutorial.py took 0.033 seconds
[2025-11-25T16:08:51.145+0000] {processor.py:161} INFO - Started process (PID=9182) to work on /home/airflow/.local/lib/python3.12/site-packages/airflow/example_dags/tutorial.py
[2025-11-25T16:08:51.146+0000] {processor.py:830} INFO - Processing file /home/airflow/.local/lib/python3.12/site-packages/airflow/example_dags/tutorial.py for tasks to queue
[2025-11-25T16:08:51.147+0000] {logging_mixin.py:188} INFO - [2025-11-25T16:08:51.147+0000] {dagbag.py:545} INFO - Filling up the DagBag from /home/airflow/.local/lib/python3.12/site-packages/airflow/example_dags/tutorial.py
[2025-11-25T16:08:51.149+0000] {processor.py:840} INFO - DAG(s) 'tutorial' retrieved from /home/airflow/.local/lib/python3.12/site-packages/airflow/example_dags/tutorial.py
[2025-11-25T16:08:51.159+0000] {logging_mixin.py:188} INFO - [2025-11-25T16:08:51.159+0000] {dag.py:3096} INFO - Sync 1 DAGs
[2025-11-25T16:08:51.169+0000] {logging_mixin.py:188} INFO - [2025-11-25T16:08:51.169+0000] {dag.py:3954} INFO - Setting next_dagrun for tutorial to 2025-11-24 00:00:00+00:00, run_after=2025-11-25 00:00:00+00:00
[2025-11-25T16:08:51.179+0000] {processor.py:183} INFO - Processing /home/airflow/.local/lib/python3.12/site-packages/airflow/example_dags/tutorial.py took 0.036 seconds
[2025-11-25T16:09:21.895+0000] {processor.py:161} INFO - Started process (PID=9240) to work on /home/airflow/.local/lib/python3.12/site-packages/airflow/example_dags/tutorial.py
[2025-11-25T16:09:21.896+0000] {processor.py:830} INFO - Processing file /home/airflow/.local/lib/python3.12/site-packages/airflow/example_dags/tutorial.py for tasks to queue
[2025-11-25T16:09:21.897+0000] {logging_mixin.py:188} INFO - [2025-11-25T16:09:21.896+0000] {dagbag.py:545} INFO - Filling up the DagBag from /home/airflow/.local/lib/python3.12/site-packages/airflow/example_dags/tutorial.py
[2025-11-25T16:09:21.899+0000] {processor.py:840} INFO - DAG(s) 'tutorial' retrieved from /home/airflow/.local/lib/python3.12/site-packages/airflow/example_dags/tutorial.py
[2025-11-25T16:09:21.909+0000] {logging_mixin.py:188} INFO - [2025-11-25T16:09:21.909+0000] {dag.py:3096} INFO - Sync 1 DAGs
[2025-11-25T16:09:21.918+0000] {logging_mixin.py:188} INFO - [2025-11-25T16:09:21.918+0000] {dag.py:3954} INFO - Setting next_dagrun for tutorial to 2025-11-24 00:00:00+00:00, run_after=2025-11-25 00:00:00+00:00
[2025-11-25T16:09:21.926+0000] {processor.py:183} INFO - Processing /home/airflow/.local/lib/python3.12/site-packages/airflow/example_dags/tutorial.py took 0.034 seconds
[2025-11-25T16:09:52.598+0000] {processor.py:161} INFO - Started process (PID=9298) to work on /home/airflow/.local/lib/python3.12/site-packages/airflow/example_dags/tutorial.py
[2025-11-25T16:09:52.598+0000] {processor.py:830} INFO - Processing file /home/airflow/.local/lib/python3.12/site-packages/airflow/example_dags/tutorial.py for tasks to queue
[2025-11-25T16:09:52.599+0000] {logging_mixin.py:188} INFO - [2025-11-25T16:09:52.599+0000] {dagbag.py:545} INFO - Filling up the DagBag from /home/airflow/.local/lib/python3.12/site-packages/airflow/example_dags/tutorial.py
[2025-11-25T16:09:52.601+0000] {processor.py:840} INFO - DAG(s) 'tutorial' retrieved from /home/airflow/.local/lib/python3.12/site-packages/airflow/example_dags/tutorial.py
[2025-11-25T16:09:52.609+0000] {logging_mixin.py:188} INFO - [2025-11-25T16:09:52.609+0000] {dag.py:3096} INFO - Sync 1 DAGs
[2025-11-25T16:09:52.617+0000] {logging_mixin.py:188} INFO - [2025-11-25T16:09:52.617+0000] {dag.py:3954} INFO - Setting next_dagrun for tutorial to 2025-11-24 00:00:00+00:00, run_after=2025-11-25 00:00:00+00:00
[2025-11-25T16:09:52.628+0000] {processor.py:183} INFO - Processing /home/airflow/.local/lib/python3.12/site-packages/airflow/example_dags/tutorial.py took 0.032 seconds
[2025-11-25T16:10:23.319+0000] {processor.py:161} INFO - Started process (PID=9356) to work on /home/airflow/.local/lib/python3.12/site-packages/airflow/example_dags/tutorial.py
[2025-11-25T16:10:23.321+0000] {processor.py:830} INFO - Processing file /home/airflow/.local/lib/python3.12/site-packages/airflow/example_dags/tutorial.py for tasks to queue
[2025-11-25T16:10:23.321+0000] {logging_mixin.py:188} INFO - [2025-11-25T16:10:23.321+0000] {dagbag.py:545} INFO - Filling up the DagBag from /home/airflow/.local/lib/python3.12/site-packages/airflow/example_dags/tutorial.py
[2025-11-25T16:10:23.324+0000] {processor.py:840} INFO - DAG(s) 'tutorial' retrieved from /home/airflow/.local/lib/python3.12/site-packages/airflow/example_dags/tutorial.py
[2025-11-25T16:10:23.332+0000] {logging_mixin.py:188} INFO - [2025-11-25T16:10:23.332+0000] {dag.py:3096} INFO - Sync 1 DAGs
[2025-11-25T16:10:23.343+0000] {logging_mixin.py:188} INFO - [2025-11-25T16:10:23.343+0000] {dag.py:3954} INFO - Setting next_dagrun for tutorial to 2025-11-24 00:00:00+00:00, run_after=2025-11-25 00:00:00+00:00
[2025-11-25T16:10:23.352+0000] {processor.py:183} INFO - Processing /home/airflow/.local/lib/python3.12/site-packages/airflow/example_dags/tutorial.py took 0.035 seconds
[2025-11-25T16:10:53.976+0000] {processor.py:161} INFO - Started process (PID=9414) to work on /home/airflow/.local/lib/python3.12/site-packages/airflow/example_dags/tutorial.py
[2025-11-25T16:10:53.977+0000] {processor.py:830} INFO - Processing file /home/airflow/.local/lib/python3.12/site-packages/airflow/example_dags/tutorial.py for tasks to queue
[2025-11-25T16:10:53.978+0000] {logging_mixin.py:188} INFO - [2025-11-25T16:10:53.978+0000] {dagbag.py:545} INFO - Filling up the DagBag from /home/airflow/.local/lib/python3.12/site-packages/airflow/example_dags/tutorial.py
[2025-11-25T16:10:53.982+0000] {processor.py:840} INFO - DAG(s) 'tutorial' retrieved from /home/airflow/.local/lib/python3.12/site-packages/airflow/example_dags/tutorial.py
[2025-11-25T16:10:53.989+0000] {logging_mixin.py:188} INFO - [2025-11-25T16:10:53.989+0000] {dag.py:3096} INFO - Sync 1 DAGs
[2025-11-25T16:10:53.997+0000] {logging_mixin.py:188} INFO - [2025-11-25T16:10:53.997+0000] {dag.py:3954} INFO - Setting next_dagrun for tutorial to 2025-11-24 00:00:00+00:00, run_after=2025-11-25 00:00:00+00:00
[2025-11-25T16:10:54.003+0000] {processor.py:183} INFO - Processing /home/airflow/.local/lib/python3.12/site-packages/airflow/example_dags/tutorial.py took 0.030 seconds
[2025-11-25T16:11:24.678+0000] {processor.py:161} INFO - Started process (PID=9472) to work on /home/airflow/.local/lib/python3.12/site-packages/airflow/example_dags/tutorial.py
[2025-11-25T16:11:24.678+0000] {processor.py:830} INFO - Processing file /home/airflow/.local/lib/python3.12/site-packages/airflow/example_dags/tutorial.py for tasks to queue
[2025-11-25T16:11:24.679+0000] {logging_mixin.py:188} INFO - [2025-11-25T16:11:24.679+0000] {dagbag.py:545} INFO - Filling up the DagBag from /home/airflow/.local/lib/python3.12/site-packages/airflow/example_dags/tutorial.py
[2025-11-25T16:11:24.681+0000] {processor.py:840} INFO - DAG(s) 'tutorial' retrieved from /home/airflow/.local/lib/python3.12/site-packages/airflow/example_dags/tutorial.py
[2025-11-25T16:11:24.691+0000] {logging_mixin.py:188} INFO - [2025-11-25T16:11:24.691+0000] {dag.py:3096} INFO - Sync 1 DAGs
[2025-11-25T16:11:24.699+0000] {logging_mixin.py:188} INFO - [2025-11-25T16:11:24.699+0000] {dag.py:3954} INFO - Setting next_dagrun for tutorial to 2025-11-24 00:00:00+00:00, run_after=2025-11-25 00:00:00+00:00
[2025-11-25T16:11:24.707+0000] {processor.py:183} INFO - Processing /home/airflow/.local/lib/python3.12/site-packages/airflow/example_dags/tutorial.py took 0.031 seconds
[2025-11-25T16:11:55.325+0000] {processor.py:161} INFO - Started process (PID=9530) to work on /home/airflow/.local/lib/python3.12/site-packages/airflow/example_dags/tutorial.py
[2025-11-25T16:11:55.328+0000] {processor.py:830} INFO - Processing file /home/airflow/.local/lib/python3.12/site-packages/airflow/example_dags/tutorial.py for tasks to queue
[2025-11-25T16:11:55.328+0000] {logging_mixin.py:188} INFO - [2025-11-25T16:11:55.328+0000] {dagbag.py:545} INFO - Filling up the DagBag from /home/airflow/.local/lib/python3.12/site-packages/airflow/example_dags/tutorial.py
[2025-11-25T16:11:55.331+0000] {processor.py:840} INFO - DAG(s) 'tutorial' retrieved from /home/airflow/.local/lib/python3.12/site-packages/airflow/example_dags/tutorial.py
[2025-11-25T16:11:55.339+0000] {logging_mixin.py:188} INFO - [2025-11-25T16:11:55.339+0000] {dag.py:3096} INFO - Sync 1 DAGs
[2025-11-25T16:11:55.348+0000] {logging_mixin.py:188} INFO - [2025-11-25T16:11:55.348+0000] {dag.py:3954} INFO - Setting next_dagrun for tutorial to 2025-11-24 00:00:00+00:00, run_after=2025-11-25 00:00:00+00:00
[2025-11-25T16:11:55.358+0000] {processor.py:183} INFO - Processing /home/airflow/.local/lib/python3.12/site-packages/airflow/example_dags/tutorial.py took 0.035 seconds
[2025-11-25T16:12:26.153+0000] {processor.py:161} INFO - Started process (PID=9588) to work on /home/airflow/.local/lib/python3.12/site-packages/airflow/example_dags/tutorial.py
[2025-11-25T16:12:26.154+0000] {processor.py:830} INFO - Processing file /home/airflow/.local/lib/python3.12/site-packages/airflow/example_dags/tutorial.py for tasks to queue
[2025-11-25T16:12:26.155+0000] {logging_mixin.py:188} INFO - [2025-11-25T16:12:26.155+0000] {dagbag.py:545} INFO - Filling up the DagBag from /home/airflow/.local/lib/python3.12/site-packages/airflow/example_dags/tutorial.py
[2025-11-25T16:12:26.157+0000] {processor.py:840} INFO - DAG(s) 'tutorial' retrieved from /home/airflow/.local/lib/python3.12/site-packages/airflow/example_dags/tutorial.py
[2025-11-25T16:12:26.166+0000] {logging_mixin.py:188} INFO - [2025-11-25T16:12:26.166+0000] {dag.py:3096} INFO - Sync 1 DAGs
[2025-11-25T16:12:26.174+0000] {logging_mixin.py:188} INFO - [2025-11-25T16:12:26.174+0000] {dag.py:3954} INFO - Setting next_dagrun for tutorial to 2025-11-24 00:00:00+00:00, run_after=2025-11-25 00:00:00+00:00
[2025-11-25T16:12:26.181+0000] {processor.py:183} INFO - Processing /home/airflow/.local/lib/python3.12/site-packages/airflow/example_dags/tutorial.py took 0.030 seconds
[2025-11-25T16:12:56.836+0000] {processor.py:161} INFO - Started process (PID=9646) to work on /home/airflow/.local/lib/python3.12/site-packages/airflow/example_dags/tutorial.py
[2025-11-25T16:12:56.837+0000] {processor.py:830} INFO - Processing file /home/airflow/.local/lib/python3.12/site-packages/airflow/example_dags/tutorial.py for tasks to queue
[2025-11-25T16:12:56.838+0000] {logging_mixin.py:188} INFO - [2025-11-25T16:12:56.838+0000] {dagbag.py:545} INFO - Filling up the DagBag from /home/airflow/.local/lib/python3.12/site-packages/airflow/example_dags/tutorial.py
[2025-11-25T16:12:56.840+0000] {processor.py:840} INFO - DAG(s) 'tutorial' retrieved from /home/airflow/.local/lib/python3.12/site-packages/airflow/example_dags/tutorial.py
[2025-11-25T16:12:56.850+0000] {logging_mixin.py:188} INFO - [2025-11-25T16:12:56.850+0000] {dag.py:3096} INFO - Sync 1 DAGs
[2025-11-25T16:12:56.858+0000] {logging_mixin.py:188} INFO - [2025-11-25T16:12:56.858+0000] {dag.py:3954} INFO - Setting next_dagrun for tutorial to 2025-11-24 00:00:00+00:00, run_after=2025-11-25 00:00:00+00:00
[2025-11-25T16:12:56.873+0000] {processor.py:183} INFO - Processing /home/airflow/.local/lib/python3.12/site-packages/airflow/example_dags/tutorial.py took 0.039 seconds
[2025-11-25T16:13:27.529+0000] {processor.py:161} INFO - Started process (PID=9704) to work on /home/airflow/.local/lib/python3.12/site-packages/airflow/example_dags/tutorial.py
[2025-11-25T16:13:27.530+0000] {processor.py:830} INFO - Processing file /home/airflow/.local/lib/python3.12/site-packages/airflow/example_dags/tutorial.py for tasks to queue
[2025-11-25T16:13:27.530+0000] {logging_mixin.py:188} INFO - [2025-11-25T16:13:27.530+0000] {dagbag.py:545} INFO - Filling up the DagBag from /home/airflow/.local/lib/python3.12/site-packages/airflow/example_dags/tutorial.py
[2025-11-25T16:13:27.533+0000] {processor.py:840} INFO - DAG(s) 'tutorial' retrieved from /home/airflow/.local/lib/python3.12/site-packages/airflow/example_dags/tutorial.py
[2025-11-25T16:13:27.541+0000] {logging_mixin.py:188} INFO - [2025-11-25T16:13:27.541+0000] {dag.py:3096} INFO - Sync 1 DAGs
[2025-11-25T16:13:27.550+0000] {logging_mixin.py:188} INFO - [2025-11-25T16:13:27.550+0000] {dag.py:3954} INFO - Setting next_dagrun for tutorial to 2025-11-24 00:00:00+00:00, run_after=2025-11-25 00:00:00+00:00
[2025-11-25T16:13:27.556+0000] {processor.py:183} INFO - Processing /home/airflow/.local/lib/python3.12/site-packages/airflow/example_dags/tutorial.py took 0.029 seconds
[2025-11-25T16:13:58.262+0000] {processor.py:161} INFO - Started process (PID=9762) to work on /home/airflow/.local/lib/python3.12/site-packages/airflow/example_dags/tutorial.py
[2025-11-25T16:13:58.263+0000] {processor.py:830} INFO - Processing file /home/airflow/.local/lib/python3.12/site-packages/airflow/example_dags/tutorial.py for tasks to queue
[2025-11-25T16:13:58.264+0000] {logging_mixin.py:188} INFO - [2025-11-25T16:13:58.264+0000] {dagbag.py:545} INFO - Filling up the DagBag from /home/airflow/.local/lib/python3.12/site-packages/airflow/example_dags/tutorial.py
[2025-11-25T16:13:58.267+0000] {processor.py:840} INFO - DAG(s) 'tutorial' retrieved from /home/airflow/.local/lib/python3.12/site-packages/airflow/example_dags/tutorial.py
[2025-11-25T16:13:58.278+0000] {logging_mixin.py:188} INFO - [2025-11-25T16:13:58.278+0000] {dag.py:3096} INFO - Sync 1 DAGs
[2025-11-25T16:13:58.287+0000] {logging_mixin.py:188} INFO - [2025-11-25T16:13:58.287+0000] {dag.py:3954} INFO - Setting next_dagrun for tutorial to 2025-11-24 00:00:00+00:00, run_after=2025-11-25 00:00:00+00:00
[2025-11-25T16:13:58.297+0000] {processor.py:183} INFO - Processing /home/airflow/.local/lib/python3.12/site-packages/airflow/example_dags/tutorial.py took 0.039 seconds
[2025-11-25T16:14:28.923+0000] {processor.py:161} INFO - Started process (PID=9820) to work on /home/airflow/.local/lib/python3.12/site-packages/airflow/example_dags/tutorial.py
[2025-11-25T16:14:28.924+0000] {processor.py:830} INFO - Processing file /home/airflow/.local/lib/python3.12/site-packages/airflow/example_dags/tutorial.py for tasks to queue
[2025-11-25T16:14:28.925+0000] {logging_mixin.py:188} INFO - [2025-11-25T16:14:28.925+0000] {dagbag.py:545} INFO - Filling up the DagBag from /home/airflow/.local/lib/python3.12/site-packages/airflow/example_dags/tutorial.py
[2025-11-25T16:14:28.928+0000] {processor.py:840} INFO - DAG(s) 'tutorial' retrieved from /home/airflow/.local/lib/python3.12/site-packages/airflow/example_dags/tutorial.py
[2025-11-25T16:14:28.937+0000] {logging_mixin.py:188} INFO - [2025-11-25T16:14:28.937+0000] {dag.py:3096} INFO - Sync 1 DAGs
[2025-11-25T16:14:28.946+0000] {logging_mixin.py:188} INFO - [2025-11-25T16:14:28.946+0000] {dag.py:3954} INFO - Setting next_dagrun for tutorial to 2025-11-24 00:00:00+00:00, run_after=2025-11-25 00:00:00+00:00
[2025-11-25T16:14:28.953+0000] {processor.py:183} INFO - Processing /home/airflow/.local/lib/python3.12/site-packages/airflow/example_dags/tutorial.py took 0.033 seconds
[2025-11-25T16:14:59.749+0000] {processor.py:161} INFO - Started process (PID=9878) to work on /home/airflow/.local/lib/python3.12/site-packages/airflow/example_dags/tutorial.py
[2025-11-25T16:14:59.750+0000] {processor.py:830} INFO - Processing file /home/airflow/.local/lib/python3.12/site-packages/airflow/example_dags/tutorial.py for tasks to queue
[2025-11-25T16:14:59.752+0000] {logging_mixin.py:188} INFO - [2025-11-25T16:14:59.752+0000] {dagbag.py:545} INFO - Filling up the DagBag from /home/airflow/.local/lib/python3.12/site-packages/airflow/example_dags/tutorial.py
[2025-11-25T16:14:59.754+0000] {processor.py:840} INFO - DAG(s) 'tutorial' retrieved from /home/airflow/.local/lib/python3.12/site-packages/airflow/example_dags/tutorial.py
[2025-11-25T16:14:59.764+0000] {logging_mixin.py:188} INFO - [2025-11-25T16:14:59.764+0000] {dag.py:3096} INFO - Sync 1 DAGs
[2025-11-25T16:14:59.777+0000] {logging_mixin.py:188} INFO - [2025-11-25T16:14:59.777+0000] {dag.py:3954} INFO - Setting next_dagrun for tutorial to 2025-11-24 00:00:00+00:00, run_after=2025-11-25 00:00:00+00:00
[2025-11-25T16:14:59.788+0000] {processor.py:183} INFO - Processing /home/airflow/.local/lib/python3.12/site-packages/airflow/example_dags/tutorial.py took 0.042 seconds
[2025-11-25T16:15:29.915+0000] {processor.py:161} INFO - Started process (PID=9936) to work on /home/airflow/.local/lib/python3.12/site-packages/airflow/example_dags/tutorial.py
[2025-11-25T16:15:29.916+0000] {processor.py:830} INFO - Processing file /home/airflow/.local/lib/python3.12/site-packages/airflow/example_dags/tutorial.py for tasks to queue
[2025-11-25T16:15:29.916+0000] {logging_mixin.py:188} INFO - [2025-11-25T16:15:29.916+0000] {dagbag.py:545} INFO - Filling up the DagBag from /home/airflow/.local/lib/python3.12/site-packages/airflow/example_dags/tutorial.py
[2025-11-25T16:15:29.919+0000] {processor.py:840} INFO - DAG(s) 'tutorial' retrieved from /home/airflow/.local/lib/python3.12/site-packages/airflow/example_dags/tutorial.py
[2025-11-25T16:15:29.926+0000] {logging_mixin.py:188} INFO - [2025-11-25T16:15:29.926+0000] {dag.py:3096} INFO - Sync 1 DAGs
[2025-11-25T16:15:29.933+0000] {logging_mixin.py:188} INFO - [2025-11-25T16:15:29.933+0000] {dag.py:3954} INFO - Setting next_dagrun for tutorial to 2025-11-24 00:00:00+00:00, run_after=2025-11-25 00:00:00+00:00
[2025-11-25T16:15:29.939+0000] {processor.py:183} INFO - Processing /home/airflow/.local/lib/python3.12/site-packages/airflow/example_dags/tutorial.py took 0.026 seconds
[2025-11-25T16:16:00.583+0000] {processor.py:161} INFO - Started process (PID=9994) to work on /home/airflow/.local/lib/python3.12/site-packages/airflow/example_dags/tutorial.py
[2025-11-25T16:16:00.583+0000] {processor.py:830} INFO - Processing file /home/airflow/.local/lib/python3.12/site-packages/airflow/example_dags/tutorial.py for tasks to queue
[2025-11-25T16:16:00.585+0000] {logging_mixin.py:188} INFO - [2025-11-25T16:16:00.585+0000] {dagbag.py:545} INFO - Filling up the DagBag from /home/airflow/.local/lib/python3.12/site-packages/airflow/example_dags/tutorial.py
[2025-11-25T16:16:00.587+0000] {processor.py:840} INFO - DAG(s) 'tutorial' retrieved from /home/airflow/.local/lib/python3.12/site-packages/airflow/example_dags/tutorial.py
[2025-11-25T16:16:00.595+0000] {logging_mixin.py:188} INFO - [2025-11-25T16:16:00.595+0000] {dag.py:3096} INFO - Sync 1 DAGs
[2025-11-25T16:16:00.604+0000] {logging_mixin.py:188} INFO - [2025-11-25T16:16:00.604+0000] {dag.py:3954} INFO - Setting next_dagrun for tutorial to 2025-11-24 00:00:00+00:00, run_after=2025-11-25 00:00:00+00:00
[2025-11-25T16:16:00.611+0000] {processor.py:183} INFO - Processing /home/airflow/.local/lib/python3.12/site-packages/airflow/example_dags/tutorial.py took 0.031 seconds
[2025-11-25T16:16:31.191+0000] {processor.py:161} INFO - Started process (PID=10052) to work on /home/airflow/.local/lib/python3.12/site-packages/airflow/example_dags/tutorial.py
[2025-11-25T16:16:31.192+0000] {processor.py:830} INFO - Processing file /home/airflow/.local/lib/python3.12/site-packages/airflow/example_dags/tutorial.py for tasks to queue
[2025-11-25T16:16:31.194+0000] {logging_mixin.py:188} INFO - [2025-11-25T16:16:31.194+0000] {dagbag.py:545} INFO - Filling up the DagBag from /home/airflow/.local/lib/python3.12/site-packages/airflow/example_dags/tutorial.py
[2025-11-25T16:16:31.198+0000] {processor.py:840} INFO - DAG(s) 'tutorial' retrieved from /home/airflow/.local/lib/python3.12/site-packages/airflow/example_dags/tutorial.py
[2025-11-25T16:16:31.208+0000] {logging_mixin.py:188} INFO - [2025-11-25T16:16:31.208+0000] {dag.py:3096} INFO - Sync 1 DAGs
[2025-11-25T16:16:31.225+0000] {logging_mixin.py:188} INFO - [2025-11-25T16:16:31.225+0000] {dag.py:3954} INFO - Setting next_dagrun for tutorial to 2025-11-24 00:00:00+00:00, run_after=2025-11-25 00:00:00+00:00
[2025-11-25T16:16:31.233+0000] {processor.py:183} INFO - Processing /home/airflow/.local/lib/python3.12/site-packages/airflow/example_dags/tutorial.py took 0.045 seconds
[2025-11-25T16:17:02.117+0000] {processor.py:161} INFO - Started process (PID=10110) to work on /home/airflow/.local/lib/python3.12/site-packages/airflow/example_dags/tutorial.py
[2025-11-25T16:17:02.120+0000] {processor.py:830} INFO - Processing file /home/airflow/.local/lib/python3.12/site-packages/airflow/example_dags/tutorial.py for tasks to queue
[2025-11-25T16:17:02.122+0000] {logging_mixin.py:188} INFO - [2025-11-25T16:17:02.121+0000] {dagbag.py:545} INFO - Filling up the DagBag from /home/airflow/.local/lib/python3.12/site-packages/airflow/example_dags/tutorial.py
[2025-11-25T16:17:02.125+0000] {processor.py:840} INFO - DAG(s) 'tutorial' retrieved from /home/airflow/.local/lib/python3.12/site-packages/airflow/example_dags/tutorial.py
[2025-11-25T16:17:02.141+0000] {logging_mixin.py:188} INFO - [2025-11-25T16:17:02.141+0000] {dag.py:3096} INFO - Sync 1 DAGs
[2025-11-25T16:17:02.160+0000] {logging_mixin.py:188} INFO - [2025-11-25T16:17:02.160+0000] {dag.py:3954} INFO - Setting next_dagrun for tutorial to 2025-11-24 00:00:00+00:00, run_after=2025-11-25 00:00:00+00:00
[2025-11-25T16:17:02.170+0000] {processor.py:183} INFO - Processing /home/airflow/.local/lib/python3.12/site-packages/airflow/example_dags/tutorial.py took 0.057 seconds
[2025-11-25T16:17:32.196+0000] {processor.py:161} INFO - Started process (PID=10168) to work on /home/airflow/.local/lib/python3.12/site-packages/airflow/example_dags/tutorial.py
[2025-11-25T16:17:32.197+0000] {processor.py:830} INFO - Processing file /home/airflow/.local/lib/python3.12/site-packages/airflow/example_dags/tutorial.py for tasks to queue
[2025-11-25T16:17:32.197+0000] {logging_mixin.py:188} INFO - [2025-11-25T16:17:32.197+0000] {dagbag.py:545} INFO - Filling up the DagBag from /home/airflow/.local/lib/python3.12/site-packages/airflow/example_dags/tutorial.py
[2025-11-25T16:17:32.200+0000] {processor.py:840} INFO - DAG(s) 'tutorial' retrieved from /home/airflow/.local/lib/python3.12/site-packages/airflow/example_dags/tutorial.py
[2025-11-25T16:17:32.208+0000] {logging_mixin.py:188} INFO - [2025-11-25T16:17:32.208+0000] {dag.py:3096} INFO - Sync 1 DAGs
[2025-11-25T16:17:32.215+0000] {logging_mixin.py:188} INFO - [2025-11-25T16:17:32.215+0000] {dag.py:3954} INFO - Setting next_dagrun for tutorial to 2025-11-24 00:00:00+00:00, run_after=2025-11-25 00:00:00+00:00
[2025-11-25T16:17:32.222+0000] {processor.py:183} INFO - Processing /home/airflow/.local/lib/python3.12/site-packages/airflow/example_dags/tutorial.py took 0.028 seconds
[2025-11-25T16:18:02.853+0000] {processor.py:161} INFO - Started process (PID=10226) to work on /home/airflow/.local/lib/python3.12/site-packages/airflow/example_dags/tutorial.py
[2025-11-25T16:18:02.853+0000] {processor.py:830} INFO - Processing file /home/airflow/.local/lib/python3.12/site-packages/airflow/example_dags/tutorial.py for tasks to queue
[2025-11-25T16:18:02.854+0000] {logging_mixin.py:188} INFO - [2025-11-25T16:18:02.854+0000] {dagbag.py:545} INFO - Filling up the DagBag from /home/airflow/.local/lib/python3.12/site-packages/airflow/example_dags/tutorial.py
[2025-11-25T16:18:02.857+0000] {processor.py:840} INFO - DAG(s) 'tutorial' retrieved from /home/airflow/.local/lib/python3.12/site-packages/airflow/example_dags/tutorial.py
[2025-11-25T16:18:02.867+0000] {logging_mixin.py:188} INFO - [2025-11-25T16:18:02.867+0000] {dag.py:3096} INFO - Sync 1 DAGs
[2025-11-25T16:18:02.875+0000] {logging_mixin.py:188} INFO - [2025-11-25T16:18:02.875+0000] {dag.py:3954} INFO - Setting next_dagrun for tutorial to 2025-11-24 00:00:00+00:00, run_after=2025-11-25 00:00:00+00:00
[2025-11-25T16:18:02.887+0000] {processor.py:183} INFO - Processing /home/airflow/.local/lib/python3.12/site-packages/airflow/example_dags/tutorial.py took 0.037 seconds
[2025-11-25T16:18:34.438+0000] {processor.py:161} INFO - Started process (PID=10284) to work on /home/airflow/.local/lib/python3.12/site-packages/airflow/example_dags/tutorial.py
[2025-11-25T16:18:34.438+0000] {processor.py:830} INFO - Processing file /home/airflow/.local/lib/python3.12/site-packages/airflow/example_dags/tutorial.py for tasks to queue
[2025-11-25T16:18:34.440+0000] {logging_mixin.py:188} INFO - [2025-11-25T16:18:34.440+0000] {dagbag.py:545} INFO - Filling up the DagBag from /home/airflow/.local/lib/python3.12/site-packages/airflow/example_dags/tutorial.py
[2025-11-25T16:18:34.444+0000] {processor.py:840} INFO - DAG(s) 'tutorial' retrieved from /home/airflow/.local/lib/python3.12/site-packages/airflow/example_dags/tutorial.py
[2025-11-25T16:18:34.453+0000] {logging_mixin.py:188} INFO - [2025-11-25T16:18:34.452+0000] {dag.py:3096} INFO - Sync 1 DAGs
[2025-11-25T16:18:34.464+0000] {logging_mixin.py:188} INFO - [2025-11-25T16:18:34.464+0000] {dag.py:3954} INFO - Setting next_dagrun for tutorial to 2025-11-24 00:00:00+00:00, run_after=2025-11-25 00:00:00+00:00
[2025-11-25T16:18:34.478+0000] {processor.py:183} INFO - Processing /home/airflow/.local/lib/python3.12/site-packages/airflow/example_dags/tutorial.py took 0.044 seconds
[2025-11-25T16:19:04.670+0000] {processor.py:161} INFO - Started process (PID=10342) to work on /home/airflow/.local/lib/python3.12/site-packages/airflow/example_dags/tutorial.py
[2025-11-25T16:19:04.671+0000] {processor.py:830} INFO - Processing file /home/airflow/.local/lib/python3.12/site-packages/airflow/example_dags/tutorial.py for tasks to queue
[2025-11-25T16:19:04.672+0000] {logging_mixin.py:188} INFO - [2025-11-25T16:19:04.672+0000] {dagbag.py:545} INFO - Filling up the DagBag from /home/airflow/.local/lib/python3.12/site-packages/airflow/example_dags/tutorial.py
[2025-11-25T16:19:04.675+0000] {processor.py:840} INFO - DAG(s) 'tutorial' retrieved from /home/airflow/.local/lib/python3.12/site-packages/airflow/example_dags/tutorial.py
[2025-11-25T16:19:04.686+0000] {logging_mixin.py:188} INFO - [2025-11-25T16:19:04.686+0000] {dag.py:3096} INFO - Sync 1 DAGs
[2025-11-25T16:19:04.698+0000] {logging_mixin.py:188} INFO - [2025-11-25T16:19:04.698+0000] {dag.py:3954} INFO - Setting next_dagrun for tutorial to 2025-11-24 00:00:00+00:00, run_after=2025-11-25 00:00:00+00:00
[2025-11-25T16:19:04.712+0000] {processor.py:183} INFO - Processing /home/airflow/.local/lib/python3.12/site-packages/airflow/example_dags/tutorial.py took 0.044 seconds
[2025-11-25T16:19:34.843+0000] {processor.py:161} INFO - Started process (PID=10400) to work on /home/airflow/.local/lib/python3.12/site-packages/airflow/example_dags/tutorial.py
[2025-11-25T16:19:34.845+0000] {processor.py:830} INFO - Processing file /home/airflow/.local/lib/python3.12/site-packages/airflow/example_dags/tutorial.py for tasks to queue
[2025-11-25T16:19:34.846+0000] {logging_mixin.py:188} INFO - [2025-11-25T16:19:34.846+0000] {dagbag.py:545} INFO - Filling up the DagBag from /home/airflow/.local/lib/python3.12/site-packages/airflow/example_dags/tutorial.py
[2025-11-25T16:19:34.849+0000] {processor.py:840} INFO - DAG(s) 'tutorial' retrieved from /home/airflow/.local/lib/python3.12/site-packages/airflow/example_dags/tutorial.py
[2025-11-25T16:19:34.859+0000] {logging_mixin.py:188} INFO - [2025-11-25T16:19:34.859+0000] {dag.py:3096} INFO - Sync 1 DAGs
[2025-11-25T16:19:34.870+0000] {logging_mixin.py:188} INFO - [2025-11-25T16:19:34.870+0000] {dag.py:3954} INFO - Setting next_dagrun for tutorial to 2025-11-24 00:00:00+00:00, run_after=2025-11-25 00:00:00+00:00
[2025-11-25T16:19:34.880+0000] {processor.py:183} INFO - Processing /home/airflow/.local/lib/python3.12/site-packages/airflow/example_dags/tutorial.py took 0.039 seconds
[2025-11-25T16:20:05.187+0000] {processor.py:161} INFO - Started process (PID=10458) to work on /home/airflow/.local/lib/python3.12/site-packages/airflow/example_dags/tutorial.py
[2025-11-25T16:20:05.188+0000] {processor.py:830} INFO - Processing file /home/airflow/.local/lib/python3.12/site-packages/airflow/example_dags/tutorial.py for tasks to queue
[2025-11-25T16:20:05.189+0000] {logging_mixin.py:188} INFO - [2025-11-25T16:20:05.189+0000] {dagbag.py:545} INFO - Filling up the DagBag from /home/airflow/.local/lib/python3.12/site-packages/airflow/example_dags/tutorial.py
[2025-11-25T16:20:05.192+0000] {processor.py:840} INFO - DAG(s) 'tutorial' retrieved from /home/airflow/.local/lib/python3.12/site-packages/airflow/example_dags/tutorial.py
[2025-11-25T16:20:05.205+0000] {logging_mixin.py:188} INFO - [2025-11-25T16:20:05.205+0000] {dag.py:3096} INFO - Sync 1 DAGs
[2025-11-25T16:20:05.217+0000] {logging_mixin.py:188} INFO - [2025-11-25T16:20:05.217+0000] {dag.py:3954} INFO - Setting next_dagrun for tutorial to 2025-11-24 00:00:00+00:00, run_after=2025-11-25 00:00:00+00:00
[2025-11-25T16:20:05.228+0000] {processor.py:183} INFO - Processing /home/airflow/.local/lib/python3.12/site-packages/airflow/example_dags/tutorial.py took 0.044 seconds
[2025-11-25T16:20:35.331+0000] {processor.py:161} INFO - Started process (PID=10516) to work on /home/airflow/.local/lib/python3.12/site-packages/airflow/example_dags/tutorial.py
[2025-11-25T16:20:35.332+0000] {processor.py:830} INFO - Processing file /home/airflow/.local/lib/python3.12/site-packages/airflow/example_dags/tutorial.py for tasks to queue
[2025-11-25T16:20:35.333+0000] {logging_mixin.py:188} INFO - [2025-11-25T16:20:35.333+0000] {dagbag.py:545} INFO - Filling up the DagBag from /home/airflow/.local/lib/python3.12/site-packages/airflow/example_dags/tutorial.py
[2025-11-25T16:20:35.335+0000] {processor.py:840} INFO - DAG(s) 'tutorial' retrieved from /home/airflow/.local/lib/python3.12/site-packages/airflow/example_dags/tutorial.py
[2025-11-25T16:20:35.345+0000] {logging_mixin.py:188} INFO - [2025-11-25T16:20:35.345+0000] {dag.py:3096} INFO - Sync 1 DAGs
[2025-11-25T16:20:35.356+0000] {logging_mixin.py:188} INFO - [2025-11-25T16:20:35.356+0000] {dag.py:3954} INFO - Setting next_dagrun for tutorial to 2025-11-24 00:00:00+00:00, run_after=2025-11-25 00:00:00+00:00
[2025-11-25T16:20:35.366+0000] {processor.py:183} INFO - Processing /home/airflow/.local/lib/python3.12/site-packages/airflow/example_dags/tutorial.py took 0.039 seconds
[2025-11-25T16:21:05.647+0000] {processor.py:161} INFO - Started process (PID=10574) to work on /home/airflow/.local/lib/python3.12/site-packages/airflow/example_dags/tutorial.py
[2025-11-25T16:21:05.648+0000] {processor.py:830} INFO - Processing file /home/airflow/.local/lib/python3.12/site-packages/airflow/example_dags/tutorial.py for tasks to queue
[2025-11-25T16:21:05.649+0000] {logging_mixin.py:188} INFO - [2025-11-25T16:21:05.648+0000] {dagbag.py:545} INFO - Filling up the DagBag from /home/airflow/.local/lib/python3.12/site-packages/airflow/example_dags/tutorial.py
[2025-11-25T16:21:05.651+0000] {processor.py:840} INFO - DAG(s) 'tutorial' retrieved from /home/airflow/.local/lib/python3.12/site-packages/airflow/example_dags/tutorial.py
[2025-11-25T16:21:05.659+0000] {logging_mixin.py:188} INFO - [2025-11-25T16:21:05.659+0000] {dag.py:3096} INFO - Sync 1 DAGs
[2025-11-25T16:21:05.671+0000] {logging_mixin.py:188} INFO - [2025-11-25T16:21:05.671+0000] {dag.py:3954} INFO - Setting next_dagrun for tutorial to 2025-11-24 00:00:00+00:00, run_after=2025-11-25 00:00:00+00:00
[2025-11-25T16:21:05.684+0000] {processor.py:183} INFO - Processing /home/airflow/.local/lib/python3.12/site-packages/airflow/example_dags/tutorial.py took 0.041 seconds
[2025-11-25T16:21:36.520+0000] {processor.py:161} INFO - Started process (PID=10632) to work on /home/airflow/.local/lib/python3.12/site-packages/airflow/example_dags/tutorial.py
[2025-11-25T16:21:36.520+0000] {processor.py:830} INFO - Processing file /home/airflow/.local/lib/python3.12/site-packages/airflow/example_dags/tutorial.py for tasks to queue
[2025-11-25T16:21:36.521+0000] {logging_mixin.py:188} INFO - [2025-11-25T16:21:36.521+0000] {dagbag.py:545} INFO - Filling up the DagBag from /home/airflow/.local/lib/python3.12/site-packages/airflow/example_dags/tutorial.py
[2025-11-25T16:21:36.524+0000] {processor.py:840} INFO - DAG(s) 'tutorial' retrieved from /home/airflow/.local/lib/python3.12/site-packages/airflow/example_dags/tutorial.py
[2025-11-25T16:21:36.534+0000] {logging_mixin.py:188} INFO - [2025-11-25T16:21:36.534+0000] {dag.py:3096} INFO - Sync 1 DAGs
[2025-11-25T16:21:36.548+0000] {logging_mixin.py:188} INFO - [2025-11-25T16:21:36.548+0000] {dag.py:3954} INFO - Setting next_dagrun for tutorial to 2025-11-24 00:00:00+00:00, run_after=2025-11-25 00:00:00+00:00
[2025-11-25T16:21:36.560+0000] {processor.py:183} INFO - Processing /home/airflow/.local/lib/python3.12/site-packages/airflow/example_dags/tutorial.py took 0.043 seconds
[2025-11-25T16:22:07.309+0000] {processor.py:161} INFO - Started process (PID=10690) to work on /home/airflow/.local/lib/python3.12/site-packages/airflow/example_dags/tutorial.py
[2025-11-25T16:22:07.311+0000] {processor.py:830} INFO - Processing file /home/airflow/.local/lib/python3.12/site-packages/airflow/example_dags/tutorial.py for tasks to queue
[2025-11-25T16:22:07.315+0000] {logging_mixin.py:188} INFO - [2025-11-25T16:22:07.314+0000] {dagbag.py:545} INFO - Filling up the DagBag from /home/airflow/.local/lib/python3.12/site-packages/airflow/example_dags/tutorial.py
[2025-11-25T16:22:07.321+0000] {processor.py:840} INFO - DAG(s) 'tutorial' retrieved from /home/airflow/.local/lib/python3.12/site-packages/airflow/example_dags/tutorial.py
[2025-11-25T16:22:07.341+0000] {logging_mixin.py:188} INFO - [2025-11-25T16:22:07.341+0000] {dag.py:3096} INFO - Sync 1 DAGs
[2025-11-25T16:22:07.355+0000] {logging_mixin.py:188} INFO - [2025-11-25T16:22:07.355+0000] {dag.py:3954} INFO - Setting next_dagrun for tutorial to 2025-11-24 00:00:00+00:00, run_after=2025-11-25 00:00:00+00:00
[2025-11-25T16:22:07.372+0000] {processor.py:183} INFO - Processing /home/airflow/.local/lib/python3.12/site-packages/airflow/example_dags/tutorial.py took 0.074 seconds
[2025-11-25T16:22:37.426+0000] {processor.py:161} INFO - Started process (PID=10748) to work on /home/airflow/.local/lib/python3.12/site-packages/airflow/example_dags/tutorial.py
[2025-11-25T16:22:37.427+0000] {processor.py:830} INFO - Processing file /home/airflow/.local/lib/python3.12/site-packages/airflow/example_dags/tutorial.py for tasks to queue
[2025-11-25T16:22:37.428+0000] {logging_mixin.py:188} INFO - [2025-11-25T16:22:37.427+0000] {dagbag.py:545} INFO - Filling up the DagBag from /home/airflow/.local/lib/python3.12/site-packages/airflow/example_dags/tutorial.py
[2025-11-25T16:22:37.430+0000] {processor.py:840} INFO - DAG(s) 'tutorial' retrieved from /home/airflow/.local/lib/python3.12/site-packages/airflow/example_dags/tutorial.py
[2025-11-25T16:22:37.441+0000] {logging_mixin.py:188} INFO - [2025-11-25T16:22:37.441+0000] {dag.py:3096} INFO - Sync 1 DAGs
[2025-11-25T16:22:37.459+0000] {logging_mixin.py:188} INFO - [2025-11-25T16:22:37.459+0000] {dag.py:3954} INFO - Setting next_dagrun for tutorial to 2025-11-24 00:00:00+00:00, run_after=2025-11-25 00:00:00+00:00
[2025-11-25T16:22:37.473+0000] {processor.py:183} INFO - Processing /home/airflow/.local/lib/python3.12/site-packages/airflow/example_dags/tutorial.py took 0.050 seconds
[2025-11-25T16:23:07.718+0000] {processor.py:161} INFO - Started process (PID=10806) to work on /home/airflow/.local/lib/python3.12/site-packages/airflow/example_dags/tutorial.py
[2025-11-25T16:23:07.719+0000] {processor.py:830} INFO - Processing file /home/airflow/.local/lib/python3.12/site-packages/airflow/example_dags/tutorial.py for tasks to queue
[2025-11-25T16:23:07.720+0000] {logging_mixin.py:188} INFO - [2025-11-25T16:23:07.720+0000] {dagbag.py:545} INFO - Filling up the DagBag from /home/airflow/.local/lib/python3.12/site-packages/airflow/example_dags/tutorial.py
[2025-11-25T16:23:07.722+0000] {processor.py:840} INFO - DAG(s) 'tutorial' retrieved from /home/airflow/.local/lib/python3.12/site-packages/airflow/example_dags/tutorial.py
[2025-11-25T16:23:07.739+0000] {logging_mixin.py:188} INFO - [2025-11-25T16:23:07.739+0000] {dag.py:3096} INFO - Sync 1 DAGs
[2025-11-25T16:23:07.751+0000] {logging_mixin.py:188} INFO - [2025-11-25T16:23:07.751+0000] {dag.py:3954} INFO - Setting next_dagrun for tutorial to 2025-11-24 00:00:00+00:00, run_after=2025-11-25 00:00:00+00:00
[2025-11-25T16:23:07.760+0000] {processor.py:183} INFO - Processing /home/airflow/.local/lib/python3.12/site-packages/airflow/example_dags/tutorial.py took 0.044 seconds
[2025-11-25T16:23:39.161+0000] {processor.py:161} INFO - Started process (PID=10864) to work on /home/airflow/.local/lib/python3.12/site-packages/airflow/example_dags/tutorial.py
[2025-11-25T16:23:39.163+0000] {processor.py:830} INFO - Processing file /home/airflow/.local/lib/python3.12/site-packages/airflow/example_dags/tutorial.py for tasks to queue
[2025-11-25T16:23:39.164+0000] {logging_mixin.py:188} INFO - [2025-11-25T16:23:39.164+0000] {dagbag.py:545} INFO - Filling up the DagBag from /home/airflow/.local/lib/python3.12/site-packages/airflow/example_dags/tutorial.py
[2025-11-25T16:23:39.170+0000] {processor.py:840} INFO - DAG(s) 'tutorial' retrieved from /home/airflow/.local/lib/python3.12/site-packages/airflow/example_dags/tutorial.py
[2025-11-25T16:23:39.182+0000] {logging_mixin.py:188} INFO - [2025-11-25T16:23:39.182+0000] {dag.py:3096} INFO - Sync 1 DAGs
[2025-11-25T16:23:39.194+0000] {logging_mixin.py:188} INFO - [2025-11-25T16:23:39.194+0000] {dag.py:3954} INFO - Setting next_dagrun for tutorial to 2025-11-24 00:00:00+00:00, run_after=2025-11-25 00:00:00+00:00
[2025-11-25T16:23:39.210+0000] {processor.py:183} INFO - Processing /home/airflow/.local/lib/python3.12/site-packages/airflow/example_dags/tutorial.py took 0.051 seconds
[2025-11-25T16:24:09.892+0000] {processor.py:161} INFO - Started process (PID=10922) to work on /home/airflow/.local/lib/python3.12/site-packages/airflow/example_dags/tutorial.py
[2025-11-25T16:24:09.893+0000] {processor.py:830} INFO - Processing file /home/airflow/.local/lib/python3.12/site-packages/airflow/example_dags/tutorial.py for tasks to queue
[2025-11-25T16:24:09.893+0000] {logging_mixin.py:188} INFO - [2025-11-25T16:24:09.893+0000] {dagbag.py:545} INFO - Filling up the DagBag from /home/airflow/.local/lib/python3.12/site-packages/airflow/example_dags/tutorial.py
[2025-11-25T16:24:09.896+0000] {processor.py:840} INFO - DAG(s) 'tutorial' retrieved from /home/airflow/.local/lib/python3.12/site-packages/airflow/example_dags/tutorial.py
[2025-11-25T16:24:09.905+0000] {logging_mixin.py:188} INFO - [2025-11-25T16:24:09.904+0000] {dag.py:3096} INFO - Sync 1 DAGs
[2025-11-25T16:24:09.913+0000] {logging_mixin.py:188} INFO - [2025-11-25T16:24:09.913+0000] {dag.py:3954} INFO - Setting next_dagrun for tutorial to 2025-11-24 00:00:00+00:00, run_after=2025-11-25 00:00:00+00:00
[2025-11-25T16:24:09.925+0000] {processor.py:183} INFO - Processing /home/airflow/.local/lib/python3.12/site-packages/airflow/example_dags/tutorial.py took 0.036 seconds
[2025-11-25T16:24:40.325+0000] {processor.py:161} INFO - Started process (PID=10980) to work on /home/airflow/.local/lib/python3.12/site-packages/airflow/example_dags/tutorial.py
[2025-11-25T16:24:40.326+0000] {processor.py:830} INFO - Processing file /home/airflow/.local/lib/python3.12/site-packages/airflow/example_dags/tutorial.py for tasks to queue
[2025-11-25T16:24:40.327+0000] {logging_mixin.py:188} INFO - [2025-11-25T16:24:40.327+0000] {dagbag.py:545} INFO - Filling up the DagBag from /home/airflow/.local/lib/python3.12/site-packages/airflow/example_dags/tutorial.py
[2025-11-25T16:24:40.329+0000] {processor.py:840} INFO - DAG(s) 'tutorial' retrieved from /home/airflow/.local/lib/python3.12/site-packages/airflow/example_dags/tutorial.py
[2025-11-25T16:24:40.339+0000] {logging_mixin.py:188} INFO - [2025-11-25T16:24:40.339+0000] {dag.py:3096} INFO - Sync 1 DAGs
[2025-11-25T16:24:40.349+0000] {logging_mixin.py:188} INFO - [2025-11-25T16:24:40.349+0000] {dag.py:3954} INFO - Setting next_dagrun for tutorial to 2025-11-24 00:00:00+00:00, run_after=2025-11-25 00:00:00+00:00
[2025-11-25T16:24:40.361+0000] {processor.py:183} INFO - Processing /home/airflow/.local/lib/python3.12/site-packages/airflow/example_dags/tutorial.py took 0.038 seconds
[2025-11-25T16:25:10.784+0000] {processor.py:161} INFO - Started process (PID=11038) to work on /home/airflow/.local/lib/python3.12/site-packages/airflow/example_dags/tutorial.py
[2025-11-25T16:25:10.785+0000] {processor.py:830} INFO - Processing file /home/airflow/.local/lib/python3.12/site-packages/airflow/example_dags/tutorial.py for tasks to queue
[2025-11-25T16:25:10.786+0000] {logging_mixin.py:188} INFO - [2025-11-25T16:25:10.786+0000] {dagbag.py:545} INFO - Filling up the DagBag from /home/airflow/.local/lib/python3.12/site-packages/airflow/example_dags/tutorial.py
[2025-11-25T16:25:10.791+0000] {processor.py:840} INFO - DAG(s) 'tutorial' retrieved from /home/airflow/.local/lib/python3.12/site-packages/airflow/example_dags/tutorial.py
[2025-11-25T16:25:10.804+0000] {logging_mixin.py:188} INFO - [2025-11-25T16:25:10.804+0000] {dag.py:3096} INFO - Sync 1 DAGs
[2025-11-25T16:25:10.814+0000] {logging_mixin.py:188} INFO - [2025-11-25T16:25:10.814+0000] {dag.py:3954} INFO - Setting next_dagrun for tutorial to 2025-11-24 00:00:00+00:00, run_after=2025-11-25 00:00:00+00:00
[2025-11-25T16:25:10.828+0000] {processor.py:183} INFO - Processing /home/airflow/.local/lib/python3.12/site-packages/airflow/example_dags/tutorial.py took 0.049 seconds
[2025-11-25T16:25:40.862+0000] {processor.py:161} INFO - Started process (PID=11096) to work on /home/airflow/.local/lib/python3.12/site-packages/airflow/example_dags/tutorial.py
[2025-11-25T16:25:40.863+0000] {processor.py:830} INFO - Processing file /home/airflow/.local/lib/python3.12/site-packages/airflow/example_dags/tutorial.py for tasks to queue
[2025-11-25T16:25:40.863+0000] {logging_mixin.py:188} INFO - [2025-11-25T16:25:40.863+0000] {dagbag.py:545} INFO - Filling up the DagBag from /home/airflow/.local/lib/python3.12/site-packages/airflow/example_dags/tutorial.py
[2025-11-25T16:25:40.866+0000] {processor.py:840} INFO - DAG(s) 'tutorial' retrieved from /home/airflow/.local/lib/python3.12/site-packages/airflow/example_dags/tutorial.py
[2025-11-25T16:25:40.876+0000] {logging_mixin.py:188} INFO - [2025-11-25T16:25:40.876+0000] {dag.py:3096} INFO - Sync 1 DAGs
[2025-11-25T16:25:40.886+0000] {logging_mixin.py:188} INFO - [2025-11-25T16:25:40.886+0000] {dag.py:3954} INFO - Setting next_dagrun for tutorial to 2025-11-24 00:00:00+00:00, run_after=2025-11-25 00:00:00+00:00
[2025-11-25T16:25:40.897+0000] {processor.py:183} INFO - Processing /home/airflow/.local/lib/python3.12/site-packages/airflow/example_dags/tutorial.py took 0.038 seconds
[2025-11-25T16:26:11.205+0000] {processor.py:161} INFO - Started process (PID=11154) to work on /home/airflow/.local/lib/python3.12/site-packages/airflow/example_dags/tutorial.py
[2025-11-25T16:26:11.206+0000] {processor.py:830} INFO - Processing file /home/airflow/.local/lib/python3.12/site-packages/airflow/example_dags/tutorial.py for tasks to queue
[2025-11-25T16:26:11.207+0000] {logging_mixin.py:188} INFO - [2025-11-25T16:26:11.207+0000] {dagbag.py:545} INFO - Filling up the DagBag from /home/airflow/.local/lib/python3.12/site-packages/airflow/example_dags/tutorial.py
[2025-11-25T16:26:11.209+0000] {processor.py:840} INFO - DAG(s) 'tutorial' retrieved from /home/airflow/.local/lib/python3.12/site-packages/airflow/example_dags/tutorial.py
[2025-11-25T16:26:11.220+0000] {logging_mixin.py:188} INFO - [2025-11-25T16:26:11.219+0000] {dag.py:3096} INFO - Sync 1 DAGs
[2025-11-25T16:26:11.233+0000] {logging_mixin.py:188} INFO - [2025-11-25T16:26:11.233+0000] {dag.py:3954} INFO - Setting next_dagrun for tutorial to 2025-11-24 00:00:00+00:00, run_after=2025-11-25 00:00:00+00:00
[2025-11-25T16:26:11.243+0000] {processor.py:183} INFO - Processing /home/airflow/.local/lib/python3.12/site-packages/airflow/example_dags/tutorial.py took 0.040 seconds
[2025-11-25T16:26:42.067+0000] {processor.py:161} INFO - Started process (PID=11212) to work on /home/airflow/.local/lib/python3.12/site-packages/airflow/example_dags/tutorial.py
[2025-11-25T16:26:42.069+0000] {processor.py:830} INFO - Processing file /home/airflow/.local/lib/python3.12/site-packages/airflow/example_dags/tutorial.py for tasks to queue
[2025-11-25T16:26:42.069+0000] {logging_mixin.py:188} INFO - [2025-11-25T16:26:42.069+0000] {dagbag.py:545} INFO - Filling up the DagBag from /home/airflow/.local/lib/python3.12/site-packages/airflow/example_dags/tutorial.py
[2025-11-25T16:26:42.071+0000] {processor.py:840} INFO - DAG(s) 'tutorial' retrieved from /home/airflow/.local/lib/python3.12/site-packages/airflow/example_dags/tutorial.py
[2025-11-25T16:26:42.085+0000] {logging_mixin.py:188} INFO - [2025-11-25T16:26:42.085+0000] {dag.py:3096} INFO - Sync 1 DAGs
[2025-11-25T16:26:42.094+0000] {logging_mixin.py:188} INFO - [2025-11-25T16:26:42.094+0000] {dag.py:3954} INFO - Setting next_dagrun for tutorial to 2025-11-24 00:00:00+00:00, run_after=2025-11-25 00:00:00+00:00
[2025-11-25T16:26:42.101+0000] {processor.py:183} INFO - Processing /home/airflow/.local/lib/python3.12/site-packages/airflow/example_dags/tutorial.py took 0.036 seconds
[2025-11-25T16:27:13.146+0000] {processor.py:161} INFO - Started process (PID=11270) to work on /home/airflow/.local/lib/python3.12/site-packages/airflow/example_dags/tutorial.py
[2025-11-25T16:27:13.146+0000] {processor.py:830} INFO - Processing file /home/airflow/.local/lib/python3.12/site-packages/airflow/example_dags/tutorial.py for tasks to queue
[2025-11-25T16:27:13.147+0000] {logging_mixin.py:188} INFO - [2025-11-25T16:27:13.147+0000] {dagbag.py:545} INFO - Filling up the DagBag from /home/airflow/.local/lib/python3.12/site-packages/airflow/example_dags/tutorial.py
[2025-11-25T16:27:13.150+0000] {processor.py:840} INFO - DAG(s) 'tutorial' retrieved from /home/airflow/.local/lib/python3.12/site-packages/airflow/example_dags/tutorial.py
[2025-11-25T16:27:13.160+0000] {logging_mixin.py:188} INFO - [2025-11-25T16:27:13.159+0000] {dag.py:3096} INFO - Sync 1 DAGs
[2025-11-25T16:27:13.170+0000] {logging_mixin.py:188} INFO - [2025-11-25T16:27:13.169+0000] {dag.py:3954} INFO - Setting next_dagrun for tutorial to 2025-11-24 00:00:00+00:00, run_after=2025-11-25 00:00:00+00:00
[2025-11-25T16:27:13.178+0000] {processor.py:183} INFO - Processing /home/airflow/.local/lib/python3.12/site-packages/airflow/example_dags/tutorial.py took 0.035 seconds
[2025-11-25T16:27:43.299+0000] {processor.py:161} INFO - Started process (PID=11329) to work on /home/airflow/.local/lib/python3.12/site-packages/airflow/example_dags/tutorial.py
[2025-11-25T16:27:43.301+0000] {processor.py:830} INFO - Processing file /home/airflow/.local/lib/python3.12/site-packages/airflow/example_dags/tutorial.py for tasks to queue
[2025-11-25T16:27:43.302+0000] {logging_mixin.py:188} INFO - [2025-11-25T16:27:43.301+0000] {dagbag.py:545} INFO - Filling up the DagBag from /home/airflow/.local/lib/python3.12/site-packages/airflow/example_dags/tutorial.py
[2025-11-25T16:27:43.308+0000] {processor.py:840} INFO - DAG(s) 'tutorial' retrieved from /home/airflow/.local/lib/python3.12/site-packages/airflow/example_dags/tutorial.py
[2025-11-25T16:27:43.325+0000] {logging_mixin.py:188} INFO - [2025-11-25T16:27:43.324+0000] {dag.py:3096} INFO - Sync 1 DAGs
[2025-11-25T16:27:43.348+0000] {logging_mixin.py:188} INFO - [2025-11-25T16:27:43.348+0000] {dag.py:3954} INFO - Setting next_dagrun for tutorial to 2025-11-24 00:00:00+00:00, run_after=2025-11-25 00:00:00+00:00
[2025-11-25T16:27:43.358+0000] {processor.py:183} INFO - Processing /home/airflow/.local/lib/python3.12/site-packages/airflow/example_dags/tutorial.py took 0.062 seconds
[2025-11-25T16:28:14.284+0000] {processor.py:161} INFO - Started process (PID=11393) to work on /home/airflow/.local/lib/python3.12/site-packages/airflow/example_dags/tutorial.py
[2025-11-25T16:28:14.284+0000] {processor.py:830} INFO - Processing file /home/airflow/.local/lib/python3.12/site-packages/airflow/example_dags/tutorial.py for tasks to queue
[2025-11-25T16:28:14.286+0000] {logging_mixin.py:188} INFO - [2025-11-25T16:28:14.286+0000] {dagbag.py:545} INFO - Filling up the DagBag from /home/airflow/.local/lib/python3.12/site-packages/airflow/example_dags/tutorial.py
[2025-11-25T16:28:14.289+0000] {processor.py:840} INFO - DAG(s) 'tutorial' retrieved from /home/airflow/.local/lib/python3.12/site-packages/airflow/example_dags/tutorial.py
[2025-11-25T16:28:14.296+0000] {logging_mixin.py:188} INFO - [2025-11-25T16:28:14.296+0000] {dag.py:3096} INFO - Sync 1 DAGs
[2025-11-25T16:28:14.304+0000] {logging_mixin.py:188} INFO - [2025-11-25T16:28:14.304+0000] {dag.py:3954} INFO - Setting next_dagrun for tutorial to 2025-11-24 00:00:00+00:00, run_after=2025-11-25 00:00:00+00:00
[2025-11-25T16:28:14.311+0000] {processor.py:183} INFO - Processing /home/airflow/.local/lib/python3.12/site-packages/airflow/example_dags/tutorial.py took 0.030 seconds
[2025-11-25T16:28:44.367+0000] {processor.py:161} INFO - Started process (PID=11451) to work on /home/airflow/.local/lib/python3.12/site-packages/airflow/example_dags/tutorial.py
[2025-11-25T16:28:44.368+0000] {processor.py:830} INFO - Processing file /home/airflow/.local/lib/python3.12/site-packages/airflow/example_dags/tutorial.py for tasks to queue
[2025-11-25T16:28:44.370+0000] {logging_mixin.py:188} INFO - [2025-11-25T16:28:44.370+0000] {dagbag.py:545} INFO - Filling up the DagBag from /home/airflow/.local/lib/python3.12/site-packages/airflow/example_dags/tutorial.py
[2025-11-25T16:28:44.372+0000] {processor.py:840} INFO - DAG(s) 'tutorial' retrieved from /home/airflow/.local/lib/python3.12/site-packages/airflow/example_dags/tutorial.py
[2025-11-25T16:28:44.382+0000] {logging_mixin.py:188} INFO - [2025-11-25T16:28:44.382+0000] {dag.py:3096} INFO - Sync 1 DAGs
[2025-11-25T16:28:44.390+0000] {logging_mixin.py:188} INFO - [2025-11-25T16:28:44.390+0000] {dag.py:3954} INFO - Setting next_dagrun for tutorial to 2025-11-24 00:00:00+00:00, run_after=2025-11-25 00:00:00+00:00
[2025-11-25T16:28:44.400+0000] {processor.py:183} INFO - Processing /home/airflow/.local/lib/python3.12/site-packages/airflow/example_dags/tutorial.py took 0.035 seconds
[2025-11-25T16:29:15.016+0000] {processor.py:161} INFO - Started process (PID=11509) to work on /home/airflow/.local/lib/python3.12/site-packages/airflow/example_dags/tutorial.py
[2025-11-25T16:29:15.017+0000] {processor.py:830} INFO - Processing file /home/airflow/.local/lib/python3.12/site-packages/airflow/example_dags/tutorial.py for tasks to queue
[2025-11-25T16:29:15.018+0000] {logging_mixin.py:188} INFO - [2025-11-25T16:29:15.018+0000] {dagbag.py:545} INFO - Filling up the DagBag from /home/airflow/.local/lib/python3.12/site-packages/airflow/example_dags/tutorial.py
[2025-11-25T16:29:15.020+0000] {processor.py:840} INFO - DAG(s) 'tutorial' retrieved from /home/airflow/.local/lib/python3.12/site-packages/airflow/example_dags/tutorial.py
[2025-11-25T16:29:15.032+0000] {logging_mixin.py:188} INFO - [2025-11-25T16:29:15.032+0000] {dag.py:3096} INFO - Sync 1 DAGs
[2025-11-25T16:29:15.041+0000] {logging_mixin.py:188} INFO - [2025-11-25T16:29:15.041+0000] {dag.py:3954} INFO - Setting next_dagrun for tutorial to 2025-11-24 00:00:00+00:00, run_after=2025-11-25 00:00:00+00:00
[2025-11-25T16:29:15.050+0000] {processor.py:183} INFO - Processing /home/airflow/.local/lib/python3.12/site-packages/airflow/example_dags/tutorial.py took 0.036 seconds
[2025-11-25T16:29:46.027+0000] {processor.py:161} INFO - Started process (PID=11567) to work on /home/airflow/.local/lib/python3.12/site-packages/airflow/example_dags/tutorial.py
[2025-11-25T16:29:46.028+0000] {processor.py:830} INFO - Processing file /home/airflow/.local/lib/python3.12/site-packages/airflow/example_dags/tutorial.py for tasks to queue
[2025-11-25T16:29:46.029+0000] {logging_mixin.py:188} INFO - [2025-11-25T16:29:46.029+0000] {dagbag.py:545} INFO - Filling up the DagBag from /home/airflow/.local/lib/python3.12/site-packages/airflow/example_dags/tutorial.py
[2025-11-25T16:29:46.031+0000] {processor.py:840} INFO - DAG(s) 'tutorial' retrieved from /home/airflow/.local/lib/python3.12/site-packages/airflow/example_dags/tutorial.py
[2025-11-25T16:29:46.040+0000] {logging_mixin.py:188} INFO - [2025-11-25T16:29:46.040+0000] {dag.py:3096} INFO - Sync 1 DAGs
[2025-11-25T16:29:46.052+0000] {logging_mixin.py:188} INFO - [2025-11-25T16:29:46.052+0000] {dag.py:3954} INFO - Setting next_dagrun for tutorial to 2025-11-24 00:00:00+00:00, run_after=2025-11-25 00:00:00+00:00
[2025-11-25T16:29:46.059+0000] {processor.py:183} INFO - Processing /home/airflow/.local/lib/python3.12/site-packages/airflow/example_dags/tutorial.py took 0.035 seconds
[2025-11-25T16:30:16.474+0000] {processor.py:161} INFO - Started process (PID=11625) to work on /home/airflow/.local/lib/python3.12/site-packages/airflow/example_dags/tutorial.py
[2025-11-25T16:30:16.477+0000] {processor.py:830} INFO - Processing file /home/airflow/.local/lib/python3.12/site-packages/airflow/example_dags/tutorial.py for tasks to queue
[2025-11-25T16:30:16.478+0000] {logging_mixin.py:188} INFO - [2025-11-25T16:30:16.478+0000] {dagbag.py:545} INFO - Filling up the DagBag from /home/airflow/.local/lib/python3.12/site-packages/airflow/example_dags/tutorial.py
[2025-11-25T16:30:16.480+0000] {processor.py:840} INFO - DAG(s) 'tutorial' retrieved from /home/airflow/.local/lib/python3.12/site-packages/airflow/example_dags/tutorial.py
[2025-11-25T16:30:16.490+0000] {logging_mixin.py:188} INFO - [2025-11-25T16:30:16.490+0000] {dag.py:3096} INFO - Sync 1 DAGs
[2025-11-25T16:30:16.501+0000] {logging_mixin.py:188} INFO - [2025-11-25T16:30:16.501+0000] {dag.py:3954} INFO - Setting next_dagrun for tutorial to 2025-11-24 00:00:00+00:00, run_after=2025-11-25 00:00:00+00:00
[2025-11-25T16:30:16.507+0000] {processor.py:183} INFO - Processing /home/airflow/.local/lib/python3.12/site-packages/airflow/example_dags/tutorial.py took 0.035 seconds
[2025-11-25T16:30:46.835+0000] {processor.py:161} INFO - Started process (PID=11683) to work on /home/airflow/.local/lib/python3.12/site-packages/airflow/example_dags/tutorial.py
[2025-11-25T16:30:46.836+0000] {processor.py:830} INFO - Processing file /home/airflow/.local/lib/python3.12/site-packages/airflow/example_dags/tutorial.py for tasks to queue
[2025-11-25T16:30:46.836+0000] {logging_mixin.py:188} INFO - [2025-11-25T16:30:46.836+0000] {dagbag.py:545} INFO - Filling up the DagBag from /home/airflow/.local/lib/python3.12/site-packages/airflow/example_dags/tutorial.py
[2025-11-25T16:30:46.839+0000] {processor.py:840} INFO - DAG(s) 'tutorial' retrieved from /home/airflow/.local/lib/python3.12/site-packages/airflow/example_dags/tutorial.py
[2025-11-25T16:30:46.847+0000] {logging_mixin.py:188} INFO - [2025-11-25T16:30:46.847+0000] {dag.py:3096} INFO - Sync 1 DAGs
[2025-11-25T16:30:46.855+0000] {logging_mixin.py:188} INFO - [2025-11-25T16:30:46.855+0000] {dag.py:3954} INFO - Setting next_dagrun for tutorial to 2025-11-24 00:00:00+00:00, run_after=2025-11-25 00:00:00+00:00
[2025-11-25T16:30:46.862+0000] {processor.py:183} INFO - Processing /home/airflow/.local/lib/python3.12/site-packages/airflow/example_dags/tutorial.py took 0.030 seconds
[2025-11-25T16:31:17.082+0000] {processor.py:161} INFO - Started process (PID=11741) to work on /home/airflow/.local/lib/python3.12/site-packages/airflow/example_dags/tutorial.py
[2025-11-25T16:31:17.084+0000] {processor.py:830} INFO - Processing file /home/airflow/.local/lib/python3.12/site-packages/airflow/example_dags/tutorial.py for tasks to queue
[2025-11-25T16:31:17.086+0000] {logging_mixin.py:188} INFO - [2025-11-25T16:31:17.086+0000] {dagbag.py:545} INFO - Filling up the DagBag from /home/airflow/.local/lib/python3.12/site-packages/airflow/example_dags/tutorial.py
[2025-11-25T16:31:17.092+0000] {processor.py:840} INFO - DAG(s) 'tutorial' retrieved from /home/airflow/.local/lib/python3.12/site-packages/airflow/example_dags/tutorial.py
[2025-11-25T16:31:17.103+0000] {logging_mixin.py:188} INFO - [2025-11-25T16:31:17.103+0000] {dag.py:3096} INFO - Sync 1 DAGs
[2025-11-25T16:31:17.114+0000] {logging_mixin.py:188} INFO - [2025-11-25T16:31:17.114+0000] {dag.py:3954} INFO - Setting next_dagrun for tutorial to 2025-11-24 00:00:00+00:00, run_after=2025-11-25 00:00:00+00:00
[2025-11-25T16:31:17.123+0000] {processor.py:183} INFO - Processing /home/airflow/.local/lib/python3.12/site-packages/airflow/example_dags/tutorial.py took 0.044 seconds
[2025-11-25T16:31:47.375+0000] {processor.py:161} INFO - Started process (PID=11799) to work on /home/airflow/.local/lib/python3.12/site-packages/airflow/example_dags/tutorial.py
[2025-11-25T16:31:47.376+0000] {processor.py:830} INFO - Processing file /home/airflow/.local/lib/python3.12/site-packages/airflow/example_dags/tutorial.py for tasks to queue
[2025-11-25T16:31:47.377+0000] {logging_mixin.py:188} INFO - [2025-11-25T16:31:47.377+0000] {dagbag.py:545} INFO - Filling up the DagBag from /home/airflow/.local/lib/python3.12/site-packages/airflow/example_dags/tutorial.py
[2025-11-25T16:31:47.380+0000] {processor.py:840} INFO - DAG(s) 'tutorial' retrieved from /home/airflow/.local/lib/python3.12/site-packages/airflow/example_dags/tutorial.py
[2025-11-25T16:31:47.389+0000] {logging_mixin.py:188} INFO - [2025-11-25T16:31:47.389+0000] {dag.py:3096} INFO - Sync 1 DAGs
[2025-11-25T16:31:47.399+0000] {logging_mixin.py:188} INFO - [2025-11-25T16:31:47.399+0000] {dag.py:3954} INFO - Setting next_dagrun for tutorial to 2025-11-24 00:00:00+00:00, run_after=2025-11-25 00:00:00+00:00
[2025-11-25T16:31:47.411+0000] {processor.py:183} INFO - Processing /home/airflow/.local/lib/python3.12/site-packages/airflow/example_dags/tutorial.py took 0.039 seconds
[2025-11-25T16:32:17.690+0000] {processor.py:161} INFO - Started process (PID=11857) to work on /home/airflow/.local/lib/python3.12/site-packages/airflow/example_dags/tutorial.py
[2025-11-25T16:32:17.692+0000] {processor.py:830} INFO - Processing file /home/airflow/.local/lib/python3.12/site-packages/airflow/example_dags/tutorial.py for tasks to queue
[2025-11-25T16:32:17.693+0000] {logging_mixin.py:188} INFO - [2025-11-25T16:32:17.693+0000] {dagbag.py:545} INFO - Filling up the DagBag from /home/airflow/.local/lib/python3.12/site-packages/airflow/example_dags/tutorial.py
[2025-11-25T16:32:17.698+0000] {processor.py:840} INFO - DAG(s) 'tutorial' retrieved from /home/airflow/.local/lib/python3.12/site-packages/airflow/example_dags/tutorial.py
[2025-11-25T16:32:17.713+0000] {logging_mixin.py:188} INFO - [2025-11-25T16:32:17.713+0000] {dag.py:3096} INFO - Sync 1 DAGs
[2025-11-25T16:32:17.724+0000] {logging_mixin.py:188} INFO - [2025-11-25T16:32:17.724+0000] {dag.py:3954} INFO - Setting next_dagrun for tutorial to 2025-11-24 00:00:00+00:00, run_after=2025-11-25 00:00:00+00:00
[2025-11-25T16:32:17.730+0000] {processor.py:183} INFO - Processing /home/airflow/.local/lib/python3.12/site-packages/airflow/example_dags/tutorial.py took 0.042 seconds
[2025-11-25T16:32:47.796+0000] {processor.py:161} INFO - Started process (PID=11915) to work on /home/airflow/.local/lib/python3.12/site-packages/airflow/example_dags/tutorial.py
[2025-11-25T16:32:47.798+0000] {processor.py:830} INFO - Processing file /home/airflow/.local/lib/python3.12/site-packages/airflow/example_dags/tutorial.py for tasks to queue
[2025-11-25T16:32:47.799+0000] {logging_mixin.py:188} INFO - [2025-11-25T16:32:47.799+0000] {dagbag.py:545} INFO - Filling up the DagBag from /home/airflow/.local/lib/python3.12/site-packages/airflow/example_dags/tutorial.py
[2025-11-25T16:32:47.802+0000] {processor.py:840} INFO - DAG(s) 'tutorial' retrieved from /home/airflow/.local/lib/python3.12/site-packages/airflow/example_dags/tutorial.py
[2025-11-25T16:32:47.812+0000] {logging_mixin.py:188} INFO - [2025-11-25T16:32:47.812+0000] {dag.py:3096} INFO - Sync 1 DAGs
[2025-11-25T16:32:47.821+0000] {logging_mixin.py:188} INFO - [2025-11-25T16:32:47.821+0000] {dag.py:3954} INFO - Setting next_dagrun for tutorial to 2025-11-24 00:00:00+00:00, run_after=2025-11-25 00:00:00+00:00
[2025-11-25T16:32:47.830+0000] {processor.py:183} INFO - Processing /home/airflow/.local/lib/python3.12/site-packages/airflow/example_dags/tutorial.py took 0.036 seconds
[2025-11-25T16:33:18.266+0000] {processor.py:161} INFO - Started process (PID=11972) to work on /home/airflow/.local/lib/python3.12/site-packages/airflow/example_dags/tutorial.py
[2025-11-25T16:33:18.267+0000] {processor.py:830} INFO - Processing file /home/airflow/.local/lib/python3.12/site-packages/airflow/example_dags/tutorial.py for tasks to queue
[2025-11-25T16:33:18.268+0000] {logging_mixin.py:188} INFO - [2025-11-25T16:33:18.268+0000] {dagbag.py:545} INFO - Filling up the DagBag from /home/airflow/.local/lib/python3.12/site-packages/airflow/example_dags/tutorial.py
[2025-11-25T16:33:18.271+0000] {processor.py:840} INFO - DAG(s) 'tutorial' retrieved from /home/airflow/.local/lib/python3.12/site-packages/airflow/example_dags/tutorial.py
[2025-11-25T16:33:18.287+0000] {logging_mixin.py:188} INFO - [2025-11-25T16:33:18.286+0000] {dag.py:3096} INFO - Sync 1 DAGs
[2025-11-25T16:33:18.296+0000] {logging_mixin.py:188} INFO - [2025-11-25T16:33:18.295+0000] {dag.py:3954} INFO - Setting next_dagrun for tutorial to 2025-11-24 00:00:00+00:00, run_after=2025-11-25 00:00:00+00:00
[2025-11-25T16:33:18.303+0000] {processor.py:183} INFO - Processing /home/airflow/.local/lib/python3.12/site-packages/airflow/example_dags/tutorial.py took 0.039 seconds
[2025-11-25T16:33:49.888+0000] {processor.py:161} INFO - Started process (PID=12030) to work on /home/airflow/.local/lib/python3.12/site-packages/airflow/example_dags/tutorial.py
[2025-11-25T16:33:49.889+0000] {processor.py:830} INFO - Processing file /home/airflow/.local/lib/python3.12/site-packages/airflow/example_dags/tutorial.py for tasks to queue
[2025-11-25T16:33:49.890+0000] {logging_mixin.py:188} INFO - [2025-11-25T16:33:49.889+0000] {dagbag.py:545} INFO - Filling up the DagBag from /home/airflow/.local/lib/python3.12/site-packages/airflow/example_dags/tutorial.py
[2025-11-25T16:33:49.892+0000] {processor.py:840} INFO - DAG(s) 'tutorial' retrieved from /home/airflow/.local/lib/python3.12/site-packages/airflow/example_dags/tutorial.py
[2025-11-25T16:33:49.900+0000] {logging_mixin.py:188} INFO - [2025-11-25T16:33:49.900+0000] {dag.py:3096} INFO - Sync 1 DAGs
[2025-11-25T16:33:49.911+0000] {logging_mixin.py:188} INFO - [2025-11-25T16:33:49.911+0000] {dag.py:3954} INFO - Setting next_dagrun for tutorial to 2025-11-24 00:00:00+00:00, run_after=2025-11-25 00:00:00+00:00
[2025-11-25T16:33:49.923+0000] {processor.py:183} INFO - Processing /home/airflow/.local/lib/python3.12/site-packages/airflow/example_dags/tutorial.py took 0.038 seconds
[2025-11-25T16:34:20.660+0000] {processor.py:161} INFO - Started process (PID=12088) to work on /home/airflow/.local/lib/python3.12/site-packages/airflow/example_dags/tutorial.py
[2025-11-25T16:34:20.661+0000] {processor.py:830} INFO - Processing file /home/airflow/.local/lib/python3.12/site-packages/airflow/example_dags/tutorial.py for tasks to queue
[2025-11-25T16:34:20.662+0000] {logging_mixin.py:188} INFO - [2025-11-25T16:34:20.662+0000] {dagbag.py:545} INFO - Filling up the DagBag from /home/airflow/.local/lib/python3.12/site-packages/airflow/example_dags/tutorial.py
[2025-11-25T16:34:20.665+0000] {processor.py:840} INFO - DAG(s) 'tutorial' retrieved from /home/airflow/.local/lib/python3.12/site-packages/airflow/example_dags/tutorial.py
[2025-11-25T16:34:20.675+0000] {logging_mixin.py:188} INFO - [2025-11-25T16:34:20.675+0000] {dag.py:3096} INFO - Sync 1 DAGs
[2025-11-25T16:34:20.791+0000] {logging_mixin.py:188} INFO - [2025-11-25T16:34:20.791+0000] {dag.py:3954} INFO - Setting next_dagrun for tutorial to 2025-11-24 00:00:00+00:00, run_after=2025-11-25 00:00:00+00:00
[2025-11-25T16:34:20.803+0000] {processor.py:183} INFO - Processing /home/airflow/.local/lib/python3.12/site-packages/airflow/example_dags/tutorial.py took 0.145 seconds
[2025-11-25T16:34:51.075+0000] {processor.py:161} INFO - Started process (PID=12146) to work on /home/airflow/.local/lib/python3.12/site-packages/airflow/example_dags/tutorial.py
[2025-11-25T16:34:51.075+0000] {processor.py:830} INFO - Processing file /home/airflow/.local/lib/python3.12/site-packages/airflow/example_dags/tutorial.py for tasks to queue
[2025-11-25T16:34:51.076+0000] {logging_mixin.py:188} INFO - [2025-11-25T16:34:51.076+0000] {dagbag.py:545} INFO - Filling up the DagBag from /home/airflow/.local/lib/python3.12/site-packages/airflow/example_dags/tutorial.py
[2025-11-25T16:34:51.079+0000] {processor.py:840} INFO - DAG(s) 'tutorial' retrieved from /home/airflow/.local/lib/python3.12/site-packages/airflow/example_dags/tutorial.py
[2025-11-25T16:34:51.090+0000] {logging_mixin.py:188} INFO - [2025-11-25T16:34:51.089+0000] {dag.py:3096} INFO - Sync 1 DAGs
[2025-11-25T16:34:51.100+0000] {logging_mixin.py:188} INFO - [2025-11-25T16:34:51.100+0000] {dag.py:3954} INFO - Setting next_dagrun for tutorial to 2025-11-24 00:00:00+00:00, run_after=2025-11-25 00:00:00+00:00
[2025-11-25T16:34:51.184+0000] {processor.py:183} INFO - Processing /home/airflow/.local/lib/python3.12/site-packages/airflow/example_dags/tutorial.py took 0.112 seconds
[2025-11-25T16:35:21.569+0000] {processor.py:161} INFO - Started process (PID=12204) to work on /home/airflow/.local/lib/python3.12/site-packages/airflow/example_dags/tutorial.py
[2025-11-25T16:35:21.571+0000] {processor.py:830} INFO - Processing file /home/airflow/.local/lib/python3.12/site-packages/airflow/example_dags/tutorial.py for tasks to queue
[2025-11-25T16:35:21.572+0000] {logging_mixin.py:188} INFO - [2025-11-25T16:35:21.572+0000] {dagbag.py:545} INFO - Filling up the DagBag from /home/airflow/.local/lib/python3.12/site-packages/airflow/example_dags/tutorial.py
[2025-11-25T16:35:21.574+0000] {processor.py:840} INFO - DAG(s) 'tutorial' retrieved from /home/airflow/.local/lib/python3.12/site-packages/airflow/example_dags/tutorial.py
[2025-11-25T16:35:21.583+0000] {logging_mixin.py:188} INFO - [2025-11-25T16:35:21.583+0000] {dag.py:3096} INFO - Sync 1 DAGs
[2025-11-25T16:35:21.593+0000] {logging_mixin.py:188} INFO - [2025-11-25T16:35:21.592+0000] {dag.py:3954} INFO - Setting next_dagrun for tutorial to 2025-11-24 00:00:00+00:00, run_after=2025-11-25 00:00:00+00:00
[2025-11-25T16:35:21.608+0000] {processor.py:183} INFO - Processing /home/airflow/.local/lib/python3.12/site-packages/airflow/example_dags/tutorial.py took 0.041 seconds
[2025-11-25T16:35:52.056+0000] {processor.py:161} INFO - Started process (PID=12262) to work on /home/airflow/.local/lib/python3.12/site-packages/airflow/example_dags/tutorial.py
[2025-11-25T16:35:52.056+0000] {processor.py:830} INFO - Processing file /home/airflow/.local/lib/python3.12/site-packages/airflow/example_dags/tutorial.py for tasks to queue
[2025-11-25T16:35:52.057+0000] {logging_mixin.py:188} INFO - [2025-11-25T16:35:52.057+0000] {dagbag.py:545} INFO - Filling up the DagBag from /home/airflow/.local/lib/python3.12/site-packages/airflow/example_dags/tutorial.py
[2025-11-25T16:35:52.060+0000] {processor.py:840} INFO - DAG(s) 'tutorial' retrieved from /home/airflow/.local/lib/python3.12/site-packages/airflow/example_dags/tutorial.py
[2025-11-25T16:35:52.074+0000] {logging_mixin.py:188} INFO - [2025-11-25T16:35:52.073+0000] {dag.py:3096} INFO - Sync 1 DAGs
[2025-11-25T16:35:52.083+0000] {logging_mixin.py:188} INFO - [2025-11-25T16:35:52.083+0000] {dag.py:3954} INFO - Setting next_dagrun for tutorial to 2025-11-24 00:00:00+00:00, run_after=2025-11-25 00:00:00+00:00
[2025-11-25T16:35:52.093+0000] {processor.py:183} INFO - Processing /home/airflow/.local/lib/python3.12/site-packages/airflow/example_dags/tutorial.py took 0.040 seconds
[2025-11-25T16:36:22.814+0000] {processor.py:161} INFO - Started process (PID=12320) to work on /home/airflow/.local/lib/python3.12/site-packages/airflow/example_dags/tutorial.py
[2025-11-25T16:36:22.814+0000] {processor.py:830} INFO - Processing file /home/airflow/.local/lib/python3.12/site-packages/airflow/example_dags/tutorial.py for tasks to queue
[2025-11-25T16:36:22.815+0000] {logging_mixin.py:188} INFO - [2025-11-25T16:36:22.815+0000] {dagbag.py:545} INFO - Filling up the DagBag from /home/airflow/.local/lib/python3.12/site-packages/airflow/example_dags/tutorial.py
[2025-11-25T16:36:22.817+0000] {processor.py:840} INFO - DAG(s) 'tutorial' retrieved from /home/airflow/.local/lib/python3.12/site-packages/airflow/example_dags/tutorial.py
[2025-11-25T16:36:22.826+0000] {logging_mixin.py:188} INFO - [2025-11-25T16:36:22.826+0000] {dag.py:3096} INFO - Sync 1 DAGs
[2025-11-25T16:36:22.837+0000] {logging_mixin.py:188} INFO - [2025-11-25T16:36:22.837+0000] {dag.py:3954} INFO - Setting next_dagrun for tutorial to 2025-11-24 00:00:00+00:00, run_after=2025-11-25 00:00:00+00:00
[2025-11-25T16:36:22.847+0000] {processor.py:183} INFO - Processing /home/airflow/.local/lib/python3.12/site-packages/airflow/example_dags/tutorial.py took 0.036 seconds
[2025-11-25T16:36:54.332+0000] {processor.py:161} INFO - Started process (PID=12378) to work on /home/airflow/.local/lib/python3.12/site-packages/airflow/example_dags/tutorial.py
[2025-11-25T16:36:54.334+0000] {processor.py:830} INFO - Processing file /home/airflow/.local/lib/python3.12/site-packages/airflow/example_dags/tutorial.py for tasks to queue
[2025-11-25T16:36:54.335+0000] {logging_mixin.py:188} INFO - [2025-11-25T16:36:54.334+0000] {dagbag.py:545} INFO - Filling up the DagBag from /home/airflow/.local/lib/python3.12/site-packages/airflow/example_dags/tutorial.py
[2025-11-25T16:36:54.414+0000] {processor.py:840} INFO - DAG(s) 'tutorial' retrieved from /home/airflow/.local/lib/python3.12/site-packages/airflow/example_dags/tutorial.py
[2025-11-25T16:36:54.422+0000] {logging_mixin.py:188} INFO - [2025-11-25T16:36:54.422+0000] {dag.py:3096} INFO - Sync 1 DAGs
[2025-11-25T16:36:54.431+0000] {logging_mixin.py:188} INFO - [2025-11-25T16:36:54.431+0000] {dag.py:3954} INFO - Setting next_dagrun for tutorial to 2025-11-24 00:00:00+00:00, run_after=2025-11-25 00:00:00+00:00
[2025-11-25T16:36:54.437+0000] {processor.py:183} INFO - Processing /home/airflow/.local/lib/python3.12/site-packages/airflow/example_dags/tutorial.py took 0.108 seconds
[2025-11-25T16:37:24.550+0000] {processor.py:161} INFO - Started process (PID=12436) to work on /home/airflow/.local/lib/python3.12/site-packages/airflow/example_dags/tutorial.py
[2025-11-25T16:37:24.551+0000] {processor.py:830} INFO - Processing file /home/airflow/.local/lib/python3.12/site-packages/airflow/example_dags/tutorial.py for tasks to queue
[2025-11-25T16:37:24.552+0000] {logging_mixin.py:188} INFO - [2025-11-25T16:37:24.552+0000] {dagbag.py:545} INFO - Filling up the DagBag from /home/airflow/.local/lib/python3.12/site-packages/airflow/example_dags/tutorial.py
[2025-11-25T16:37:24.554+0000] {processor.py:840} INFO - DAG(s) 'tutorial' retrieved from /home/airflow/.local/lib/python3.12/site-packages/airflow/example_dags/tutorial.py
[2025-11-25T16:37:24.564+0000] {logging_mixin.py:188} INFO - [2025-11-25T16:37:24.564+0000] {dag.py:3096} INFO - Sync 1 DAGs
[2025-11-25T16:37:24.572+0000] {logging_mixin.py:188} INFO - [2025-11-25T16:37:24.572+0000] {dag.py:3954} INFO - Setting next_dagrun for tutorial to 2025-11-24 00:00:00+00:00, run_after=2025-11-25 00:00:00+00:00
[2025-11-25T16:37:24.578+0000] {processor.py:183} INFO - Processing /home/airflow/.local/lib/python3.12/site-packages/airflow/example_dags/tutorial.py took 0.030 seconds
[2025-11-25T16:37:55.490+0000] {processor.py:161} INFO - Started process (PID=12494) to work on /home/airflow/.local/lib/python3.12/site-packages/airflow/example_dags/tutorial.py
[2025-11-25T16:37:55.490+0000] {processor.py:830} INFO - Processing file /home/airflow/.local/lib/python3.12/site-packages/airflow/example_dags/tutorial.py for tasks to queue
[2025-11-25T16:37:55.491+0000] {logging_mixin.py:188} INFO - [2025-11-25T16:37:55.491+0000] {dagbag.py:545} INFO - Filling up the DagBag from /home/airflow/.local/lib/python3.12/site-packages/airflow/example_dags/tutorial.py
[2025-11-25T16:37:55.493+0000] {processor.py:840} INFO - DAG(s) 'tutorial' retrieved from /home/airflow/.local/lib/python3.12/site-packages/airflow/example_dags/tutorial.py
[2025-11-25T16:37:55.501+0000] {logging_mixin.py:188} INFO - [2025-11-25T16:37:55.501+0000] {dag.py:3096} INFO - Sync 1 DAGs
[2025-11-25T16:37:55.510+0000] {logging_mixin.py:188} INFO - [2025-11-25T16:37:55.510+0000] {dag.py:3954} INFO - Setting next_dagrun for tutorial to 2025-11-24 00:00:00+00:00, run_after=2025-11-25 00:00:00+00:00
[2025-11-25T16:37:55.517+0000] {processor.py:183} INFO - Processing /home/airflow/.local/lib/python3.12/site-packages/airflow/example_dags/tutorial.py took 0.030 seconds
[2025-11-25T16:38:26.672+0000] {processor.py:161} INFO - Started process (PID=12552) to work on /home/airflow/.local/lib/python3.12/site-packages/airflow/example_dags/tutorial.py
[2025-11-25T16:38:26.672+0000] {processor.py:830} INFO - Processing file /home/airflow/.local/lib/python3.12/site-packages/airflow/example_dags/tutorial.py for tasks to queue
[2025-11-25T16:38:26.674+0000] {logging_mixin.py:188} INFO - [2025-11-25T16:38:26.674+0000] {dagbag.py:545} INFO - Filling up the DagBag from /home/airflow/.local/lib/python3.12/site-packages/airflow/example_dags/tutorial.py
[2025-11-25T16:38:26.677+0000] {processor.py:840} INFO - DAG(s) 'tutorial' retrieved from /home/airflow/.local/lib/python3.12/site-packages/airflow/example_dags/tutorial.py
[2025-11-25T16:38:26.684+0000] {logging_mixin.py:188} INFO - [2025-11-25T16:38:26.684+0000] {dag.py:3096} INFO - Sync 1 DAGs
[2025-11-25T16:38:26.696+0000] {logging_mixin.py:188} INFO - [2025-11-25T16:38:26.696+0000] {dag.py:3954} INFO - Setting next_dagrun for tutorial to 2025-11-24 00:00:00+00:00, run_after=2025-11-25 00:00:00+00:00
[2025-11-25T16:38:26.704+0000] {processor.py:183} INFO - Processing /home/airflow/.local/lib/python3.12/site-packages/airflow/example_dags/tutorial.py took 0.035 seconds
[2025-11-25T16:38:57.602+0000] {processor.py:161} INFO - Started process (PID=12610) to work on /home/airflow/.local/lib/python3.12/site-packages/airflow/example_dags/tutorial.py
[2025-11-25T16:38:57.603+0000] {processor.py:830} INFO - Processing file /home/airflow/.local/lib/python3.12/site-packages/airflow/example_dags/tutorial.py for tasks to queue
[2025-11-25T16:38:57.604+0000] {logging_mixin.py:188} INFO - [2025-11-25T16:38:57.604+0000] {dagbag.py:545} INFO - Filling up the DagBag from /home/airflow/.local/lib/python3.12/site-packages/airflow/example_dags/tutorial.py
[2025-11-25T16:38:57.610+0000] {processor.py:840} INFO - DAG(s) 'tutorial' retrieved from /home/airflow/.local/lib/python3.12/site-packages/airflow/example_dags/tutorial.py
[2025-11-25T16:38:57.626+0000] {logging_mixin.py:188} INFO - [2025-11-25T16:38:57.626+0000] {dag.py:3096} INFO - Sync 1 DAGs
[2025-11-25T16:38:57.640+0000] {logging_mixin.py:188} INFO - [2025-11-25T16:38:57.640+0000] {dag.py:3954} INFO - Setting next_dagrun for tutorial to 2025-11-24 00:00:00+00:00, run_after=2025-11-25 00:00:00+00:00
[2025-11-25T16:38:57.648+0000] {processor.py:183} INFO - Processing /home/airflow/.local/lib/python3.12/site-packages/airflow/example_dags/tutorial.py took 0.049 seconds
[2025-11-25T16:39:27.821+0000] {processor.py:161} INFO - Started process (PID=12668) to work on /home/airflow/.local/lib/python3.12/site-packages/airflow/example_dags/tutorial.py
[2025-11-25T16:39:27.822+0000] {processor.py:830} INFO - Processing file /home/airflow/.local/lib/python3.12/site-packages/airflow/example_dags/tutorial.py for tasks to queue
[2025-11-25T16:39:27.824+0000] {logging_mixin.py:188} INFO - [2025-11-25T16:39:27.824+0000] {dagbag.py:545} INFO - Filling up the DagBag from /home/airflow/.local/lib/python3.12/site-packages/airflow/example_dags/tutorial.py
[2025-11-25T16:39:27.827+0000] {processor.py:840} INFO - DAG(s) 'tutorial' retrieved from /home/airflow/.local/lib/python3.12/site-packages/airflow/example_dags/tutorial.py
[2025-11-25T16:39:27.838+0000] {logging_mixin.py:188} INFO - [2025-11-25T16:39:27.838+0000] {dag.py:3096} INFO - Sync 1 DAGs
[2025-11-25T16:39:27.849+0000] {logging_mixin.py:188} INFO - [2025-11-25T16:39:27.848+0000] {dag.py:3954} INFO - Setting next_dagrun for tutorial to 2025-11-24 00:00:00+00:00, run_after=2025-11-25 00:00:00+00:00
[2025-11-25T16:39:27.861+0000] {processor.py:183} INFO - Processing /home/airflow/.local/lib/python3.12/site-packages/airflow/example_dags/tutorial.py took 0.043 seconds
[2025-11-25T16:39:58.858+0000] {processor.py:161} INFO - Started process (PID=12726) to work on /home/airflow/.local/lib/python3.12/site-packages/airflow/example_dags/tutorial.py
[2025-11-25T16:39:58.859+0000] {processor.py:830} INFO - Processing file /home/airflow/.local/lib/python3.12/site-packages/airflow/example_dags/tutorial.py for tasks to queue
[2025-11-25T16:39:58.860+0000] {logging_mixin.py:188} INFO - [2025-11-25T16:39:58.860+0000] {dagbag.py:545} INFO - Filling up the DagBag from /home/airflow/.local/lib/python3.12/site-packages/airflow/example_dags/tutorial.py
[2025-11-25T16:39:58.865+0000] {processor.py:840} INFO - DAG(s) 'tutorial' retrieved from /home/airflow/.local/lib/python3.12/site-packages/airflow/example_dags/tutorial.py
[2025-11-25T16:39:58.874+0000] {logging_mixin.py:188} INFO - [2025-11-25T16:39:58.874+0000] {dag.py:3096} INFO - Sync 1 DAGs
[2025-11-25T16:39:58.884+0000] {logging_mixin.py:188} INFO - [2025-11-25T16:39:58.884+0000] {dag.py:3954} INFO - Setting next_dagrun for tutorial to 2025-11-24 00:00:00+00:00, run_after=2025-11-25 00:00:00+00:00
[2025-11-25T16:39:58.894+0000] {processor.py:183} INFO - Processing /home/airflow/.local/lib/python3.12/site-packages/airflow/example_dags/tutorial.py took 0.038 seconds
[2025-11-25T16:40:28.984+0000] {processor.py:161} INFO - Started process (PID=12784) to work on /home/airflow/.local/lib/python3.12/site-packages/airflow/example_dags/tutorial.py
[2025-11-25T16:40:28.985+0000] {processor.py:830} INFO - Processing file /home/airflow/.local/lib/python3.12/site-packages/airflow/example_dags/tutorial.py for tasks to queue
[2025-11-25T16:40:28.986+0000] {logging_mixin.py:188} INFO - [2025-11-25T16:40:28.986+0000] {dagbag.py:545} INFO - Filling up the DagBag from /home/airflow/.local/lib/python3.12/site-packages/airflow/example_dags/tutorial.py
[2025-11-25T16:40:28.989+0000] {processor.py:840} INFO - DAG(s) 'tutorial' retrieved from /home/airflow/.local/lib/python3.12/site-packages/airflow/example_dags/tutorial.py
[2025-11-25T16:40:29.000+0000] {logging_mixin.py:188} INFO - [2025-11-25T16:40:29.000+0000] {dag.py:3096} INFO - Sync 1 DAGs
[2025-11-25T16:40:29.008+0000] {logging_mixin.py:188} INFO - [2025-11-25T16:40:29.008+0000] {dag.py:3954} INFO - Setting next_dagrun for tutorial to 2025-11-24 00:00:00+00:00, run_after=2025-11-25 00:00:00+00:00
[2025-11-25T16:40:29.016+0000] {processor.py:183} INFO - Processing /home/airflow/.local/lib/python3.12/site-packages/airflow/example_dags/tutorial.py took 0.035 seconds
[2025-11-25T16:40:59.653+0000] {processor.py:161} INFO - Started process (PID=12842) to work on /home/airflow/.local/lib/python3.12/site-packages/airflow/example_dags/tutorial.py
[2025-11-25T16:40:59.655+0000] {processor.py:830} INFO - Processing file /home/airflow/.local/lib/python3.12/site-packages/airflow/example_dags/tutorial.py for tasks to queue
[2025-11-25T16:40:59.657+0000] {logging_mixin.py:188} INFO - [2025-11-25T16:40:59.657+0000] {dagbag.py:545} INFO - Filling up the DagBag from /home/airflow/.local/lib/python3.12/site-packages/airflow/example_dags/tutorial.py
[2025-11-25T16:40:59.661+0000] {processor.py:840} INFO - DAG(s) 'tutorial' retrieved from /home/airflow/.local/lib/python3.12/site-packages/airflow/example_dags/tutorial.py
[2025-11-25T16:40:59.677+0000] {logging_mixin.py:188} INFO - [2025-11-25T16:40:59.677+0000] {dag.py:3096} INFO - Sync 1 DAGs
[2025-11-25T16:40:59.695+0000] {logging_mixin.py:188} INFO - [2025-11-25T16:40:59.694+0000] {dag.py:3954} INFO - Setting next_dagrun for tutorial to 2025-11-24 00:00:00+00:00, run_after=2025-11-25 00:00:00+00:00
[2025-11-25T16:40:59.713+0000] {processor.py:183} INFO - Processing /home/airflow/.local/lib/python3.12/site-packages/airflow/example_dags/tutorial.py took 0.066 seconds
[2025-11-25T16:41:29.927+0000] {processor.py:161} INFO - Started process (PID=12900) to work on /home/airflow/.local/lib/python3.12/site-packages/airflow/example_dags/tutorial.py
[2025-11-25T16:41:29.930+0000] {processor.py:830} INFO - Processing file /home/airflow/.local/lib/python3.12/site-packages/airflow/example_dags/tutorial.py for tasks to queue
[2025-11-25T16:41:29.931+0000] {logging_mixin.py:188} INFO - [2025-11-25T16:41:29.931+0000] {dagbag.py:545} INFO - Filling up the DagBag from /home/airflow/.local/lib/python3.12/site-packages/airflow/example_dags/tutorial.py
[2025-11-25T16:41:29.933+0000] {processor.py:840} INFO - DAG(s) 'tutorial' retrieved from /home/airflow/.local/lib/python3.12/site-packages/airflow/example_dags/tutorial.py
[2025-11-25T16:41:29.945+0000] {logging_mixin.py:188} INFO - [2025-11-25T16:41:29.945+0000] {dag.py:3096} INFO - Sync 1 DAGs
[2025-11-25T16:41:29.954+0000] {logging_mixin.py:188} INFO - [2025-11-25T16:41:29.954+0000] {dag.py:3954} INFO - Setting next_dagrun for tutorial to 2025-11-24 00:00:00+00:00, run_after=2025-11-25 00:00:00+00:00
[2025-11-25T16:41:29.960+0000] {processor.py:183} INFO - Processing /home/airflow/.local/lib/python3.12/site-packages/airflow/example_dags/tutorial.py took 0.035 seconds
[2025-11-25T16:42:00.581+0000] {processor.py:161} INFO - Started process (PID=12958) to work on /home/airflow/.local/lib/python3.12/site-packages/airflow/example_dags/tutorial.py
[2025-11-25T16:42:00.582+0000] {processor.py:830} INFO - Processing file /home/airflow/.local/lib/python3.12/site-packages/airflow/example_dags/tutorial.py for tasks to queue
[2025-11-25T16:42:00.583+0000] {logging_mixin.py:188} INFO - [2025-11-25T16:42:00.583+0000] {dagbag.py:545} INFO - Filling up the DagBag from /home/airflow/.local/lib/python3.12/site-packages/airflow/example_dags/tutorial.py
[2025-11-25T16:42:00.589+0000] {processor.py:840} INFO - DAG(s) 'tutorial' retrieved from /home/airflow/.local/lib/python3.12/site-packages/airflow/example_dags/tutorial.py
[2025-11-25T16:42:00.602+0000] {logging_mixin.py:188} INFO - [2025-11-25T16:42:00.602+0000] {dag.py:3096} INFO - Sync 1 DAGs
[2025-11-25T16:42:00.629+0000] {logging_mixin.py:188} INFO - [2025-11-25T16:42:00.628+0000] {dag.py:3954} INFO - Setting next_dagrun for tutorial to 2025-11-24 00:00:00+00:00, run_after=2025-11-25 00:00:00+00:00
[2025-11-25T16:42:00.650+0000] {processor.py:183} INFO - Processing /home/airflow/.local/lib/python3.12/site-packages/airflow/example_dags/tutorial.py took 0.073 seconds
[2025-11-25T16:42:31.060+0000] {processor.py:161} INFO - Started process (PID=13016) to work on /home/airflow/.local/lib/python3.12/site-packages/airflow/example_dags/tutorial.py
[2025-11-25T16:42:31.063+0000] {processor.py:830} INFO - Processing file /home/airflow/.local/lib/python3.12/site-packages/airflow/example_dags/tutorial.py for tasks to queue
[2025-11-25T16:42:31.065+0000] {logging_mixin.py:188} INFO - [2025-11-25T16:42:31.065+0000] {dagbag.py:545} INFO - Filling up the DagBag from /home/airflow/.local/lib/python3.12/site-packages/airflow/example_dags/tutorial.py
[2025-11-25T16:42:31.069+0000] {processor.py:840} INFO - DAG(s) 'tutorial' retrieved from /home/airflow/.local/lib/python3.12/site-packages/airflow/example_dags/tutorial.py
[2025-11-25T16:42:31.090+0000] {logging_mixin.py:188} INFO - [2025-11-25T16:42:31.090+0000] {dag.py:3096} INFO - Sync 1 DAGs
[2025-11-25T16:42:31.105+0000] {logging_mixin.py:188} INFO - [2025-11-25T16:42:31.105+0000] {dag.py:3954} INFO - Setting next_dagrun for tutorial to 2025-11-24 00:00:00+00:00, run_after=2025-11-25 00:00:00+00:00
[2025-11-25T16:42:31.112+0000] {processor.py:183} INFO - Processing /home/airflow/.local/lib/python3.12/site-packages/airflow/example_dags/tutorial.py took 0.064 seconds
[2025-11-25T16:43:01.773+0000] {processor.py:161} INFO - Started process (PID=13074) to work on /home/airflow/.local/lib/python3.12/site-packages/airflow/example_dags/tutorial.py
[2025-11-25T16:43:01.775+0000] {processor.py:830} INFO - Processing file /home/airflow/.local/lib/python3.12/site-packages/airflow/example_dags/tutorial.py for tasks to queue
[2025-11-25T16:43:01.777+0000] {logging_mixin.py:188} INFO - [2025-11-25T16:43:01.777+0000] {dagbag.py:545} INFO - Filling up the DagBag from /home/airflow/.local/lib/python3.12/site-packages/airflow/example_dags/tutorial.py
[2025-11-25T16:43:01.783+0000] {processor.py:840} INFO - DAG(s) 'tutorial' retrieved from /home/airflow/.local/lib/python3.12/site-packages/airflow/example_dags/tutorial.py
[2025-11-25T16:43:01.799+0000] {logging_mixin.py:188} INFO - [2025-11-25T16:43:01.799+0000] {dag.py:3096} INFO - Sync 1 DAGs
[2025-11-25T16:43:01.812+0000] {logging_mixin.py:188} INFO - [2025-11-25T16:43:01.812+0000] {dag.py:3954} INFO - Setting next_dagrun for tutorial to 2025-11-24 00:00:00+00:00, run_after=2025-11-25 00:00:00+00:00
[2025-11-25T16:43:01.819+0000] {processor.py:183} INFO - Processing /home/airflow/.local/lib/python3.12/site-packages/airflow/example_dags/tutorial.py took 0.059 seconds
[2025-11-25T16:43:32.695+0000] {processor.py:161} INFO - Started process (PID=13132) to work on /home/airflow/.local/lib/python3.12/site-packages/airflow/example_dags/tutorial.py
[2025-11-25T16:43:32.696+0000] {processor.py:830} INFO - Processing file /home/airflow/.local/lib/python3.12/site-packages/airflow/example_dags/tutorial.py for tasks to queue
[2025-11-25T16:43:32.697+0000] {logging_mixin.py:188} INFO - [2025-11-25T16:43:32.697+0000] {dagbag.py:545} INFO - Filling up the DagBag from /home/airflow/.local/lib/python3.12/site-packages/airflow/example_dags/tutorial.py
[2025-11-25T16:43:32.699+0000] {processor.py:840} INFO - DAG(s) 'tutorial' retrieved from /home/airflow/.local/lib/python3.12/site-packages/airflow/example_dags/tutorial.py
[2025-11-25T16:43:32.707+0000] {logging_mixin.py:188} INFO - [2025-11-25T16:43:32.707+0000] {dag.py:3096} INFO - Sync 1 DAGs
[2025-11-25T16:43:32.713+0000] {logging_mixin.py:188} INFO - [2025-11-25T16:43:32.713+0000] {dag.py:3954} INFO - Setting next_dagrun for tutorial to 2025-11-24 00:00:00+00:00, run_after=2025-11-25 00:00:00+00:00
[2025-11-25T16:43:32.719+0000] {processor.py:183} INFO - Processing /home/airflow/.local/lib/python3.12/site-packages/airflow/example_dags/tutorial.py took 0.025 seconds
[2025-11-25T16:44:03.616+0000] {processor.py:161} INFO - Started process (PID=13190) to work on /home/airflow/.local/lib/python3.12/site-packages/airflow/example_dags/tutorial.py
[2025-11-25T16:44:03.617+0000] {processor.py:830} INFO - Processing file /home/airflow/.local/lib/python3.12/site-packages/airflow/example_dags/tutorial.py for tasks to queue
[2025-11-25T16:44:03.618+0000] {logging_mixin.py:188} INFO - [2025-11-25T16:44:03.618+0000] {dagbag.py:545} INFO - Filling up the DagBag from /home/airflow/.local/lib/python3.12/site-packages/airflow/example_dags/tutorial.py
[2025-11-25T16:44:03.621+0000] {processor.py:840} INFO - DAG(s) 'tutorial' retrieved from /home/airflow/.local/lib/python3.12/site-packages/airflow/example_dags/tutorial.py
[2025-11-25T16:44:03.632+0000] {logging_mixin.py:188} INFO - [2025-11-25T16:44:03.632+0000] {dag.py:3096} INFO - Sync 1 DAGs
[2025-11-25T16:44:03.641+0000] {logging_mixin.py:188} INFO - [2025-11-25T16:44:03.641+0000] {dag.py:3954} INFO - Setting next_dagrun for tutorial to 2025-11-24 00:00:00+00:00, run_after=2025-11-25 00:00:00+00:00
[2025-11-25T16:44:03.648+0000] {processor.py:183} INFO - Processing /home/airflow/.local/lib/python3.12/site-packages/airflow/example_dags/tutorial.py took 0.034 seconds
[2025-11-25T16:44:34.478+0000] {processor.py:161} INFO - Started process (PID=13248) to work on /home/airflow/.local/lib/python3.12/site-packages/airflow/example_dags/tutorial.py
[2025-11-25T16:44:34.480+0000] {processor.py:830} INFO - Processing file /home/airflow/.local/lib/python3.12/site-packages/airflow/example_dags/tutorial.py for tasks to queue
[2025-11-25T16:44:34.481+0000] {logging_mixin.py:188} INFO - [2025-11-25T16:44:34.481+0000] {dagbag.py:545} INFO - Filling up the DagBag from /home/airflow/.local/lib/python3.12/site-packages/airflow/example_dags/tutorial.py
[2025-11-25T16:44:34.484+0000] {processor.py:840} INFO - DAG(s) 'tutorial' retrieved from /home/airflow/.local/lib/python3.12/site-packages/airflow/example_dags/tutorial.py
[2025-11-25T16:44:34.492+0000] {logging_mixin.py:188} INFO - [2025-11-25T16:44:34.492+0000] {dag.py:3096} INFO - Sync 1 DAGs
[2025-11-25T16:44:34.500+0000] {logging_mixin.py:188} INFO - [2025-11-25T16:44:34.500+0000] {dag.py:3954} INFO - Setting next_dagrun for tutorial to 2025-11-24 00:00:00+00:00, run_after=2025-11-25 00:00:00+00:00
[2025-11-25T16:44:34.511+0000] {processor.py:183} INFO - Processing /home/airflow/.local/lib/python3.12/site-packages/airflow/example_dags/tutorial.py took 0.035 seconds
[2025-11-25T16:45:05.550+0000] {processor.py:161} INFO - Started process (PID=13306) to work on /home/airflow/.local/lib/python3.12/site-packages/airflow/example_dags/tutorial.py
[2025-11-25T16:45:05.551+0000] {processor.py:830} INFO - Processing file /home/airflow/.local/lib/python3.12/site-packages/airflow/example_dags/tutorial.py for tasks to queue
[2025-11-25T16:45:05.552+0000] {logging_mixin.py:188} INFO - [2025-11-25T16:45:05.552+0000] {dagbag.py:545} INFO - Filling up the DagBag from /home/airflow/.local/lib/python3.12/site-packages/airflow/example_dags/tutorial.py
[2025-11-25T16:45:05.555+0000] {processor.py:840} INFO - DAG(s) 'tutorial' retrieved from /home/airflow/.local/lib/python3.12/site-packages/airflow/example_dags/tutorial.py
[2025-11-25T16:45:05.565+0000] {logging_mixin.py:188} INFO - [2025-11-25T16:45:05.565+0000] {dag.py:3096} INFO - Sync 1 DAGs
[2025-11-25T16:45:05.574+0000] {logging_mixin.py:188} INFO - [2025-11-25T16:45:05.574+0000] {dag.py:3954} INFO - Setting next_dagrun for tutorial to 2025-11-24 00:00:00+00:00, run_after=2025-11-25 00:00:00+00:00
[2025-11-25T16:45:05.581+0000] {processor.py:183} INFO - Processing /home/airflow/.local/lib/python3.12/site-packages/airflow/example_dags/tutorial.py took 0.033 seconds
[2025-11-25T16:45:36.459+0000] {processor.py:161} INFO - Started process (PID=13363) to work on /home/airflow/.local/lib/python3.12/site-packages/airflow/example_dags/tutorial.py
[2025-11-25T16:45:36.460+0000] {processor.py:830} INFO - Processing file /home/airflow/.local/lib/python3.12/site-packages/airflow/example_dags/tutorial.py for tasks to queue
[2025-11-25T16:45:36.461+0000] {logging_mixin.py:188} INFO - [2025-11-25T16:45:36.461+0000] {dagbag.py:545} INFO - Filling up the DagBag from /home/airflow/.local/lib/python3.12/site-packages/airflow/example_dags/tutorial.py
[2025-11-25T16:45:36.463+0000] {processor.py:840} INFO - DAG(s) 'tutorial' retrieved from /home/airflow/.local/lib/python3.12/site-packages/airflow/example_dags/tutorial.py
[2025-11-25T16:45:36.471+0000] {logging_mixin.py:188} INFO - [2025-11-25T16:45:36.471+0000] {dag.py:3096} INFO - Sync 1 DAGs
[2025-11-25T16:45:36.480+0000] {logging_mixin.py:188} INFO - [2025-11-25T16:45:36.480+0000] {dag.py:3954} INFO - Setting next_dagrun for tutorial to 2025-11-24 00:00:00+00:00, run_after=2025-11-25 00:00:00+00:00
[2025-11-25T16:45:36.489+0000] {processor.py:183} INFO - Processing /home/airflow/.local/lib/python3.12/site-packages/airflow/example_dags/tutorial.py took 0.032 seconds
[2025-11-25T16:46:07.370+0000] {processor.py:161} INFO - Started process (PID=13421) to work on /home/airflow/.local/lib/python3.12/site-packages/airflow/example_dags/tutorial.py
[2025-11-25T16:46:07.371+0000] {processor.py:830} INFO - Processing file /home/airflow/.local/lib/python3.12/site-packages/airflow/example_dags/tutorial.py for tasks to queue
[2025-11-25T16:46:07.372+0000] {logging_mixin.py:188} INFO - [2025-11-25T16:46:07.372+0000] {dagbag.py:545} INFO - Filling up the DagBag from /home/airflow/.local/lib/python3.12/site-packages/airflow/example_dags/tutorial.py
[2025-11-25T16:46:07.375+0000] {processor.py:840} INFO - DAG(s) 'tutorial' retrieved from /home/airflow/.local/lib/python3.12/site-packages/airflow/example_dags/tutorial.py
[2025-11-25T16:46:07.386+0000] {logging_mixin.py:188} INFO - [2025-11-25T16:46:07.386+0000] {dag.py:3096} INFO - Sync 1 DAGs
[2025-11-25T16:46:07.394+0000] {logging_mixin.py:188} INFO - [2025-11-25T16:46:07.394+0000] {dag.py:3954} INFO - Setting next_dagrun for tutorial to 2025-11-24 00:00:00+00:00, run_after=2025-11-25 00:00:00+00:00
[2025-11-25T16:46:07.401+0000] {processor.py:183} INFO - Processing /home/airflow/.local/lib/python3.12/site-packages/airflow/example_dags/tutorial.py took 0.034 seconds
[2025-11-25T16:46:38.903+0000] {processor.py:161} INFO - Started process (PID=13479) to work on /home/airflow/.local/lib/python3.12/site-packages/airflow/example_dags/tutorial.py
[2025-11-25T16:46:38.904+0000] {processor.py:830} INFO - Processing file /home/airflow/.local/lib/python3.12/site-packages/airflow/example_dags/tutorial.py for tasks to queue
[2025-11-25T16:46:38.905+0000] {logging_mixin.py:188} INFO - [2025-11-25T16:46:38.905+0000] {dagbag.py:545} INFO - Filling up the DagBag from /home/airflow/.local/lib/python3.12/site-packages/airflow/example_dags/tutorial.py
[2025-11-25T16:46:38.907+0000] {processor.py:840} INFO - DAG(s) 'tutorial' retrieved from /home/airflow/.local/lib/python3.12/site-packages/airflow/example_dags/tutorial.py
[2025-11-25T16:46:38.922+0000] {logging_mixin.py:188} INFO - [2025-11-25T16:46:38.922+0000] {dag.py:3096} INFO - Sync 1 DAGs
[2025-11-25T16:46:38.942+0000] {logging_mixin.py:188} INFO - [2025-11-25T16:46:38.941+0000] {dag.py:3954} INFO - Setting next_dagrun for tutorial to 2025-11-24 00:00:00+00:00, run_after=2025-11-25 00:00:00+00:00
[2025-11-25T16:46:38.954+0000] {processor.py:183} INFO - Processing /home/airflow/.local/lib/python3.12/site-packages/airflow/example_dags/tutorial.py took 0.053 seconds
[2025-11-25T16:47:09.674+0000] {processor.py:161} INFO - Started process (PID=13537) to work on /home/airflow/.local/lib/python3.12/site-packages/airflow/example_dags/tutorial.py
[2025-11-25T16:47:09.675+0000] {processor.py:830} INFO - Processing file /home/airflow/.local/lib/python3.12/site-packages/airflow/example_dags/tutorial.py for tasks to queue
[2025-11-25T16:47:09.676+0000] {logging_mixin.py:188} INFO - [2025-11-25T16:47:09.676+0000] {dagbag.py:545} INFO - Filling up the DagBag from /home/airflow/.local/lib/python3.12/site-packages/airflow/example_dags/tutorial.py
[2025-11-25T16:47:09.678+0000] {processor.py:840} INFO - DAG(s) 'tutorial' retrieved from /home/airflow/.local/lib/python3.12/site-packages/airflow/example_dags/tutorial.py
[2025-11-25T16:47:09.686+0000] {logging_mixin.py:188} INFO - [2025-11-25T16:47:09.686+0000] {dag.py:3096} INFO - Sync 1 DAGs
[2025-11-25T16:47:09.696+0000] {logging_mixin.py:188} INFO - [2025-11-25T16:47:09.696+0000] {dag.py:3954} INFO - Setting next_dagrun for tutorial to 2025-11-24 00:00:00+00:00, run_after=2025-11-25 00:00:00+00:00
[2025-11-25T16:47:09.715+0000] {processor.py:183} INFO - Processing /home/airflow/.local/lib/python3.12/site-packages/airflow/example_dags/tutorial.py took 0.043 seconds
[2025-11-25T16:47:40.614+0000] {processor.py:161} INFO - Started process (PID=13595) to work on /home/airflow/.local/lib/python3.12/site-packages/airflow/example_dags/tutorial.py
[2025-11-25T16:47:40.616+0000] {processor.py:830} INFO - Processing file /home/airflow/.local/lib/python3.12/site-packages/airflow/example_dags/tutorial.py for tasks to queue
[2025-11-25T16:47:40.617+0000] {logging_mixin.py:188} INFO - [2025-11-25T16:47:40.617+0000] {dagbag.py:545} INFO - Filling up the DagBag from /home/airflow/.local/lib/python3.12/site-packages/airflow/example_dags/tutorial.py
[2025-11-25T16:47:40.620+0000] {processor.py:840} INFO - DAG(s) 'tutorial' retrieved from /home/airflow/.local/lib/python3.12/site-packages/airflow/example_dags/tutorial.py
[2025-11-25T16:47:40.631+0000] {logging_mixin.py:188} INFO - [2025-11-25T16:47:40.631+0000] {dag.py:3096} INFO - Sync 1 DAGs
[2025-11-25T16:47:40.646+0000] {logging_mixin.py:188} INFO - [2025-11-25T16:47:40.646+0000] {dag.py:3954} INFO - Setting next_dagrun for tutorial to 2025-11-24 00:00:00+00:00, run_after=2025-11-25 00:00:00+00:00
[2025-11-25T16:47:40.657+0000] {processor.py:183} INFO - Processing /home/airflow/.local/lib/python3.12/site-packages/airflow/example_dags/tutorial.py took 0.047 seconds
[2025-11-25T16:48:11.346+0000] {processor.py:161} INFO - Started process (PID=13653) to work on /home/airflow/.local/lib/python3.12/site-packages/airflow/example_dags/tutorial.py
[2025-11-25T16:48:11.346+0000] {processor.py:830} INFO - Processing file /home/airflow/.local/lib/python3.12/site-packages/airflow/example_dags/tutorial.py for tasks to queue
[2025-11-25T16:48:11.347+0000] {logging_mixin.py:188} INFO - [2025-11-25T16:48:11.347+0000] {dagbag.py:545} INFO - Filling up the DagBag from /home/airflow/.local/lib/python3.12/site-packages/airflow/example_dags/tutorial.py
[2025-11-25T16:48:11.349+0000] {processor.py:840} INFO - DAG(s) 'tutorial' retrieved from /home/airflow/.local/lib/python3.12/site-packages/airflow/example_dags/tutorial.py
[2025-11-25T16:48:11.356+0000] {logging_mixin.py:188} INFO - [2025-11-25T16:48:11.356+0000] {dag.py:3096} INFO - Sync 1 DAGs
[2025-11-25T16:48:11.363+0000] {logging_mixin.py:188} INFO - [2025-11-25T16:48:11.363+0000] {dag.py:3954} INFO - Setting next_dagrun for tutorial to 2025-11-24 00:00:00+00:00, run_after=2025-11-25 00:00:00+00:00
[2025-11-25T16:48:11.369+0000] {processor.py:183} INFO - Processing /home/airflow/.local/lib/python3.12/site-packages/airflow/example_dags/tutorial.py took 0.025 seconds
[2025-11-25T16:48:42.485+0000] {processor.py:161} INFO - Started process (PID=13711) to work on /home/airflow/.local/lib/python3.12/site-packages/airflow/example_dags/tutorial.py
[2025-11-25T16:48:42.486+0000] {processor.py:830} INFO - Processing file /home/airflow/.local/lib/python3.12/site-packages/airflow/example_dags/tutorial.py for tasks to queue
[2025-11-25T16:48:42.488+0000] {logging_mixin.py:188} INFO - [2025-11-25T16:48:42.487+0000] {dagbag.py:545} INFO - Filling up the DagBag from /home/airflow/.local/lib/python3.12/site-packages/airflow/example_dags/tutorial.py
[2025-11-25T16:48:42.491+0000] {processor.py:840} INFO - DAG(s) 'tutorial' retrieved from /home/airflow/.local/lib/python3.12/site-packages/airflow/example_dags/tutorial.py
[2025-11-25T16:48:42.502+0000] {logging_mixin.py:188} INFO - [2025-11-25T16:48:42.502+0000] {dag.py:3096} INFO - Sync 1 DAGs
[2025-11-25T16:48:42.512+0000] {logging_mixin.py:188} INFO - [2025-11-25T16:48:42.512+0000] {dag.py:3954} INFO - Setting next_dagrun for tutorial to 2025-11-24 00:00:00+00:00, run_after=2025-11-25 00:00:00+00:00
[2025-11-25T16:48:42.519+0000] {processor.py:183} INFO - Processing /home/airflow/.local/lib/python3.12/site-packages/airflow/example_dags/tutorial.py took 0.037 seconds
[2025-11-25T16:49:13.350+0000] {processor.py:161} INFO - Started process (PID=13768) to work on /home/airflow/.local/lib/python3.12/site-packages/airflow/example_dags/tutorial.py
[2025-11-25T16:49:13.351+0000] {processor.py:830} INFO - Processing file /home/airflow/.local/lib/python3.12/site-packages/airflow/example_dags/tutorial.py for tasks to queue
[2025-11-25T16:49:13.352+0000] {logging_mixin.py:188} INFO - [2025-11-25T16:49:13.351+0000] {dagbag.py:545} INFO - Filling up the DagBag from /home/airflow/.local/lib/python3.12/site-packages/airflow/example_dags/tutorial.py
[2025-11-25T16:49:13.354+0000] {processor.py:840} INFO - DAG(s) 'tutorial' retrieved from /home/airflow/.local/lib/python3.12/site-packages/airflow/example_dags/tutorial.py
[2025-11-25T16:49:13.364+0000] {logging_mixin.py:188} INFO - [2025-11-25T16:49:13.363+0000] {dag.py:3096} INFO - Sync 1 DAGs
[2025-11-25T16:49:13.378+0000] {logging_mixin.py:188} INFO - [2025-11-25T16:49:13.378+0000] {dag.py:3954} INFO - Setting next_dagrun for tutorial to 2025-11-24 00:00:00+00:00, run_after=2025-11-25 00:00:00+00:00
[2025-11-25T16:49:13.392+0000] {processor.py:183} INFO - Processing /home/airflow/.local/lib/python3.12/site-packages/airflow/example_dags/tutorial.py took 0.045 seconds
[2025-11-25T16:49:43.593+0000] {processor.py:161} INFO - Started process (PID=13825) to work on /home/airflow/.local/lib/python3.12/site-packages/airflow/example_dags/tutorial.py
[2025-11-25T16:49:43.594+0000] {processor.py:830} INFO - Processing file /home/airflow/.local/lib/python3.12/site-packages/airflow/example_dags/tutorial.py for tasks to queue
[2025-11-25T16:49:43.595+0000] {logging_mixin.py:188} INFO - [2025-11-25T16:49:43.594+0000] {dagbag.py:545} INFO - Filling up the DagBag from /home/airflow/.local/lib/python3.12/site-packages/airflow/example_dags/tutorial.py
[2025-11-25T16:49:43.597+0000] {processor.py:840} INFO - DAG(s) 'tutorial' retrieved from /home/airflow/.local/lib/python3.12/site-packages/airflow/example_dags/tutorial.py
[2025-11-25T16:49:43.605+0000] {logging_mixin.py:188} INFO - [2025-11-25T16:49:43.605+0000] {dag.py:3096} INFO - Sync 1 DAGs
[2025-11-25T16:49:43.612+0000] {logging_mixin.py:188} INFO - [2025-11-25T16:49:43.612+0000] {dag.py:3954} INFO - Setting next_dagrun for tutorial to 2025-11-24 00:00:00+00:00, run_after=2025-11-25 00:00:00+00:00
[2025-11-25T16:49:43.617+0000] {processor.py:183} INFO - Processing /home/airflow/.local/lib/python3.12/site-packages/airflow/example_dags/tutorial.py took 0.026 seconds
[2025-11-25T16:50:14.177+0000] {processor.py:161} INFO - Started process (PID=13883) to work on /home/airflow/.local/lib/python3.12/site-packages/airflow/example_dags/tutorial.py
[2025-11-25T16:50:14.177+0000] {processor.py:830} INFO - Processing file /home/airflow/.local/lib/python3.12/site-packages/airflow/example_dags/tutorial.py for tasks to queue
[2025-11-25T16:50:14.178+0000] {logging_mixin.py:188} INFO - [2025-11-25T16:50:14.178+0000] {dagbag.py:545} INFO - Filling up the DagBag from /home/airflow/.local/lib/python3.12/site-packages/airflow/example_dags/tutorial.py
[2025-11-25T16:50:14.181+0000] {processor.py:840} INFO - DAG(s) 'tutorial' retrieved from /home/airflow/.local/lib/python3.12/site-packages/airflow/example_dags/tutorial.py
[2025-11-25T16:50:14.190+0000] {logging_mixin.py:188} INFO - [2025-11-25T16:50:14.190+0000] {dag.py:3096} INFO - Sync 1 DAGs
[2025-11-25T16:50:14.198+0000] {logging_mixin.py:188} INFO - [2025-11-25T16:50:14.198+0000] {dag.py:3954} INFO - Setting next_dagrun for tutorial to 2025-11-24 00:00:00+00:00, run_after=2025-11-25 00:00:00+00:00
[2025-11-25T16:50:14.204+0000] {processor.py:183} INFO - Processing /home/airflow/.local/lib/python3.12/site-packages/airflow/example_dags/tutorial.py took 0.029 seconds
[2025-11-25T16:50:45.188+0000] {processor.py:161} INFO - Started process (PID=13941) to work on /home/airflow/.local/lib/python3.12/site-packages/airflow/example_dags/tutorial.py
[2025-11-25T16:50:45.189+0000] {processor.py:830} INFO - Processing file /home/airflow/.local/lib/python3.12/site-packages/airflow/example_dags/tutorial.py for tasks to queue
[2025-11-25T16:50:45.190+0000] {logging_mixin.py:188} INFO - [2025-11-25T16:50:45.190+0000] {dagbag.py:545} INFO - Filling up the DagBag from /home/airflow/.local/lib/python3.12/site-packages/airflow/example_dags/tutorial.py
[2025-11-25T16:50:45.192+0000] {processor.py:840} INFO - DAG(s) 'tutorial' retrieved from /home/airflow/.local/lib/python3.12/site-packages/airflow/example_dags/tutorial.py
[2025-11-25T16:50:45.203+0000] {logging_mixin.py:188} INFO - [2025-11-25T16:50:45.202+0000] {dag.py:3096} INFO - Sync 1 DAGs
[2025-11-25T16:50:45.211+0000] {logging_mixin.py:188} INFO - [2025-11-25T16:50:45.210+0000] {dag.py:3954} INFO - Setting next_dagrun for tutorial to 2025-11-24 00:00:00+00:00, run_after=2025-11-25 00:00:00+00:00
[2025-11-25T16:50:45.220+0000] {processor.py:183} INFO - Processing /home/airflow/.local/lib/python3.12/site-packages/airflow/example_dags/tutorial.py took 0.034 seconds
[2025-11-25T16:51:15.344+0000] {processor.py:161} INFO - Started process (PID=13999) to work on /home/airflow/.local/lib/python3.12/site-packages/airflow/example_dags/tutorial.py
[2025-11-25T16:51:15.345+0000] {processor.py:830} INFO - Processing file /home/airflow/.local/lib/python3.12/site-packages/airflow/example_dags/tutorial.py for tasks to queue
[2025-11-25T16:51:15.347+0000] {logging_mixin.py:188} INFO - [2025-11-25T16:51:15.346+0000] {dagbag.py:545} INFO - Filling up the DagBag from /home/airflow/.local/lib/python3.12/site-packages/airflow/example_dags/tutorial.py
[2025-11-25T16:51:15.349+0000] {processor.py:840} INFO - DAG(s) 'tutorial' retrieved from /home/airflow/.local/lib/python3.12/site-packages/airflow/example_dags/tutorial.py
[2025-11-25T16:51:15.359+0000] {logging_mixin.py:188} INFO - [2025-11-25T16:51:15.359+0000] {dag.py:3096} INFO - Sync 1 DAGs
[2025-11-25T16:51:15.370+0000] {logging_mixin.py:188} INFO - [2025-11-25T16:51:15.370+0000] {dag.py:3954} INFO - Setting next_dagrun for tutorial to 2025-11-24 00:00:00+00:00, run_after=2025-11-25 00:00:00+00:00
[2025-11-25T16:51:15.380+0000] {processor.py:183} INFO - Processing /home/airflow/.local/lib/python3.12/site-packages/airflow/example_dags/tutorial.py took 0.038 seconds
[2025-11-25T16:51:45.442+0000] {processor.py:161} INFO - Started process (PID=14057) to work on /home/airflow/.local/lib/python3.12/site-packages/airflow/example_dags/tutorial.py
[2025-11-25T16:51:45.443+0000] {processor.py:830} INFO - Processing file /home/airflow/.local/lib/python3.12/site-packages/airflow/example_dags/tutorial.py for tasks to queue
[2025-11-25T16:51:45.443+0000] {logging_mixin.py:188} INFO - [2025-11-25T16:51:45.443+0000] {dagbag.py:545} INFO - Filling up the DagBag from /home/airflow/.local/lib/python3.12/site-packages/airflow/example_dags/tutorial.py
[2025-11-25T16:51:45.445+0000] {processor.py:840} INFO - DAG(s) 'tutorial' retrieved from /home/airflow/.local/lib/python3.12/site-packages/airflow/example_dags/tutorial.py
[2025-11-25T16:51:45.456+0000] {logging_mixin.py:188} INFO - [2025-11-25T16:51:45.456+0000] {dag.py:3096} INFO - Sync 1 DAGs
[2025-11-25T16:51:45.471+0000] {logging_mixin.py:188} INFO - [2025-11-25T16:51:45.470+0000] {dag.py:3954} INFO - Setting next_dagrun for tutorial to 2025-11-24 00:00:00+00:00, run_after=2025-11-25 00:00:00+00:00
[2025-11-25T16:51:45.480+0000] {processor.py:183} INFO - Processing /home/airflow/.local/lib/python3.12/site-packages/airflow/example_dags/tutorial.py took 0.041 seconds
[2025-11-25T16:52:16.482+0000] {processor.py:161} INFO - Started process (PID=14115) to work on /home/airflow/.local/lib/python3.12/site-packages/airflow/example_dags/tutorial.py
[2025-11-25T16:52:16.482+0000] {processor.py:830} INFO - Processing file /home/airflow/.local/lib/python3.12/site-packages/airflow/example_dags/tutorial.py for tasks to queue
[2025-11-25T16:52:16.484+0000] {logging_mixin.py:188} INFO - [2025-11-25T16:52:16.484+0000] {dagbag.py:545} INFO - Filling up the DagBag from /home/airflow/.local/lib/python3.12/site-packages/airflow/example_dags/tutorial.py
[2025-11-25T16:52:16.486+0000] {processor.py:840} INFO - DAG(s) 'tutorial' retrieved from /home/airflow/.local/lib/python3.12/site-packages/airflow/example_dags/tutorial.py
[2025-11-25T16:52:16.494+0000] {logging_mixin.py:188} INFO - [2025-11-25T16:52:16.494+0000] {dag.py:3096} INFO - Sync 1 DAGs
[2025-11-25T16:52:16.504+0000] {logging_mixin.py:188} INFO - [2025-11-25T16:52:16.503+0000] {dag.py:3954} INFO - Setting next_dagrun for tutorial to 2025-11-24 00:00:00+00:00, run_after=2025-11-25 00:00:00+00:00
[2025-11-25T16:52:16.516+0000] {processor.py:183} INFO - Processing /home/airflow/.local/lib/python3.12/site-packages/airflow/example_dags/tutorial.py took 0.036 seconds
[2025-11-25T16:52:47.558+0000] {processor.py:161} INFO - Started process (PID=14173) to work on /home/airflow/.local/lib/python3.12/site-packages/airflow/example_dags/tutorial.py
[2025-11-25T16:52:47.559+0000] {processor.py:830} INFO - Processing file /home/airflow/.local/lib/python3.12/site-packages/airflow/example_dags/tutorial.py for tasks to queue
[2025-11-25T16:52:47.559+0000] {logging_mixin.py:188} INFO - [2025-11-25T16:52:47.559+0000] {dagbag.py:545} INFO - Filling up the DagBag from /home/airflow/.local/lib/python3.12/site-packages/airflow/example_dags/tutorial.py
[2025-11-25T16:52:47.562+0000] {processor.py:840} INFO - DAG(s) 'tutorial' retrieved from /home/airflow/.local/lib/python3.12/site-packages/airflow/example_dags/tutorial.py
[2025-11-25T16:52:47.570+0000] {logging_mixin.py:188} INFO - [2025-11-25T16:52:47.570+0000] {dag.py:3096} INFO - Sync 1 DAGs
[2025-11-25T16:52:47.578+0000] {logging_mixin.py:188} INFO - [2025-11-25T16:52:47.578+0000] {dag.py:3954} INFO - Setting next_dagrun for tutorial to 2025-11-24 00:00:00+00:00, run_after=2025-11-25 00:00:00+00:00
[2025-11-25T16:52:47.590+0000] {processor.py:183} INFO - Processing /home/airflow/.local/lib/python3.12/site-packages/airflow/example_dags/tutorial.py took 0.034 seconds
[2025-11-25T16:53:18.710+0000] {processor.py:161} INFO - Started process (PID=14231) to work on /home/airflow/.local/lib/python3.12/site-packages/airflow/example_dags/tutorial.py
[2025-11-25T16:53:18.714+0000] {processor.py:830} INFO - Processing file /home/airflow/.local/lib/python3.12/site-packages/airflow/example_dags/tutorial.py for tasks to queue
[2025-11-25T16:53:18.715+0000] {logging_mixin.py:188} INFO - [2025-11-25T16:53:18.715+0000] {dagbag.py:545} INFO - Filling up the DagBag from /home/airflow/.local/lib/python3.12/site-packages/airflow/example_dags/tutorial.py
[2025-11-25T16:53:18.718+0000] {processor.py:840} INFO - DAG(s) 'tutorial' retrieved from /home/airflow/.local/lib/python3.12/site-packages/airflow/example_dags/tutorial.py
[2025-11-25T16:53:18.730+0000] {logging_mixin.py:188} INFO - [2025-11-25T16:53:18.729+0000] {dag.py:3096} INFO - Sync 1 DAGs
[2025-11-25T16:53:18.740+0000] {logging_mixin.py:188} INFO - [2025-11-25T16:53:18.740+0000] {dag.py:3954} INFO - Setting next_dagrun for tutorial to 2025-11-24 00:00:00+00:00, run_after=2025-11-25 00:00:00+00:00
[2025-11-25T16:53:18.750+0000] {processor.py:183} INFO - Processing /home/airflow/.local/lib/python3.12/site-packages/airflow/example_dags/tutorial.py took 0.044 seconds
[2025-11-25T16:53:48.973+0000] {processor.py:161} INFO - Started process (PID=14289) to work on /home/airflow/.local/lib/python3.12/site-packages/airflow/example_dags/tutorial.py
[2025-11-25T16:53:48.973+0000] {processor.py:830} INFO - Processing file /home/airflow/.local/lib/python3.12/site-packages/airflow/example_dags/tutorial.py for tasks to queue
[2025-11-25T16:53:48.974+0000] {logging_mixin.py:188} INFO - [2025-11-25T16:53:48.974+0000] {dagbag.py:545} INFO - Filling up the DagBag from /home/airflow/.local/lib/python3.12/site-packages/airflow/example_dags/tutorial.py
[2025-11-25T16:53:48.976+0000] {processor.py:840} INFO - DAG(s) 'tutorial' retrieved from /home/airflow/.local/lib/python3.12/site-packages/airflow/example_dags/tutorial.py
[2025-11-25T16:53:48.984+0000] {logging_mixin.py:188} INFO - [2025-11-25T16:53:48.984+0000] {dag.py:3096} INFO - Sync 1 DAGs
[2025-11-25T16:53:48.993+0000] {logging_mixin.py:188} INFO - [2025-11-25T16:53:48.992+0000] {dag.py:3954} INFO - Setting next_dagrun for tutorial to 2025-11-24 00:00:00+00:00, run_after=2025-11-25 00:00:00+00:00
[2025-11-25T16:53:49.002+0000] {processor.py:183} INFO - Processing /home/airflow/.local/lib/python3.12/site-packages/airflow/example_dags/tutorial.py took 0.031 seconds
[2025-11-25T16:54:19.235+0000] {processor.py:161} INFO - Started process (PID=14353) to work on /home/airflow/.local/lib/python3.12/site-packages/airflow/example_dags/tutorial.py
[2025-11-25T16:54:19.236+0000] {processor.py:830} INFO - Processing file /home/airflow/.local/lib/python3.12/site-packages/airflow/example_dags/tutorial.py for tasks to queue
[2025-11-25T16:54:19.236+0000] {logging_mixin.py:188} INFO - [2025-11-25T16:54:19.236+0000] {dagbag.py:545} INFO - Filling up the DagBag from /home/airflow/.local/lib/python3.12/site-packages/airflow/example_dags/tutorial.py
[2025-11-25T16:54:19.239+0000] {processor.py:840} INFO - DAG(s) 'tutorial' retrieved from /home/airflow/.local/lib/python3.12/site-packages/airflow/example_dags/tutorial.py
[2025-11-25T16:54:19.247+0000] {logging_mixin.py:188} INFO - [2025-11-25T16:54:19.247+0000] {dag.py:3096} INFO - Sync 1 DAGs
[2025-11-25T16:54:19.258+0000] {logging_mixin.py:188} INFO - [2025-11-25T16:54:19.258+0000] {dag.py:3954} INFO - Setting next_dagrun for tutorial to 2025-11-24 00:00:00+00:00, run_after=2025-11-25 00:00:00+00:00
[2025-11-25T16:54:19.268+0000] {processor.py:183} INFO - Processing /home/airflow/.local/lib/python3.12/site-packages/airflow/example_dags/tutorial.py took 0.036 seconds
[2025-11-25T16:54:50.651+0000] {processor.py:161} INFO - Started process (PID=14411) to work on /home/airflow/.local/lib/python3.12/site-packages/airflow/example_dags/tutorial.py
[2025-11-25T16:54:50.653+0000] {processor.py:830} INFO - Processing file /home/airflow/.local/lib/python3.12/site-packages/airflow/example_dags/tutorial.py for tasks to queue
[2025-11-25T16:54:50.655+0000] {logging_mixin.py:188} INFO - [2025-11-25T16:54:50.655+0000] {dagbag.py:545} INFO - Filling up the DagBag from /home/airflow/.local/lib/python3.12/site-packages/airflow/example_dags/tutorial.py
[2025-11-25T16:54:50.657+0000] {processor.py:840} INFO - DAG(s) 'tutorial' retrieved from /home/airflow/.local/lib/python3.12/site-packages/airflow/example_dags/tutorial.py
[2025-11-25T16:54:50.666+0000] {logging_mixin.py:188} INFO - [2025-11-25T16:54:50.665+0000] {dag.py:3096} INFO - Sync 1 DAGs
[2025-11-25T16:54:50.678+0000] {logging_mixin.py:188} INFO - [2025-11-25T16:54:50.677+0000] {dag.py:3954} INFO - Setting next_dagrun for tutorial to 2025-11-24 00:00:00+00:00, run_after=2025-11-25 00:00:00+00:00
[2025-11-25T16:54:50.690+0000] {processor.py:183} INFO - Processing /home/airflow/.local/lib/python3.12/site-packages/airflow/example_dags/tutorial.py took 0.042 seconds
[2025-11-25T16:55:20.902+0000] {processor.py:161} INFO - Started process (PID=14469) to work on /home/airflow/.local/lib/python3.12/site-packages/airflow/example_dags/tutorial.py
[2025-11-25T16:55:20.903+0000] {processor.py:830} INFO - Processing file /home/airflow/.local/lib/python3.12/site-packages/airflow/example_dags/tutorial.py for tasks to queue
[2025-11-25T16:55:20.905+0000] {logging_mixin.py:188} INFO - [2025-11-25T16:55:20.905+0000] {dagbag.py:545} INFO - Filling up the DagBag from /home/airflow/.local/lib/python3.12/site-packages/airflow/example_dags/tutorial.py
[2025-11-25T16:55:20.909+0000] {processor.py:840} INFO - DAG(s) 'tutorial' retrieved from /home/airflow/.local/lib/python3.12/site-packages/airflow/example_dags/tutorial.py
[2025-11-25T16:55:20.921+0000] {logging_mixin.py:188} INFO - [2025-11-25T16:55:20.921+0000] {dag.py:3096} INFO - Sync 1 DAGs
[2025-11-25T16:55:20.933+0000] {logging_mixin.py:188} INFO - [2025-11-25T16:55:20.933+0000] {dag.py:3954} INFO - Setting next_dagrun for tutorial to 2025-11-24 00:00:00+00:00, run_after=2025-11-25 00:00:00+00:00
[2025-11-25T16:55:20.944+0000] {processor.py:183} INFO - Processing /home/airflow/.local/lib/python3.12/site-packages/airflow/example_dags/tutorial.py took 0.044 seconds
[2025-11-25T16:55:51.165+0000] {processor.py:161} INFO - Started process (PID=14527) to work on /home/airflow/.local/lib/python3.12/site-packages/airflow/example_dags/tutorial.py
[2025-11-25T16:55:51.168+0000] {processor.py:830} INFO - Processing file /home/airflow/.local/lib/python3.12/site-packages/airflow/example_dags/tutorial.py for tasks to queue
[2025-11-25T16:55:51.169+0000] {logging_mixin.py:188} INFO - [2025-11-25T16:55:51.169+0000] {dagbag.py:545} INFO - Filling up the DagBag from /home/airflow/.local/lib/python3.12/site-packages/airflow/example_dags/tutorial.py
[2025-11-25T16:55:51.176+0000] {processor.py:840} INFO - DAG(s) 'tutorial' retrieved from /home/airflow/.local/lib/python3.12/site-packages/airflow/example_dags/tutorial.py
[2025-11-25T16:55:51.203+0000] {logging_mixin.py:188} INFO - [2025-11-25T16:55:51.203+0000] {dag.py:3096} INFO - Sync 1 DAGs
[2025-11-25T16:55:51.221+0000] {logging_mixin.py:188} INFO - [2025-11-25T16:55:51.221+0000] {dag.py:3954} INFO - Setting next_dagrun for tutorial to 2025-11-24 00:00:00+00:00, run_after=2025-11-25 00:00:00+00:00
[2025-11-25T16:55:51.239+0000] {processor.py:183} INFO - Processing /home/airflow/.local/lib/python3.12/site-packages/airflow/example_dags/tutorial.py took 0.081 seconds
[2025-11-25T16:56:21.435+0000] {processor.py:161} INFO - Started process (PID=14585) to work on /home/airflow/.local/lib/python3.12/site-packages/airflow/example_dags/tutorial.py
[2025-11-25T16:56:21.436+0000] {processor.py:830} INFO - Processing file /home/airflow/.local/lib/python3.12/site-packages/airflow/example_dags/tutorial.py for tasks to queue
[2025-11-25T16:56:21.437+0000] {logging_mixin.py:188} INFO - [2025-11-25T16:56:21.437+0000] {dagbag.py:545} INFO - Filling up the DagBag from /home/airflow/.local/lib/python3.12/site-packages/airflow/example_dags/tutorial.py
[2025-11-25T16:56:21.440+0000] {processor.py:840} INFO - DAG(s) 'tutorial' retrieved from /home/airflow/.local/lib/python3.12/site-packages/airflow/example_dags/tutorial.py
[2025-11-25T16:56:21.449+0000] {logging_mixin.py:188} INFO - [2025-11-25T16:56:21.448+0000] {dag.py:3096} INFO - Sync 1 DAGs
[2025-11-25T16:56:21.459+0000] {logging_mixin.py:188} INFO - [2025-11-25T16:56:21.459+0000] {dag.py:3954} INFO - Setting next_dagrun for tutorial to 2025-11-24 00:00:00+00:00, run_after=2025-11-25 00:00:00+00:00
[2025-11-25T16:56:21.476+0000] {processor.py:183} INFO - Processing /home/airflow/.local/lib/python3.12/site-packages/airflow/example_dags/tutorial.py took 0.043 seconds
[2025-11-25T16:56:51.705+0000] {processor.py:161} INFO - Started process (PID=14643) to work on /home/airflow/.local/lib/python3.12/site-packages/airflow/example_dags/tutorial.py
[2025-11-25T16:56:51.708+0000] {processor.py:830} INFO - Processing file /home/airflow/.local/lib/python3.12/site-packages/airflow/example_dags/tutorial.py for tasks to queue
[2025-11-25T16:56:51.709+0000] {logging_mixin.py:188} INFO - [2025-11-25T16:56:51.709+0000] {dagbag.py:545} INFO - Filling up the DagBag from /home/airflow/.local/lib/python3.12/site-packages/airflow/example_dags/tutorial.py
[2025-11-25T16:56:51.711+0000] {processor.py:840} INFO - DAG(s) 'tutorial' retrieved from /home/airflow/.local/lib/python3.12/site-packages/airflow/example_dags/tutorial.py
[2025-11-25T16:56:51.722+0000] {logging_mixin.py:188} INFO - [2025-11-25T16:56:51.721+0000] {dag.py:3096} INFO - Sync 1 DAGs
[2025-11-25T16:56:51.731+0000] {logging_mixin.py:188} INFO - [2025-11-25T16:56:51.731+0000] {dag.py:3954} INFO - Setting next_dagrun for tutorial to 2025-11-24 00:00:00+00:00, run_after=2025-11-25 00:00:00+00:00
[2025-11-25T16:56:51.739+0000] {processor.py:183} INFO - Processing /home/airflow/.local/lib/python3.12/site-packages/airflow/example_dags/tutorial.py took 0.037 seconds
[2025-11-25T16:57:22.107+0000] {processor.py:161} INFO - Started process (PID=14701) to work on /home/airflow/.local/lib/python3.12/site-packages/airflow/example_dags/tutorial.py
[2025-11-25T16:57:22.108+0000] {processor.py:830} INFO - Processing file /home/airflow/.local/lib/python3.12/site-packages/airflow/example_dags/tutorial.py for tasks to queue
[2025-11-25T16:57:22.109+0000] {logging_mixin.py:188} INFO - [2025-11-25T16:57:22.109+0000] {dagbag.py:545} INFO - Filling up the DagBag from /home/airflow/.local/lib/python3.12/site-packages/airflow/example_dags/tutorial.py
[2025-11-25T16:57:22.112+0000] {processor.py:840} INFO - DAG(s) 'tutorial' retrieved from /home/airflow/.local/lib/python3.12/site-packages/airflow/example_dags/tutorial.py
[2025-11-25T16:57:22.123+0000] {logging_mixin.py:188} INFO - [2025-11-25T16:57:22.122+0000] {dag.py:3096} INFO - Sync 1 DAGs
[2025-11-25T16:57:22.130+0000] {logging_mixin.py:188} INFO - [2025-11-25T16:57:22.130+0000] {dag.py:3954} INFO - Setting next_dagrun for tutorial to 2025-11-24 00:00:00+00:00, run_after=2025-11-25 00:00:00+00:00
[2025-11-25T16:57:22.136+0000] {processor.py:183} INFO - Processing /home/airflow/.local/lib/python3.12/site-packages/airflow/example_dags/tutorial.py took 0.032 seconds
[2025-11-25T16:57:53.156+0000] {processor.py:161} INFO - Started process (PID=14759) to work on /home/airflow/.local/lib/python3.12/site-packages/airflow/example_dags/tutorial.py
[2025-11-25T16:57:53.156+0000] {processor.py:830} INFO - Processing file /home/airflow/.local/lib/python3.12/site-packages/airflow/example_dags/tutorial.py for tasks to queue
[2025-11-25T16:57:53.157+0000] {logging_mixin.py:188} INFO - [2025-11-25T16:57:53.157+0000] {dagbag.py:545} INFO - Filling up the DagBag from /home/airflow/.local/lib/python3.12/site-packages/airflow/example_dags/tutorial.py
[2025-11-25T16:57:53.161+0000] {processor.py:840} INFO - DAG(s) 'tutorial' retrieved from /home/airflow/.local/lib/python3.12/site-packages/airflow/example_dags/tutorial.py
[2025-11-25T16:57:53.170+0000] {logging_mixin.py:188} INFO - [2025-11-25T16:57:53.170+0000] {dag.py:3096} INFO - Sync 1 DAGs
[2025-11-25T16:57:53.181+0000] {logging_mixin.py:188} INFO - [2025-11-25T16:57:53.181+0000] {dag.py:3954} INFO - Setting next_dagrun for tutorial to 2025-11-24 00:00:00+00:00, run_after=2025-11-25 00:00:00+00:00
[2025-11-25T16:57:53.196+0000] {processor.py:183} INFO - Processing /home/airflow/.local/lib/python3.12/site-packages/airflow/example_dags/tutorial.py took 0.043 seconds
[2025-11-25T16:58:24.219+0000] {processor.py:161} INFO - Started process (PID=14817) to work on /home/airflow/.local/lib/python3.12/site-packages/airflow/example_dags/tutorial.py
[2025-11-25T16:58:24.221+0000] {processor.py:830} INFO - Processing file /home/airflow/.local/lib/python3.12/site-packages/airflow/example_dags/tutorial.py for tasks to queue
[2025-11-25T16:58:24.223+0000] {logging_mixin.py:188} INFO - [2025-11-25T16:58:24.223+0000] {dagbag.py:545} INFO - Filling up the DagBag from /home/airflow/.local/lib/python3.12/site-packages/airflow/example_dags/tutorial.py
[2025-11-25T16:58:24.226+0000] {processor.py:840} INFO - DAG(s) 'tutorial' retrieved from /home/airflow/.local/lib/python3.12/site-packages/airflow/example_dags/tutorial.py
[2025-11-25T16:58:24.236+0000] {logging_mixin.py:188} INFO - [2025-11-25T16:58:24.235+0000] {dag.py:3096} INFO - Sync 1 DAGs
[2025-11-25T16:58:24.244+0000] {logging_mixin.py:188} INFO - [2025-11-25T16:58:24.244+0000] {dag.py:3954} INFO - Setting next_dagrun for tutorial to 2025-11-24 00:00:00+00:00, run_after=2025-11-25 00:00:00+00:00
[2025-11-25T16:58:24.250+0000] {processor.py:183} INFO - Processing /home/airflow/.local/lib/python3.12/site-packages/airflow/example_dags/tutorial.py took 0.034 seconds
[2025-11-25T16:58:54.595+0000] {processor.py:161} INFO - Started process (PID=14875) to work on /home/airflow/.local/lib/python3.12/site-packages/airflow/example_dags/tutorial.py
[2025-11-25T16:58:54.595+0000] {processor.py:830} INFO - Processing file /home/airflow/.local/lib/python3.12/site-packages/airflow/example_dags/tutorial.py for tasks to queue
[2025-11-25T16:58:54.596+0000] {logging_mixin.py:188} INFO - [2025-11-25T16:58:54.596+0000] {dagbag.py:545} INFO - Filling up the DagBag from /home/airflow/.local/lib/python3.12/site-packages/airflow/example_dags/tutorial.py
[2025-11-25T16:58:54.599+0000] {processor.py:840} INFO - DAG(s) 'tutorial' retrieved from /home/airflow/.local/lib/python3.12/site-packages/airflow/example_dags/tutorial.py
[2025-11-25T16:58:54.608+0000] {logging_mixin.py:188} INFO - [2025-11-25T16:58:54.608+0000] {dag.py:3096} INFO - Sync 1 DAGs
[2025-11-25T16:58:54.617+0000] {logging_mixin.py:188} INFO - [2025-11-25T16:58:54.617+0000] {dag.py:3954} INFO - Setting next_dagrun for tutorial to 2025-11-24 00:00:00+00:00, run_after=2025-11-25 00:00:00+00:00
[2025-11-25T16:58:54.629+0000] {processor.py:183} INFO - Processing /home/airflow/.local/lib/python3.12/site-packages/airflow/example_dags/tutorial.py took 0.038 seconds
[2025-11-25T16:59:24.879+0000] {processor.py:161} INFO - Started process (PID=14933) to work on /home/airflow/.local/lib/python3.12/site-packages/airflow/example_dags/tutorial.py
[2025-11-25T16:59:24.881+0000] {processor.py:830} INFO - Processing file /home/airflow/.local/lib/python3.12/site-packages/airflow/example_dags/tutorial.py for tasks to queue
[2025-11-25T16:59:24.881+0000] {logging_mixin.py:188} INFO - [2025-11-25T16:59:24.881+0000] {dagbag.py:545} INFO - Filling up the DagBag from /home/airflow/.local/lib/python3.12/site-packages/airflow/example_dags/tutorial.py
[2025-11-25T16:59:24.884+0000] {processor.py:840} INFO - DAG(s) 'tutorial' retrieved from /home/airflow/.local/lib/python3.12/site-packages/airflow/example_dags/tutorial.py
[2025-11-25T16:59:24.895+0000] {logging_mixin.py:188} INFO - [2025-11-25T16:59:24.895+0000] {dag.py:3096} INFO - Sync 1 DAGs
[2025-11-25T16:59:24.905+0000] {logging_mixin.py:188} INFO - [2025-11-25T16:59:24.905+0000] {dag.py:3954} INFO - Setting next_dagrun for tutorial to 2025-11-24 00:00:00+00:00, run_after=2025-11-25 00:00:00+00:00
[2025-11-25T16:59:24.915+0000] {processor.py:183} INFO - Processing /home/airflow/.local/lib/python3.12/site-packages/airflow/example_dags/tutorial.py took 0.038 seconds
[2025-11-25T16:59:55.186+0000] {processor.py:161} INFO - Started process (PID=14991) to work on /home/airflow/.local/lib/python3.12/site-packages/airflow/example_dags/tutorial.py
[2025-11-25T16:59:55.187+0000] {processor.py:830} INFO - Processing file /home/airflow/.local/lib/python3.12/site-packages/airflow/example_dags/tutorial.py for tasks to queue
[2025-11-25T16:59:55.188+0000] {logging_mixin.py:188} INFO - [2025-11-25T16:59:55.187+0000] {dagbag.py:545} INFO - Filling up the DagBag from /home/airflow/.local/lib/python3.12/site-packages/airflow/example_dags/tutorial.py
[2025-11-25T16:59:55.190+0000] {processor.py:840} INFO - DAG(s) 'tutorial' retrieved from /home/airflow/.local/lib/python3.12/site-packages/airflow/example_dags/tutorial.py
[2025-11-25T16:59:55.202+0000] {logging_mixin.py:188} INFO - [2025-11-25T16:59:55.201+0000] {dag.py:3096} INFO - Sync 1 DAGs
[2025-11-25T16:59:55.211+0000] {logging_mixin.py:188} INFO - [2025-11-25T16:59:55.211+0000] {dag.py:3954} INFO - Setting next_dagrun for tutorial to 2025-11-24 00:00:00+00:00, run_after=2025-11-25 00:00:00+00:00
[2025-11-25T16:59:55.222+0000] {processor.py:183} INFO - Processing /home/airflow/.local/lib/python3.12/site-packages/airflow/example_dags/tutorial.py took 0.039 seconds
[2025-11-25T17:00:25.568+0000] {processor.py:161} INFO - Started process (PID=15049) to work on /home/airflow/.local/lib/python3.12/site-packages/airflow/example_dags/tutorial.py
[2025-11-25T17:00:25.570+0000] {processor.py:830} INFO - Processing file /home/airflow/.local/lib/python3.12/site-packages/airflow/example_dags/tutorial.py for tasks to queue
[2025-11-25T17:00:25.571+0000] {logging_mixin.py:188} INFO - [2025-11-25T17:00:25.571+0000] {dagbag.py:545} INFO - Filling up the DagBag from /home/airflow/.local/lib/python3.12/site-packages/airflow/example_dags/tutorial.py
[2025-11-25T17:00:25.574+0000] {processor.py:840} INFO - DAG(s) 'tutorial' retrieved from /home/airflow/.local/lib/python3.12/site-packages/airflow/example_dags/tutorial.py
[2025-11-25T17:00:25.582+0000] {logging_mixin.py:188} INFO - [2025-11-25T17:00:25.582+0000] {dag.py:3096} INFO - Sync 1 DAGs
[2025-11-25T17:00:25.593+0000] {logging_mixin.py:188} INFO - [2025-11-25T17:00:25.593+0000] {dag.py:3954} INFO - Setting next_dagrun for tutorial to 2025-11-24 00:00:00+00:00, run_after=2025-11-25 00:00:00+00:00
[2025-11-25T17:00:25.605+0000] {processor.py:183} INFO - Processing /home/airflow/.local/lib/python3.12/site-packages/airflow/example_dags/tutorial.py took 0.039 seconds
[2025-11-25T17:00:56.358+0000] {processor.py:161} INFO - Started process (PID=15107) to work on /home/airflow/.local/lib/python3.12/site-packages/airflow/example_dags/tutorial.py
[2025-11-25T17:00:56.358+0000] {processor.py:830} INFO - Processing file /home/airflow/.local/lib/python3.12/site-packages/airflow/example_dags/tutorial.py for tasks to queue
[2025-11-25T17:00:56.359+0000] {logging_mixin.py:188} INFO - [2025-11-25T17:00:56.359+0000] {dagbag.py:545} INFO - Filling up the DagBag from /home/airflow/.local/lib/python3.12/site-packages/airflow/example_dags/tutorial.py
[2025-11-25T17:00:56.361+0000] {processor.py:840} INFO - DAG(s) 'tutorial' retrieved from /home/airflow/.local/lib/python3.12/site-packages/airflow/example_dags/tutorial.py
[2025-11-25T17:00:56.370+0000] {logging_mixin.py:188} INFO - [2025-11-25T17:00:56.370+0000] {dag.py:3096} INFO - Sync 1 DAGs
[2025-11-25T17:00:56.378+0000] {logging_mixin.py:188} INFO - [2025-11-25T17:00:56.378+0000] {dag.py:3954} INFO - Setting next_dagrun for tutorial to 2025-11-24 00:00:00+00:00, run_after=2025-11-25 00:00:00+00:00
[2025-11-25T17:00:56.389+0000] {processor.py:183} INFO - Processing /home/airflow/.local/lib/python3.12/site-packages/airflow/example_dags/tutorial.py took 0.033 seconds
[2025-11-25T17:40:50.096+0000] {processor.py:161} INFO - Started process (PID=15156) to work on /home/airflow/.local/lib/python3.12/site-packages/airflow/example_dags/tutorial.py
[2025-11-25T17:40:50.097+0000] {processor.py:830} INFO - Processing file /home/airflow/.local/lib/python3.12/site-packages/airflow/example_dags/tutorial.py for tasks to queue
[2025-11-25T17:40:50.098+0000] {logging_mixin.py:188} INFO - [2025-11-25T17:40:50.098+0000] {dagbag.py:545} INFO - Filling up the DagBag from /home/airflow/.local/lib/python3.12/site-packages/airflow/example_dags/tutorial.py
[2025-11-25T17:40:50.102+0000] {processor.py:840} INFO - DAG(s) 'tutorial' retrieved from /home/airflow/.local/lib/python3.12/site-packages/airflow/example_dags/tutorial.py
[2025-11-25T17:40:50.112+0000] {logging_mixin.py:188} INFO - [2025-11-25T17:40:50.112+0000] {dag.py:3096} INFO - Sync 1 DAGs
[2025-11-25T17:40:50.121+0000] {logging_mixin.py:188} INFO - [2025-11-25T17:40:50.121+0000] {dag.py:3954} INFO - Setting next_dagrun for tutorial to 2025-11-24 00:00:00+00:00, run_after=2025-11-25 00:00:00+00:00
[2025-11-25T17:40:50.136+0000] {processor.py:183} INFO - Processing /home/airflow/.local/lib/python3.12/site-packages/airflow/example_dags/tutorial.py took 0.043 seconds
[2025-11-25T17:41:20.764+0000] {processor.py:161} INFO - Started process (PID=15214) to work on /home/airflow/.local/lib/python3.12/site-packages/airflow/example_dags/tutorial.py
[2025-11-25T17:41:20.764+0000] {processor.py:830} INFO - Processing file /home/airflow/.local/lib/python3.12/site-packages/airflow/example_dags/tutorial.py for tasks to queue
[2025-11-25T17:41:20.765+0000] {logging_mixin.py:188} INFO - [2025-11-25T17:41:20.765+0000] {dagbag.py:545} INFO - Filling up the DagBag from /home/airflow/.local/lib/python3.12/site-packages/airflow/example_dags/tutorial.py
[2025-11-25T17:41:20.767+0000] {processor.py:840} INFO - DAG(s) 'tutorial' retrieved from /home/airflow/.local/lib/python3.12/site-packages/airflow/example_dags/tutorial.py
[2025-11-25T17:41:20.777+0000] {logging_mixin.py:188} INFO - [2025-11-25T17:41:20.777+0000] {dag.py:3096} INFO - Sync 1 DAGs
[2025-11-25T17:41:20.786+0000] {logging_mixin.py:188} INFO - [2025-11-25T17:41:20.786+0000] {dag.py:3954} INFO - Setting next_dagrun for tutorial to 2025-11-24 00:00:00+00:00, run_after=2025-11-25 00:00:00+00:00
[2025-11-25T17:41:20.794+0000] {processor.py:183} INFO - Processing /home/airflow/.local/lib/python3.12/site-packages/airflow/example_dags/tutorial.py took 0.032 seconds
[2025-11-25T17:41:51.378+0000] {processor.py:161} INFO - Started process (PID=15272) to work on /home/airflow/.local/lib/python3.12/site-packages/airflow/example_dags/tutorial.py
[2025-11-25T17:41:51.379+0000] {processor.py:830} INFO - Processing file /home/airflow/.local/lib/python3.12/site-packages/airflow/example_dags/tutorial.py for tasks to queue
[2025-11-25T17:41:51.380+0000] {logging_mixin.py:188} INFO - [2025-11-25T17:41:51.380+0000] {dagbag.py:545} INFO - Filling up the DagBag from /home/airflow/.local/lib/python3.12/site-packages/airflow/example_dags/tutorial.py
[2025-11-25T17:41:51.382+0000] {processor.py:840} INFO - DAG(s) 'tutorial' retrieved from /home/airflow/.local/lib/python3.12/site-packages/airflow/example_dags/tutorial.py
[2025-11-25T17:41:51.393+0000] {logging_mixin.py:188} INFO - [2025-11-25T17:41:51.392+0000] {dag.py:3096} INFO - Sync 1 DAGs
[2025-11-25T17:41:51.402+0000] {logging_mixin.py:188} INFO - [2025-11-25T17:41:51.402+0000] {dag.py:3954} INFO - Setting next_dagrun for tutorial to 2025-11-24 00:00:00+00:00, run_after=2025-11-25 00:00:00+00:00
[2025-11-25T17:41:51.411+0000] {processor.py:183} INFO - Processing /home/airflow/.local/lib/python3.12/site-packages/airflow/example_dags/tutorial.py took 0.035 seconds
[2025-11-25T17:42:21.909+0000] {processor.py:161} INFO - Started process (PID=15336) to work on /home/airflow/.local/lib/python3.12/site-packages/airflow/example_dags/tutorial.py
[2025-11-25T17:42:21.910+0000] {processor.py:830} INFO - Processing file /home/airflow/.local/lib/python3.12/site-packages/airflow/example_dags/tutorial.py for tasks to queue
[2025-11-25T17:42:21.911+0000] {logging_mixin.py:188} INFO - [2025-11-25T17:42:21.911+0000] {dagbag.py:545} INFO - Filling up the DagBag from /home/airflow/.local/lib/python3.12/site-packages/airflow/example_dags/tutorial.py
[2025-11-25T17:42:21.913+0000] {processor.py:840} INFO - DAG(s) 'tutorial' retrieved from /home/airflow/.local/lib/python3.12/site-packages/airflow/example_dags/tutorial.py
[2025-11-25T17:42:21.921+0000] {logging_mixin.py:188} INFO - [2025-11-25T17:42:21.921+0000] {dag.py:3096} INFO - Sync 1 DAGs
[2025-11-25T17:42:21.932+0000] {logging_mixin.py:188} INFO - [2025-11-25T17:42:21.931+0000] {dag.py:3954} INFO - Setting next_dagrun for tutorial to 2025-11-24 00:00:00+00:00, run_after=2025-11-25 00:00:00+00:00
[2025-11-25T17:42:21.941+0000] {processor.py:183} INFO - Processing /home/airflow/.local/lib/python3.12/site-packages/airflow/example_dags/tutorial.py took 0.034 seconds
[2025-11-25T17:42:52.452+0000] {processor.py:161} INFO - Started process (PID=15394) to work on /home/airflow/.local/lib/python3.12/site-packages/airflow/example_dags/tutorial.py
[2025-11-25T17:42:52.453+0000] {processor.py:830} INFO - Processing file /home/airflow/.local/lib/python3.12/site-packages/airflow/example_dags/tutorial.py for tasks to queue
[2025-11-25T17:42:52.454+0000] {logging_mixin.py:188} INFO - [2025-11-25T17:42:52.454+0000] {dagbag.py:545} INFO - Filling up the DagBag from /home/airflow/.local/lib/python3.12/site-packages/airflow/example_dags/tutorial.py
[2025-11-25T17:42:52.457+0000] {processor.py:840} INFO - DAG(s) 'tutorial' retrieved from /home/airflow/.local/lib/python3.12/site-packages/airflow/example_dags/tutorial.py
[2025-11-25T17:42:52.467+0000] {logging_mixin.py:188} INFO - [2025-11-25T17:42:52.466+0000] {dag.py:3096} INFO - Sync 1 DAGs
[2025-11-25T17:42:52.482+0000] {logging_mixin.py:188} INFO - [2025-11-25T17:42:52.481+0000] {dag.py:3954} INFO - Setting next_dagrun for tutorial to 2025-11-24 00:00:00+00:00, run_after=2025-11-25 00:00:00+00:00
[2025-11-25T17:42:52.488+0000] {processor.py:183} INFO - Processing /home/airflow/.local/lib/python3.12/site-packages/airflow/example_dags/tutorial.py took 0.038 seconds
[2025-11-25T17:43:23.208+0000] {processor.py:161} INFO - Started process (PID=15452) to work on /home/airflow/.local/lib/python3.12/site-packages/airflow/example_dags/tutorial.py
[2025-11-25T17:43:23.210+0000] {processor.py:830} INFO - Processing file /home/airflow/.local/lib/python3.12/site-packages/airflow/example_dags/tutorial.py for tasks to queue
[2025-11-25T17:43:23.210+0000] {logging_mixin.py:188} INFO - [2025-11-25T17:43:23.210+0000] {dagbag.py:545} INFO - Filling up the DagBag from /home/airflow/.local/lib/python3.12/site-packages/airflow/example_dags/tutorial.py
[2025-11-25T17:43:23.213+0000] {processor.py:840} INFO - DAG(s) 'tutorial' retrieved from /home/airflow/.local/lib/python3.12/site-packages/airflow/example_dags/tutorial.py
[2025-11-25T17:43:23.223+0000] {logging_mixin.py:188} INFO - [2025-11-25T17:43:23.223+0000] {dag.py:3096} INFO - Sync 1 DAGs
[2025-11-25T17:43:23.232+0000] {logging_mixin.py:188} INFO - [2025-11-25T17:43:23.231+0000] {dag.py:3954} INFO - Setting next_dagrun for tutorial to 2025-11-24 00:00:00+00:00, run_after=2025-11-25 00:00:00+00:00
[2025-11-25T17:43:23.240+0000] {processor.py:183} INFO - Processing /home/airflow/.local/lib/python3.12/site-packages/airflow/example_dags/tutorial.py took 0.034 seconds
[2025-11-25T17:43:53.717+0000] {processor.py:161} INFO - Started process (PID=15510) to work on /home/airflow/.local/lib/python3.12/site-packages/airflow/example_dags/tutorial.py
[2025-11-25T17:43:53.717+0000] {processor.py:830} INFO - Processing file /home/airflow/.local/lib/python3.12/site-packages/airflow/example_dags/tutorial.py for tasks to queue
[2025-11-25T17:43:53.719+0000] {logging_mixin.py:188} INFO - [2025-11-25T17:43:53.719+0000] {dagbag.py:545} INFO - Filling up the DagBag from /home/airflow/.local/lib/python3.12/site-packages/airflow/example_dags/tutorial.py
[2025-11-25T17:43:53.722+0000] {processor.py:840} INFO - DAG(s) 'tutorial' retrieved from /home/airflow/.local/lib/python3.12/site-packages/airflow/example_dags/tutorial.py
[2025-11-25T17:43:53.731+0000] {logging_mixin.py:188} INFO - [2025-11-25T17:43:53.731+0000] {dag.py:3096} INFO - Sync 1 DAGs
[2025-11-25T17:43:53.739+0000] {logging_mixin.py:188} INFO - [2025-11-25T17:43:53.739+0000] {dag.py:3954} INFO - Setting next_dagrun for tutorial to 2025-11-24 00:00:00+00:00, run_after=2025-11-25 00:00:00+00:00
[2025-11-25T17:43:53.746+0000] {processor.py:183} INFO - Processing /home/airflow/.local/lib/python3.12/site-packages/airflow/example_dags/tutorial.py took 0.031 seconds
[2025-11-25T17:44:24.360+0000] {processor.py:161} INFO - Started process (PID=15568) to work on /home/airflow/.local/lib/python3.12/site-packages/airflow/example_dags/tutorial.py
[2025-11-25T17:44:24.362+0000] {processor.py:830} INFO - Processing file /home/airflow/.local/lib/python3.12/site-packages/airflow/example_dags/tutorial.py for tasks to queue
[2025-11-25T17:44:24.363+0000] {logging_mixin.py:188} INFO - [2025-11-25T17:44:24.363+0000] {dagbag.py:545} INFO - Filling up the DagBag from /home/airflow/.local/lib/python3.12/site-packages/airflow/example_dags/tutorial.py
[2025-11-25T17:44:24.366+0000] {processor.py:840} INFO - DAG(s) 'tutorial' retrieved from /home/airflow/.local/lib/python3.12/site-packages/airflow/example_dags/tutorial.py
[2025-11-25T17:44:24.373+0000] {logging_mixin.py:188} INFO - [2025-11-25T17:44:24.373+0000] {dag.py:3096} INFO - Sync 1 DAGs
[2025-11-25T17:44:24.384+0000] {logging_mixin.py:188} INFO - [2025-11-25T17:44:24.384+0000] {dag.py:3954} INFO - Setting next_dagrun for tutorial to 2025-11-24 00:00:00+00:00, run_after=2025-11-25 00:00:00+00:00
[2025-11-25T17:44:24.395+0000] {processor.py:183} INFO - Processing /home/airflow/.local/lib/python3.12/site-packages/airflow/example_dags/tutorial.py took 0.037 seconds
[2025-11-25T17:44:54.910+0000] {processor.py:161} INFO - Started process (PID=15626) to work on /home/airflow/.local/lib/python3.12/site-packages/airflow/example_dags/tutorial.py
[2025-11-25T17:44:54.911+0000] {processor.py:830} INFO - Processing file /home/airflow/.local/lib/python3.12/site-packages/airflow/example_dags/tutorial.py for tasks to queue
[2025-11-25T17:44:54.913+0000] {logging_mixin.py:188} INFO - [2025-11-25T17:44:54.912+0000] {dagbag.py:545} INFO - Filling up the DagBag from /home/airflow/.local/lib/python3.12/site-packages/airflow/example_dags/tutorial.py
[2025-11-25T17:44:54.916+0000] {processor.py:840} INFO - DAG(s) 'tutorial' retrieved from /home/airflow/.local/lib/python3.12/site-packages/airflow/example_dags/tutorial.py
[2025-11-25T17:44:54.925+0000] {logging_mixin.py:188} INFO - [2025-11-25T17:44:54.925+0000] {dag.py:3096} INFO - Sync 1 DAGs
[2025-11-25T17:44:54.932+0000] {logging_mixin.py:188} INFO - [2025-11-25T17:44:54.932+0000] {dag.py:3954} INFO - Setting next_dagrun for tutorial to 2025-11-24 00:00:00+00:00, run_after=2025-11-25 00:00:00+00:00
[2025-11-25T17:44:54.940+0000] {processor.py:183} INFO - Processing /home/airflow/.local/lib/python3.12/site-packages/airflow/example_dags/tutorial.py took 0.033 seconds
[2025-11-25T17:45:25.584+0000] {processor.py:161} INFO - Started process (PID=15684) to work on /home/airflow/.local/lib/python3.12/site-packages/airflow/example_dags/tutorial.py
[2025-11-25T17:45:25.585+0000] {processor.py:830} INFO - Processing file /home/airflow/.local/lib/python3.12/site-packages/airflow/example_dags/tutorial.py for tasks to queue
[2025-11-25T17:45:25.586+0000] {logging_mixin.py:188} INFO - [2025-11-25T17:45:25.586+0000] {dagbag.py:545} INFO - Filling up the DagBag from /home/airflow/.local/lib/python3.12/site-packages/airflow/example_dags/tutorial.py
[2025-11-25T17:45:25.588+0000] {processor.py:840} INFO - DAG(s) 'tutorial' retrieved from /home/airflow/.local/lib/python3.12/site-packages/airflow/example_dags/tutorial.py
[2025-11-25T17:45:25.596+0000] {logging_mixin.py:188} INFO - [2025-11-25T17:45:25.596+0000] {dag.py:3096} INFO - Sync 1 DAGs
[2025-11-25T17:45:25.605+0000] {logging_mixin.py:188} INFO - [2025-11-25T17:45:25.605+0000] {dag.py:3954} INFO - Setting next_dagrun for tutorial to 2025-11-24 00:00:00+00:00, run_after=2025-11-25 00:00:00+00:00
[2025-11-25T17:45:25.613+0000] {processor.py:183} INFO - Processing /home/airflow/.local/lib/python3.12/site-packages/airflow/example_dags/tutorial.py took 0.031 seconds
[2025-11-25T17:45:56.122+0000] {processor.py:161} INFO - Started process (PID=15742) to work on /home/airflow/.local/lib/python3.12/site-packages/airflow/example_dags/tutorial.py
[2025-11-25T17:45:56.124+0000] {processor.py:830} INFO - Processing file /home/airflow/.local/lib/python3.12/site-packages/airflow/example_dags/tutorial.py for tasks to queue
[2025-11-25T17:45:56.128+0000] {logging_mixin.py:188} INFO - [2025-11-25T17:45:56.128+0000] {dagbag.py:545} INFO - Filling up the DagBag from /home/airflow/.local/lib/python3.12/site-packages/airflow/example_dags/tutorial.py
[2025-11-25T17:45:56.131+0000] {processor.py:840} INFO - DAG(s) 'tutorial' retrieved from /home/airflow/.local/lib/python3.12/site-packages/airflow/example_dags/tutorial.py
[2025-11-25T17:45:56.142+0000] {logging_mixin.py:188} INFO - [2025-11-25T17:45:56.142+0000] {dag.py:3096} INFO - Sync 1 DAGs
[2025-11-25T17:45:56.154+0000] {logging_mixin.py:188} INFO - [2025-11-25T17:45:56.154+0000] {dag.py:3954} INFO - Setting next_dagrun for tutorial to 2025-11-24 00:00:00+00:00, run_after=2025-11-25 00:00:00+00:00
[2025-11-25T17:45:56.162+0000] {processor.py:183} INFO - Processing /home/airflow/.local/lib/python3.12/site-packages/airflow/example_dags/tutorial.py took 0.043 seconds
[2025-11-25T17:46:26.641+0000] {processor.py:161} INFO - Started process (PID=15800) to work on /home/airflow/.local/lib/python3.12/site-packages/airflow/example_dags/tutorial.py
[2025-11-25T17:46:26.643+0000] {processor.py:830} INFO - Processing file /home/airflow/.local/lib/python3.12/site-packages/airflow/example_dags/tutorial.py for tasks to queue
[2025-11-25T17:46:26.644+0000] {logging_mixin.py:188} INFO - [2025-11-25T17:46:26.644+0000] {dagbag.py:545} INFO - Filling up the DagBag from /home/airflow/.local/lib/python3.12/site-packages/airflow/example_dags/tutorial.py
[2025-11-25T17:46:26.646+0000] {processor.py:840} INFO - DAG(s) 'tutorial' retrieved from /home/airflow/.local/lib/python3.12/site-packages/airflow/example_dags/tutorial.py
[2025-11-25T17:46:26.653+0000] {logging_mixin.py:188} INFO - [2025-11-25T17:46:26.653+0000] {dag.py:3096} INFO - Sync 1 DAGs
[2025-11-25T17:46:26.661+0000] {logging_mixin.py:188} INFO - [2025-11-25T17:46:26.661+0000] {dag.py:3954} INFO - Setting next_dagrun for tutorial to 2025-11-24 00:00:00+00:00, run_after=2025-11-25 00:00:00+00:00
[2025-11-25T17:46:26.667+0000] {processor.py:183} INFO - Processing /home/airflow/.local/lib/python3.12/site-packages/airflow/example_dags/tutorial.py took 0.028 seconds
[2025-11-25T17:46:57.235+0000] {processor.py:161} INFO - Started process (PID=15858) to work on /home/airflow/.local/lib/python3.12/site-packages/airflow/example_dags/tutorial.py
[2025-11-25T17:46:57.236+0000] {processor.py:830} INFO - Processing file /home/airflow/.local/lib/python3.12/site-packages/airflow/example_dags/tutorial.py for tasks to queue
[2025-11-25T17:46:57.237+0000] {logging_mixin.py:188} INFO - [2025-11-25T17:46:57.237+0000] {dagbag.py:545} INFO - Filling up the DagBag from /home/airflow/.local/lib/python3.12/site-packages/airflow/example_dags/tutorial.py
[2025-11-25T17:46:57.240+0000] {processor.py:840} INFO - DAG(s) 'tutorial' retrieved from /home/airflow/.local/lib/python3.12/site-packages/airflow/example_dags/tutorial.py
[2025-11-25T17:46:57.249+0000] {logging_mixin.py:188} INFO - [2025-11-25T17:46:57.249+0000] {dag.py:3096} INFO - Sync 1 DAGs
[2025-11-25T17:46:57.259+0000] {logging_mixin.py:188} INFO - [2025-11-25T17:46:57.258+0000] {dag.py:3954} INFO - Setting next_dagrun for tutorial to 2025-11-24 00:00:00+00:00, run_after=2025-11-25 00:00:00+00:00
[2025-11-25T17:46:57.265+0000] {processor.py:183} INFO - Processing /home/airflow/.local/lib/python3.12/site-packages/airflow/example_dags/tutorial.py took 0.032 seconds
